scenario_id,scenario_label,tier,event_id,event_time,country,region,source,place,usgs_magnitude,total_station_count,filtered_station_count,min_stations,exclusion_reason,filters
pgd_ge_2cm,Station PGD >= 2 cm,AMPLITUDE,us7000pvtr,2025-04-29T14:53:37.897Z,Americas,Americas,EarthScope PRIDE PPP-AR kin quality-passing stations,Macquarie Island region,6.800000,1,0,1,TOO_FEW_FILTERED_STATIONS,pgd_cm>=2; min_stations>=1
pgd_ge_5cm,Station PGD >= 5 cm,AMPLITUDE,2014p770859,2014-10-13T05:13:41Z,New Zealand,New Zealand,EarthScope PRIDE PPP-AR kin quality-passing stations,140 km west of Tuatapere,6.200000,1,0,1,TOO_FEW_FILTERED_STATIONS,pgd_cm>=5; min_stations>=1
pgd_ge_5cm,Station PGD >= 5 cm,AMPLITUDE,2015p305812,2015-04-24T03:36:42Z,New Zealand,New Zealand,EarthScope PRIDE PPP-AR kin quality-passing stations,35 km south-east of St Arnaud,6.200000,3,0,1,TOO_FEW_FILTERED_STATIONS,pgd_cm>=5; min_stations>=1
pgd_ge_5cm,Station PGD >= 5 cm,AMPLITUDE,2025p224518,2025-03-25T01:43:09Z,New Zealand,New Zealand,EarthScope PRIDE PPP-AR kin quality-passing stations,155 km north-west of Snares Islands,6.800000,3,0,1,TOO_FEW_FILTERED_STATIONS,pgd_cm>=5; min_stations>=1
pgd_ge_5cm,Station PGD >= 5 cm,AMPLITUDE,2025p506857,2025-07-07T12:53:41Z,New Zealand,New Zealand,EarthScope PRIDE PPP-AR kin quality-passing stations,120 km north-west of Snares Islands,6.100000,5,0,1,TOO_FEW_FILTERED_STATIONS,pgd_cm>=5; min_stations>=1
pgd_ge_5cm,Station PGD >= 5 cm,AMPLITUDE,ak021d1u1nos,2021-10-11T09:10:25.147000Z,United States,US,EarthScope PRIDE PPP-AR kin quality-passing stations,"112 km E of Chignik, Alaska",6.900000,1,0,1,TOO_FEW_FILTERED_STATIONS,pgd_cm>=5; min_stations>=1
pgd_ge_5cm,Station PGD >= 5 cm,AMPLITUDE,nc71338066,2010-01-10T00:27:39.320000Z,United States,US,EarthScope PRIDE PPP-AR kin quality-passing stations,"The 2010 Eureka, California Earthquake",6.500000,1,0,1,TOO_FEW_FILTERED_STATIONS,pgd_cm>=5; min_stations>=1
pgd_ge_5cm,Station PGD >= 5 cm,AMPLITUDE,nc73666231,2021-12-20T20:10:31.310000Z,United States,US,EarthScope PRIDE PPP-AR kin quality-passing stations,"7km N of Petrolia, CA",6.200000,4,0,1,TOO_FEW_FILTERED_STATIONS,pgd_cm>=5; min_stations>=1
pgd_ge_5cm,Station PGD >= 5 cm,AMPLITUDE,us10008mel,2017-05-01T12:31:55.590000Z,United States,US,EarthScope PRIDE PPP-AR kin quality-passing stations,"47 km NW of Mosquito Lake, Alaska",6.200000,4,0,1,TOO_FEW_FILTERED_STATIONS,pgd_cm>=5; min_stations>=1
pgd_ge_5cm,Station PGD >= 5 cm,AMPLITUDE,us1000ga0z,2018-08-15T21:56:56.310000Z,United States,US,EarthScope PRIDE PPP-AR kin quality-passing stations,"108 km WSW of Adak, Alaska",6.500000,1,0,1,TOO_FEW_FILTERED_STATIONS,pgd_cm>=5; min_stations>=1
pgd_ge_5cm,Station PGD >= 5 cm,AMPLITUDE,us1000gf8u,2018-08-22T09:31:45.530000Z,United States,US,EarthScope PRIDE PPP-AR kin quality-passing stations,"272 km W of Bandon, Oregon",6.200000,4,0,1,TOO_FEW_FILTERED_STATIONS,pgd_cm>=5; min_stations>=1
pgd_ge_5cm,Station PGD >= 5 cm,AMPLITUDE,us1000gfvg,2018-08-23T03:35:12.270000Z,United States,US,EarthScope PRIDE PPP-AR kin quality-passing stations,"97 km SW of Adak, Alaska",6.300000,1,0,1,TOO_FEW_FILTERED_STATIONS,pgd_cm>=5; min_stations>=1
pgd_ge_5cm,Station PGD >= 5 cm,AMPLITUDE,us200030aq,2015-07-27T04:49:46.400000Z,United States,US,EarthScope PRIDE PPP-AR kin quality-passing stations,"Fox Islands, Aleutian Islands, Alaska",6.900000,1,0,1,TOO_FEW_FILTERED_STATIONS,pgd_cm>=5; min_stations>=1
pgd_ge_5cm,Station PGD >= 5 cm,AMPLITUDE,us20003hq5,2015-09-10T10:26:44.810000Z,United States,US,EarthScope PRIDE PPP-AR kin quality-passing stations,"104 km SSW of Nikolski, Alaska",6.000000,1,0,1,TOO_FEW_FILTERED_STATIONS,pgd_cm>=5; min_stations>=1
pgd_ge_5cm,Station PGD >= 5 cm,AMPLITUDE,us20005axu,2016-03-19T01:35:12.170000Z,United States,US,EarthScope PRIDE PPP-AR kin quality-passing stations,"75 km S of Atka, Alaska",6.000000,1,0,1,TOO_FEW_FILTERED_STATIONS,pgd_cm>=5; min_stations>=1
pgd_ge_5cm,Station PGD >= 5 cm,AMPLITUDE,us20007z6r,2016-12-08T14:49:45.910000Z,United States,US,EarthScope PRIDE PPP-AR kin quality-passing stations,"164 km W of Ferndale, California",6.600000,3,0,1,TOO_FEW_FILTERED_STATIONS,pgd_cm>=5; min_stations>=1
pgd_ge_5cm,Station PGD >= 5 cm,AMPLITUDE,us20009p1a,2017-06-22T12:31:03.490Z,Guatemala,Americas,EarthScope PRIDE PPP-AR kin quality-passing stations,"28 km SW of Puerto San José, Guatemala",6.800000,1,0,1,TOO_FEW_FILTERED_STATIONS,pgd_cm>=5; min_stations>=1
pgd_ge_5cm,Station PGD >= 5 cm,AMPLITUDE,us6000exs5,2021-07-21T21:15:12.269Z,Panama,Americas,EarthScope PRIDE PPP-AR kin quality-passing stations,"71 km S of Burica, Panama",6.700000,1,0,1,TOO_FEW_FILTERED_STATIONS,pgd_cm>=5; min_stations>=1
pgd_ge_5cm,Station PGD >= 5 cm,AMPLITUDE,us6000pi09,2025-01-05T17:18:45.784Z,El Salvador,Americas,EarthScope PRIDE PPP-AR kin quality-passing stations,"56 km SSE of La Libertad, El Salvador",6.200000,1,0,1,TOO_FEW_FILTERED_STATIONS,pgd_cm>=5; min_stations>=1
pgd_ge_5cm,Station PGD >= 5 cm,AMPLITUDE,us6000sayv,2026-02-23T05:11:48.410000Z,United States,US,EarthScope PRIDE PPP-AR kin quality-passing stations,"96 km SW of Nikolski, Alaska",6.000000,2,0,1,TOO_FEW_FILTERED_STATIONS,pgd_cm>=5; min_stations>=1
pgd_ge_5cm,Station PGD >= 5 cm,AMPLITUDE,us700059qh,2019-08-29T15:07:58.646000Z,United States,US,EarthScope PRIDE PPP-AR kin quality-passing stations,"285 km W of Bandon, Oregon",6.300000,2,0,1,TOO_FEW_FILTERED_STATIONS,pgd_cm>=5; min_stations>=1
pgd_ge_5cm,Station PGD >= 5 cm,AMPLITUDE,us7000e2c6,2021-05-12T08:45:44.539Z,El Salvador,Americas,EarthScope PRIDE PPP-AR kin quality-passing stations,"55 km SW of Acajutla, El Salvador",6.000000,1,0,1,TOO_FEW_FILTERED_STATIONS,pgd_cm>=5; min_stations>=1
pgd_ge_5cm,Station PGD >= 5 cm,AMPLITUDE,us7000e2rq,2021-05-13T09:42:12.044Z,Panama,Americas,EarthScope PRIDE PPP-AR kin quality-passing stations,"154 km SSE of Punta de Burica, Panama",6.100000,1,0,1,TOO_FEW_FILTERED_STATIONS,pgd_cm>=5; min_stations>=1
pgd_ge_5cm,Station PGD >= 5 cm,AMPLITUDE,us7000fdds,2021-09-22T09:57:07.023Z,Nicaragua,Americas,EarthScope PRIDE PPP-AR kin quality-passing stations,"80 km SW of Jiquilillo, Nicaragua",6.500000,1,0,1,TOO_FEW_FILTERED_STATIONS,pgd_cm>=5; min_stations>=1
pgd_ge_5cm,Station PGD >= 5 cm,AMPLITUDE,us7000gawk,2022-01-11T12:39:32.454000Z,United States,US,EarthScope PRIDE PPP-AR kin quality-passing stations,"53 km SE of Nikolski, Alaska",6.600000,1,0,1,TOO_FEW_FILTERED_STATIONS,pgd_cm>=5; min_stations>=1
pgd_ge_5cm,Station PGD >= 5 cm,AMPLITUDE,us7000imgl,2022-11-04T10:02:46.346Z,Mexico,Americas,EarthScope PRIDE PPP-AR kin quality-passing stations,"82 km SSW of Bahía de Kino, Mexico",6.100000,1,0,1,TOO_FEW_FILTERED_STATIONS,pgd_cm>=5; min_stations>=1
pgd_ge_5cm,Station PGD >= 5 cm,AMPLITUDE,us7000kgpb,2023-07-19T00:22:07.656Z,El Salvador,Americas,EarthScope PRIDE PPP-AR kin quality-passing stations,"43 km S of Intipucá, El Salvador",6.500000,2,0,1,TOO_FEW_FILTERED_STATIONS,pgd_cm>=5; min_stations>=1
pgd_ge_5cm,Station PGD >= 5 cm,AMPLITUDE,us7000n0ka,2024-07-21T02:53:48.910Z,Guatemala,Americas,EarthScope PRIDE PPP-AR kin quality-passing stations,"6 km E of Jalapa, Guatemala",6.200000,1,0,1,TOO_FEW_FILTERED_STATIONS,pgd_cm>=5; min_stations>=1
pgd_ge_5cm,Station PGD >= 5 cm,AMPLITUDE,us7000nr0v,2024-11-10T16:49:50.426Z,Cuba,Americas,EarthScope PRIDE PPP-AR kin quality-passing stations,"42 km SSW of Bartolomé Masó, Cuba",6.800000,1,0,1,TOO_FEW_FILTERED_STATIONS,pgd_cm>=5; min_stations>=1
pgd_ge_5cm,Station PGD >= 5 cm,AMPLITUDE,us7000nx3z,2024-12-08T19:57:08.602000Z,United States,US,EarthScope PRIDE PPP-AR kin quality-passing stations,"108 km SSW of Adak, Alaska",6.300000,2,0,1,TOO_FEW_FILTERED_STATIONS,pgd_cm>=5; min_stations>=1
pgd_ge_5cm,Station PGD >= 5 cm,AMPLITUDE,us7000pvtr,2025-04-29T14:53:37.897Z,Americas,Americas,EarthScope PRIDE PPP-AR kin quality-passing stations,Macquarie Island region,6.800000,1,0,1,TOO_FEW_FILTERED_STATIONS,pgd_cm>=5; min_stations>=1
pgd_ge_5cm,Station PGD >= 5 cm,AMPLITUDE,us7000rm3k,2026-01-02T13:58:15.741Z,Mexico,Americas,EarthScope PRIDE PPP-AR kin quality-passing stations,"0 km W of San Marcos, Mexico",6.500000,1,0,1,TOO_FEW_FILTERED_STATIONS,pgd_cm>=5; min_stations>=1
pgd_ge_5cm,Station PGD >= 5 cm,AMPLITUDE,us7000rq0d,2026-01-16T03:25:53.034000Z,United States,US,EarthScope PRIDE PPP-AR kin quality-passing stations,off the coast of Oregon,6.000000,1,0,1,TOO_FEW_FILTERED_STATIONS,pgd_cm>=5; min_stations>=1
pgd_ge_5cm,Station PGD >= 5 cm,AMPLITUDE,usb000jgju,2013-09-04T02:32:30.600000Z,United States,US,EarthScope PRIDE PPP-AR kin quality-passing stations,"81 km SSW of Atka, Alaska",6.500000,1,0,1,TOO_FEW_FILTERED_STATIONS,pgd_cm>=5; min_stations>=1
pgd_ge_5cm,Station PGD >= 5 cm,AMPLITUDE,usb000jguz,2013-09-04T06:27:03.560000Z,United States,US,EarthScope PRIDE PPP-AR kin quality-passing stations,"82 km SSW of Atka, Alaska",6.000000,1,0,1,TOO_FEW_FILTERED_STATIONS,pgd_cm>=5; min_stations>=1
pgd_ge_5cm,Station PGD >= 5 cm,AMPLITUDE,usb000rtp6,2014-07-17T11:49:33.930000Z,United States,US,EarthScope PRIDE PPP-AR kin quality-passing stations,"90 km NNW of Yakutat, Alaska",6.000000,2,0,1,TOO_FEW_FILTERED_STATIONS,pgd_cm>=5; min_stations>=1
snr_ge_3,Station PGD SNR >= 3,SNR,2014p770859,2014-10-13T05:13:41Z,New Zealand,New Zealand,EarthScope PRIDE PPP-AR kin quality-passing stations,140 km west of Tuatapere,6.200000,1,0,1,TOO_FEW_FILTERED_STATIONS,pgd_snr>=3; min_stations>=1
snr_ge_3,Station PGD SNR >= 3,SNR,2016p858021,2016-11-13T11:12:35Z,New Zealand,New Zealand,EarthScope PRIDE PPP-AR kin quality-passing stations,5 km east of Kaikoura,6.000000,20,0,1,TOO_FEW_FILTERED_STATIONS,pgd_snr>=3; min_stations>=1
snr_ge_3,Station PGD SNR >= 3,SNR,ak018aasz24z,2018-08-12T21:15:00.999000Z,United States,US,EarthScope PRIDE PPP-AR kin quality-passing stations,"73 km SSW of Kaktovik, Alaska",6.000000,2,0,1,TOO_FEW_FILTERED_STATIONS,pgd_snr>=3; min_stations>=1
snr_ge_3,Station PGD SNR >= 3,SNR,ak021d1u1nos,2021-10-11T09:10:25.147000Z,United States,US,EarthScope PRIDE PPP-AR kin quality-passing stations,"112 km E of Chignik, Alaska",6.900000,1,0,1,TOO_FEW_FILTERED_STATIONS,pgd_snr>=3; min_stations>=1
snr_ge_3,Station PGD SNR >= 3,SNR,ak2025xjbvhj,2025-11-27T17:11:29.059000Z,United States,US,EarthScope PRIDE PPP-AR kin quality-passing stations,"12 km WNW of Susitna, Alaska",6.000000,7,0,1,TOO_FEW_FILTERED_STATIONS,pgd_snr>=3; min_stations>=1
snr_ge_3,Station PGD SNR >= 3,SNR,hv72748782,2021-10-10T21:48:36.560000Z,United States,US,EarthScope PRIDE PPP-AR kin quality-passing stations,"27 km SSE of Naalehu, Hawaii",6.210000,4,0,1,TOO_FEW_FILTERED_STATIONS,pgd_snr>=3; min_stations>=1
snr_ge_3,Station PGD SNR >= 3,SNR,nc71338066,2010-01-10T00:27:39.320000Z,United States,US,EarthScope PRIDE PPP-AR kin quality-passing stations,"The 2010 Eureka, California Earthquake",6.500000,1,0,1,TOO_FEW_FILTERED_STATIONS,pgd_snr>=3; min_stations>=1
snr_ge_3,Station PGD SNR >= 3,SNR,us10003vyx,2015-11-09T16:03:46.070000Z,United States,US,EarthScope PRIDE PPP-AR kin quality-passing stations,"99 km SE of Atka, Alaska",6.500000,1,0,1,TOO_FEW_FILTERED_STATIONS,pgd_snr>=3; min_stations>=1
snr_ge_3,Station PGD SNR >= 3,SNR,us100047zq,2015-12-17T19:49:53.050Z,Mexico,Americas,EarthScope PRIDE PPP-AR kin quality-passing stations,"4 km W of Manuel Ávila Camacho (Ponte Duro), Mexico",6.600000,1,0,1,TOO_FEW_FILTERED_STATIONS,pgd_snr>=3; min_stations>=1
snr_ge_3,Station PGD SNR >= 3,SNR,us10008rtu,2017-05-12T10:41:26.710Z,El Salvador,Americas,EarthScope PRIDE PPP-AR kin quality-passing stations,"78 km SSW of Acajutla, El Salvador",6.200000,2,0,1,TOO_FEW_FILTERED_STATIONS,pgd_snr>=3; min_stations>=1
snr_ge_3,Station PGD SNR >= 3,SNR,us1000ga0z,2018-08-15T21:56:56.310000Z,United States,US,EarthScope PRIDE PPP-AR kin quality-passing stations,"108 km WSW of Adak, Alaska",6.500000,1,0,1,TOO_FEW_FILTERED_STATIONS,pgd_snr>=3; min_stations>=1
snr_ge_3,Station PGD SNR >= 3,SNR,us1000gc0k,2018-08-17T23:22:24.950Z,Costa Rica,Americas,EarthScope PRIDE PPP-AR kin quality-passing stations,"19 km NNW of Golfito, Costa Rica",6.100000,2,0,1,TOO_FEW_FILTERED_STATIONS,pgd_snr>=3; min_stations>=1
snr_ge_3,Station PGD SNR >= 3,SNR,us1000gez7,2018-08-21T21:31:47.600Z,Venezuela,Americas,EarthScope PRIDE PPP-AR kin quality-passing stations,"40 km ENE of Carúpano, Venezuela",7.300000,3,0,1,TOO_FEW_FILTERED_STATIONS,pgd_snr>=3; min_stations>=1
snr_ge_3,Station PGD SNR >= 3,SNR,us1000gfvg,2018-08-23T03:35:12.270000Z,United States,US,EarthScope PRIDE PPP-AR kin quality-passing stations,"97 km SW of Adak, Alaska",6.300000,1,0,1,TOO_FEW_FILTERED_STATIONS,pgd_snr>=3; min_stations>=1
snr_ge_3,Station PGD SNR >= 3,SNR,us200030aq,2015-07-27T04:49:46.400000Z,United States,US,EarthScope PRIDE PPP-AR kin quality-passing stations,"Fox Islands, Aleutian Islands, Alaska",6.900000,1,0,1,TOO_FEW_FILTERED_STATIONS,pgd_snr>=3; min_stations>=1
snr_ge_3,Station PGD SNR >= 3,SNR,us20003hq5,2015-09-10T10:26:44.810000Z,United States,US,EarthScope PRIDE PPP-AR kin quality-passing stations,"104 km SSW of Nikolski, Alaska",6.000000,1,0,1,TOO_FEW_FILTERED_STATIONS,pgd_snr>=3; min_stations>=1
snr_ge_3,Station PGD SNR >= 3,SNR,us20005axu,2016-03-19T01:35:12.170000Z,United States,US,EarthScope PRIDE PPP-AR kin quality-passing stations,"75 km S of Atka, Alaska",6.000000,1,0,1,TOO_FEW_FILTERED_STATIONS,pgd_snr>=3; min_stations>=1
snr_ge_3,Station PGD SNR >= 3,SNR,us20009p1a,2017-06-22T12:31:03.490Z,Guatemala,Americas,EarthScope PRIDE PPP-AR kin quality-passing stations,"28 km SW of Puerto San José, Guatemala",6.800000,1,0,1,TOO_FEW_FILTERED_STATIONS,pgd_snr>=3; min_stations>=1
snr_ge_3,Station PGD SNR >= 3,SNR,us2000izcv,2018-12-31T02:35:37.670000Z,United States,US,EarthScope PRIDE PPP-AR kin quality-passing stations,"87 km SE of King Cove, Alaska",6.000000,1,0,1,TOO_FEW_FILTERED_STATIONS,pgd_snr>=3; min_stations>=1
snr_ge_3,Station PGD SNR >= 3,SNR,us60007idc,2020-01-28T19:10:24.918Z,Jamaica,Americas,EarthScope PRIDE PPP-AR kin quality-passing stations,"123 km NNW of Lucea, Jamaica",7.700000,1,0,1,TOO_FEW_FILTERED_STATIONS,pgd_snr>=3; min_stations>=1
snr_ge_3,Station PGD SNR >= 3,SNR,us6000b56k,2020-07-28T08:03:43.215000Z,United States,US,EarthScope PRIDE PPP-AR kin quality-passing stations,"75 km SW of Sand Point, Alaska",6.100000,4,0,1,TOO_FEW_FILTERED_STATIONS,pgd_snr>=3; min_stations>=1
snr_ge_3,Station PGD SNR >= 3,SNR,us6000exs5,2021-07-21T21:15:12.269Z,Panama,Americas,EarthScope PRIDE PPP-AR kin quality-passing stations,"71 km S of Burica, Panama",6.700000,1,0,1,TOO_FEW_FILTERED_STATIONS,pgd_snr>=3; min_stations>=1
snr_ge_3,Station PGD SNR >= 3,SNR,us6000f652,2021-08-14T11:57:43.447000Z,United States,US,EarthScope PRIDE PPP-AR kin quality-passing stations,"125 km SE of Perryville, Alaska",6.900000,1,0,1,TOO_FEW_FILTERED_STATIONS,pgd_snr>=3; min_stations>=1
snr_ge_3,Station PGD SNR >= 3,SNR,us6000f65h,2021-08-14T12:29:08.454Z,Haiti,Americas,EarthScope PRIDE PPP-AR kin quality-passing stations,"Nippes, Haiti",7.200000,5,0,1,TOO_FEW_FILTERED_STATIONS,pgd_snr>=3; min_stations>=1
snr_ge_3,Station PGD SNR >= 3,SNR,us6000hf75,2022-04-21T07:42:46.508Z,Nicaragua,Americas,EarthScope PRIDE PPP-AR kin quality-passing stations,"55 km WSW of Masachapa, Nicaragua",6.600000,15,0,1,TOO_FEW_FILTERED_STATIONS,pgd_snr>=3; min_stations>=1
snr_ge_3,Station PGD SNR >= 3,SNR,us6000iv6c,2022-10-20T11:57:12.575Z,Panama,Americas,EarthScope PRIDE PPP-AR kin quality-passing stations,"60 km SSW of Boca Chica, Panama",6.700000,2,0,1,TOO_FEW_FILTERED_STATIONS,pgd_snr>=3; min_stations>=1
snr_ge_3,Station PGD SNR >= 3,SNR,us6000k20g,2023-04-04T22:18:12.640Z,Panama,Americas,EarthScope PRIDE PPP-AR kin quality-passing stations,"73 km S of Boca Chica, Panama",6.300000,4,0,1,TOO_FEW_FILTERED_STATIONS,pgd_snr>=3; min_stations>=1
snr_ge_3,Station PGD SNR >= 3,SNR,us6000pi09,2025-01-05T17:18:45.784Z,El Salvador,Americas,EarthScope PRIDE PPP-AR kin quality-passing stations,"56 km SSE of La Libertad, El Salvador",6.200000,1,0,1,TOO_FEW_FILTERED_STATIONS,pgd_snr>=3; min_stations>=1
snr_ge_3,Station PGD SNR >= 3,SNR,us6000r3at,2025-08-23T09:14:22.210Z,El Salvador,Americas,EarthScope PRIDE PPP-AR kin quality-passing stations,"88 km SW of Acajutla, El Salvador",6.000000,1,0,1,TOO_FEW_FILTERED_STATIONS,pgd_snr>=3; min_stations>=1
snr_ge_3,Station PGD SNR >= 3,SNR,us6000rsy1,2025-12-06T20:41:49.288000Z,United States,US,EarthScope PRIDE PPP-AR kin quality-passing stations,2025 Hubbard Glacier Earthquake,7.000000,1,0,1,TOO_FEW_FILTERED_STATIONS,pgd_snr>=3; min_stations>=1
snr_ge_3,Station PGD SNR >= 3,SNR,us6000sayv,2026-02-23T05:11:48.410000Z,United States,US,EarthScope PRIDE PPP-AR kin quality-passing stations,"96 km SW of Nikolski, Alaska",6.000000,2,0,1,TOO_FEW_FILTERED_STATIONS,pgd_snr>=3; min_stations>=1
snr_ge_3,Station PGD SNR >= 3,SNR,us70003k3p,2019-05-12T19:24:50.373Z,Panama,Americas,EarthScope PRIDE PPP-AR kin quality-passing stations,"1 km W of Breñón, Panama",6.000000,1,0,1,TOO_FEW_FILTERED_STATIONS,pgd_snr>=3; min_stations>=1
snr_ge_3,Station PGD SNR >= 3,SNR,us7000455l,2019-06-26T05:23:51.514Z,Panama,Americas,EarthScope PRIDE PPP-AR kin quality-passing stations,"4 km SE of Aserrío de Gariché, Panama",6.200000,2,0,1,TOO_FEW_FILTERED_STATIONS,pgd_snr>=3; min_stations>=1
snr_ge_3,Station PGD SNR >= 3,SNR,us700059qh,2019-08-29T15:07:58.646000Z,United States,US,EarthScope PRIDE PPP-AR kin quality-passing stations,"285 km W of Bandon, Oregon",6.300000,2,0,1,TOO_FEW_FILTERED_STATIONS,pgd_snr>=3; min_stations>=1
snr_ge_3,Station PGD SNR >= 3,SNR,us7000asx4,2020-07-22T06:16:18.627000Z,United States,US,EarthScope PRIDE PPP-AR kin quality-passing stations,"101 km ESE of Sand Point, Alaska",6.100000,5,0,1,TOO_FEW_FILTERED_STATIONS,pgd_snr>=3; min_stations>=1
snr_ge_3,Station PGD SNR >= 3,SNR,us7000bcbv,2020-08-24T21:51:09.259Z,Costa Rica,Americas,EarthScope PRIDE PPP-AR kin quality-passing stations,"4 km SSW of Jacó, Costa Rica",6.000000,2,0,1,TOO_FEW_FILTERED_STATIONS,pgd_snr>=3; min_stations>=1
snr_ge_3,Station PGD SNR >= 3,SNR,us7000e2c6,2021-05-12T08:45:44.539Z,El Salvador,Americas,EarthScope PRIDE PPP-AR kin quality-passing stations,"55 km SW of Acajutla, El Salvador",6.000000,1,0,1,TOO_FEW_FILTERED_STATIONS,pgd_snr>=3; min_stations>=1
snr_ge_3,Station PGD SNR >= 3,SNR,us7000e2rq,2021-05-13T09:42:12.044Z,Panama,Americas,EarthScope PRIDE PPP-AR kin quality-passing stations,"154 km SSE of Punta de Burica, Panama",6.100000,1,0,1,TOO_FEW_FILTERED_STATIONS,pgd_snr>=3; min_stations>=1
snr_ge_3,Station PGD SNR >= 3,SNR,us7000emzy,2021-07-17T20:56:10.107Z,Panama,Americas,EarthScope PRIDE PPP-AR kin quality-passing stations,"135 km S of Burica, Panama",6.100000,1,0,1,TOO_FEW_FILTERED_STATIONS,pgd_snr>=3; min_stations>=1
snr_ge_3,Station PGD SNR >= 3,SNR,us7000fdds,2021-09-22T09:57:07.023Z,Nicaragua,Americas,EarthScope PRIDE PPP-AR kin quality-passing stations,"80 km SW of Jiquilillo, Nicaragua",6.500000,1,0,1,TOO_FEW_FILTERED_STATIONS,pgd_snr>=3; min_stations>=1
snr_ge_3,Station PGD SNR >= 3,SNR,us7000g9nb,2022-01-06T16:25:05.973Z,Nicaragua,Americas,EarthScope PRIDE PPP-AR kin quality-passing stations,near the coast of Nicaragua,6.100000,6,0,1,TOO_FEW_FILTERED_STATIONS,pgd_snr>=3; min_stations>=1
snr_ge_3,Station PGD SNR >= 3,SNR,us7000ge5q,2022-01-22T05:17:04.896000Z,United States,US,EarthScope PRIDE PPP-AR kin quality-passing stations,"71 km S of Unalaska, Alaska",6.200000,1,0,1,TOO_FEW_FILTERED_STATIONS,pgd_snr>=3; min_stations>=1
snr_ge_3,Station PGD SNR >= 3,SNR,us7000imgl,2022-11-04T10:02:46.346Z,Mexico,Americas,EarthScope PRIDE PPP-AR kin quality-passing stations,"82 km SSW of Bahía de Kino, Mexico",6.100000,1,0,1,TOO_FEW_FILTERED_STATIONS,pgd_snr>=3; min_stations>=1
snr_ge_3,Station PGD SNR >= 3,SNR,us7000kfnc,2023-07-14T09:29:00.404Z,Mexico,Americas,EarthScope PRIDE PPP-AR kin quality-passing stations,"Offshore Chiapas, Mexico",6.300000,1,0,1,TOO_FEW_FILTERED_STATIONS,pgd_snr>=3; min_stations>=1
snr_ge_3,Station PGD SNR >= 3,SNR,us7000luai,2024-01-27T05:52:48.419Z,Guatemala,Americas,EarthScope PRIDE PPP-AR kin quality-passing stations,"15 km W of Taxisco, Guatemala",6.100000,1,0,1,TOO_FEW_FILTERED_STATIONS,pgd_snr>=3; min_stations>=1
snr_ge_3,Station PGD SNR >= 3,SNR,us7000mu1p,2024-06-23T03:57:58.918Z,Venezuela,Americas,EarthScope PRIDE PPP-AR kin quality-passing stations,"20 km NE of Yaguaraparo, Venezuela",6.000000,1,0,1,TOO_FEW_FILTERED_STATIONS,pgd_snr>=3; min_stations>=1
snr_ge_3,Station PGD SNR >= 3,SNR,us7000np33,2024-10-30T20:15:20.095000Z,United States,US,EarthScope PRIDE PPP-AR kin quality-passing stations,"267 km W of Bandon, Oregon",6.000000,6,0,1,TOO_FEW_FILTERED_STATIONS,pgd_snr>=3; min_stations>=1
snr_ge_3,Station PGD SNR >= 3,SNR,us7000nr0v,2024-11-10T16:49:50.426Z,Cuba,Americas,EarthScope PRIDE PPP-AR kin quality-passing stations,"42 km SSW of Bartolomé Masó, Cuba",6.800000,1,0,1,TOO_FEW_FILTERED_STATIONS,pgd_snr>=3; min_stations>=1
snr_ge_3,Station PGD SNR >= 3,SNR,us7000pllu,2025-03-21T14:53:41.774000Z,United States,US,EarthScope PRIDE PPP-AR kin quality-passing stations,"88 km SSE of Adak, Alaska",6.200000,1,0,1,TOO_FEW_FILTERED_STATIONS,pgd_snr>=3; min_stations>=1
snr_ge_3,Station PGD SNR >= 3,SNR,us7000qclp,2025-07-14T17:16:49.051Z,Panama,Americas,EarthScope PRIDE PPP-AR kin quality-passing stations,"206 km S of Burica, Panama",6.200000,1,0,1,TOO_FEW_FILTERED_STATIONS,pgd_snr>=3; min_stations>=1
snr_ge_3,Station PGD SNR >= 3,SNR,us7000rm3k,2026-01-02T13:58:15.741Z,Mexico,Americas,EarthScope PRIDE PPP-AR kin quality-passing stations,"0 km W of San Marcos, Mexico",6.500000,1,0,1,TOO_FEW_FILTERED_STATIONS,pgd_snr>=3; min_stations>=1
snr_ge_3,Station PGD SNR >= 3,SNR,us7000rq0d,2026-01-16T03:25:53.034000Z,United States,US,EarthScope PRIDE PPP-AR kin quality-passing stations,off the coast of Oregon,6.000000,1,0,1,TOO_FEW_FILTERED_STATIONS,pgd_snr>=3; min_stations>=1
snr_ge_3,Station PGD SNR >= 3,SNR,usb000jdt7,2013-08-30T16:25:02.300000Z,United States,US,EarthScope PRIDE PPP-AR kin quality-passing stations,"101 km SW of Atka, Alaska",7.000000,1,0,1,TOO_FEW_FILTERED_STATIONS,pgd_snr>=3; min_stations>=1
snr_ge_3,Station PGD SNR >= 3,SNR,usb000je9f,2013-08-31T06:38:36.350000Z,United States,US,EarthScope PRIDE PPP-AR kin quality-passing stations,"118 km SSW of Atka, Alaska",6.000000,1,0,1,TOO_FEW_FILTERED_STATIONS,pgd_snr>=3; min_stations>=1
snr_ge_3,Station PGD SNR >= 3,SNR,usb000jgju,2013-09-04T02:32:30.600000Z,United States,US,EarthScope PRIDE PPP-AR kin quality-passing stations,"81 km SSW of Atka, Alaska",6.500000,1,0,1,TOO_FEW_FILTERED_STATIONS,pgd_snr>=3; min_stations>=1
snr_ge_3,Station PGD SNR >= 3,SNR,usb000jguz,2013-09-04T06:27:03.560000Z,United States,US,EarthScope PRIDE PPP-AR kin quality-passing stations,"82 km SSW of Atka, Alaska",6.000000,1,0,1,TOO_FEW_FILTERED_STATIONS,pgd_snr>=3; min_stations>=1
snr_ge_3,Station PGD SNR >= 3,SNR,usb000rtp6,2014-07-17T11:49:33.930000Z,United States,US,EarthScope PRIDE PPP-AR kin quality-passing stations,"90 km NNW of Yakutat, Alaska",6.000000,2,0,1,TOO_FEW_FILTERED_STATIONS,pgd_snr>=3; min_stations>=1
snr_ge_3,Station PGD SNR >= 3,SNR,usb000slwn,2014-10-14T03:51:34.460Z,El Salvador,Americas,EarthScope PRIDE PPP-AR kin quality-passing stations,"74 km S of Intipucá, El Salvador",7.300000,3,0,1,TOO_FEW_FILTERED_STATIONS,pgd_snr>=3; min_stations>=1
snr_ge_3,Station PGD SNR >= 3,SNR,usc000myqq,2014-02-26T21:13:40.110000Z,United States,US,EarthScope PRIDE PPP-AR kin quality-passing stations,"210 km WNW of Nikolski, Alaska",6.100000,2,0,1,TOO_FEW_FILTERED_STATIONS,pgd_snr>=3; min_stations>=1
snr_ge_3,Station PGD SNR >= 3,SNR,usc000p11f,2014-04-02T16:13:26.720Z,Panama,Americas,EarthScope PRIDE PPP-AR kin quality-passing stations,"33 km SSW of Boca Chica, Panama",6.000000,1,0,1,TOO_FEW_FILTERED_STATIONS,pgd_snr>=3; min_stations>=1
snr_ge_3,Station PGD SNR >= 3,SNR,usp000jqvm,2012-08-27T04:37:19.430Z,El Salvador,Americas,EarthScope PRIDE PPP-AR kin quality-passing stations,"126 km S of Puerto El Triunfo, El Salvador",7.300000,1,0,1,TOO_FEW_FILTERED_STATIONS,pgd_snr>=3; min_stations>=1
snr_ge_3,Station PGD SNR >= 3,SNR,usp000jwyb,2012-12-14T10:36:01.590000Z,United States,US,EarthScope PRIDE PPP-AR kin quality-passing stations,"279 km SSW of Avalon, California",6.300000,2,0,1,TOO_FEW_FILTERED_STATIONS,pgd_snr>=3; min_stations>=1
snr_ge_5,Station PGD SNR >= 5,SNR,2013p944608,2013-12-16T12:07:24Z,New Zealand,New Zealand,EarthScope PRIDE PPP-AR kin quality-passing stations,120 km west of Tuatapere,6.100000,4,0,1,TOO_FEW_FILTERED_STATIONS,pgd_snr>=5; min_stations>=1
snr_ge_5,Station PGD SNR >= 5,SNR,2014p051675,2014-01-20T02:52:45Z,New Zealand,New Zealand,EarthScope PRIDE PPP-AR kin quality-passing stations,10 km east of Eketahuna,6.200000,12,0,1,TOO_FEW_FILTERED_STATIONS,pgd_snr>=5; min_stations>=1
snr_ge_5,Station PGD SNR >= 5,SNR,2014p770859,2014-10-13T05:13:41Z,New Zealand,New Zealand,EarthScope PRIDE PPP-AR kin quality-passing stations,140 km west of Tuatapere,6.200000,1,0,1,TOO_FEW_FILTERED_STATIONS,pgd_snr>=5; min_stations>=1
snr_ge_5,Station PGD SNR >= 5,SNR,2014p864702,2014-11-16T22:33:17Z,New Zealand,New Zealand,EarthScope PRIDE PPP-AR kin quality-passing stations,150 km east of Te Araroa,6.500000,6,0,1,TOO_FEW_FILTERED_STATIONS,pgd_snr>=5; min_stations>=1
snr_ge_5,Station PGD SNR >= 5,SNR,2015p305812,2015-04-24T03:36:42Z,New Zealand,New Zealand,EarthScope PRIDE PPP-AR kin quality-passing stations,35 km south-east of St Arnaud,6.200000,3,0,1,TOO_FEW_FILTERED_STATIONS,pgd_snr>=5; min_stations>=1
snr_ge_5,Station PGD SNR >= 5,SNR,2016p661332,2016-09-01T16:37:55Z,New Zealand,New Zealand,EarthScope PRIDE PPP-AR kin quality-passing stations,120 km north-east of Te Araroa,7.100000,8,0,1,TOO_FEW_FILTERED_STATIONS,pgd_snr>=5; min_stations>=1
snr_ge_5,Station PGD SNR >= 5,SNR,2016p661400,2016-09-01T17:14:05Z,New Zealand,New Zealand,EarthScope PRIDE PPP-AR kin quality-passing stations,105 km north-east of Te Araroa,6.200000,8,0,1,TOO_FEW_FILTERED_STATIONS,pgd_snr>=5; min_stations>=1
snr_ge_5,Station PGD SNR >= 5,SNR,2016p858021,2016-11-13T11:12:35Z,New Zealand,New Zealand,EarthScope PRIDE PPP-AR kin quality-passing stations,5 km east of Kaikoura,6.000000,20,0,1,TOO_FEW_FILTERED_STATIONS,pgd_snr>=5; min_stations>=1
snr_ge_5,Station PGD SNR >= 5,SNR,2016p858055,2016-11-13T11:32:07Z,New Zealand,New Zealand,EarthScope PRIDE PPP-AR kin quality-passing stations,15 km north of Kaikoura,6.200000,29,0,1,TOO_FEW_FILTERED_STATIONS,pgd_snr>=5; min_stations>=1
snr_ge_5,Station PGD SNR >= 5,SNR,2021p169083,2021-03-04T13:27:35Z,New Zealand,New Zealand,EarthScope PRIDE PPP-AR kin quality-passing stations,140 km east of Te Araroa,7.200000,12,0,1,TOO_FEW_FILTERED_STATIONS,pgd_snr>=5; min_stations>=1
snr_ge_5,Station PGD SNR >= 5,SNR,2025p224518,2025-03-25T01:43:09Z,New Zealand,New Zealand,EarthScope PRIDE PPP-AR kin quality-passing stations,155 km north-west of Snares Islands,6.800000,3,0,1,TOO_FEW_FILTERED_STATIONS,pgd_snr>=5; min_stations>=1
snr_ge_5,Station PGD SNR >= 5,SNR,2025p506857,2025-07-07T12:53:41Z,New Zealand,New Zealand,EarthScope PRIDE PPP-AR kin quality-passing stations,120 km north-west of Snares Islands,6.100000,5,0,1,TOO_FEW_FILTERED_STATIONS,pgd_snr>=5; min_stations>=1
snr_ge_5,Station PGD SNR >= 5,SNR,ak0149guzic1,2014-07-25T10:54:50.417000Z,United States,US,EarthScope PRIDE PPP-AR kin quality-passing stations,"40 km WNW of Elfin Cove, Alaska",6.000000,3,0,1,TOO_FEW_FILTERED_STATIONS,pgd_snr>=5; min_stations>=1
snr_ge_5,Station PGD SNR >= 5,SNR,ak014cbigci8,2014-09-25T17:51:17.606000Z,United States,US,EarthScope PRIDE PPP-AR kin quality-passing stations,"22 km WSW of Skwentna, Alaska",6.200000,8,0,1,TOO_FEW_FILTERED_STATIONS,pgd_snr>=5; min_stations>=1
snr_ge_5,Station PGD SNR >= 5,SNR,ak0156uj8rk3,2015-05-29T07:00:09.634000Z,United States,US,EarthScope PRIDE PPP-AR kin quality-passing stations,"117 km SSE of Ugashik, Alaska",6.800000,5,0,1,TOO_FEW_FILTERED_STATIONS,pgd_snr>=5; min_stations>=1
snr_ge_5,Station PGD SNR >= 5,SNR,ak0159nc9dk8,2015-07-29T02:35:59.449000Z,United States,US,EarthScope PRIDE PPP-AR kin quality-passing stations,"52 km ENE of Pedro Bay, Alaska",6.400000,24,0,1,TOO_FEW_FILTERED_STATIONS,pgd_snr>=5; min_stations>=1
snr_ge_5,Station PGD SNR >= 5,SNR,ak01649w95tp,2016-04-02T05:50:00.932000Z,United States,US,EarthScope PRIDE PPP-AR kin quality-passing stations,"42 km E of Port Heiden, Alaska",6.200000,3,0,1,TOO_FEW_FILTERED_STATIONS,pgd_snr>=5; min_stations>=1
snr_ge_5,Station PGD SNR >= 5,SNR,ak018aap2cqu,2018-08-12T14:58:53.503000Z,United States,US,EarthScope PRIDE PPP-AR kin quality-passing stations,"89 km SW of Kaktovik, Alaska",6.400000,2,0,1,TOO_FEW_FILTERED_STATIONS,pgd_snr>=5; min_stations>=1
snr_ge_5,Station PGD SNR >= 5,SNR,ak018aasz24z,2018-08-12T21:15:00.999000Z,United States,US,EarthScope PRIDE PPP-AR kin quality-passing stations,"73 km SSW of Kaktovik, Alaska",6.000000,2,0,1,TOO_FEW_FILTERED_STATIONS,pgd_snr>=5; min_stations>=1
snr_ge_5,Station PGD SNR >= 5,SNR,ak0216xu2rod,2021-05-31T06:59:55.581000Z,United States,US,EarthScope PRIDE PPP-AR kin quality-passing stations,"73 km N of Chickaloon, Alaska",6.100000,13,0,1,TOO_FEW_FILTERED_STATIONS,pgd_snr>=5; min_stations>=1
snr_ge_5,Station PGD SNR >= 5,SNR,ak021d1u1nos,2021-10-11T09:10:25.147000Z,United States,US,EarthScope PRIDE PPP-AR kin quality-passing stations,"112 km E of Chignik, Alaska",6.900000,1,0,1,TOO_FEW_FILTERED_STATIONS,pgd_snr>=5; min_stations>=1
snr_ge_5,Station PGD SNR >= 5,SNR,ak2025xjbvhj,2025-11-27T17:11:29.059000Z,United States,US,EarthScope PRIDE PPP-AR kin quality-passing stations,"12 km WNW of Susitna, Alaska",6.000000,7,0,1,TOO_FEW_FILTERED_STATIONS,pgd_snr>=5; min_stations>=1
snr_ge_5,Station PGD SNR >= 5,SNR,hv72748782,2021-10-10T21:48:36.560000Z,United States,US,EarthScope PRIDE PPP-AR kin quality-passing stations,"27 km SSE of Naalehu, Hawaii",6.210000,4,0,1,TOO_FEW_FILTERED_STATIONS,pgd_snr>=5; min_stations>=1
snr_ge_5,Station PGD SNR >= 5,SNR,nc71338066,2010-01-10T00:27:39.320000Z,United States,US,EarthScope PRIDE PPP-AR kin quality-passing stations,"The 2010 Eureka, California Earthquake",6.500000,1,0,1,TOO_FEW_FILTERED_STATIONS,pgd_snr>=5; min_stations>=1
snr_ge_5,Station PGD SNR >= 5,SNR,nc73666231,2021-12-20T20:10:31.310000Z,United States,US,EarthScope PRIDE PPP-AR kin quality-passing stations,"7km N of Petrolia, CA",6.200000,4,0,1,TOO_FEW_FILTERED_STATIONS,pgd_snr>=5; min_stations>=1
snr_ge_5,Station PGD SNR >= 5,SNR,us10003vyx,2015-11-09T16:03:46.070000Z,United States,US,EarthScope PRIDE PPP-AR kin quality-passing stations,"99 km SE of Atka, Alaska",6.500000,1,0,1,TOO_FEW_FILTERED_STATIONS,pgd_snr>=5; min_stations>=1
snr_ge_5,Station PGD SNR >= 5,SNR,us100047zq,2015-12-17T19:49:53.050Z,Mexico,Americas,EarthScope PRIDE PPP-AR kin quality-passing stations,"4 km W of Manuel Ávila Camacho (Ponte Duro), Mexico",6.600000,1,0,1,TOO_FEW_FILTERED_STATIONS,pgd_snr>=5; min_stations>=1
snr_ge_5,Station PGD SNR >= 5,SNR,us10004x1w,2016-03-12T18:06:44.760000Z,United States,US,EarthScope PRIDE PPP-AR kin quality-passing stations,"72 km SSE of Atka, Alaska",6.300000,1,0,1,TOO_FEW_FILTERED_STATIONS,pgd_snr>=5; min_stations>=1
snr_ge_5,Station PGD SNR >= 5,SNR,us10007c4w,2016-11-24T18:43:47.710Z,El Salvador,Americas,EarthScope PRIDE PPP-AR kin quality-passing stations,"156 km SSW of Puerto El Triunfo, El Salvador",6.900000,2,0,1,TOO_FEW_FILTERED_STATIONS,pgd_snr>=5; min_stations>=1
snr_ge_5,Station PGD SNR >= 5,SNR,us10008mel,2017-05-01T12:31:55.590000Z,United States,US,EarthScope PRIDE PPP-AR kin quality-passing stations,"47 km NW of Mosquito Lake, Alaska",6.200000,4,0,1,TOO_FEW_FILTERED_STATIONS,pgd_snr>=5; min_stations>=1
snr_ge_5,Station PGD SNR >= 5,SNR,us10008mgu,2017-05-01T14:18:15.290000Z,United States,US,EarthScope PRIDE PPP-AR kin quality-passing stations,"48 km NW of Mosquito Lake, Alaska",6.300000,4,0,1,TOO_FEW_FILTERED_STATIONS,pgd_snr>=5; min_stations>=1
snr_ge_5,Station PGD SNR >= 5,SNR,us10008rtu,2017-05-12T10:41:26.710Z,El Salvador,Americas,EarthScope PRIDE PPP-AR kin quality-passing stations,"78 km SSW of Acajutla, El Salvador",6.200000,2,0,1,TOO_FEW_FILTERED_STATIONS,pgd_snr>=5; min_stations>=1
snr_ge_5,Station PGD SNR >= 5,SNR,us1000ga0z,2018-08-15T21:56:56.310000Z,United States,US,EarthScope PRIDE PPP-AR kin quality-passing stations,"108 km WSW of Adak, Alaska",6.500000,1,0,1,TOO_FEW_FILTERED_STATIONS,pgd_snr>=5; min_stations>=1
snr_ge_5,Station PGD SNR >= 5,SNR,us1000gc0k,2018-08-17T23:22:24.950Z,Costa Rica,Americas,EarthScope PRIDE PPP-AR kin quality-passing stations,"19 km NNW of Golfito, Costa Rica",6.100000,2,0,1,TOO_FEW_FILTERED_STATIONS,pgd_snr>=5; min_stations>=1
snr_ge_5,Station PGD SNR >= 5,SNR,us1000gez7,2018-08-21T21:31:47.600Z,Venezuela,Americas,EarthScope PRIDE PPP-AR kin quality-passing stations,"40 km ENE of Carúpano, Venezuela",7.300000,3,0,1,TOO_FEW_FILTERED_STATIONS,pgd_snr>=5; min_stations>=1
snr_ge_5,Station PGD SNR >= 5,SNR,us1000gf8u,2018-08-22T09:31:45.530000Z,United States,US,EarthScope PRIDE PPP-AR kin quality-passing stations,"272 km W of Bandon, Oregon",6.200000,4,0,1,TOO_FEW_FILTERED_STATIONS,pgd_snr>=5; min_stations>=1
snr_ge_5,Station PGD SNR >= 5,SNR,us1000gfvg,2018-08-23T03:35:12.270000Z,United States,US,EarthScope PRIDE PPP-AR kin quality-passing stations,"97 km SW of Adak, Alaska",6.300000,1,0,1,TOO_FEW_FILTERED_STATIONS,pgd_snr>=5; min_stations>=1
snr_ge_5,Station PGD SNR >= 5,SNR,us200030aq,2015-07-27T04:49:46.400000Z,United States,US,EarthScope PRIDE PPP-AR kin quality-passing stations,"Fox Islands, Aleutian Islands, Alaska",6.900000,1,0,1,TOO_FEW_FILTERED_STATIONS,pgd_snr>=5; min_stations>=1
snr_ge_5,Station PGD SNR >= 5,SNR,us20003hq5,2015-09-10T10:26:44.810000Z,United States,US,EarthScope PRIDE PPP-AR kin quality-passing stations,"104 km SSW of Nikolski, Alaska",6.000000,1,0,1,TOO_FEW_FILTERED_STATIONS,pgd_snr>=5; min_stations>=1
snr_ge_5,Station PGD SNR >= 5,SNR,us20005axu,2016-03-19T01:35:12.170000Z,United States,US,EarthScope PRIDE PPP-AR kin quality-passing stations,"75 km S of Atka, Alaska",6.000000,1,0,1,TOO_FEW_FILTERED_STATIONS,pgd_snr>=5; min_stations>=1
snr_ge_5,Station PGD SNR >= 5,SNR,us200063cy,2016-06-10T03:25:22.920Z,Nicaragua,Americas,EarthScope PRIDE PPP-AR kin quality-passing stations,Nicaragua,6.100000,11,0,1,TOO_FEW_FILTERED_STATIONS,pgd_snr>=5; min_stations>=1
snr_ge_5,Station PGD SNR >= 5,SNR,us20007z6r,2016-12-08T14:49:45.910000Z,United States,US,EarthScope PRIDE PPP-AR kin quality-passing stations,"164 km W of Ferndale, California",6.600000,3,0,1,TOO_FEW_FILTERED_STATIONS,pgd_snr>=5; min_stations>=1
snr_ge_5,Station PGD SNR >= 5,SNR,us20009p1a,2017-06-22T12:31:03.490Z,Guatemala,Americas,EarthScope PRIDE PPP-AR kin quality-passing stations,"28 km SW of Puerto San José, Guatemala",6.800000,1,0,1,TOO_FEW_FILTERED_STATIONS,pgd_snr>=5; min_stations>=1
snr_ge_5,Station PGD SNR >= 5,SNR,us2000atjv,2017-09-23T12:53:01.480Z,Mexico,Americas,EarthScope PRIDE PPP-AR kin quality-passing stations,"7 km NNE of Ixtepec, Mexico",6.100000,3,0,1,TOO_FEW_FILTERED_STATIONS,pgd_snr>=5; min_stations>=1
snr_ge_5,Station PGD SNR >= 5,SNR,us2000bmhe,2017-11-13T02:28:23.680Z,Costa Rica,Americas,EarthScope PRIDE PPP-AR kin quality-passing stations,"18 km W of Parrita, Costa Rica",6.500000,3,0,1,TOO_FEW_FILTERED_STATIONS,pgd_snr>=5; min_stations>=1
snr_ge_5,Station PGD SNR >= 5,SNR,us2000cl83,2018-01-19T16:17:44.720Z,Mexico,Americas,EarthScope PRIDE PPP-AR kin quality-passing stations,"79 km NNE of Loreto, Mexico",6.300000,2,0,1,TOO_FEW_FILTERED_STATIONS,pgd_snr>=5; min_stations>=1
snr_ge_5,Station PGD SNR >= 5,SNR,us2000izcv,2018-12-31T02:35:37.670000Z,United States,US,EarthScope PRIDE PPP-AR kin quality-passing stations,"87 km SE of King Cove, Alaska",6.000000,1,0,1,TOO_FEW_FILTERED_STATIONS,pgd_snr>=5; min_stations>=1
snr_ge_5,Station PGD SNR >= 5,SNR,us60003r2r,2019-05-23T08:45:17.746000Z,United States,US,EarthScope PRIDE PPP-AR kin quality-passing stations,"127 km WSW of Adak, Alaska",6.000000,1,0,1,TOO_FEW_FILTERED_STATIONS,pgd_snr>=5; min_stations>=1
snr_ge_5,Station PGD SNR >= 5,SNR,us60007djn,2020-01-23T05:53:02.618000Z,United States,US,EarthScope PRIDE PPP-AR kin quality-passing stations,"84 km W of Adak, Alaska",6.200000,3,0,1,TOO_FEW_FILTERED_STATIONS,pgd_snr>=5; min_stations>=1
snr_ge_5,Station PGD SNR >= 5,SNR,us60007idc,2020-01-28T19:10:24.918Z,Jamaica,Americas,EarthScope PRIDE PPP-AR kin quality-passing stations,"123 km NNW of Lucea, Jamaica",7.700000,1,0,1,TOO_FEW_FILTERED_STATIONS,pgd_snr>=5; min_stations>=1
snr_ge_5,Station PGD SNR >= 5,SNR,us6000b56k,2020-07-28T08:03:43.215000Z,United States,US,EarthScope PRIDE PPP-AR kin quality-passing stations,"75 km SW of Sand Point, Alaska",6.100000,4,0,1,TOO_FEW_FILTERED_STATIONS,pgd_snr>=5; min_stations>=1
snr_ge_5,Station PGD SNR >= 5,SNR,us6000exs5,2021-07-21T21:15:12.269Z,Panama,Americas,EarthScope PRIDE PPP-AR kin quality-passing stations,"71 km S of Burica, Panama",6.700000,1,0,1,TOO_FEW_FILTERED_STATIONS,pgd_snr>=5; min_stations>=1
snr_ge_5,Station PGD SNR >= 5,SNR,us6000f652,2021-08-14T11:57:43.447000Z,United States,US,EarthScope PRIDE PPP-AR kin quality-passing stations,"125 km SE of Perryville, Alaska",6.900000,1,0,1,TOO_FEW_FILTERED_STATIONS,pgd_snr>=5; min_stations>=1
snr_ge_5,Station PGD SNR >= 5,SNR,us6000f65h,2021-08-14T12:29:08.454Z,Haiti,Americas,EarthScope PRIDE PPP-AR kin quality-passing stations,"Nippes, Haiti",7.200000,5,0,1,TOO_FEW_FILTERED_STATIONS,pgd_snr>=5; min_stations>=1
snr_ge_5,Station PGD SNR >= 5,SNR,us6000hf75,2022-04-21T07:42:46.508Z,Nicaragua,Americas,EarthScope PRIDE PPP-AR kin quality-passing stations,"55 km WSW of Masachapa, Nicaragua",6.600000,15,0,1,TOO_FEW_FILTERED_STATIONS,pgd_snr>=5; min_stations>=1
snr_ge_5,Station PGD SNR >= 5,SNR,us6000iv6c,2022-10-20T11:57:12.575Z,Panama,Americas,EarthScope PRIDE PPP-AR kin quality-passing stations,"60 km SSW of Boca Chica, Panama",6.700000,2,0,1,TOO_FEW_FILTERED_STATIONS,pgd_snr>=5; min_stations>=1
snr_ge_5,Station PGD SNR >= 5,SNR,us6000k20g,2023-04-04T22:18:12.640Z,Panama,Americas,EarthScope PRIDE PPP-AR kin quality-passing stations,"73 km S of Boca Chica, Panama",6.300000,4,0,1,TOO_FEW_FILTERED_STATIONS,pgd_snr>=5; min_stations>=1
snr_ge_5,Station PGD SNR >= 5,SNR,us6000kcnb,2023-05-17T23:01:59.919Z,Guatemala,Americas,EarthScope PRIDE PPP-AR kin quality-passing stations,"8 km SE of Canillá, Guatemala",6.400000,2,0,1,TOO_FEW_FILTERED_STATIONS,pgd_snr>=5; min_stations>=1
snr_ge_5,Station PGD SNR >= 5,SNR,us6000mzme,2024-05-19T09:35:24.660000Z,United States,US,EarthScope PRIDE PPP-AR kin quality-passing stations,"169 km SW of Nikolski, Alaska",6.000000,1,0,1,TOO_FEW_FILTERED_STATIONS,pgd_snr>=5; min_stations>=1
snr_ge_5,Station PGD SNR >= 5,SNR,us6000nncs,2024-08-28T21:57:54.957Z,El Salvador,Americas,EarthScope PRIDE PPP-AR kin quality-passing stations,"56 km SSW of La Libertad, El Salvador",6.100000,2,0,1,TOO_FEW_FILTERED_STATIONS,pgd_snr>=5; min_stations>=1
snr_ge_5,Station PGD SNR >= 5,SNR,us6000nyau,2024-10-12T17:43:44.516Z,Costa Rica,Americas,EarthScope PRIDE PPP-AR kin quality-passing stations,"40 km WNW of Tamarindo, Costa Rica",6.200000,2,0,1,TOO_FEW_FILTERED_STATIONS,pgd_snr>=5; min_stations>=1
snr_ge_5,Station PGD SNR >= 5,SNR,us6000pi09,2025-01-05T17:18:45.784Z,El Salvador,Americas,EarthScope PRIDE PPP-AR kin quality-passing stations,"56 km SSE of La Libertad, El Salvador",6.200000,1,0,1,TOO_FEW_FILTERED_STATIONS,pgd_snr>=5; min_stations>=1
snr_ge_5,Station PGD SNR >= 5,SNR,us6000r3at,2025-08-23T09:14:22.210Z,El Salvador,Americas,EarthScope PRIDE PPP-AR kin quality-passing stations,"88 km SW of Acajutla, El Salvador",6.000000,1,0,1,TOO_FEW_FILTERED_STATIONS,pgd_snr>=5; min_stations>=1
snr_ge_5,Station PGD SNR >= 5,SNR,us6000rjq8,2025-10-27T12:38:40.364Z,Guadeloupe,Americas,EarthScope PRIDE PPP-AR kin quality-passing stations,"164 km E of Beauséjour, Guadeloupe",6.500000,7,0,1,TOO_FEW_FILTERED_STATIONS,pgd_snr>=5; min_stations>=1
snr_ge_5,Station PGD SNR >= 5,SNR,us6000rsy1,2025-12-06T20:41:49.288000Z,United States,US,EarthScope PRIDE PPP-AR kin quality-passing stations,2025 Hubbard Glacier Earthquake,7.000000,1,0,1,TOO_FEW_FILTERED_STATIONS,pgd_snr>=5; min_stations>=1
snr_ge_5,Station PGD SNR >= 5,SNR,us6000sayv,2026-02-23T05:11:48.410000Z,United States,US,EarthScope PRIDE PPP-AR kin quality-passing stations,"96 km SW of Nikolski, Alaska",6.000000,2,0,1,TOO_FEW_FILTERED_STATIONS,pgd_snr>=5; min_stations>=1
snr_ge_5,Station PGD SNR >= 5,SNR,us6000sy84,2026-05-16T14:50:05.533Z,Antigua and Barbuda,Americas,EarthScope PRIDE PPP-AR kin quality-passing stations,"61 km ESE of Codrington, Antigua and Barbuda",6.000000,12,0,1,TOO_FEW_FILTERED_STATIONS,pgd_snr>=5; min_stations>=1
snr_ge_5,Station PGD SNR >= 5,SNR,us6000t7zc,2026-06-24T22:04:33.389000Z,Venezuela,Americas,EarthScope PRIDE PPP-AR kin quality-passing stations,"23 km SE of Yumare, Venezuela",7.200000,29,0,1,TOO_FEW_FILTERED_STATIONS,pgd_snr>=5; min_stations>=1
snr_ge_5,Station PGD SNR >= 5,SNR,us6000t7zp,2026-06-24T22:05:11.566000Z,Venezuela,Americas,EarthScope PRIDE PPP-AR kin quality-passing stations,"28 km SE of Yumare, Venezuela",7.500000,29,0,1,TOO_FEW_FILTERED_STATIONS,pgd_snr>=5; min_stations>=1
snr_ge_5,Station PGD SNR >= 5,SNR,us70003k3p,2019-05-12T19:24:50.373Z,Panama,Americas,EarthScope PRIDE PPP-AR kin quality-passing stations,"1 km W of Breñón, Panama",6.000000,1,0,1,TOO_FEW_FILTERED_STATIONS,pgd_snr>=5; min_stations>=1
snr_ge_5,Station PGD SNR >= 5,SNR,us7000455l,2019-06-26T05:23:51.514Z,Panama,Americas,EarthScope PRIDE PPP-AR kin quality-passing stations,"4 km SE of Aserrío de Gariché, Panama",6.200000,2,0,1,TOO_FEW_FILTERED_STATIONS,pgd_snr>=5; min_stations>=1
snr_ge_5,Station PGD SNR >= 5,SNR,us700059qh,2019-08-29T15:07:58.646000Z,United States,US,EarthScope PRIDE PPP-AR kin quality-passing stations,"285 km W of Bandon, Oregon",6.300000,2,0,1,TOO_FEW_FILTERED_STATIONS,pgd_snr>=5; min_stations>=1
snr_ge_5,Station PGD SNR >= 5,SNR,us70008jr5,2020-03-31T23:52:30.781000Z,United States,US,EarthScope PRIDE PPP-AR kin quality-passing stations,"Stanley, Idaho",6.500000,11,0,1,TOO_FEW_FILTERED_STATIONS,pgd_snr>=5; min_stations>=1
snr_ge_5,Station PGD SNR >= 5,SNR,us7000asx4,2020-07-22T06:16:18.627000Z,United States,US,EarthScope PRIDE PPP-AR kin quality-passing stations,"101 km ESE of Sand Point, Alaska",6.100000,5,0,1,TOO_FEW_FILTERED_STATIONS,pgd_snr>=5; min_stations>=1
snr_ge_5,Station PGD SNR >= 5,SNR,us7000bcbv,2020-08-24T21:51:09.259Z,Costa Rica,Americas,EarthScope PRIDE PPP-AR kin quality-passing stations,"4 km SSW of Jacó, Costa Rica",6.000000,2,0,1,TOO_FEW_FILTERED_STATIONS,pgd_snr>=5; min_stations>=1
snr_ge_5,Station PGD SNR >= 5,SNR,us7000clnv,2020-12-01T16:22:39.923000Z,United States,US,EarthScope PRIDE PPP-AR kin quality-passing stations,"46 km ESE of Nikolski, Alaska",6.400000,2,0,1,TOO_FEW_FILTERED_STATIONS,pgd_snr>=5; min_stations>=1
snr_ge_5,Station PGD SNR >= 5,SNR,us7000e2c6,2021-05-12T08:45:44.539Z,El Salvador,Americas,EarthScope PRIDE PPP-AR kin quality-passing stations,"55 km SW of Acajutla, El Salvador",6.000000,1,0,1,TOO_FEW_FILTERED_STATIONS,pgd_snr>=5; min_stations>=1
snr_ge_5,Station PGD SNR >= 5,SNR,us7000e2rq,2021-05-13T09:42:12.044Z,Panama,Americas,EarthScope PRIDE PPP-AR kin quality-passing stations,"154 km SSE of Punta de Burica, Panama",6.100000,1,0,1,TOO_FEW_FILTERED_STATIONS,pgd_snr>=5; min_stations>=1
snr_ge_5,Station PGD SNR >= 5,SNR,us7000emzy,2021-07-17T20:56:10.107Z,Panama,Americas,EarthScope PRIDE PPP-AR kin quality-passing stations,"135 km S of Burica, Panama",6.100000,1,0,1,TOO_FEW_FILTERED_STATIONS,pgd_snr>=5; min_stations>=1
snr_ge_5,Station PGD SNR >= 5,SNR,us7000f93v,2021-09-08T01:47:47.437Z,Mexico,Americas,EarthScope PRIDE PPP-AR kin quality-passing stations,"Acapulco, Mexico",7.000000,6,0,1,TOO_FEW_FILTERED_STATIONS,pgd_snr>=5; min_stations>=1
snr_ge_5,Station PGD SNR >= 5,SNR,us7000fdds,2021-09-22T09:57:07.023Z,Nicaragua,Americas,EarthScope PRIDE PPP-AR kin quality-passing stations,"80 km SW of Jiquilillo, Nicaragua",6.500000,1,0,1,TOO_FEW_FILTERED_STATIONS,pgd_snr>=5; min_stations>=1
snr_ge_5,Station PGD SNR >= 5,SNR,us7000fskw,2021-11-09T06:25:14.907Z,Nicaragua,Americas,EarthScope PRIDE PPP-AR kin quality-passing stations,"62 km S of Masachapa, Nicaragua",6.300000,3,0,1,TOO_FEW_FILTERED_STATIONS,pgd_snr>=5; min_stations>=1
snr_ge_5,Station PGD SNR >= 5,SNR,us7000g9nb,2022-01-06T16:25:05.973Z,Nicaragua,Americas,EarthScope PRIDE PPP-AR kin quality-passing stations,near the coast of Nicaragua,6.100000,6,0,1,TOO_FEW_FILTERED_STATIONS,pgd_snr>=5; min_stations>=1
snr_ge_5,Station PGD SNR >= 5,SNR,us7000gavu,2022-01-11T11:35:43.674000Z,United States,US,EarthScope PRIDE PPP-AR kin quality-passing stations,"100 km SE of Nikolski, Alaska",6.800000,1,0,1,TOO_FEW_FILTERED_STATIONS,pgd_snr>=5; min_stations>=1
snr_ge_5,Station PGD SNR >= 5,SNR,us7000gawk,2022-01-11T12:39:32.454000Z,United States,US,EarthScope PRIDE PPP-AR kin quality-passing stations,"53 km SE of Nikolski, Alaska",6.600000,1,0,1,TOO_FEW_FILTERED_STATIONS,pgd_snr>=5; min_stations>=1
snr_ge_5,Station PGD SNR >= 5,SNR,us7000ge5q,2022-01-22T05:17:04.896000Z,United States,US,EarthScope PRIDE PPP-AR kin quality-passing stations,"71 km S of Unalaska, Alaska",6.200000,1,0,1,TOO_FEW_FILTERED_STATIONS,pgd_snr>=5; min_stations>=1
snr_ge_5,Station PGD SNR >= 5,SNR,us7000ia36,2022-09-22T06:16:09.459Z,Mexico,Americas,EarthScope PRIDE PPP-AR kin quality-passing stations,"55 km SSW of Aguililla, Mexico",6.800000,8,0,1,TOO_FEW_FILTERED_STATIONS,pgd_snr>=5; min_stations>=1
snr_ge_5,Station PGD SNR >= 5,SNR,us7000imgl,2022-11-04T10:02:46.346Z,Mexico,Americas,EarthScope PRIDE PPP-AR kin quality-passing stations,"82 km SSW of Bahía de Kino, Mexico",6.100000,1,0,1,TOO_FEW_FILTERED_STATIONS,pgd_snr>=5; min_stations>=1
snr_ge_5,Station PGD SNR >= 5,SNR,us7000j5sc,2023-01-20T11:23:40.603Z,Guadeloupe,Americas,EarthScope PRIDE PPP-AR kin quality-passing stations,"40 km WSW of Pointe-Noire, Guadeloupe",6.100000,9,0,1,TOO_FEW_FILTERED_STATIONS,pgd_snr>=5; min_stations>=1
snr_ge_5,Station PGD SNR >= 5,SNR,us7000k3n3,2023-05-25T03:05:32.956Z,Panama,Americas,EarthScope PRIDE PPP-AR kin quality-passing stations,"45 km NE of Puerto Obaldía, Panama",6.500000,2,0,1,TOO_FEW_FILTERED_STATIONS,pgd_snr>=5; min_stations>=1
snr_ge_5,Station PGD SNR >= 5,SNR,us7000keq3,2023-07-10T20:28:26.195Z,Antigua and Barbuda,Americas,EarthScope PRIDE PPP-AR kin quality-passing stations,"278 km NNE of Codrington, Antigua and Barbuda",6.600000,2,0,1,TOO_FEW_FILTERED_STATIONS,pgd_snr>=5; min_stations>=1
snr_ge_5,Station PGD SNR >= 5,SNR,us7000kfnc,2023-07-14T09:29:00.404Z,Mexico,Americas,EarthScope PRIDE PPP-AR kin quality-passing stations,"Offshore Chiapas, Mexico",6.300000,1,0,1,TOO_FEW_FILTERED_STATIONS,pgd_snr>=5; min_stations>=1
snr_ge_5,Station PGD SNR >= 5,SNR,us7000kgpb,2023-07-19T00:22:07.656Z,El Salvador,Americas,EarthScope PRIDE PPP-AR kin quality-passing stations,"43 km S of Intipucá, El Salvador",6.500000,2,0,1,TOO_FEW_FILTERED_STATIONS,pgd_snr>=5; min_stations>=1
snr_ge_5,Station PGD SNR >= 5,SNR,us7000luai,2024-01-27T05:52:48.419Z,Guatemala,Americas,EarthScope PRIDE PPP-AR kin quality-passing stations,"15 km W of Taxisco, Guatemala",6.100000,1,0,1,TOO_FEW_FILTERED_STATIONS,pgd_snr>=5; min_stations>=1
snr_ge_5,Station PGD SNR >= 5,SNR,us7000mu1p,2024-06-23T03:57:58.918Z,Venezuela,Americas,EarthScope PRIDE PPP-AR kin quality-passing stations,"20 km NE of Yaguaraparo, Venezuela",6.000000,1,0,1,TOO_FEW_FILTERED_STATIONS,pgd_snr>=5; min_stations>=1
snr_ge_5,Station PGD SNR >= 5,SNR,us7000n068,2024-07-19T03:13:47.417000Z,United States,US,EarthScope PRIDE PPP-AR kin quality-passing stations,"168 km SW of Nikolski, Alaska",6.000000,1,0,1,TOO_FEW_FILTERED_STATIONS,pgd_snr>=5; min_stations>=1
snr_ge_5,Station PGD SNR >= 5,SNR,us7000n0ka,2024-07-21T02:53:48.910Z,Guatemala,Americas,EarthScope PRIDE PPP-AR kin quality-passing stations,"6 km E of Jalapa, Guatemala",6.200000,1,0,1,TOO_FEW_FILTERED_STATIONS,pgd_snr>=5; min_stations>=1
snr_ge_5,Station PGD SNR >= 5,SNR,us7000np33,2024-10-30T20:15:20.095000Z,United States,US,EarthScope PRIDE PPP-AR kin quality-passing stations,"267 km W of Bandon, Oregon",6.000000,6,0,1,TOO_FEW_FILTERED_STATIONS,pgd_snr>=5; min_stations>=1
snr_ge_5,Station PGD SNR >= 5,SNR,us7000nr0v,2024-11-10T16:49:50.426Z,Cuba,Americas,EarthScope PRIDE PPP-AR kin quality-passing stations,"42 km SSW of Bartolomé Masó, Cuba",6.800000,1,0,1,TOO_FEW_FILTERED_STATIONS,pgd_snr>=5; min_stations>=1
snr_ge_5,Station PGD SNR >= 5,SNR,us7000nx3z,2024-12-08T19:57:08.602000Z,United States,US,EarthScope PRIDE PPP-AR kin quality-passing stations,"108 km SSW of Adak, Alaska",6.300000,2,0,1,TOO_FEW_FILTERED_STATIONS,pgd_snr>=5; min_stations>=1
snr_ge_5,Station PGD SNR >= 5,SNR,us7000pllu,2025-03-21T14:53:41.774000Z,United States,US,EarthScope PRIDE PPP-AR kin quality-passing stations,"88 km SSE of Adak, Alaska",6.200000,1,0,1,TOO_FEW_FILTERED_STATIONS,pgd_snr>=5; min_stations>=1
snr_ge_5,Station PGD SNR >= 5,SNR,us7000pvtr,2025-04-29T14:53:37.897Z,Americas,Americas,EarthScope PRIDE PPP-AR kin quality-passing stations,Macquarie Island region,6.800000,1,0,1,TOO_FEW_FILTERED_STATIONS,pgd_snr>=5; min_stations>=1
snr_ge_5,Station PGD SNR >= 5,SNR,us7000qclp,2025-07-14T17:16:49.051Z,Panama,Americas,EarthScope PRIDE PPP-AR kin quality-passing stations,"206 km S of Burica, Panama",6.200000,1,0,1,TOO_FEW_FILTERED_STATIONS,pgd_snr>=5; min_stations>=1
snr_ge_5,Station PGD SNR >= 5,SNR,us7000qe51,2025-07-20T22:28:00.041000Z,United States,US,EarthScope PRIDE PPP-AR kin quality-passing stations,"91 km SSE of Sand Point, Alaska",6.200000,6,0,1,TOO_FEW_FILTERED_STATIONS,pgd_snr>=5; min_stations>=1
snr_ge_5,Station PGD SNR >= 5,SNR,us7000rm3k,2026-01-02T13:58:15.741Z,Mexico,Americas,EarthScope PRIDE PPP-AR kin quality-passing stations,"0 km W of San Marcos, Mexico",6.500000,1,0,1,TOO_FEW_FILTERED_STATIONS,pgd_snr>=5; min_stations>=1
snr_ge_5,Station PGD SNR >= 5,SNR,us7000rq0d,2026-01-16T03:25:53.034000Z,United States,US,EarthScope PRIDE PPP-AR kin quality-passing stations,off the coast of Oregon,6.000000,1,0,1,TOO_FEW_FILTERED_STATIONS,pgd_snr>=5; min_stations>=1
snr_ge_5,Station PGD SNR >= 5,SNR,us7000s8q0,2026-03-30T08:44:13.780Z,Americas,Americas,EarthScope PRIDE PPP-AR kin quality-passing stations,"51 km ENE of Luganville, Vanuatu",7.300000,1,0,1,TOO_FEW_FILTERED_STATIONS,pgd_snr>=5; min_stations>=1
snr_ge_5,Station PGD SNR >= 5,SNR,usb000jdt7,2013-08-30T16:25:02.300000Z,United States,US,EarthScope PRIDE PPP-AR kin quality-passing stations,"101 km SW of Atka, Alaska",7.000000,1,0,1,TOO_FEW_FILTERED_STATIONS,pgd_snr>=5; min_stations>=1
snr_ge_5,Station PGD SNR >= 5,SNR,usb000je9f,2013-08-31T06:38:36.350000Z,United States,US,EarthScope PRIDE PPP-AR kin quality-passing stations,"118 km SSW of Atka, Alaska",6.000000,1,0,1,TOO_FEW_FILTERED_STATIONS,pgd_snr>=5; min_stations>=1
snr_ge_5,Station PGD SNR >= 5,SNR,usb000jgju,2013-09-04T02:32:30.600000Z,United States,US,EarthScope PRIDE PPP-AR kin quality-passing stations,"81 km SSW of Atka, Alaska",6.500000,1,0,1,TOO_FEW_FILTERED_STATIONS,pgd_snr>=5; min_stations>=1
snr_ge_5,Station PGD SNR >= 5,SNR,usb000jguz,2013-09-04T06:27:03.560000Z,United States,US,EarthScope PRIDE PPP-AR kin quality-passing stations,"82 km SSW of Atka, Alaska",6.000000,1,0,1,TOO_FEW_FILTERED_STATIONS,pgd_snr>=5; min_stations>=1
snr_ge_5,Station PGD SNR >= 5,SNR,usb000rtp6,2014-07-17T11:49:33.930000Z,United States,US,EarthScope PRIDE PPP-AR kin quality-passing stations,"90 km NNW of Yakutat, Alaska",6.000000,2,0,1,TOO_FEW_FILTERED_STATIONS,pgd_snr>=5; min_stations>=1
snr_ge_5,Station PGD SNR >= 5,SNR,usb000slwn,2014-10-14T03:51:34.460Z,El Salvador,Americas,EarthScope PRIDE PPP-AR kin quality-passing stations,"74 km S of Intipucá, El Salvador",7.300000,3,0,1,TOO_FEW_FILTERED_STATIONS,pgd_snr>=5; min_stations>=1
snr_ge_5,Station PGD SNR >= 5,SNR,usc000juwv,2013-09-15T16:21:37.150000Z,United States,US,EarthScope PRIDE PPP-AR kin quality-passing stations,"77 km SSW of Atka, Alaska",6.100000,1,0,1,TOO_FEW_FILTERED_STATIONS,pgd_snr>=5; min_stations>=1
snr_ge_5,Station PGD SNR >= 5,SNR,usc000m1w9,2014-01-13T04:01:03.240000Z,United States,US,EarthScope PRIDE PPP-AR kin quality-passing stations,"61 km N of Hatillo, Puerto Rico",6.400000,2,0,1,TOO_FEW_FILTERED_STATIONS,pgd_snr>=5; min_stations>=1
snr_ge_5,Station PGD SNR >= 5,SNR,usc000myqq,2014-02-26T21:13:40.110000Z,United States,US,EarthScope PRIDE PPP-AR kin quality-passing stations,"210 km WNW of Nikolski, Alaska",6.100000,2,0,1,TOO_FEW_FILTERED_STATIONS,pgd_snr>=5; min_stations>=1
snr_ge_5,Station PGD SNR >= 5,SNR,usc000p11f,2014-04-02T16:13:26.720Z,Panama,Americas,EarthScope PRIDE PPP-AR kin quality-passing stations,"33 km SSW of Boca Chica, Panama",6.000000,1,0,1,TOO_FEW_FILTERED_STATIONS,pgd_snr>=5; min_stations>=1
snr_ge_5,Station PGD SNR >= 5,SNR,usc000t4gc,2014-12-07T21:16:35.740Z,Guatemala,Americas,EarthScope PRIDE PPP-AR kin quality-passing stations,"61 km SSW of Nueva Concepción, Guatemala",6.100000,1,0,1,TOO_FEW_FILTERED_STATIONS,pgd_snr>=5; min_stations>=1
snr_ge_5,Station PGD SNR >= 5,SNR,usp000jhpg,2012-04-11T22:41:46.040000Z,United States,US,EarthScope PRIDE PPP-AR kin quality-passing stations,"266 km W of Bandon, Oregon",6.000000,5,0,1,TOO_FEW_FILTERED_STATIONS,pgd_snr>=5; min_stations>=1
snr_ge_5,Station PGD SNR >= 5,SNR,usp000jqvm,2012-08-27T04:37:19.430Z,El Salvador,Americas,EarthScope PRIDE PPP-AR kin quality-passing stations,"126 km S of Puerto El Triunfo, El Salvador",7.300000,1,0,1,TOO_FEW_FILTERED_STATIONS,pgd_snr>=5; min_stations>=1
snr_ge_5,Station PGD SNR >= 5,SNR,usp000jt0h,2012-09-26T23:39:55.110000Z,United States,US,EarthScope PRIDE PPP-AR kin quality-passing stations,"118 km WSW of Adak, Alaska",6.400000,2,0,1,TOO_FEW_FILTERED_STATIONS,pgd_snr>=5; min_stations>=1
snr_ge_5,Station PGD SNR >= 5,SNR,usp000jwyb,2012-12-14T10:36:01.590000Z,United States,US,EarthScope PRIDE PPP-AR kin quality-passing stations,"279 km SSW of Avalon, California",6.300000,2,0,1,TOO_FEW_FILTERED_STATIONS,pgd_snr>=5; min_stations>=1
dist_le_300km,Station distance <= 300 km,DISTANCE,us6000kcnb,2023-05-17T23:01:59.919Z,Guatemala,Americas,EarthScope PRIDE PPP-AR kin quality-passing stations,"8 km SE of Canillá, Guatemala",6.400000,2,0,1,TOO_FEW_FILTERED_STATIONS,distance_km<=300; min_stations>=1
dist_le_300km,Station distance <= 300 km,DISTANCE,us7000n0ka,2024-07-21T02:53:48.910Z,Guatemala,Americas,EarthScope PRIDE PPP-AR kin quality-passing stations,"6 km E of Jalapa, Guatemala",6.200000,1,0,1,TOO_FEW_FILTERED_STATIONS,distance_km<=300; min_stations>=1
dist_le_300km,Station distance <= 300 km,DISTANCE,us7000s8q0,2026-03-30T08:44:13.780Z,Americas,Americas,EarthScope PRIDE PPP-AR kin quality-passing stations,"51 km ENE of Luganville, Vanuatu",7.300000,1,0,1,TOO_FEW_FILTERED_STATIONS,distance_km<=300; min_stations>=1
dist_le_300km,Station distance <= 300 km,DISTANCE,usc000myqq,2014-02-26T21:13:40.110000Z,United States,US,EarthScope PRIDE PPP-AR kin quality-passing stations,"210 km WNW of Nikolski, Alaska",6.100000,2,0,1,TOO_FEW_FILTERED_STATIONS,distance_km<=300; min_stations>=1
dist_le_200km,Station distance <= 200 km,DISTANCE,us10007c4w,2016-11-24T18:43:47.710Z,El Salvador,Americas,EarthScope PRIDE PPP-AR kin quality-passing stations,"156 km SSW of Puerto El Triunfo, El Salvador",6.900000,2,0,1,TOO_FEW_FILTERED_STATIONS,distance_km<=200; min_stations>=1
dist_le_200km,Station distance <= 200 km,DISTANCE,us1000gez7,2018-08-21T21:31:47.600Z,Venezuela,Americas,EarthScope PRIDE PPP-AR kin quality-passing stations,"40 km ENE of Carúpano, Venezuela",7.300000,3,0,1,TOO_FEW_FILTERED_STATIONS,distance_km<=200; min_stations>=1
dist_le_200km,Station distance <= 200 km,DISTANCE,us1000gf8u,2018-08-22T09:31:45.530000Z,United States,US,EarthScope PRIDE PPP-AR kin quality-passing stations,"272 km W of Bandon, Oregon",6.200000,4,0,1,TOO_FEW_FILTERED_STATIONS,distance_km<=200; min_stations>=1
dist_le_200km,Station distance <= 200 km,DISTANCE,us1000gfvg,2018-08-23T03:35:12.270000Z,United States,US,EarthScope PRIDE PPP-AR kin quality-passing stations,"97 km SW of Adak, Alaska",6.300000,1,0,1,TOO_FEW_FILTERED_STATIONS,distance_km<=200; min_stations>=1
dist_le_200km,Station distance <= 200 km,DISTANCE,us20009p1a,2017-06-22T12:31:03.490Z,Guatemala,Americas,EarthScope PRIDE PPP-AR kin quality-passing stations,"28 km SW of Puerto San José, Guatemala",6.800000,1,0,1,TOO_FEW_FILTERED_STATIONS,distance_km<=200; min_stations>=1
dist_le_200km,Station distance <= 200 km,DISTANCE,us2000ahv0,2017-09-08T04:49:19.180Z,Mexico,Americas,EarthScope PRIDE PPP-AR kin quality-passing stations,"2017 Tehuantepec, Mexico Earthquake",8.200000,2,0,1,TOO_FEW_FILTERED_STATIONS,distance_km<=200; min_stations>=1
dist_le_200km,Station distance <= 200 km,DISTANCE,us2000cl83,2018-01-19T16:17:44.720Z,Mexico,Americas,EarthScope PRIDE PPP-AR kin quality-passing stations,"79 km NNE of Loreto, Mexico",6.300000,2,0,1,TOO_FEW_FILTERED_STATIONS,distance_km<=200; min_stations>=1
dist_le_200km,Station distance <= 200 km,DISTANCE,us60003r2r,2019-05-23T08:45:17.746000Z,United States,US,EarthScope PRIDE PPP-AR kin quality-passing stations,"127 km WSW of Adak, Alaska",6.000000,1,0,1,TOO_FEW_FILTERED_STATIONS,distance_km<=200; min_stations>=1
dist_le_200km,Station distance <= 200 km,DISTANCE,us60007idc,2020-01-28T19:10:24.918Z,Jamaica,Americas,EarthScope PRIDE PPP-AR kin quality-passing stations,"123 km NNW of Lucea, Jamaica",7.700000,1,0,1,TOO_FEW_FILTERED_STATIONS,distance_km<=200; min_stations>=1
dist_le_200km,Station distance <= 200 km,DISTANCE,us6000exs5,2021-07-21T21:15:12.269Z,Panama,Americas,EarthScope PRIDE PPP-AR kin quality-passing stations,"71 km S of Burica, Panama",6.700000,1,0,1,TOO_FEW_FILTERED_STATIONS,distance_km<=200; min_stations>=1
dist_le_200km,Station distance <= 200 km,DISTANCE,us6000f65h,2021-08-14T12:29:08.454Z,Haiti,Americas,EarthScope PRIDE PPP-AR kin quality-passing stations,"Nippes, Haiti",7.200000,5,0,1,TOO_FEW_FILTERED_STATIONS,distance_km<=200; min_stations>=1
dist_le_200km,Station distance <= 200 km,DISTANCE,us6000kcnb,2023-05-17T23:01:59.919Z,Guatemala,Americas,EarthScope PRIDE PPP-AR kin quality-passing stations,"8 km SE of Canillá, Guatemala",6.400000,2,0,1,TOO_FEW_FILTERED_STATIONS,distance_km<=200; min_stations>=1
dist_le_200km,Station distance <= 200 km,DISTANCE,us6000pi09,2025-01-05T17:18:45.784Z,El Salvador,Americas,EarthScope PRIDE PPP-AR kin quality-passing stations,"56 km SSE of La Libertad, El Salvador",6.200000,1,0,1,TOO_FEW_FILTERED_STATIONS,distance_km<=200; min_stations>=1
dist_le_200km,Station distance <= 200 km,DISTANCE,us6000rjq8,2025-10-27T12:38:40.364Z,Guadeloupe,Americas,EarthScope PRIDE PPP-AR kin quality-passing stations,"164 km E of Beauséjour, Guadeloupe",6.500000,7,0,1,TOO_FEW_FILTERED_STATIONS,distance_km<=200; min_stations>=1
dist_le_200km,Station distance <= 200 km,DISTANCE,us6000rsy1,2025-12-06T20:41:49.288000Z,United States,US,EarthScope PRIDE PPP-AR kin quality-passing stations,2025 Hubbard Glacier Earthquake,7.000000,1,0,1,TOO_FEW_FILTERED_STATIONS,distance_km<=200; min_stations>=1
dist_le_200km,Station distance <= 200 km,DISTANCE,us6000t7zc,2026-06-24T22:04:33.389000Z,Venezuela,Americas,EarthScope PRIDE PPP-AR kin quality-passing stations,"23 km SE of Yumare, Venezuela",7.200000,29,0,1,TOO_FEW_FILTERED_STATIONS,distance_km<=200; min_stations>=1
dist_le_200km,Station distance <= 200 km,DISTANCE,us6000t7zp,2026-06-24T22:05:11.566000Z,Venezuela,Americas,EarthScope PRIDE PPP-AR kin quality-passing stations,"28 km SE of Yumare, Venezuela",7.500000,29,0,1,TOO_FEW_FILTERED_STATIONS,distance_km<=200; min_stations>=1
dist_le_200km,Station distance <= 200 km,DISTANCE,us700059qh,2019-08-29T15:07:58.646000Z,United States,US,EarthScope PRIDE PPP-AR kin quality-passing stations,"285 km W of Bandon, Oregon",6.300000,2,0,1,TOO_FEW_FILTERED_STATIONS,distance_km<=200; min_stations>=1
dist_le_200km,Station distance <= 200 km,DISTANCE,us7000e2rq,2021-05-13T09:42:12.044Z,Panama,Americas,EarthScope PRIDE PPP-AR kin quality-passing stations,"154 km SSE of Punta de Burica, Panama",6.100000,1,0,1,TOO_FEW_FILTERED_STATIONS,distance_km<=200; min_stations>=1
dist_le_200km,Station distance <= 200 km,DISTANCE,us7000emzy,2021-07-17T20:56:10.107Z,Panama,Americas,EarthScope PRIDE PPP-AR kin quality-passing stations,"135 km S of Burica, Panama",6.100000,1,0,1,TOO_FEW_FILTERED_STATIONS,distance_km<=200; min_stations>=1
dist_le_200km,Station distance <= 200 km,DISTANCE,us7000fdds,2021-09-22T09:57:07.023Z,Nicaragua,Americas,EarthScope PRIDE PPP-AR kin quality-passing stations,"80 km SW of Jiquilillo, Nicaragua",6.500000,1,0,1,TOO_FEW_FILTERED_STATIONS,distance_km<=200; min_stations>=1
dist_le_200km,Station distance <= 200 km,DISTANCE,us7000k3n3,2023-05-25T03:05:32.956Z,Panama,Americas,EarthScope PRIDE PPP-AR kin quality-passing stations,"45 km NE of Puerto Obaldía, Panama",6.500000,2,0,1,TOO_FEW_FILTERED_STATIONS,distance_km<=200; min_stations>=1
dist_le_200km,Station distance <= 200 km,DISTANCE,us7000keq3,2023-07-10T20:28:26.195Z,Antigua and Barbuda,Americas,EarthScope PRIDE PPP-AR kin quality-passing stations,"278 km NNE of Codrington, Antigua and Barbuda",6.600000,2,0,1,TOO_FEW_FILTERED_STATIONS,distance_km<=200; min_stations>=1
dist_le_200km,Station distance <= 200 km,DISTANCE,us7000kfnc,2023-07-14T09:29:00.404Z,Mexico,Americas,EarthScope PRIDE PPP-AR kin quality-passing stations,"Offshore Chiapas, Mexico",6.300000,1,0,1,TOO_FEW_FILTERED_STATIONS,distance_km<=200; min_stations>=1
dist_le_200km,Station distance <= 200 km,DISTANCE,us7000mu1p,2024-06-23T03:57:58.918Z,Venezuela,Americas,EarthScope PRIDE PPP-AR kin quality-passing stations,"20 km NE of Yaguaraparo, Venezuela",6.000000,1,0,1,TOO_FEW_FILTERED_STATIONS,distance_km<=200; min_stations>=1
dist_le_200km,Station distance <= 200 km,DISTANCE,us7000n0ka,2024-07-21T02:53:48.910Z,Guatemala,Americas,EarthScope PRIDE PPP-AR kin quality-passing stations,"6 km E of Jalapa, Guatemala",6.200000,1,0,1,TOO_FEW_FILTERED_STATIONS,distance_km<=200; min_stations>=1
dist_le_200km,Station distance <= 200 km,DISTANCE,us7000np33,2024-10-30T20:15:20.095000Z,United States,US,EarthScope PRIDE PPP-AR kin quality-passing stations,"267 km W of Bandon, Oregon",6.000000,6,0,1,TOO_FEW_FILTERED_STATIONS,distance_km<=200; min_stations>=1
dist_le_200km,Station distance <= 200 km,DISTANCE,us7000nr0v,2024-11-10T16:49:50.426Z,Cuba,Americas,EarthScope PRIDE PPP-AR kin quality-passing stations,"42 km SSW of Bartolomé Masó, Cuba",6.800000,1,0,1,TOO_FEW_FILTERED_STATIONS,distance_km<=200; min_stations>=1
dist_le_200km,Station distance <= 200 km,DISTANCE,us7000pvtr,2025-04-29T14:53:37.897Z,Americas,Americas,EarthScope PRIDE PPP-AR kin quality-passing stations,Macquarie Island region,6.800000,1,0,1,TOO_FEW_FILTERED_STATIONS,distance_km<=200; min_stations>=1
dist_le_200km,Station distance <= 200 km,DISTANCE,us7000qclp,2025-07-14T17:16:49.051Z,Panama,Americas,EarthScope PRIDE PPP-AR kin quality-passing stations,"206 km S of Burica, Panama",6.200000,1,0,1,TOO_FEW_FILTERED_STATIONS,distance_km<=200; min_stations>=1
dist_le_200km,Station distance <= 200 km,DISTANCE,us7000rm3k,2026-01-02T13:58:15.741Z,Mexico,Americas,EarthScope PRIDE PPP-AR kin quality-passing stations,"0 km W of San Marcos, Mexico",6.500000,1,0,1,TOO_FEW_FILTERED_STATIONS,distance_km<=200; min_stations>=1
dist_le_200km,Station distance <= 200 km,DISTANCE,us7000rq0d,2026-01-16T03:25:53.034000Z,United States,US,EarthScope PRIDE PPP-AR kin quality-passing stations,off the coast of Oregon,6.000000,1,0,1,TOO_FEW_FILTERED_STATIONS,distance_km<=200; min_stations>=1
dist_le_200km,Station distance <= 200 km,DISTANCE,us7000s8q0,2026-03-30T08:44:13.780Z,Americas,Americas,EarthScope PRIDE PPP-AR kin quality-passing stations,"51 km ENE of Luganville, Vanuatu",7.300000,1,0,1,TOO_FEW_FILTERED_STATIONS,distance_km<=200; min_stations>=1
dist_le_200km,Station distance <= 200 km,DISTANCE,usc000myqq,2014-02-26T21:13:40.110000Z,United States,US,EarthScope PRIDE PPP-AR kin quality-passing stations,"210 km WNW of Nikolski, Alaska",6.100000,2,0,1,TOO_FEW_FILTERED_STATIONS,distance_km<=200; min_stations>=1
dist_le_200km,Station distance <= 200 km,DISTANCE,usc000p11f,2014-04-02T16:13:26.720Z,Panama,Americas,EarthScope PRIDE PPP-AR kin quality-passing stations,"33 km SSW of Boca Chica, Panama",6.000000,1,0,1,TOO_FEW_FILTERED_STATIONS,distance_km<=200; min_stations>=1
dist_le_200km,Station distance <= 200 km,DISTANCE,usc000t4gc,2014-12-07T21:16:35.740Z,Guatemala,Americas,EarthScope PRIDE PPP-AR kin quality-passing stations,"61 km SSW of Nueva Concepción, Guatemala",6.100000,1,0,1,TOO_FEW_FILTERED_STATIONS,distance_km<=200; min_stations>=1
dist_le_200km,Station distance <= 200 km,DISTANCE,usp000jhpg,2012-04-11T22:41:46.040000Z,United States,US,EarthScope PRIDE PPP-AR kin quality-passing stations,"266 km W of Bandon, Oregon",6.000000,5,0,1,TOO_FEW_FILTERED_STATIONS,distance_km<=200; min_stations>=1
dist_le_200km,Station distance <= 200 km,DISTANCE,usp000jwyb,2012-12-14T10:36:01.590000Z,United States,US,EarthScope PRIDE PPP-AR kin quality-passing stations,"279 km SSW of Avalon, California",6.300000,2,0,1,TOO_FEW_FILTERED_STATIONS,distance_km<=200; min_stations>=1
quality_snr3_time300_dist300_min3sta,"Quality set: SNR >= 3, time <= 300 s, distance <= 300 km, min 3 stations",QUALITY,2013p944608,2013-12-16T12:07:24Z,New Zealand,New Zealand,EarthScope PRIDE PPP-AR kin quality-passing stations,120 km west of Tuatapere,6.100000,4,1,3,TOO_FEW_FILTERED_STATIONS,pgd_snr>=3; pgd_time_offset_s<=300; distance_km<=300; min_stations>=3
quality_snr3_time300_dist300_min3sta,"Quality set: SNR >= 3, time <= 300 s, distance <= 300 km, min 3 stations",QUALITY,2014p051675,2014-01-20T02:52:45Z,New Zealand,New Zealand,EarthScope PRIDE PPP-AR kin quality-passing stations,10 km east of Eketahuna,6.200000,12,1,3,TOO_FEW_FILTERED_STATIONS,pgd_snr>=3; pgd_time_offset_s<=300; distance_km<=300; min_stations>=3
quality_snr3_time300_dist300_min3sta,"Quality set: SNR >= 3, time <= 300 s, distance <= 300 km, min 3 stations",QUALITY,2014p770859,2014-10-13T05:13:41Z,New Zealand,New Zealand,EarthScope PRIDE PPP-AR kin quality-passing stations,140 km west of Tuatapere,6.200000,1,0,3,TOO_FEW_FILTERED_STATIONS,pgd_snr>=3; pgd_time_offset_s<=300; distance_km<=300; min_stations>=3
quality_snr3_time300_dist300_min3sta,"Quality set: SNR >= 3, time <= 300 s, distance <= 300 km, min 3 stations",QUALITY,2014p864702,2014-11-16T22:33:17Z,New Zealand,New Zealand,EarthScope PRIDE PPP-AR kin quality-passing stations,150 km east of Te Araroa,6.500000,6,1,3,TOO_FEW_FILTERED_STATIONS,pgd_snr>=3; pgd_time_offset_s<=300; distance_km<=300; min_stations>=3
quality_snr3_time300_dist300_min3sta,"Quality set: SNR >= 3, time <= 300 s, distance <= 300 km, min 3 stations",QUALITY,2015p305812,2015-04-24T03:36:42Z,New Zealand,New Zealand,EarthScope PRIDE PPP-AR kin quality-passing stations,35 km south-east of St Arnaud,6.200000,3,0,3,TOO_FEW_FILTERED_STATIONS,pgd_snr>=3; pgd_time_offset_s<=300; distance_km<=300; min_stations>=3
quality_snr3_time300_dist300_min3sta,"Quality set: SNR >= 3, time <= 300 s, distance <= 300 km, min 3 stations",QUALITY,2016p661400,2016-09-01T17:14:05Z,New Zealand,New Zealand,EarthScope PRIDE PPP-AR kin quality-passing stations,105 km north-east of Te Araroa,6.200000,8,2,3,TOO_FEW_FILTERED_STATIONS,pgd_snr>=3; pgd_time_offset_s<=300; distance_km<=300; min_stations>=3
quality_snr3_time300_dist300_min3sta,"Quality set: SNR >= 3, time <= 300 s, distance <= 300 km, min 3 stations",QUALITY,2016p858007,2016-11-13T11:05:14Z,New Zealand,New Zealand,EarthScope PRIDE PPP-AR kin quality-passing stations,45 km south-west of Seddon,6.000000,22,2,3,TOO_FEW_FILTERED_STATIONS,pgd_snr>=3; pgd_time_offset_s<=300; distance_km<=300; min_stations>=3
quality_snr3_time300_dist300_min3sta,"Quality set: SNR >= 3, time <= 300 s, distance <= 300 km, min 3 stations",QUALITY,2016p858021,2016-11-13T11:12:35Z,New Zealand,New Zealand,EarthScope PRIDE PPP-AR kin quality-passing stations,5 km east of Kaikoura,6.000000,20,0,3,TOO_FEW_FILTERED_STATIONS,pgd_snr>=3; pgd_time_offset_s<=300; distance_km<=300; min_stations>=3
quality_snr3_time300_dist300_min3sta,"Quality set: SNR >= 3, time <= 300 s, distance <= 300 km, min 3 stations",QUALITY,2025p224518,2025-03-25T01:43:09Z,New Zealand,New Zealand,EarthScope PRIDE PPP-AR kin quality-passing stations,155 km north-west of Snares Islands,6.800000,3,1,3,TOO_FEW_FILTERED_STATIONS,pgd_snr>=3; pgd_time_offset_s<=300; distance_km<=300; min_stations>=3
quality_snr3_time300_dist300_min3sta,"Quality set: SNR >= 3, time <= 300 s, distance <= 300 km, min 3 stations",QUALITY,2025p506857,2025-07-07T12:53:41Z,New Zealand,New Zealand,EarthScope PRIDE PPP-AR kin quality-passing stations,120 km north-west of Snares Islands,6.100000,5,1,3,TOO_FEW_FILTERED_STATIONS,pgd_snr>=3; pgd_time_offset_s<=300; distance_km<=300; min_stations>=3
quality_snr3_time300_dist300_min3sta,"Quality set: SNR >= 3, time <= 300 s, distance <= 300 km, min 3 stations",QUALITY,ak0138esnzr,2013-01-05T08:58:14.957000Z,United States,US,EarthScope PRIDE PPP-AR kin quality-passing stations,"110 km SW of Edna Bay, Alaska",7.500000,2,2,3,TOO_FEW_FILTERED_STATIONS,pgd_snr>=3; pgd_time_offset_s<=300; distance_km<=300; min_stations>=3
quality_snr3_time300_dist300_min3sta,"Quality set: SNR >= 3, time <= 300 s, distance <= 300 km, min 3 stations",QUALITY,ak0149guzic1,2014-07-25T10:54:50.417000Z,United States,US,EarthScope PRIDE PPP-AR kin quality-passing stations,"40 km WNW of Elfin Cove, Alaska",6.000000,3,2,3,TOO_FEW_FILTERED_STATIONS,pgd_snr>=3; pgd_time_offset_s<=300; distance_km<=300; min_stations>=3
quality_snr3_time300_dist300_min3sta,"Quality set: SNR >= 3, time <= 300 s, distance <= 300 km, min 3 stations",QUALITY,ak0156uj8rk3,2015-05-29T07:00:09.634000Z,United States,US,EarthScope PRIDE PPP-AR kin quality-passing stations,"117 km SSE of Ugashik, Alaska",6.800000,5,2,3,TOO_FEW_FILTERED_STATIONS,pgd_snr>=3; pgd_time_offset_s<=300; distance_km<=300; min_stations>=3
quality_snr3_time300_dist300_min3sta,"Quality set: SNR >= 3, time <= 300 s, distance <= 300 km, min 3 stations",QUALITY,ak0159nc9dk8,2015-07-29T02:35:59.449000Z,United States,US,EarthScope PRIDE PPP-AR kin quality-passing stations,"52 km ENE of Pedro Bay, Alaska",6.400000,24,0,3,TOO_FEW_FILTERED_STATIONS,pgd_snr>=3; pgd_time_offset_s<=300; distance_km<=300; min_stations>=3
quality_snr3_time300_dist300_min3sta,"Quality set: SNR >= 3, time <= 300 s, distance <= 300 km, min 3 stations",QUALITY,ak01613v15nv,2016-01-24T10:30:29.557000Z,United States,US,EarthScope PRIDE PPP-AR kin quality-passing stations,"47 km ESE of Pedro Bay, Alaska",7.100000,17,2,3,TOO_FEW_FILTERED_STATIONS,pgd_snr>=3; pgd_time_offset_s<=300; distance_km<=300; min_stations>=3
quality_snr3_time300_dist300_min3sta,"Quality set: SNR >= 3, time <= 300 s, distance <= 300 km, min 3 stations",QUALITY,ak01649w95tp,2016-04-02T05:50:00.932000Z,United States,US,EarthScope PRIDE PPP-AR kin quality-passing stations,"42 km E of Port Heiden, Alaska",6.200000,3,0,3,TOO_FEW_FILTERED_STATIONS,pgd_snr>=3; pgd_time_offset_s<=300; distance_km<=300; min_stations>=3
quality_snr3_time300_dist300_min3sta,"Quality set: SNR >= 3, time <= 300 s, distance <= 300 km, min 3 stations",QUALITY,ak018aap2cqu,2018-08-12T14:58:53.503000Z,United States,US,EarthScope PRIDE PPP-AR kin quality-passing stations,"89 km SW of Kaktovik, Alaska",6.400000,2,0,3,TOO_FEW_FILTERED_STATIONS,pgd_snr>=3; pgd_time_offset_s<=300; distance_km<=300; min_stations>=3
quality_snr3_time300_dist300_min3sta,"Quality set: SNR >= 3, time <= 300 s, distance <= 300 km, min 3 stations",QUALITY,ak018aasz24z,2018-08-12T21:15:00.999000Z,United States,US,EarthScope PRIDE PPP-AR kin quality-passing stations,"73 km SSW of Kaktovik, Alaska",6.000000,2,0,3,TOO_FEW_FILTERED_STATIONS,pgd_snr>=3; pgd_time_offset_s<=300; distance_km<=300; min_stations>=3
quality_snr3_time300_dist300_min3sta,"Quality set: SNR >= 3, time <= 300 s, distance <= 300 km, min 3 stations",QUALITY,ak0216xu2rod,2021-05-31T06:59:55.581000Z,United States,US,EarthScope PRIDE PPP-AR kin quality-passing stations,"73 km N of Chickaloon, Alaska",6.100000,13,2,3,TOO_FEW_FILTERED_STATIONS,pgd_snr>=3; pgd_time_offset_s<=300; distance_km<=300; min_stations>=3
quality_snr3_time300_dist300_min3sta,"Quality set: SNR >= 3, time <= 300 s, distance <= 300 km, min 3 stations",QUALITY,ak021d1u1nos,2021-10-11T09:10:25.147000Z,United States,US,EarthScope PRIDE PPP-AR kin quality-passing stations,"112 km E of Chignik, Alaska",6.900000,1,0,3,TOO_FEW_FILTERED_STATIONS,pgd_snr>=3; pgd_time_offset_s<=300; distance_km<=300; min_stations>=3
quality_snr3_time300_dist300_min3sta,"Quality set: SNR >= 3, time <= 300 s, distance <= 300 km, min 3 stations",QUALITY,ak2025xjbvhj,2025-11-27T17:11:29.059000Z,United States,US,EarthScope PRIDE PPP-AR kin quality-passing stations,"12 km WNW of Susitna, Alaska",6.000000,7,0,3,TOO_FEW_FILTERED_STATIONS,pgd_snr>=3; pgd_time_offset_s<=300; distance_km<=300; min_stations>=3
quality_snr3_time300_dist300_min3sta,"Quality set: SNR >= 3, time <= 300 s, distance <= 300 km, min 3 stations",QUALITY,hv72748782,2021-10-10T21:48:36.560000Z,United States,US,EarthScope PRIDE PPP-AR kin quality-passing stations,"27 km SSE of Naalehu, Hawaii",6.210000,4,0,3,TOO_FEW_FILTERED_STATIONS,pgd_snr>=3; pgd_time_offset_s<=300; distance_km<=300; min_stations>=3
quality_snr3_time300_dist300_min3sta,"Quality set: SNR >= 3, time <= 300 s, distance <= 300 km, min 3 stations",QUALITY,nc71338066,2010-01-10T00:27:39.320000Z,United States,US,EarthScope PRIDE PPP-AR kin quality-passing stations,"The 2010 Eureka, California Earthquake",6.500000,1,0,3,TOO_FEW_FILTERED_STATIONS,pgd_snr>=3; pgd_time_offset_s<=300; distance_km<=300; min_stations>=3
quality_snr3_time300_dist300_min3sta,"Quality set: SNR >= 3, time <= 300 s, distance <= 300 km, min 3 stations",QUALITY,nc73666231,2021-12-20T20:10:31.310000Z,United States,US,EarthScope PRIDE PPP-AR kin quality-passing stations,"7km N of Petrolia, CA",6.200000,4,1,3,TOO_FEW_FILTERED_STATIONS,pgd_snr>=3; pgd_time_offset_s<=300; distance_km<=300; min_stations>=3
quality_snr3_time300_dist300_min3sta,"Quality set: SNR >= 3, time <= 300 s, distance <= 300 km, min 3 stations",QUALITY,pr2019267000,2019-09-24T03:23:40.000000Z,United States,US,EarthScope PRIDE PPP-AR kin quality-passing stations,"67 km NNW of San Antonio, Puerto Rico",6.000000,9,0,3,TOO_FEW_FILTERED_STATIONS,pgd_snr>=3; pgd_time_offset_s<=300; distance_km<=300; min_stations>=3
quality_snr3_time300_dist300_min3sta,"Quality set: SNR >= 3, time <= 300 s, distance <= 300 km, min 3 stations",QUALITY,pr2020007007,2020-01-07T08:24:27.370Z,Puerto Rico,Americas,EarthScope PRIDE PPP-AR kin quality-passing stations,"4 km SSE of Indios, Puerto Rico",6.400000,9,0,3,TOO_FEW_FILTERED_STATIONS,pgd_snr>=3; pgd_time_offset_s<=300; distance_km<=300; min_stations>=3
quality_snr3_time300_dist300_min3sta,"Quality set: SNR >= 3, time <= 300 s, distance <= 300 km, min 3 stations",QUALITY,us10003vyx,2015-11-09T16:03:46.070000Z,United States,US,EarthScope PRIDE PPP-AR kin quality-passing stations,"99 km SE of Atka, Alaska",6.500000,1,0,3,TOO_FEW_FILTERED_STATIONS,pgd_snr>=3; pgd_time_offset_s<=300; distance_km<=300; min_stations>=3
quality_snr3_time300_dist300_min3sta,"Quality set: SNR >= 3, time <= 300 s, distance <= 300 km, min 3 stations",QUALITY,us100047zq,2015-12-17T19:49:53.050Z,Mexico,Americas,EarthScope PRIDE PPP-AR kin quality-passing stations,"4 km W of Manuel Ávila Camacho (Ponte Duro), Mexico",6.600000,1,0,3,TOO_FEW_FILTERED_STATIONS,pgd_snr>=3; pgd_time_offset_s<=300; distance_km<=300; min_stations>=3
quality_snr3_time300_dist300_min3sta,"Quality set: SNR >= 3, time <= 300 s, distance <= 300 km, min 3 stations",QUALITY,us10004x1w,2016-03-12T18:06:44.760000Z,United States,US,EarthScope PRIDE PPP-AR kin quality-passing stations,"72 km SSE of Atka, Alaska",6.300000,1,0,3,TOO_FEW_FILTERED_STATIONS,pgd_snr>=3; pgd_time_offset_s<=300; distance_km<=300; min_stations>=3
quality_snr3_time300_dist300_min3sta,"Quality set: SNR >= 3, time <= 300 s, distance <= 300 km, min 3 stations",QUALITY,us10007c4w,2016-11-24T18:43:47.710Z,El Salvador,Americas,EarthScope PRIDE PPP-AR kin quality-passing stations,"156 km SSW of Puerto El Triunfo, El Salvador",6.900000,2,0,3,TOO_FEW_FILTERED_STATIONS,pgd_snr>=3; pgd_time_offset_s<=300; distance_km<=300; min_stations>=3
quality_snr3_time300_dist300_min3sta,"Quality set: SNR >= 3, time <= 300 s, distance <= 300 km, min 3 stations",QUALITY,us10008mel,2017-05-01T12:31:55.590000Z,United States,US,EarthScope PRIDE PPP-AR kin quality-passing stations,"47 km NW of Mosquito Lake, Alaska",6.200000,4,1,3,TOO_FEW_FILTERED_STATIONS,pgd_snr>=3; pgd_time_offset_s<=300; distance_km<=300; min_stations>=3
quality_snr3_time300_dist300_min3sta,"Quality set: SNR >= 3, time <= 300 s, distance <= 300 km, min 3 stations",QUALITY,us10008mgu,2017-05-01T14:18:15.290000Z,United States,US,EarthScope PRIDE PPP-AR kin quality-passing stations,"48 km NW of Mosquito Lake, Alaska",6.300000,4,0,3,TOO_FEW_FILTERED_STATIONS,pgd_snr>=3; pgd_time_offset_s<=300; distance_km<=300; min_stations>=3
quality_snr3_time300_dist300_min3sta,"Quality set: SNR >= 3, time <= 300 s, distance <= 300 km, min 3 stations",QUALITY,us10008rtu,2017-05-12T10:41:26.710Z,El Salvador,Americas,EarthScope PRIDE PPP-AR kin quality-passing stations,"78 km SSW of Acajutla, El Salvador",6.200000,2,0,3,TOO_FEW_FILTERED_STATIONS,pgd_snr>=3; pgd_time_offset_s<=300; distance_km<=300; min_stations>=3
quality_snr3_time300_dist300_min3sta,"Quality set: SNR >= 3, time <= 300 s, distance <= 300 km, min 3 stations",QUALITY,us1000ga0z,2018-08-15T21:56:56.310000Z,United States,US,EarthScope PRIDE PPP-AR kin quality-passing stations,"108 km WSW of Adak, Alaska",6.500000,1,0,3,TOO_FEW_FILTERED_STATIONS,pgd_snr>=3; pgd_time_offset_s<=300; distance_km<=300; min_stations>=3
quality_snr3_time300_dist300_min3sta,"Quality set: SNR >= 3, time <= 300 s, distance <= 300 km, min 3 stations",QUALITY,us1000gc0k,2018-08-17T23:22:24.950Z,Costa Rica,Americas,EarthScope PRIDE PPP-AR kin quality-passing stations,"19 km NNW of Golfito, Costa Rica",6.100000,2,0,3,TOO_FEW_FILTERED_STATIONS,pgd_snr>=3; pgd_time_offset_s<=300; distance_km<=300; min_stations>=3
quality_snr3_time300_dist300_min3sta,"Quality set: SNR >= 3, time <= 300 s, distance <= 300 km, min 3 stations",QUALITY,us1000gez7,2018-08-21T21:31:47.600Z,Venezuela,Americas,EarthScope PRIDE PPP-AR kin quality-passing stations,"40 km ENE of Carúpano, Venezuela",7.300000,3,0,3,TOO_FEW_FILTERED_STATIONS,pgd_snr>=3; pgd_time_offset_s<=300; distance_km<=300; min_stations>=3
quality_snr3_time300_dist300_min3sta,"Quality set: SNR >= 3, time <= 300 s, distance <= 300 km, min 3 stations",QUALITY,us1000gf8u,2018-08-22T09:31:45.530000Z,United States,US,EarthScope PRIDE PPP-AR kin quality-passing stations,"272 km W of Bandon, Oregon",6.200000,4,0,3,TOO_FEW_FILTERED_STATIONS,pgd_snr>=3; pgd_time_offset_s<=300; distance_km<=300; min_stations>=3
quality_snr3_time300_dist300_min3sta,"Quality set: SNR >= 3, time <= 300 s, distance <= 300 km, min 3 stations",QUALITY,us1000gfvg,2018-08-23T03:35:12.270000Z,United States,US,EarthScope PRIDE PPP-AR kin quality-passing stations,"97 km SW of Adak, Alaska",6.300000,1,0,3,TOO_FEW_FILTERED_STATIONS,pgd_snr>=3; pgd_time_offset_s<=300; distance_km<=300; min_stations>=3
quality_snr3_time300_dist300_min3sta,"Quality set: SNR >= 3, time <= 300 s, distance <= 300 km, min 3 stations",QUALITY,us200030aq,2015-07-27T04:49:46.400000Z,United States,US,EarthScope PRIDE PPP-AR kin quality-passing stations,"Fox Islands, Aleutian Islands, Alaska",6.900000,1,0,3,TOO_FEW_FILTERED_STATIONS,pgd_snr>=3; pgd_time_offset_s<=300; distance_km<=300; min_stations>=3
quality_snr3_time300_dist300_min3sta,"Quality set: SNR >= 3, time <= 300 s, distance <= 300 km, min 3 stations",QUALITY,us20003hq5,2015-09-10T10:26:44.810000Z,United States,US,EarthScope PRIDE PPP-AR kin quality-passing stations,"104 km SSW of Nikolski, Alaska",6.000000,1,0,3,TOO_FEW_FILTERED_STATIONS,pgd_snr>=3; pgd_time_offset_s<=300; distance_km<=300; min_stations>=3
quality_snr3_time300_dist300_min3sta,"Quality set: SNR >= 3, time <= 300 s, distance <= 300 km, min 3 stations",QUALITY,us20005axu,2016-03-19T01:35:12.170000Z,United States,US,EarthScope PRIDE PPP-AR kin quality-passing stations,"75 km S of Atka, Alaska",6.000000,1,0,3,TOO_FEW_FILTERED_STATIONS,pgd_snr>=3; pgd_time_offset_s<=300; distance_km<=300; min_stations>=3
quality_snr3_time300_dist300_min3sta,"Quality set: SNR >= 3, time <= 300 s, distance <= 300 km, min 3 stations",QUALITY,us200063cy,2016-06-10T03:25:22.920Z,Nicaragua,Americas,EarthScope PRIDE PPP-AR kin quality-passing stations,Nicaragua,6.100000,11,0,3,TOO_FEW_FILTERED_STATIONS,pgd_snr>=3; pgd_time_offset_s<=300; distance_km<=300; min_stations>=3
quality_snr3_time300_dist300_min3sta,"Quality set: SNR >= 3, time <= 300 s, distance <= 300 km, min 3 stations",QUALITY,us20007z6r,2016-12-08T14:49:45.910000Z,United States,US,EarthScope PRIDE PPP-AR kin quality-passing stations,"164 km W of Ferndale, California",6.600000,3,0,3,TOO_FEW_FILTERED_STATIONS,pgd_snr>=3; pgd_time_offset_s<=300; distance_km<=300; min_stations>=3
quality_snr3_time300_dist300_min3sta,"Quality set: SNR >= 3, time <= 300 s, distance <= 300 km, min 3 stations",QUALITY,us20009p1a,2017-06-22T12:31:03.490Z,Guatemala,Americas,EarthScope PRIDE PPP-AR kin quality-passing stations,"28 km SW of Puerto San José, Guatemala",6.800000,1,0,3,TOO_FEW_FILTERED_STATIONS,pgd_snr>=3; pgd_time_offset_s<=300; distance_km<=300; min_stations>=3
quality_snr3_time300_dist300_min3sta,"Quality set: SNR >= 3, time <= 300 s, distance <= 300 km, min 3 stations",QUALITY,us2000ahv0,2017-09-08T04:49:19.180Z,Mexico,Americas,EarthScope PRIDE PPP-AR kin quality-passing stations,"2017 Tehuantepec, Mexico Earthquake",8.200000,2,2,3,TOO_FEW_FILTERED_STATIONS,pgd_snr>=3; pgd_time_offset_s<=300; distance_km<=300; min_stations>=3
quality_snr3_time300_dist300_min3sta,"Quality set: SNR >= 3, time <= 300 s, distance <= 300 km, min 3 stations",QUALITY,us2000ar20,2017-09-19T18:14:38.090Z,Mexico,Americas,EarthScope PRIDE PPP-AR kin quality-passing stations,"1 km S of Matzaco, Mexico",7.100000,7,1,3,TOO_FEW_FILTERED_STATIONS,pgd_snr>=3; pgd_time_offset_s<=300; distance_km<=300; min_stations>=3
quality_snr3_time300_dist300_min3sta,"Quality set: SNR >= 3, time <= 300 s, distance <= 300 km, min 3 stations",QUALITY,us2000atjv,2017-09-23T12:53:01.480Z,Mexico,Americas,EarthScope PRIDE PPP-AR kin quality-passing stations,"7 km NNE of Ixtepec, Mexico",6.100000,3,0,3,TOO_FEW_FILTERED_STATIONS,pgd_snr>=3; pgd_time_offset_s<=300; distance_km<=300; min_stations>=3
quality_snr3_time300_dist300_min3sta,"Quality set: SNR >= 3, time <= 300 s, distance <= 300 km, min 3 stations",QUALITY,us2000cl83,2018-01-19T16:17:44.720Z,Mexico,Americas,EarthScope PRIDE PPP-AR kin quality-passing stations,"79 km NNE of Loreto, Mexico",6.300000,2,1,3,TOO_FEW_FILTERED_STATIONS,pgd_snr>=3; pgd_time_offset_s<=300; distance_km<=300; min_stations>=3
quality_snr3_time300_dist300_min3sta,"Quality set: SNR >= 3, time <= 300 s, distance <= 300 km, min 3 stations",QUALITY,us2000d3km,2018-02-16T23:39:39.280Z,Mexico,Americas,EarthScope PRIDE PPP-AR kin quality-passing stations,"4 km S of Pinotepa de Don Luis, Mexico",7.200000,9,2,3,TOO_FEW_FILTERED_STATIONS,pgd_snr>=3; pgd_time_offset_s<=300; distance_km<=300; min_stations>=3
quality_snr3_time300_dist300_min3sta,"Quality set: SNR >= 3, time <= 300 s, distance <= 300 km, min 3 stations",QUALITY,us2000izcv,2018-12-31T02:35:37.670000Z,United States,US,EarthScope PRIDE PPP-AR kin quality-passing stations,"87 km SE of King Cove, Alaska",6.000000,1,0,3,TOO_FEW_FILTERED_STATIONS,pgd_snr>=3; pgd_time_offset_s<=300; distance_km<=300; min_stations>=3
quality_snr3_time300_dist300_min3sta,"Quality set: SNR >= 3, time <= 300 s, distance <= 300 km, min 3 stations",QUALITY,us60003r2r,2019-05-23T08:45:17.746000Z,United States,US,EarthScope PRIDE PPP-AR kin quality-passing stations,"127 km WSW of Adak, Alaska",6.000000,1,1,3,TOO_FEW_FILTERED_STATIONS,pgd_snr>=3; pgd_time_offset_s<=300; distance_km<=300; min_stations>=3
quality_snr3_time300_dist300_min3sta,"Quality set: SNR >= 3, time <= 300 s, distance <= 300 km, min 3 stations",QUALITY,us60007djn,2020-01-23T05:53:02.618000Z,United States,US,EarthScope PRIDE PPP-AR kin quality-passing stations,"84 km W of Adak, Alaska",6.200000,3,1,3,TOO_FEW_FILTERED_STATIONS,pgd_snr>=3; pgd_time_offset_s<=300; distance_km<=300; min_stations>=3
quality_snr3_time300_dist300_min3sta,"Quality set: SNR >= 3, time <= 300 s, distance <= 300 km, min 3 stations",QUALITY,us60007idc,2020-01-28T19:10:24.918Z,Jamaica,Americas,EarthScope PRIDE PPP-AR kin quality-passing stations,"123 km NNW of Lucea, Jamaica",7.700000,1,0,3,TOO_FEW_FILTERED_STATIONS,pgd_snr>=3; pgd_time_offset_s<=300; distance_km<=300; min_stations>=3
quality_snr3_time300_dist300_min3sta,"Quality set: SNR >= 3, time <= 300 s, distance <= 300 km, min 3 stations",QUALITY,us6000b56k,2020-07-28T08:03:43.215000Z,United States,US,EarthScope PRIDE PPP-AR kin quality-passing stations,"75 km SW of Sand Point, Alaska",6.100000,4,0,3,TOO_FEW_FILTERED_STATIONS,pgd_snr>=3; pgd_time_offset_s<=300; distance_km<=300; min_stations>=3
quality_snr3_time300_dist300_min3sta,"Quality set: SNR >= 3, time <= 300 s, distance <= 300 km, min 3 stations",QUALITY,us6000exs5,2021-07-21T21:15:12.269Z,Panama,Americas,EarthScope PRIDE PPP-AR kin quality-passing stations,"71 km S of Burica, Panama",6.700000,1,0,3,TOO_FEW_FILTERED_STATIONS,pgd_snr>=3; pgd_time_offset_s<=300; distance_km<=300; min_stations>=3
quality_snr3_time300_dist300_min3sta,"Quality set: SNR >= 3, time <= 300 s, distance <= 300 km, min 3 stations",QUALITY,us6000f652,2021-08-14T11:57:43.447000Z,United States,US,EarthScope PRIDE PPP-AR kin quality-passing stations,"125 km SE of Perryville, Alaska",6.900000,1,0,3,TOO_FEW_FILTERED_STATIONS,pgd_snr>=3; pgd_time_offset_s<=300; distance_km<=300; min_stations>=3
quality_snr3_time300_dist300_min3sta,"Quality set: SNR >= 3, time <= 300 s, distance <= 300 km, min 3 stations",QUALITY,us6000f65h,2021-08-14T12:29:08.454Z,Haiti,Americas,EarthScope PRIDE PPP-AR kin quality-passing stations,"Nippes, Haiti",7.200000,5,0,3,TOO_FEW_FILTERED_STATIONS,pgd_snr>=3; pgd_time_offset_s<=300; distance_km<=300; min_stations>=3
quality_snr3_time300_dist300_min3sta,"Quality set: SNR >= 3, time <= 300 s, distance <= 300 km, min 3 stations",QUALITY,us6000hf75,2022-04-21T07:42:46.508Z,Nicaragua,Americas,EarthScope PRIDE PPP-AR kin quality-passing stations,"55 km WSW of Masachapa, Nicaragua",6.600000,15,0,3,TOO_FEW_FILTERED_STATIONS,pgd_snr>=3; pgd_time_offset_s<=300; distance_km<=300; min_stations>=3
quality_snr3_time300_dist300_min3sta,"Quality set: SNR >= 3, time <= 300 s, distance <= 300 km, min 3 stations",QUALITY,us6000iv6c,2022-10-20T11:57:12.575Z,Panama,Americas,EarthScope PRIDE PPP-AR kin quality-passing stations,"60 km SSW of Boca Chica, Panama",6.700000,2,0,3,TOO_FEW_FILTERED_STATIONS,pgd_snr>=3; pgd_time_offset_s<=300; distance_km<=300; min_stations>=3
quality_snr3_time300_dist300_min3sta,"Quality set: SNR >= 3, time <= 300 s, distance <= 300 km, min 3 stations",QUALITY,us6000k20g,2023-04-04T22:18:12.640Z,Panama,Americas,EarthScope PRIDE PPP-AR kin quality-passing stations,"73 km S of Boca Chica, Panama",6.300000,4,0,3,TOO_FEW_FILTERED_STATIONS,pgd_snr>=3; pgd_time_offset_s<=300; distance_km<=300; min_stations>=3
quality_snr3_time300_dist300_min3sta,"Quality set: SNR >= 3, time <= 300 s, distance <= 300 km, min 3 stations",QUALITY,us6000kcnb,2023-05-17T23:01:59.919Z,Guatemala,Americas,EarthScope PRIDE PPP-AR kin quality-passing stations,"8 km SE of Canillá, Guatemala",6.400000,2,0,3,TOO_FEW_FILTERED_STATIONS,pgd_snr>=3; pgd_time_offset_s<=300; distance_km<=300; min_stations>=3
quality_snr3_time300_dist300_min3sta,"Quality set: SNR >= 3, time <= 300 s, distance <= 300 km, min 3 stations",QUALITY,us6000mzme,2024-05-19T09:35:24.660000Z,United States,US,EarthScope PRIDE PPP-AR kin quality-passing stations,"169 km SW of Nikolski, Alaska",6.000000,1,1,3,TOO_FEW_FILTERED_STATIONS,pgd_snr>=3; pgd_time_offset_s<=300; distance_km<=300; min_stations>=3
quality_snr3_time300_dist300_min3sta,"Quality set: SNR >= 3, time <= 300 s, distance <= 300 km, min 3 stations",QUALITY,us6000nncs,2024-08-28T21:57:54.957Z,El Salvador,Americas,EarthScope PRIDE PPP-AR kin quality-passing stations,"56 km SSW of La Libertad, El Salvador",6.100000,2,0,3,TOO_FEW_FILTERED_STATIONS,pgd_snr>=3; pgd_time_offset_s<=300; distance_km<=300; min_stations>=3
quality_snr3_time300_dist300_min3sta,"Quality set: SNR >= 3, time <= 300 s, distance <= 300 km, min 3 stations",QUALITY,us6000nyau,2024-10-12T17:43:44.516Z,Costa Rica,Americas,EarthScope PRIDE PPP-AR kin quality-passing stations,"40 km WNW of Tamarindo, Costa Rica",6.200000,2,0,3,TOO_FEW_FILTERED_STATIONS,pgd_snr>=3; pgd_time_offset_s<=300; distance_km<=300; min_stations>=3
quality_snr3_time300_dist300_min3sta,"Quality set: SNR >= 3, time <= 300 s, distance <= 300 km, min 3 stations",QUALITY,us6000pi09,2025-01-05T17:18:45.784Z,El Salvador,Americas,EarthScope PRIDE PPP-AR kin quality-passing stations,"56 km SSE of La Libertad, El Salvador",6.200000,1,0,3,TOO_FEW_FILTERED_STATIONS,pgd_snr>=3; pgd_time_offset_s<=300; distance_km<=300; min_stations>=3
quality_snr3_time300_dist300_min3sta,"Quality set: SNR >= 3, time <= 300 s, distance <= 300 km, min 3 stations",QUALITY,us6000pjig,2025-01-12T08:32:49.944Z,Mexico,Americas,EarthScope PRIDE PPP-AR kin quality-passing stations,"18 km SE of Aquila, Mexico",6.200000,10,1,3,TOO_FEW_FILTERED_STATIONS,pgd_snr>=3; pgd_time_offset_s<=300; distance_km<=300; min_stations>=3
quality_snr3_time300_dist300_min3sta,"Quality set: SNR >= 3, time <= 300 s, distance <= 300 km, min 3 stations",QUALITY,us6000r3at,2025-08-23T09:14:22.210Z,El Salvador,Americas,EarthScope PRIDE PPP-AR kin quality-passing stations,"88 km SW of Acajutla, El Salvador",6.000000,1,0,3,TOO_FEW_FILTERED_STATIONS,pgd_snr>=3; pgd_time_offset_s<=300; distance_km<=300; min_stations>=3
quality_snr3_time300_dist300_min3sta,"Quality set: SNR >= 3, time <= 300 s, distance <= 300 km, min 3 stations",QUALITY,us6000rjq8,2025-10-27T12:38:40.364Z,Guadeloupe,Americas,EarthScope PRIDE PPP-AR kin quality-passing stations,"164 km E of Beauséjour, Guadeloupe",6.500000,7,1,3,TOO_FEW_FILTERED_STATIONS,pgd_snr>=3; pgd_time_offset_s<=300; distance_km<=300; min_stations>=3
quality_snr3_time300_dist300_min3sta,"Quality set: SNR >= 3, time <= 300 s, distance <= 300 km, min 3 stations",QUALITY,us6000rsy1,2025-12-06T20:41:49.288000Z,United States,US,EarthScope PRIDE PPP-AR kin quality-passing stations,2025 Hubbard Glacier Earthquake,7.000000,1,0,3,TOO_FEW_FILTERED_STATIONS,pgd_snr>=3; pgd_time_offset_s<=300; distance_km<=300; min_stations>=3
quality_snr3_time300_dist300_min3sta,"Quality set: SNR >= 3, time <= 300 s, distance <= 300 km, min 3 stations",QUALITY,us6000sayv,2026-02-23T05:11:48.410000Z,United States,US,EarthScope PRIDE PPP-AR kin quality-passing stations,"96 km SW of Nikolski, Alaska",6.000000,2,0,3,TOO_FEW_FILTERED_STATIONS,pgd_snr>=3; pgd_time_offset_s<=300; distance_km<=300; min_stations>=3
quality_snr3_time300_dist300_min3sta,"Quality set: SNR >= 3, time <= 300 s, distance <= 300 km, min 3 stations",QUALITY,us6000sy84,2026-05-16T14:50:05.533Z,Antigua and Barbuda,Americas,EarthScope PRIDE PPP-AR kin quality-passing stations,"61 km ESE of Codrington, Antigua and Barbuda",6.000000,12,0,3,TOO_FEW_FILTERED_STATIONS,pgd_snr>=3; pgd_time_offset_s<=300; distance_km<=300; min_stations>=3
quality_snr3_time300_dist300_min3sta,"Quality set: SNR >= 3, time <= 300 s, distance <= 300 km, min 3 stations",QUALITY,us6000t7zc,2026-06-24T22:04:33.389000Z,Venezuela,Americas,EarthScope PRIDE PPP-AR kin quality-passing stations,"23 km SE of Yumare, Venezuela",7.200000,29,1,3,TOO_FEW_FILTERED_STATIONS,pgd_snr>=3; pgd_time_offset_s<=300; distance_km<=300; min_stations>=3
quality_snr3_time300_dist300_min3sta,"Quality set: SNR >= 3, time <= 300 s, distance <= 300 km, min 3 stations",QUALITY,us6000t7zp,2026-06-24T22:05:11.566000Z,Venezuela,Americas,EarthScope PRIDE PPP-AR kin quality-passing stations,"28 km SE of Yumare, Venezuela",7.500000,29,1,3,TOO_FEW_FILTERED_STATIONS,pgd_snr>=3; pgd_time_offset_s<=300; distance_km<=300; min_stations>=3
quality_snr3_time300_dist300_min3sta,"Quality set: SNR >= 3, time <= 300 s, distance <= 300 km, min 3 stations",QUALITY,us70003k3p,2019-05-12T19:24:50.373Z,Panama,Americas,EarthScope PRIDE PPP-AR kin quality-passing stations,"1 km W of Breñón, Panama",6.000000,1,0,3,TOO_FEW_FILTERED_STATIONS,pgd_snr>=3; pgd_time_offset_s<=300; distance_km<=300; min_stations>=3
quality_snr3_time300_dist300_min3sta,"Quality set: SNR >= 3, time <= 300 s, distance <= 300 km, min 3 stations",QUALITY,us7000455l,2019-06-26T05:23:51.514Z,Panama,Americas,EarthScope PRIDE PPP-AR kin quality-passing stations,"4 km SE of Aserrío de Gariché, Panama",6.200000,2,0,3,TOO_FEW_FILTERED_STATIONS,pgd_snr>=3; pgd_time_offset_s<=300; distance_km<=300; min_stations>=3
quality_snr3_time300_dist300_min3sta,"Quality set: SNR >= 3, time <= 300 s, distance <= 300 km, min 3 stations",QUALITY,us700059qh,2019-08-29T15:07:58.646000Z,United States,US,EarthScope PRIDE PPP-AR kin quality-passing stations,"285 km W of Bandon, Oregon",6.300000,2,0,3,TOO_FEW_FILTERED_STATIONS,pgd_snr>=3; pgd_time_offset_s<=300; distance_km<=300; min_stations>=3
quality_snr3_time300_dist300_min3sta,"Quality set: SNR >= 3, time <= 300 s, distance <= 300 km, min 3 stations",QUALITY,us70008jr5,2020-03-31T23:52:30.781000Z,United States,US,EarthScope PRIDE PPP-AR kin quality-passing stations,"Stanley, Idaho",6.500000,11,1,3,TOO_FEW_FILTERED_STATIONS,pgd_snr>=3; pgd_time_offset_s<=300; distance_km<=300; min_stations>=3
quality_snr3_time300_dist300_min3sta,"Quality set: SNR >= 3, time <= 300 s, distance <= 300 km, min 3 stations",QUALITY,us7000asx4,2020-07-22T06:16:18.627000Z,United States,US,EarthScope PRIDE PPP-AR kin quality-passing stations,"101 km ESE of Sand Point, Alaska",6.100000,5,0,3,TOO_FEW_FILTERED_STATIONS,pgd_snr>=3; pgd_time_offset_s<=300; distance_km<=300; min_stations>=3
quality_snr3_time300_dist300_min3sta,"Quality set: SNR >= 3, time <= 300 s, distance <= 300 km, min 3 stations",QUALITY,us7000bcbv,2020-08-24T21:51:09.259Z,Costa Rica,Americas,EarthScope PRIDE PPP-AR kin quality-passing stations,"4 km SSW of Jacó, Costa Rica",6.000000,2,0,3,TOO_FEW_FILTERED_STATIONS,pgd_snr>=3; pgd_time_offset_s<=300; distance_km<=300; min_stations>=3
quality_snr3_time300_dist300_min3sta,"Quality set: SNR >= 3, time <= 300 s, distance <= 300 km, min 3 stations",QUALITY,us7000clnv,2020-12-01T16:22:39.923000Z,United States,US,EarthScope PRIDE PPP-AR kin quality-passing stations,"46 km ESE of Nikolski, Alaska",6.400000,2,0,3,TOO_FEW_FILTERED_STATIONS,pgd_snr>=3; pgd_time_offset_s<=300; distance_km<=300; min_stations>=3
quality_snr3_time300_dist300_min3sta,"Quality set: SNR >= 3, time <= 300 s, distance <= 300 km, min 3 stations",QUALITY,us7000e2c6,2021-05-12T08:45:44.539Z,El Salvador,Americas,EarthScope PRIDE PPP-AR kin quality-passing stations,"55 km SW of Acajutla, El Salvador",6.000000,1,0,3,TOO_FEW_FILTERED_STATIONS,pgd_snr>=3; pgd_time_offset_s<=300; distance_km<=300; min_stations>=3
quality_snr3_time300_dist300_min3sta,"Quality set: SNR >= 3, time <= 300 s, distance <= 300 km, min 3 stations",QUALITY,us7000e2rq,2021-05-13T09:42:12.044Z,Panama,Americas,EarthScope PRIDE PPP-AR kin quality-passing stations,"154 km SSE of Punta de Burica, Panama",6.100000,1,0,3,TOO_FEW_FILTERED_STATIONS,pgd_snr>=3; pgd_time_offset_s<=300; distance_km<=300; min_stations>=3
quality_snr3_time300_dist300_min3sta,"Quality set: SNR >= 3, time <= 300 s, distance <= 300 km, min 3 stations",QUALITY,us7000emzy,2021-07-17T20:56:10.107Z,Panama,Americas,EarthScope PRIDE PPP-AR kin quality-passing stations,"135 km S of Burica, Panama",6.100000,1,0,3,TOO_FEW_FILTERED_STATIONS,pgd_snr>=3; pgd_time_offset_s<=300; distance_km<=300; min_stations>=3
quality_snr3_time300_dist300_min3sta,"Quality set: SNR >= 3, time <= 300 s, distance <= 300 km, min 3 stations",QUALITY,us7000f93v,2021-09-08T01:47:47.437Z,Mexico,Americas,EarthScope PRIDE PPP-AR kin quality-passing stations,"Acapulco, Mexico",7.000000,6,2,3,TOO_FEW_FILTERED_STATIONS,pgd_snr>=3; pgd_time_offset_s<=300; distance_km<=300; min_stations>=3
quality_snr3_time300_dist300_min3sta,"Quality set: SNR >= 3, time <= 300 s, distance <= 300 km, min 3 stations",QUALITY,us7000fdds,2021-09-22T09:57:07.023Z,Nicaragua,Americas,EarthScope PRIDE PPP-AR kin quality-passing stations,"80 km SW of Jiquilillo, Nicaragua",6.500000,1,0,3,TOO_FEW_FILTERED_STATIONS,pgd_snr>=3; pgd_time_offset_s<=300; distance_km<=300; min_stations>=3
quality_snr3_time300_dist300_min3sta,"Quality set: SNR >= 3, time <= 300 s, distance <= 300 km, min 3 stations",QUALITY,us7000fskw,2021-11-09T06:25:14.907Z,Nicaragua,Americas,EarthScope PRIDE PPP-AR kin quality-passing stations,"62 km S of Masachapa, Nicaragua",6.300000,3,1,3,TOO_FEW_FILTERED_STATIONS,pgd_snr>=3; pgd_time_offset_s<=300; distance_km<=300; min_stations>=3
quality_snr3_time300_dist300_min3sta,"Quality set: SNR >= 3, time <= 300 s, distance <= 300 km, min 3 stations",QUALITY,us7000g9nb,2022-01-06T16:25:05.973Z,Nicaragua,Americas,EarthScope PRIDE PPP-AR kin quality-passing stations,near the coast of Nicaragua,6.100000,6,0,3,TOO_FEW_FILTERED_STATIONS,pgd_snr>=3; pgd_time_offset_s<=300; distance_km<=300; min_stations>=3
quality_snr3_time300_dist300_min3sta,"Quality set: SNR >= 3, time <= 300 s, distance <= 300 km, min 3 stations",QUALITY,us7000gavu,2022-01-11T11:35:43.674000Z,United States,US,EarthScope PRIDE PPP-AR kin quality-passing stations,"100 km SE of Nikolski, Alaska",6.800000,1,0,3,TOO_FEW_FILTERED_STATIONS,pgd_snr>=3; pgd_time_offset_s<=300; distance_km<=300; min_stations>=3
quality_snr3_time300_dist300_min3sta,"Quality set: SNR >= 3, time <= 300 s, distance <= 300 km, min 3 stations",QUALITY,us7000gawk,2022-01-11T12:39:32.454000Z,United States,US,EarthScope PRIDE PPP-AR kin quality-passing stations,"53 km SE of Nikolski, Alaska",6.600000,1,0,3,TOO_FEW_FILTERED_STATIONS,pgd_snr>=3; pgd_time_offset_s<=300; distance_km<=300; min_stations>=3
quality_snr3_time300_dist300_min3sta,"Quality set: SNR >= 3, time <= 300 s, distance <= 300 km, min 3 stations",QUALITY,us7000ge5q,2022-01-22T05:17:04.896000Z,United States,US,EarthScope PRIDE PPP-AR kin quality-passing stations,"71 km S of Unalaska, Alaska",6.200000,1,0,3,TOO_FEW_FILTERED_STATIONS,pgd_snr>=3; pgd_time_offset_s<=300; distance_km<=300; min_stations>=3
quality_snr3_time300_dist300_min3sta,"Quality set: SNR >= 3, time <= 300 s, distance <= 300 km, min 3 stations",QUALITY,us7000ia36,2022-09-22T06:16:09.459Z,Mexico,Americas,EarthScope PRIDE PPP-AR kin quality-passing stations,"55 km SSW of Aguililla, Mexico",6.800000,8,0,3,TOO_FEW_FILTERED_STATIONS,pgd_snr>=3; pgd_time_offset_s<=300; distance_km<=300; min_stations>=3
quality_snr3_time300_dist300_min3sta,"Quality set: SNR >= 3, time <= 300 s, distance <= 300 km, min 3 stations",QUALITY,us7000imgl,2022-11-04T10:02:46.346Z,Mexico,Americas,EarthScope PRIDE PPP-AR kin quality-passing stations,"82 km SSW of Bahía de Kino, Mexico",6.100000,1,0,3,TOO_FEW_FILTERED_STATIONS,pgd_snr>=3; pgd_time_offset_s<=300; distance_km<=300; min_stations>=3
quality_snr3_time300_dist300_min3sta,"Quality set: SNR >= 3, time <= 300 s, distance <= 300 km, min 3 stations",QUALITY,us7000j5sc,2023-01-20T11:23:40.603Z,Guadeloupe,Americas,EarthScope PRIDE PPP-AR kin quality-passing stations,"40 km WSW of Pointe-Noire, Guadeloupe",6.100000,9,0,3,TOO_FEW_FILTERED_STATIONS,pgd_snr>=3; pgd_time_offset_s<=300; distance_km<=300; min_stations>=3
quality_snr3_time300_dist300_min3sta,"Quality set: SNR >= 3, time <= 300 s, distance <= 300 km, min 3 stations",QUALITY,us7000k3n3,2023-05-25T03:05:32.956Z,Panama,Americas,EarthScope PRIDE PPP-AR kin quality-passing stations,"45 km NE of Puerto Obaldía, Panama",6.500000,2,0,3,TOO_FEW_FILTERED_STATIONS,pgd_snr>=3; pgd_time_offset_s<=300; distance_km<=300; min_stations>=3
quality_snr3_time300_dist300_min3sta,"Quality set: SNR >= 3, time <= 300 s, distance <= 300 km, min 3 stations",QUALITY,us7000keq3,2023-07-10T20:28:26.195Z,Antigua and Barbuda,Americas,EarthScope PRIDE PPP-AR kin quality-passing stations,"278 km NNE of Codrington, Antigua and Barbuda",6.600000,2,0,3,TOO_FEW_FILTERED_STATIONS,pgd_snr>=3; pgd_time_offset_s<=300; distance_km<=300; min_stations>=3
quality_snr3_time300_dist300_min3sta,"Quality set: SNR >= 3, time <= 300 s, distance <= 300 km, min 3 stations",QUALITY,us7000kfnc,2023-07-14T09:29:00.404Z,Mexico,Americas,EarthScope PRIDE PPP-AR kin quality-passing stations,"Offshore Chiapas, Mexico",6.300000,1,0,3,TOO_FEW_FILTERED_STATIONS,pgd_snr>=3; pgd_time_offset_s<=300; distance_km<=300; min_stations>=3
quality_snr3_time300_dist300_min3sta,"Quality set: SNR >= 3, time <= 300 s, distance <= 300 km, min 3 stations",QUALITY,us7000kg30,2023-07-16T06:48:21.158000Z,United States,US,EarthScope PRIDE PPP-AR kin quality-passing stations,"2023 Sand Point, Alaska Earthquake",7.200000,7,2,3,TOO_FEW_FILTERED_STATIONS,pgd_snr>=3; pgd_time_offset_s<=300; distance_km<=300; min_stations>=3
quality_snr3_time300_dist300_min3sta,"Quality set: SNR >= 3, time <= 300 s, distance <= 300 km, min 3 stations",QUALITY,us7000kgpb,2023-07-19T00:22:07.656Z,El Salvador,Americas,EarthScope PRIDE PPP-AR kin quality-passing stations,"43 km S of Intipucá, El Salvador",6.500000,2,0,3,TOO_FEW_FILTERED_STATIONS,pgd_snr>=3; pgd_time_offset_s<=300; distance_km<=300; min_stations>=3
quality_snr3_time300_dist300_min3sta,"Quality set: SNR >= 3, time <= 300 s, distance <= 300 km, min 3 stations",QUALITY,us7000luai,2024-01-27T05:52:48.419Z,Guatemala,Americas,EarthScope PRIDE PPP-AR kin quality-passing stations,"15 km W of Taxisco, Guatemala",6.100000,1,0,3,TOO_FEW_FILTERED_STATIONS,pgd_snr>=3; pgd_time_offset_s<=300; distance_km<=300; min_stations>=3
quality_snr3_time300_dist300_min3sta,"Quality set: SNR >= 3, time <= 300 s, distance <= 300 km, min 3 stations",QUALITY,us7000mu1p,2024-06-23T03:57:58.918Z,Venezuela,Americas,EarthScope PRIDE PPP-AR kin quality-passing stations,"20 km NE of Yaguaraparo, Venezuela",6.000000,1,0,3,TOO_FEW_FILTERED_STATIONS,pgd_snr>=3; pgd_time_offset_s<=300; distance_km<=300; min_stations>=3
quality_snr3_time300_dist300_min3sta,"Quality set: SNR >= 3, time <= 300 s, distance <= 300 km, min 3 stations",QUALITY,us7000n068,2024-07-19T03:13:47.417000Z,United States,US,EarthScope PRIDE PPP-AR kin quality-passing stations,"168 km SW of Nikolski, Alaska",6.000000,1,0,3,TOO_FEW_FILTERED_STATIONS,pgd_snr>=3; pgd_time_offset_s<=300; distance_km<=300; min_stations>=3
quality_snr3_time300_dist300_min3sta,"Quality set: SNR >= 3, time <= 300 s, distance <= 300 km, min 3 stations",QUALITY,us7000n0ka,2024-07-21T02:53:48.910Z,Guatemala,Americas,EarthScope PRIDE PPP-AR kin quality-passing stations,"6 km E of Jalapa, Guatemala",6.200000,1,0,3,TOO_FEW_FILTERED_STATIONS,pgd_snr>=3; pgd_time_offset_s<=300; distance_km<=300; min_stations>=3
quality_snr3_time300_dist300_min3sta,"Quality set: SNR >= 3, time <= 300 s, distance <= 300 km, min 3 stations",QUALITY,us7000np33,2024-10-30T20:15:20.095000Z,United States,US,EarthScope PRIDE PPP-AR kin quality-passing stations,"267 km W of Bandon, Oregon",6.000000,6,0,3,TOO_FEW_FILTERED_STATIONS,pgd_snr>=3; pgd_time_offset_s<=300; distance_km<=300; min_stations>=3
quality_snr3_time300_dist300_min3sta,"Quality set: SNR >= 3, time <= 300 s, distance <= 300 km, min 3 stations",QUALITY,us7000nr0v,2024-11-10T16:49:50.426Z,Cuba,Americas,EarthScope PRIDE PPP-AR kin quality-passing stations,"42 km SSW of Bartolomé Masó, Cuba",6.800000,1,0,3,TOO_FEW_FILTERED_STATIONS,pgd_snr>=3; pgd_time_offset_s<=300; distance_km<=300; min_stations>=3
quality_snr3_time300_dist300_min3sta,"Quality set: SNR >= 3, time <= 300 s, distance <= 300 km, min 3 stations",QUALITY,us7000nx3z,2024-12-08T19:57:08.602000Z,United States,US,EarthScope PRIDE PPP-AR kin quality-passing stations,"108 km SSW of Adak, Alaska",6.300000,2,0,3,TOO_FEW_FILTERED_STATIONS,pgd_snr>=3; pgd_time_offset_s<=300; distance_km<=300; min_stations>=3
quality_snr3_time300_dist300_min3sta,"Quality set: SNR >= 3, time <= 300 s, distance <= 300 km, min 3 stations",QUALITY,us7000pllt,2025-03-21T14:50:51.364Z,Panama,Americas,EarthScope PRIDE PPP-AR kin quality-passing stations,"124 km SSE of Burica, Panama",6.200000,4,1,3,TOO_FEW_FILTERED_STATIONS,pgd_snr>=3; pgd_time_offset_s<=300; distance_km<=300; min_stations>=3
quality_snr3_time300_dist300_min3sta,"Quality set: SNR >= 3, time <= 300 s, distance <= 300 km, min 3 stations",QUALITY,us7000pllu,2025-03-21T14:53:41.774000Z,United States,US,EarthScope PRIDE PPP-AR kin quality-passing stations,"88 km SSE of Adak, Alaska",6.200000,1,0,3,TOO_FEW_FILTERED_STATIONS,pgd_snr>=3; pgd_time_offset_s<=300; distance_km<=300; min_stations>=3
quality_snr3_time300_dist300_min3sta,"Quality set: SNR >= 3, time <= 300 s, distance <= 300 km, min 3 stations",QUALITY,us7000pvtr,2025-04-29T14:53:37.897Z,Americas,Americas,EarthScope PRIDE PPP-AR kin quality-passing stations,Macquarie Island region,6.800000,1,1,3,TOO_FEW_FILTERED_STATIONS,pgd_snr>=3; pgd_time_offset_s<=300; distance_km<=300; min_stations>=3
quality_snr3_time300_dist300_min3sta,"Quality set: SNR >= 3, time <= 300 s, distance <= 300 km, min 3 stations",QUALITY,us7000qclp,2025-07-14T17:16:49.051Z,Panama,Americas,EarthScope PRIDE PPP-AR kin quality-passing stations,"206 km S of Burica, Panama",6.200000,1,0,3,TOO_FEW_FILTERED_STATIONS,pgd_snr>=3; pgd_time_offset_s<=300; distance_km<=300; min_stations>=3
quality_snr3_time300_dist300_min3sta,"Quality set: SNR >= 3, time <= 300 s, distance <= 300 km, min 3 stations",QUALITY,us7000qe51,2025-07-20T22:28:00.041000Z,United States,US,EarthScope PRIDE PPP-AR kin quality-passing stations,"91 km SSE of Sand Point, Alaska",6.200000,6,1,3,TOO_FEW_FILTERED_STATIONS,pgd_snr>=3; pgd_time_offset_s<=300; distance_km<=300; min_stations>=3
quality_snr3_time300_dist300_min3sta,"Quality set: SNR >= 3, time <= 300 s, distance <= 300 km, min 3 stations",QUALITY,us7000rm3k,2026-01-02T13:58:15.741Z,Mexico,Americas,EarthScope PRIDE PPP-AR kin quality-passing stations,"0 km W of San Marcos, Mexico",6.500000,1,0,3,TOO_FEW_FILTERED_STATIONS,pgd_snr>=3; pgd_time_offset_s<=300; distance_km<=300; min_stations>=3
quality_snr3_time300_dist300_min3sta,"Quality set: SNR >= 3, time <= 300 s, distance <= 300 km, min 3 stations",QUALITY,us7000rq0d,2026-01-16T03:25:53.034000Z,United States,US,EarthScope PRIDE PPP-AR kin quality-passing stations,off the coast of Oregon,6.000000,1,0,3,TOO_FEW_FILTERED_STATIONS,pgd_snr>=3; pgd_time_offset_s<=300; distance_km<=300; min_stations>=3
quality_snr3_time300_dist300_min3sta,"Quality set: SNR >= 3, time <= 300 s, distance <= 300 km, min 3 stations",QUALITY,us7000s8q0,2026-03-30T08:44:13.780Z,Americas,Americas,EarthScope PRIDE PPP-AR kin quality-passing stations,"51 km ENE of Luganville, Vanuatu",7.300000,1,0,3,TOO_FEW_FILTERED_STATIONS,pgd_snr>=3; pgd_time_offset_s<=300; distance_km<=300; min_stations>=3
quality_snr3_time300_dist300_min3sta,"Quality set: SNR >= 3, time <= 300 s, distance <= 300 km, min 3 stations",QUALITY,usb000jdt7,2013-08-30T16:25:02.300000Z,United States,US,EarthScope PRIDE PPP-AR kin quality-passing stations,"101 km SW of Atka, Alaska",7.000000,1,0,3,TOO_FEW_FILTERED_STATIONS,pgd_snr>=3; pgd_time_offset_s<=300; distance_km<=300; min_stations>=3
quality_snr3_time300_dist300_min3sta,"Quality set: SNR >= 3, time <= 300 s, distance <= 300 km, min 3 stations",QUALITY,usb000je9f,2013-08-31T06:38:36.350000Z,United States,US,EarthScope PRIDE PPP-AR kin quality-passing stations,"118 km SSW of Atka, Alaska",6.000000,1,0,3,TOO_FEW_FILTERED_STATIONS,pgd_snr>=3; pgd_time_offset_s<=300; distance_km<=300; min_stations>=3
quality_snr3_time300_dist300_min3sta,"Quality set: SNR >= 3, time <= 300 s, distance <= 300 km, min 3 stations",QUALITY,usb000jgju,2013-09-04T02:32:30.600000Z,United States,US,EarthScope PRIDE PPP-AR kin quality-passing stations,"81 km SSW of Atka, Alaska",6.500000,1,0,3,TOO_FEW_FILTERED_STATIONS,pgd_snr>=3; pgd_time_offset_s<=300; distance_km<=300; min_stations>=3
quality_snr3_time300_dist300_min3sta,"Quality set: SNR >= 3, time <= 300 s, distance <= 300 km, min 3 stations",QUALITY,usb000jguz,2013-09-04T06:27:03.560000Z,United States,US,EarthScope PRIDE PPP-AR kin quality-passing stations,"82 km SSW of Atka, Alaska",6.000000,1,0,3,TOO_FEW_FILTERED_STATIONS,pgd_snr>=3; pgd_time_offset_s<=300; distance_km<=300; min_stations>=3
quality_snr3_time300_dist300_min3sta,"Quality set: SNR >= 3, time <= 300 s, distance <= 300 km, min 3 stations",QUALITY,usb000rtp6,2014-07-17T11:49:33.930000Z,United States,US,EarthScope PRIDE PPP-AR kin quality-passing stations,"90 km NNW of Yakutat, Alaska",6.000000,2,0,3,TOO_FEW_FILTERED_STATIONS,pgd_snr>=3; pgd_time_offset_s<=300; distance_km<=300; min_stations>=3
quality_snr3_time300_dist300_min3sta,"Quality set: SNR >= 3, time <= 300 s, distance <= 300 km, min 3 stations",QUALITY,usb000slwn,2014-10-14T03:51:34.460Z,El Salvador,Americas,EarthScope PRIDE PPP-AR kin quality-passing stations,"74 km S of Intipucá, El Salvador",7.300000,3,0,3,TOO_FEW_FILTERED_STATIONS,pgd_snr>=3; pgd_time_offset_s<=300; distance_km<=300; min_stations>=3
quality_snr3_time300_dist300_min3sta,"Quality set: SNR >= 3, time <= 300 s, distance <= 300 km, min 3 stations",QUALITY,usc000juwv,2013-09-15T16:21:37.150000Z,United States,US,EarthScope PRIDE PPP-AR kin quality-passing stations,"77 km SSW of Atka, Alaska",6.100000,1,1,3,TOO_FEW_FILTERED_STATIONS,pgd_snr>=3; pgd_time_offset_s<=300; distance_km<=300; min_stations>=3
quality_snr3_time300_dist300_min3sta,"Quality set: SNR >= 3, time <= 300 s, distance <= 300 km, min 3 stations",QUALITY,usc000m1w9,2014-01-13T04:01:03.240000Z,United States,US,EarthScope PRIDE PPP-AR kin quality-passing stations,"61 km N of Hatillo, Puerto Rico",6.400000,2,1,3,TOO_FEW_FILTERED_STATIONS,pgd_snr>=3; pgd_time_offset_s<=300; distance_km<=300; min_stations>=3
quality_snr3_time300_dist300_min3sta,"Quality set: SNR >= 3, time <= 300 s, distance <= 300 km, min 3 stations",QUALITY,usc000myqq,2014-02-26T21:13:40.110000Z,United States,US,EarthScope PRIDE PPP-AR kin quality-passing stations,"210 km WNW of Nikolski, Alaska",6.100000,2,0,3,TOO_FEW_FILTERED_STATIONS,pgd_snr>=3; pgd_time_offset_s<=300; distance_km<=300; min_stations>=3
quality_snr3_time300_dist300_min3sta,"Quality set: SNR >= 3, time <= 300 s, distance <= 300 km, min 3 stations",QUALITY,usc000p11f,2014-04-02T16:13:26.720Z,Panama,Americas,EarthScope PRIDE PPP-AR kin quality-passing stations,"33 km SSW of Boca Chica, Panama",6.000000,1,0,3,TOO_FEW_FILTERED_STATIONS,pgd_snr>=3; pgd_time_offset_s<=300; distance_km<=300; min_stations>=3
quality_snr3_time300_dist300_min3sta,"Quality set: SNR >= 3, time <= 300 s, distance <= 300 km, min 3 stations",QUALITY,usc000t4gc,2014-12-07T21:16:35.740Z,Guatemala,Americas,EarthScope PRIDE PPP-AR kin quality-passing stations,"61 km SSW of Nueva Concepción, Guatemala",6.100000,1,0,3,TOO_FEW_FILTERED_STATIONS,pgd_snr>=3; pgd_time_offset_s<=300; distance_km<=300; min_stations>=3
quality_snr3_time300_dist300_min3sta,"Quality set: SNR >= 3, time <= 300 s, distance <= 300 km, min 3 stations",QUALITY,usp000jhpg,2012-04-11T22:41:46.040000Z,United States,US,EarthScope PRIDE PPP-AR kin quality-passing stations,"266 km W of Bandon, Oregon",6.000000,5,1,3,TOO_FEW_FILTERED_STATIONS,pgd_snr>=3; pgd_time_offset_s<=300; distance_km<=300; min_stations>=3
quality_snr3_time300_dist300_min3sta,"Quality set: SNR >= 3, time <= 300 s, distance <= 300 km, min 3 stations",QUALITY,usp000jqvm,2012-08-27T04:37:19.430Z,El Salvador,Americas,EarthScope PRIDE PPP-AR kin quality-passing stations,"126 km S of Puerto El Triunfo, El Salvador",7.300000,1,0,3,TOO_FEW_FILTERED_STATIONS,pgd_snr>=3; pgd_time_offset_s<=300; distance_km<=300; min_stations>=3
quality_snr3_time300_dist300_min3sta,"Quality set: SNR >= 3, time <= 300 s, distance <= 300 km, min 3 stations",QUALITY,usp000jt0h,2012-09-26T23:39:55.110000Z,United States,US,EarthScope PRIDE PPP-AR kin quality-passing stations,"118 km WSW of Adak, Alaska",6.400000,2,1,3,TOO_FEW_FILTERED_STATIONS,pgd_snr>=3; pgd_time_offset_s<=300; distance_km<=300; min_stations>=3
quality_snr3_time300_dist300_min3sta,"Quality set: SNR >= 3, time <= 300 s, distance <= 300 km, min 3 stations",QUALITY,usp000jwyb,2012-12-14T10:36:01.590000Z,United States,US,EarthScope PRIDE PPP-AR kin quality-passing stations,"279 km SSW of Avalon, California",6.300000,2,0,3,TOO_FEW_FILTERED_STATIONS,pgd_snr>=3; pgd_time_offset_s<=300; distance_km<=300; min_stations>=3
strict_snr5_time300_dist300_min3sta,"Strict set: SNR >= 5, time <= 300 s, distance <= 300 km, min 3 stations",STRICT,2013p944608,2013-12-16T12:07:24Z,New Zealand,New Zealand,EarthScope PRIDE PPP-AR kin quality-passing stations,120 km west of Tuatapere,6.100000,4,0,3,TOO_FEW_FILTERED_STATIONS,pgd_snr>=5; pgd_time_offset_s<=300; distance_km<=300; min_stations>=3
strict_snr5_time300_dist300_min3sta,"Strict set: SNR >= 5, time <= 300 s, distance <= 300 km, min 3 stations",STRICT,2014p051675,2014-01-20T02:52:45Z,New Zealand,New Zealand,EarthScope PRIDE PPP-AR kin quality-passing stations,10 km east of Eketahuna,6.200000,12,0,3,TOO_FEW_FILTERED_STATIONS,pgd_snr>=5; pgd_time_offset_s<=300; distance_km<=300; min_stations>=3
strict_snr5_time300_dist300_min3sta,"Strict set: SNR >= 5, time <= 300 s, distance <= 300 km, min 3 stations",STRICT,2014p770859,2014-10-13T05:13:41Z,New Zealand,New Zealand,EarthScope PRIDE PPP-AR kin quality-passing stations,140 km west of Tuatapere,6.200000,1,0,3,TOO_FEW_FILTERED_STATIONS,pgd_snr>=5; pgd_time_offset_s<=300; distance_km<=300; min_stations>=3
strict_snr5_time300_dist300_min3sta,"Strict set: SNR >= 5, time <= 300 s, distance <= 300 km, min 3 stations",STRICT,2014p864702,2014-11-16T22:33:17Z,New Zealand,New Zealand,EarthScope PRIDE PPP-AR kin quality-passing stations,150 km east of Te Araroa,6.500000,6,0,3,TOO_FEW_FILTERED_STATIONS,pgd_snr>=5; pgd_time_offset_s<=300; distance_km<=300; min_stations>=3
strict_snr5_time300_dist300_min3sta,"Strict set: SNR >= 5, time <= 300 s, distance <= 300 km, min 3 stations",STRICT,2015p305812,2015-04-24T03:36:42Z,New Zealand,New Zealand,EarthScope PRIDE PPP-AR kin quality-passing stations,35 km south-east of St Arnaud,6.200000,3,0,3,TOO_FEW_FILTERED_STATIONS,pgd_snr>=5; pgd_time_offset_s<=300; distance_km<=300; min_stations>=3
strict_snr5_time300_dist300_min3sta,"Strict set: SNR >= 5, time <= 300 s, distance <= 300 km, min 3 stations",STRICT,2016p661332,2016-09-01T16:37:55Z,New Zealand,New Zealand,EarthScope PRIDE PPP-AR kin quality-passing stations,120 km north-east of Te Araroa,7.100000,8,0,3,TOO_FEW_FILTERED_STATIONS,pgd_snr>=5; pgd_time_offset_s<=300; distance_km<=300; min_stations>=3
strict_snr5_time300_dist300_min3sta,"Strict set: SNR >= 5, time <= 300 s, distance <= 300 km, min 3 stations",STRICT,2016p661400,2016-09-01T17:14:05Z,New Zealand,New Zealand,EarthScope PRIDE PPP-AR kin quality-passing stations,105 km north-east of Te Araroa,6.200000,8,0,3,TOO_FEW_FILTERED_STATIONS,pgd_snr>=5; pgd_time_offset_s<=300; distance_km<=300; min_stations>=3
strict_snr5_time300_dist300_min3sta,"Strict set: SNR >= 5, time <= 300 s, distance <= 300 km, min 3 stations",STRICT,2016p858007,2016-11-13T11:05:14Z,New Zealand,New Zealand,EarthScope PRIDE PPP-AR kin quality-passing stations,45 km south-west of Seddon,6.000000,22,2,3,TOO_FEW_FILTERED_STATIONS,pgd_snr>=5; pgd_time_offset_s<=300; distance_km<=300; min_stations>=3
strict_snr5_time300_dist300_min3sta,"Strict set: SNR >= 5, time <= 300 s, distance <= 300 km, min 3 stations",STRICT,2016p858021,2016-11-13T11:12:35Z,New Zealand,New Zealand,EarthScope PRIDE PPP-AR kin quality-passing stations,5 km east of Kaikoura,6.000000,20,0,3,TOO_FEW_FILTERED_STATIONS,pgd_snr>=5; pgd_time_offset_s<=300; distance_km<=300; min_stations>=3
strict_snr5_time300_dist300_min3sta,"Strict set: SNR >= 5, time <= 300 s, distance <= 300 km, min 3 stations",STRICT,2016p858055,2016-11-13T11:32:07Z,New Zealand,New Zealand,EarthScope PRIDE PPP-AR kin quality-passing stations,15 km north of Kaikoura,6.200000,29,0,3,TOO_FEW_FILTERED_STATIONS,pgd_snr>=5; pgd_time_offset_s<=300; distance_km<=300; min_stations>=3
strict_snr5_time300_dist300_min3sta,"Strict set: SNR >= 5, time <= 300 s, distance <= 300 km, min 3 stations",STRICT,2016p858094,2016-11-13T11:52:44Z,New Zealand,New Zealand,EarthScope PRIDE PPP-AR kin quality-passing stations,20 km north of Kaikoura,6.100000,30,0,3,TOO_FEW_FILTERED_STATIONS,pgd_snr>=5; pgd_time_offset_s<=300; distance_km<=300; min_stations>=3
strict_snr5_time300_dist300_min3sta,"Strict set: SNR >= 5, time <= 300 s, distance <= 300 km, min 3 stations",STRICT,2016p859524,2016-11-14T00:34:23Z,New Zealand,New Zealand,EarthScope PRIDE PPP-AR kin quality-passing stations,25 km east of Hanmer Springs,6.700000,21,1,3,TOO_FEW_FILTERED_STATIONS,pgd_snr>=5; pgd_time_offset_s<=300; distance_km<=300; min_stations>=3
strict_snr5_time300_dist300_min3sta,"Strict set: SNR >= 5, time <= 300 s, distance <= 300 km, min 3 stations",STRICT,2021p169083,2021-03-04T13:27:35Z,New Zealand,New Zealand,EarthScope PRIDE PPP-AR kin quality-passing stations,140 km east of Te Araroa,7.200000,12,0,3,TOO_FEW_FILTERED_STATIONS,pgd_snr>=5; pgd_time_offset_s<=300; distance_km<=300; min_stations>=3
strict_snr5_time300_dist300_min3sta,"Strict set: SNR >= 5, time <= 300 s, distance <= 300 km, min 3 stations",STRICT,2025p224518,2025-03-25T01:43:09Z,New Zealand,New Zealand,EarthScope PRIDE PPP-AR kin quality-passing stations,155 km north-west of Snares Islands,6.800000,3,0,3,TOO_FEW_FILTERED_STATIONS,pgd_snr>=5; pgd_time_offset_s<=300; distance_km<=300; min_stations>=3
strict_snr5_time300_dist300_min3sta,"Strict set: SNR >= 5, time <= 300 s, distance <= 300 km, min 3 stations",STRICT,2025p506857,2025-07-07T12:53:41Z,New Zealand,New Zealand,EarthScope PRIDE PPP-AR kin quality-passing stations,120 km north-west of Snares Islands,6.100000,5,0,3,TOO_FEW_FILTERED_STATIONS,pgd_snr>=5; pgd_time_offset_s<=300; distance_km<=300; min_stations>=3
strict_snr5_time300_dist300_min3sta,"Strict set: SNR >= 5, time <= 300 s, distance <= 300 km, min 3 stations",STRICT,ak0138esnzr,2013-01-05T08:58:14.957000Z,United States,US,EarthScope PRIDE PPP-AR kin quality-passing stations,"110 km SW of Edna Bay, Alaska",7.500000,2,2,3,TOO_FEW_FILTERED_STATIONS,pgd_snr>=5; pgd_time_offset_s<=300; distance_km<=300; min_stations>=3
strict_snr5_time300_dist300_min3sta,"Strict set: SNR >= 5, time <= 300 s, distance <= 300 km, min 3 stations",STRICT,ak0149guzic1,2014-07-25T10:54:50.417000Z,United States,US,EarthScope PRIDE PPP-AR kin quality-passing stations,"40 km WNW of Elfin Cove, Alaska",6.000000,3,0,3,TOO_FEW_FILTERED_STATIONS,pgd_snr>=5; pgd_time_offset_s<=300; distance_km<=300; min_stations>=3
strict_snr5_time300_dist300_min3sta,"Strict set: SNR >= 5, time <= 300 s, distance <= 300 km, min 3 stations",STRICT,ak014cbigci8,2014-09-25T17:51:17.606000Z,United States,US,EarthScope PRIDE PPP-AR kin quality-passing stations,"22 km WSW of Skwentna, Alaska",6.200000,8,0,3,TOO_FEW_FILTERED_STATIONS,pgd_snr>=5; pgd_time_offset_s<=300; distance_km<=300; min_stations>=3
strict_snr5_time300_dist300_min3sta,"Strict set: SNR >= 5, time <= 300 s, distance <= 300 km, min 3 stations",STRICT,ak0156uj8rk3,2015-05-29T07:00:09.634000Z,United States,US,EarthScope PRIDE PPP-AR kin quality-passing stations,"117 km SSE of Ugashik, Alaska",6.800000,5,0,3,TOO_FEW_FILTERED_STATIONS,pgd_snr>=5; pgd_time_offset_s<=300; distance_km<=300; min_stations>=3
strict_snr5_time300_dist300_min3sta,"Strict set: SNR >= 5, time <= 300 s, distance <= 300 km, min 3 stations",STRICT,ak0159nc9dk8,2015-07-29T02:35:59.449000Z,United States,US,EarthScope PRIDE PPP-AR kin quality-passing stations,"52 km ENE of Pedro Bay, Alaska",6.400000,24,0,3,TOO_FEW_FILTERED_STATIONS,pgd_snr>=5; pgd_time_offset_s<=300; distance_km<=300; min_stations>=3
strict_snr5_time300_dist300_min3sta,"Strict set: SNR >= 5, time <= 300 s, distance <= 300 km, min 3 stations",STRICT,ak01613v15nv,2016-01-24T10:30:29.557000Z,United States,US,EarthScope PRIDE PPP-AR kin quality-passing stations,"47 km ESE of Pedro Bay, Alaska",7.100000,17,1,3,TOO_FEW_FILTERED_STATIONS,pgd_snr>=5; pgd_time_offset_s<=300; distance_km<=300; min_stations>=3
strict_snr5_time300_dist300_min3sta,"Strict set: SNR >= 5, time <= 300 s, distance <= 300 km, min 3 stations",STRICT,ak01649w95tp,2016-04-02T05:50:00.932000Z,United States,US,EarthScope PRIDE PPP-AR kin quality-passing stations,"42 km E of Port Heiden, Alaska",6.200000,3,0,3,TOO_FEW_FILTERED_STATIONS,pgd_snr>=5; pgd_time_offset_s<=300; distance_km<=300; min_stations>=3
strict_snr5_time300_dist300_min3sta,"Strict set: SNR >= 5, time <= 300 s, distance <= 300 km, min 3 stations",STRICT,ak018aap2cqu,2018-08-12T14:58:53.503000Z,United States,US,EarthScope PRIDE PPP-AR kin quality-passing stations,"89 km SW of Kaktovik, Alaska",6.400000,2,0,3,TOO_FEW_FILTERED_STATIONS,pgd_snr>=5; pgd_time_offset_s<=300; distance_km<=300; min_stations>=3
strict_snr5_time300_dist300_min3sta,"Strict set: SNR >= 5, time <= 300 s, distance <= 300 km, min 3 stations",STRICT,ak018aasz24z,2018-08-12T21:15:00.999000Z,United States,US,EarthScope PRIDE PPP-AR kin quality-passing stations,"73 km SSW of Kaktovik, Alaska",6.000000,2,0,3,TOO_FEW_FILTERED_STATIONS,pgd_snr>=5; pgd_time_offset_s<=300; distance_km<=300; min_stations>=3
strict_snr5_time300_dist300_min3sta,"Strict set: SNR >= 5, time <= 300 s, distance <= 300 km, min 3 stations",STRICT,ak0216xu2rod,2021-05-31T06:59:55.581000Z,United States,US,EarthScope PRIDE PPP-AR kin quality-passing stations,"73 km N of Chickaloon, Alaska",6.100000,13,0,3,TOO_FEW_FILTERED_STATIONS,pgd_snr>=5; pgd_time_offset_s<=300; distance_km<=300; min_stations>=3
strict_snr5_time300_dist300_min3sta,"Strict set: SNR >= 5, time <= 300 s, distance <= 300 km, min 3 stations",STRICT,ak021d1u1nos,2021-10-11T09:10:25.147000Z,United States,US,EarthScope PRIDE PPP-AR kin quality-passing stations,"112 km E of Chignik, Alaska",6.900000,1,0,3,TOO_FEW_FILTERED_STATIONS,pgd_snr>=5; pgd_time_offset_s<=300; distance_km<=300; min_stations>=3
strict_snr5_time300_dist300_min3sta,"Strict set: SNR >= 5, time <= 300 s, distance <= 300 km, min 3 stations",STRICT,ak2025xjbvhj,2025-11-27T17:11:29.059000Z,United States,US,EarthScope PRIDE PPP-AR kin quality-passing stations,"12 km WNW of Susitna, Alaska",6.000000,7,0,3,TOO_FEW_FILTERED_STATIONS,pgd_snr>=5; pgd_time_offset_s<=300; distance_km<=300; min_stations>=3
strict_snr5_time300_dist300_min3sta,"Strict set: SNR >= 5, time <= 300 s, distance <= 300 km, min 3 stations",STRICT,hv72748782,2021-10-10T21:48:36.560000Z,United States,US,EarthScope PRIDE PPP-AR kin quality-passing stations,"27 km SSE of Naalehu, Hawaii",6.210000,4,0,3,TOO_FEW_FILTERED_STATIONS,pgd_snr>=5; pgd_time_offset_s<=300; distance_km<=300; min_stations>=3
strict_snr5_time300_dist300_min3sta,"Strict set: SNR >= 5, time <= 300 s, distance <= 300 km, min 3 stations",STRICT,nc71338066,2010-01-10T00:27:39.320000Z,United States,US,EarthScope PRIDE PPP-AR kin quality-passing stations,"The 2010 Eureka, California Earthquake",6.500000,1,0,3,TOO_FEW_FILTERED_STATIONS,pgd_snr>=5; pgd_time_offset_s<=300; distance_km<=300; min_stations>=3
strict_snr5_time300_dist300_min3sta,"Strict set: SNR >= 5, time <= 300 s, distance <= 300 km, min 3 stations",STRICT,nc73666231,2021-12-20T20:10:31.310000Z,United States,US,EarthScope PRIDE PPP-AR kin quality-passing stations,"7km N of Petrolia, CA",6.200000,4,0,3,TOO_FEW_FILTERED_STATIONS,pgd_snr>=5; pgd_time_offset_s<=300; distance_km<=300; min_stations>=3
strict_snr5_time300_dist300_min3sta,"Strict set: SNR >= 5, time <= 300 s, distance <= 300 km, min 3 stations",STRICT,pr2019267000,2019-09-24T03:23:40.000000Z,United States,US,EarthScope PRIDE PPP-AR kin quality-passing stations,"67 km NNW of San Antonio, Puerto Rico",6.000000,9,0,3,TOO_FEW_FILTERED_STATIONS,pgd_snr>=5; pgd_time_offset_s<=300; distance_km<=300; min_stations>=3
strict_snr5_time300_dist300_min3sta,"Strict set: SNR >= 5, time <= 300 s, distance <= 300 km, min 3 stations",STRICT,pr2020007007,2020-01-07T08:24:27.370Z,Puerto Rico,Americas,EarthScope PRIDE PPP-AR kin quality-passing stations,"4 km SSE of Indios, Puerto Rico",6.400000,9,0,3,TOO_FEW_FILTERED_STATIONS,pgd_snr>=5; pgd_time_offset_s<=300; distance_km<=300; min_stations>=3
strict_snr5_time300_dist300_min3sta,"Strict set: SNR >= 5, time <= 300 s, distance <= 300 km, min 3 stations",STRICT,us10003vyx,2015-11-09T16:03:46.070000Z,United States,US,EarthScope PRIDE PPP-AR kin quality-passing stations,"99 km SE of Atka, Alaska",6.500000,1,0,3,TOO_FEW_FILTERED_STATIONS,pgd_snr>=5; pgd_time_offset_s<=300; distance_km<=300; min_stations>=3
strict_snr5_time300_dist300_min3sta,"Strict set: SNR >= 5, time <= 300 s, distance <= 300 km, min 3 stations",STRICT,us100047zq,2015-12-17T19:49:53.050Z,Mexico,Americas,EarthScope PRIDE PPP-AR kin quality-passing stations,"4 km W of Manuel Ávila Camacho (Ponte Duro), Mexico",6.600000,1,0,3,TOO_FEW_FILTERED_STATIONS,pgd_snr>=5; pgd_time_offset_s<=300; distance_km<=300; min_stations>=3
strict_snr5_time300_dist300_min3sta,"Strict set: SNR >= 5, time <= 300 s, distance <= 300 km, min 3 stations",STRICT,us10004x1w,2016-03-12T18:06:44.760000Z,United States,US,EarthScope PRIDE PPP-AR kin quality-passing stations,"72 km SSE of Atka, Alaska",6.300000,1,0,3,TOO_FEW_FILTERED_STATIONS,pgd_snr>=5; pgd_time_offset_s<=300; distance_km<=300; min_stations>=3
strict_snr5_time300_dist300_min3sta,"Strict set: SNR >= 5, time <= 300 s, distance <= 300 km, min 3 stations",STRICT,us10007c4w,2016-11-24T18:43:47.710Z,El Salvador,Americas,EarthScope PRIDE PPP-AR kin quality-passing stations,"156 km SSW of Puerto El Triunfo, El Salvador",6.900000,2,0,3,TOO_FEW_FILTERED_STATIONS,pgd_snr>=5; pgd_time_offset_s<=300; distance_km<=300; min_stations>=3
strict_snr5_time300_dist300_min3sta,"Strict set: SNR >= 5, time <= 300 s, distance <= 300 km, min 3 stations",STRICT,us10008mel,2017-05-01T12:31:55.590000Z,United States,US,EarthScope PRIDE PPP-AR kin quality-passing stations,"47 km NW of Mosquito Lake, Alaska",6.200000,4,0,3,TOO_FEW_FILTERED_STATIONS,pgd_snr>=5; pgd_time_offset_s<=300; distance_km<=300; min_stations>=3
strict_snr5_time300_dist300_min3sta,"Strict set: SNR >= 5, time <= 300 s, distance <= 300 km, min 3 stations",STRICT,us10008mgu,2017-05-01T14:18:15.290000Z,United States,US,EarthScope PRIDE PPP-AR kin quality-passing stations,"48 km NW of Mosquito Lake, Alaska",6.300000,4,0,3,TOO_FEW_FILTERED_STATIONS,pgd_snr>=5; pgd_time_offset_s<=300; distance_km<=300; min_stations>=3
strict_snr5_time300_dist300_min3sta,"Strict set: SNR >= 5, time <= 300 s, distance <= 300 km, min 3 stations",STRICT,us10008rtu,2017-05-12T10:41:26.710Z,El Salvador,Americas,EarthScope PRIDE PPP-AR kin quality-passing stations,"78 km SSW of Acajutla, El Salvador",6.200000,2,0,3,TOO_FEW_FILTERED_STATIONS,pgd_snr>=5; pgd_time_offset_s<=300; distance_km<=300; min_stations>=3
strict_snr5_time300_dist300_min3sta,"Strict set: SNR >= 5, time <= 300 s, distance <= 300 km, min 3 stations",STRICT,us1000ga0z,2018-08-15T21:56:56.310000Z,United States,US,EarthScope PRIDE PPP-AR kin quality-passing stations,"108 km WSW of Adak, Alaska",6.500000,1,0,3,TOO_FEW_FILTERED_STATIONS,pgd_snr>=5; pgd_time_offset_s<=300; distance_km<=300; min_stations>=3
strict_snr5_time300_dist300_min3sta,"Strict set: SNR >= 5, time <= 300 s, distance <= 300 km, min 3 stations",STRICT,us1000gc0k,2018-08-17T23:22:24.950Z,Costa Rica,Americas,EarthScope PRIDE PPP-AR kin quality-passing stations,"19 km NNW of Golfito, Costa Rica",6.100000,2,0,3,TOO_FEW_FILTERED_STATIONS,pgd_snr>=5; pgd_time_offset_s<=300; distance_km<=300; min_stations>=3
strict_snr5_time300_dist300_min3sta,"Strict set: SNR >= 5, time <= 300 s, distance <= 300 km, min 3 stations",STRICT,us1000gez7,2018-08-21T21:31:47.600Z,Venezuela,Americas,EarthScope PRIDE PPP-AR kin quality-passing stations,"40 km ENE of Carúpano, Venezuela",7.300000,3,0,3,TOO_FEW_FILTERED_STATIONS,pgd_snr>=5; pgd_time_offset_s<=300; distance_km<=300; min_stations>=3
strict_snr5_time300_dist300_min3sta,"Strict set: SNR >= 5, time <= 300 s, distance <= 300 km, min 3 stations",STRICT,us1000gf8u,2018-08-22T09:31:45.530000Z,United States,US,EarthScope PRIDE PPP-AR kin quality-passing stations,"272 km W of Bandon, Oregon",6.200000,4,0,3,TOO_FEW_FILTERED_STATIONS,pgd_snr>=5; pgd_time_offset_s<=300; distance_km<=300; min_stations>=3
strict_snr5_time300_dist300_min3sta,"Strict set: SNR >= 5, time <= 300 s, distance <= 300 km, min 3 stations",STRICT,us1000gfvg,2018-08-23T03:35:12.270000Z,United States,US,EarthScope PRIDE PPP-AR kin quality-passing stations,"97 km SW of Adak, Alaska",6.300000,1,0,3,TOO_FEW_FILTERED_STATIONS,pgd_snr>=5; pgd_time_offset_s<=300; distance_km<=300; min_stations>=3
strict_snr5_time300_dist300_min3sta,"Strict set: SNR >= 5, time <= 300 s, distance <= 300 km, min 3 stations",STRICT,us200030aq,2015-07-27T04:49:46.400000Z,United States,US,EarthScope PRIDE PPP-AR kin quality-passing stations,"Fox Islands, Aleutian Islands, Alaska",6.900000,1,0,3,TOO_FEW_FILTERED_STATIONS,pgd_snr>=5; pgd_time_offset_s<=300; distance_km<=300; min_stations>=3
strict_snr5_time300_dist300_min3sta,"Strict set: SNR >= 5, time <= 300 s, distance <= 300 km, min 3 stations",STRICT,us20003hq5,2015-09-10T10:26:44.810000Z,United States,US,EarthScope PRIDE PPP-AR kin quality-passing stations,"104 km SSW of Nikolski, Alaska",6.000000,1,0,3,TOO_FEW_FILTERED_STATIONS,pgd_snr>=5; pgd_time_offset_s<=300; distance_km<=300; min_stations>=3
strict_snr5_time300_dist300_min3sta,"Strict set: SNR >= 5, time <= 300 s, distance <= 300 km, min 3 stations",STRICT,us20005axu,2016-03-19T01:35:12.170000Z,United States,US,EarthScope PRIDE PPP-AR kin quality-passing stations,"75 km S of Atka, Alaska",6.000000,1,0,3,TOO_FEW_FILTERED_STATIONS,pgd_snr>=5; pgd_time_offset_s<=300; distance_km<=300; min_stations>=3
strict_snr5_time300_dist300_min3sta,"Strict set: SNR >= 5, time <= 300 s, distance <= 300 km, min 3 stations",STRICT,us200063cy,2016-06-10T03:25:22.920Z,Nicaragua,Americas,EarthScope PRIDE PPP-AR kin quality-passing stations,Nicaragua,6.100000,11,0,3,TOO_FEW_FILTERED_STATIONS,pgd_snr>=5; pgd_time_offset_s<=300; distance_km<=300; min_stations>=3
strict_snr5_time300_dist300_min3sta,"Strict set: SNR >= 5, time <= 300 s, distance <= 300 km, min 3 stations",STRICT,us20007z6r,2016-12-08T14:49:45.910000Z,United States,US,EarthScope PRIDE PPP-AR kin quality-passing stations,"164 km W of Ferndale, California",6.600000,3,0,3,TOO_FEW_FILTERED_STATIONS,pgd_snr>=5; pgd_time_offset_s<=300; distance_km<=300; min_stations>=3
strict_snr5_time300_dist300_min3sta,"Strict set: SNR >= 5, time <= 300 s, distance <= 300 km, min 3 stations",STRICT,us20009p1a,2017-06-22T12:31:03.490Z,Guatemala,Americas,EarthScope PRIDE PPP-AR kin quality-passing stations,"28 km SW of Puerto San José, Guatemala",6.800000,1,0,3,TOO_FEW_FILTERED_STATIONS,pgd_snr>=5; pgd_time_offset_s<=300; distance_km<=300; min_stations>=3
strict_snr5_time300_dist300_min3sta,"Strict set: SNR >= 5, time <= 300 s, distance <= 300 km, min 3 stations",STRICT,us2000ahv0,2017-09-08T04:49:19.180Z,Mexico,Americas,EarthScope PRIDE PPP-AR kin quality-passing stations,"2017 Tehuantepec, Mexico Earthquake",8.200000,2,1,3,TOO_FEW_FILTERED_STATIONS,pgd_snr>=5; pgd_time_offset_s<=300; distance_km<=300; min_stations>=3
strict_snr5_time300_dist300_min3sta,"Strict set: SNR >= 5, time <= 300 s, distance <= 300 km, min 3 stations",STRICT,us2000ar20,2017-09-19T18:14:38.090Z,Mexico,Americas,EarthScope PRIDE PPP-AR kin quality-passing stations,"1 km S of Matzaco, Mexico",7.100000,7,1,3,TOO_FEW_FILTERED_STATIONS,pgd_snr>=5; pgd_time_offset_s<=300; distance_km<=300; min_stations>=3
strict_snr5_time300_dist300_min3sta,"Strict set: SNR >= 5, time <= 300 s, distance <= 300 km, min 3 stations",STRICT,us2000atjv,2017-09-23T12:53:01.480Z,Mexico,Americas,EarthScope PRIDE PPP-AR kin quality-passing stations,"7 km NNE of Ixtepec, Mexico",6.100000,3,0,3,TOO_FEW_FILTERED_STATIONS,pgd_snr>=5; pgd_time_offset_s<=300; distance_km<=300; min_stations>=3
strict_snr5_time300_dist300_min3sta,"Strict set: SNR >= 5, time <= 300 s, distance <= 300 km, min 3 stations",STRICT,us2000bmhe,2017-11-13T02:28:23.680Z,Costa Rica,Americas,EarthScope PRIDE PPP-AR kin quality-passing stations,"18 km W of Parrita, Costa Rica",6.500000,3,0,3,TOO_FEW_FILTERED_STATIONS,pgd_snr>=5; pgd_time_offset_s<=300; distance_km<=300; min_stations>=3
strict_snr5_time300_dist300_min3sta,"Strict set: SNR >= 5, time <= 300 s, distance <= 300 km, min 3 stations",STRICT,us2000cl83,2018-01-19T16:17:44.720Z,Mexico,Americas,EarthScope PRIDE PPP-AR kin quality-passing stations,"79 km NNE of Loreto, Mexico",6.300000,2,0,3,TOO_FEW_FILTERED_STATIONS,pgd_snr>=5; pgd_time_offset_s<=300; distance_km<=300; min_stations>=3
strict_snr5_time300_dist300_min3sta,"Strict set: SNR >= 5, time <= 300 s, distance <= 300 km, min 3 stations",STRICT,us2000d3km,2018-02-16T23:39:39.280Z,Mexico,Americas,EarthScope PRIDE PPP-AR kin quality-passing stations,"4 km S of Pinotepa de Don Luis, Mexico",7.200000,9,1,3,TOO_FEW_FILTERED_STATIONS,pgd_snr>=5; pgd_time_offset_s<=300; distance_km<=300; min_stations>=3
strict_snr5_time300_dist300_min3sta,"Strict set: SNR >= 5, time <= 300 s, distance <= 300 km, min 3 stations",STRICT,us2000izcv,2018-12-31T02:35:37.670000Z,United States,US,EarthScope PRIDE PPP-AR kin quality-passing stations,"87 km SE of King Cove, Alaska",6.000000,1,0,3,TOO_FEW_FILTERED_STATIONS,pgd_snr>=5; pgd_time_offset_s<=300; distance_km<=300; min_stations>=3
strict_snr5_time300_dist300_min3sta,"Strict set: SNR >= 5, time <= 300 s, distance <= 300 km, min 3 stations",STRICT,us60003r2r,2019-05-23T08:45:17.746000Z,United States,US,EarthScope PRIDE PPP-AR kin quality-passing stations,"127 km WSW of Adak, Alaska",6.000000,1,0,3,TOO_FEW_FILTERED_STATIONS,pgd_snr>=5; pgd_time_offset_s<=300; distance_km<=300; min_stations>=3
strict_snr5_time300_dist300_min3sta,"Strict set: SNR >= 5, time <= 300 s, distance <= 300 km, min 3 stations",STRICT,us60007djn,2020-01-23T05:53:02.618000Z,United States,US,EarthScope PRIDE PPP-AR kin quality-passing stations,"84 km W of Adak, Alaska",6.200000,3,0,3,TOO_FEW_FILTERED_STATIONS,pgd_snr>=5; pgd_time_offset_s<=300; distance_km<=300; min_stations>=3
strict_snr5_time300_dist300_min3sta,"Strict set: SNR >= 5, time <= 300 s, distance <= 300 km, min 3 stations",STRICT,us60007idc,2020-01-28T19:10:24.918Z,Jamaica,Americas,EarthScope PRIDE PPP-AR kin quality-passing stations,"123 km NNW of Lucea, Jamaica",7.700000,1,0,3,TOO_FEW_FILTERED_STATIONS,pgd_snr>=5; pgd_time_offset_s<=300; distance_km<=300; min_stations>=3
strict_snr5_time300_dist300_min3sta,"Strict set: SNR >= 5, time <= 300 s, distance <= 300 km, min 3 stations",STRICT,us6000b56k,2020-07-28T08:03:43.215000Z,United States,US,EarthScope PRIDE PPP-AR kin quality-passing stations,"75 km SW of Sand Point, Alaska",6.100000,4,0,3,TOO_FEW_FILTERED_STATIONS,pgd_snr>=5; pgd_time_offset_s<=300; distance_km<=300; min_stations>=3
strict_snr5_time300_dist300_min3sta,"Strict set: SNR >= 5, time <= 300 s, distance <= 300 km, min 3 stations",STRICT,us6000exs5,2021-07-21T21:15:12.269Z,Panama,Americas,EarthScope PRIDE PPP-AR kin quality-passing stations,"71 km S of Burica, Panama",6.700000,1,0,3,TOO_FEW_FILTERED_STATIONS,pgd_snr>=5; pgd_time_offset_s<=300; distance_km<=300; min_stations>=3
strict_snr5_time300_dist300_min3sta,"Strict set: SNR >= 5, time <= 300 s, distance <= 300 km, min 3 stations",STRICT,us6000f652,2021-08-14T11:57:43.447000Z,United States,US,EarthScope PRIDE PPP-AR kin quality-passing stations,"125 km SE of Perryville, Alaska",6.900000,1,0,3,TOO_FEW_FILTERED_STATIONS,pgd_snr>=5; pgd_time_offset_s<=300; distance_km<=300; min_stations>=3
strict_snr5_time300_dist300_min3sta,"Strict set: SNR >= 5, time <= 300 s, distance <= 300 km, min 3 stations",STRICT,us6000f65h,2021-08-14T12:29:08.454Z,Haiti,Americas,EarthScope PRIDE PPP-AR kin quality-passing stations,"Nippes, Haiti",7.200000,5,0,3,TOO_FEW_FILTERED_STATIONS,pgd_snr>=5; pgd_time_offset_s<=300; distance_km<=300; min_stations>=3
strict_snr5_time300_dist300_min3sta,"Strict set: SNR >= 5, time <= 300 s, distance <= 300 km, min 3 stations",STRICT,us6000hf75,2022-04-21T07:42:46.508Z,Nicaragua,Americas,EarthScope PRIDE PPP-AR kin quality-passing stations,"55 km WSW of Masachapa, Nicaragua",6.600000,15,0,3,TOO_FEW_FILTERED_STATIONS,pgd_snr>=5; pgd_time_offset_s<=300; distance_km<=300; min_stations>=3
strict_snr5_time300_dist300_min3sta,"Strict set: SNR >= 5, time <= 300 s, distance <= 300 km, min 3 stations",STRICT,us6000iv6c,2022-10-20T11:57:12.575Z,Panama,Americas,EarthScope PRIDE PPP-AR kin quality-passing stations,"60 km SSW of Boca Chica, Panama",6.700000,2,0,3,TOO_FEW_FILTERED_STATIONS,pgd_snr>=5; pgd_time_offset_s<=300; distance_km<=300; min_stations>=3
strict_snr5_time300_dist300_min3sta,"Strict set: SNR >= 5, time <= 300 s, distance <= 300 km, min 3 stations",STRICT,us6000k20g,2023-04-04T22:18:12.640Z,Panama,Americas,EarthScope PRIDE PPP-AR kin quality-passing stations,"73 km S of Boca Chica, Panama",6.300000,4,0,3,TOO_FEW_FILTERED_STATIONS,pgd_snr>=5; pgd_time_offset_s<=300; distance_km<=300; min_stations>=3
strict_snr5_time300_dist300_min3sta,"Strict set: SNR >= 5, time <= 300 s, distance <= 300 km, min 3 stations",STRICT,us6000kcnb,2023-05-17T23:01:59.919Z,Guatemala,Americas,EarthScope PRIDE PPP-AR kin quality-passing stations,"8 km SE of Canillá, Guatemala",6.400000,2,0,3,TOO_FEW_FILTERED_STATIONS,pgd_snr>=5; pgd_time_offset_s<=300; distance_km<=300; min_stations>=3
strict_snr5_time300_dist300_min3sta,"Strict set: SNR >= 5, time <= 300 s, distance <= 300 km, min 3 stations",STRICT,us6000mzme,2024-05-19T09:35:24.660000Z,United States,US,EarthScope PRIDE PPP-AR kin quality-passing stations,"169 km SW of Nikolski, Alaska",6.000000,1,0,3,TOO_FEW_FILTERED_STATIONS,pgd_snr>=5; pgd_time_offset_s<=300; distance_km<=300; min_stations>=3
strict_snr5_time300_dist300_min3sta,"Strict set: SNR >= 5, time <= 300 s, distance <= 300 km, min 3 stations",STRICT,us6000nncs,2024-08-28T21:57:54.957Z,El Salvador,Americas,EarthScope PRIDE PPP-AR kin quality-passing stations,"56 km SSW of La Libertad, El Salvador",6.100000,2,0,3,TOO_FEW_FILTERED_STATIONS,pgd_snr>=5; pgd_time_offset_s<=300; distance_km<=300; min_stations>=3
strict_snr5_time300_dist300_min3sta,"Strict set: SNR >= 5, time <= 300 s, distance <= 300 km, min 3 stations",STRICT,us6000nyau,2024-10-12T17:43:44.516Z,Costa Rica,Americas,EarthScope PRIDE PPP-AR kin quality-passing stations,"40 km WNW of Tamarindo, Costa Rica",6.200000,2,0,3,TOO_FEW_FILTERED_STATIONS,pgd_snr>=5; pgd_time_offset_s<=300; distance_km<=300; min_stations>=3
strict_snr5_time300_dist300_min3sta,"Strict set: SNR >= 5, time <= 300 s, distance <= 300 km, min 3 stations",STRICT,us6000pi09,2025-01-05T17:18:45.784Z,El Salvador,Americas,EarthScope PRIDE PPP-AR kin quality-passing stations,"56 km SSE of La Libertad, El Salvador",6.200000,1,0,3,TOO_FEW_FILTERED_STATIONS,pgd_snr>=5; pgd_time_offset_s<=300; distance_km<=300; min_stations>=3
strict_snr5_time300_dist300_min3sta,"Strict set: SNR >= 5, time <= 300 s, distance <= 300 km, min 3 stations",STRICT,us6000pjig,2025-01-12T08:32:49.944Z,Mexico,Americas,EarthScope PRIDE PPP-AR kin quality-passing stations,"18 km SE of Aquila, Mexico",6.200000,10,0,3,TOO_FEW_FILTERED_STATIONS,pgd_snr>=5; pgd_time_offset_s<=300; distance_km<=300; min_stations>=3
strict_snr5_time300_dist300_min3sta,"Strict set: SNR >= 5, time <= 300 s, distance <= 300 km, min 3 stations",STRICT,us6000r3at,2025-08-23T09:14:22.210Z,El Salvador,Americas,EarthScope PRIDE PPP-AR kin quality-passing stations,"88 km SW of Acajutla, El Salvador",6.000000,1,0,3,TOO_FEW_FILTERED_STATIONS,pgd_snr>=5; pgd_time_offset_s<=300; distance_km<=300; min_stations>=3
strict_snr5_time300_dist300_min3sta,"Strict set: SNR >= 5, time <= 300 s, distance <= 300 km, min 3 stations",STRICT,us6000rjq8,2025-10-27T12:38:40.364Z,Guadeloupe,Americas,EarthScope PRIDE PPP-AR kin quality-passing stations,"164 km E of Beauséjour, Guadeloupe",6.500000,7,0,3,TOO_FEW_FILTERED_STATIONS,pgd_snr>=5; pgd_time_offset_s<=300; distance_km<=300; min_stations>=3
strict_snr5_time300_dist300_min3sta,"Strict set: SNR >= 5, time <= 300 s, distance <= 300 km, min 3 stations",STRICT,us6000rsy1,2025-12-06T20:41:49.288000Z,United States,US,EarthScope PRIDE PPP-AR kin quality-passing stations,2025 Hubbard Glacier Earthquake,7.000000,1,0,3,TOO_FEW_FILTERED_STATIONS,pgd_snr>=5; pgd_time_offset_s<=300; distance_km<=300; min_stations>=3
strict_snr5_time300_dist300_min3sta,"Strict set: SNR >= 5, time <= 300 s, distance <= 300 km, min 3 stations",STRICT,us6000sayv,2026-02-23T05:11:48.410000Z,United States,US,EarthScope PRIDE PPP-AR kin quality-passing stations,"96 km SW of Nikolski, Alaska",6.000000,2,0,3,TOO_FEW_FILTERED_STATIONS,pgd_snr>=5; pgd_time_offset_s<=300; distance_km<=300; min_stations>=3
strict_snr5_time300_dist300_min3sta,"Strict set: SNR >= 5, time <= 300 s, distance <= 300 km, min 3 stations",STRICT,us6000sy84,2026-05-16T14:50:05.533Z,Antigua and Barbuda,Americas,EarthScope PRIDE PPP-AR kin quality-passing stations,"61 km ESE of Codrington, Antigua and Barbuda",6.000000,12,0,3,TOO_FEW_FILTERED_STATIONS,pgd_snr>=5; pgd_time_offset_s<=300; distance_km<=300; min_stations>=3
strict_snr5_time300_dist300_min3sta,"Strict set: SNR >= 5, time <= 300 s, distance <= 300 km, min 3 stations",STRICT,us6000t7zc,2026-06-24T22:04:33.389000Z,Venezuela,Americas,EarthScope PRIDE PPP-AR kin quality-passing stations,"23 km SE of Yumare, Venezuela",7.200000,29,0,3,TOO_FEW_FILTERED_STATIONS,pgd_snr>=5; pgd_time_offset_s<=300; distance_km<=300; min_stations>=3
strict_snr5_time300_dist300_min3sta,"Strict set: SNR >= 5, time <= 300 s, distance <= 300 km, min 3 stations",STRICT,us6000t7zp,2026-06-24T22:05:11.566000Z,Venezuela,Americas,EarthScope PRIDE PPP-AR kin quality-passing stations,"28 km SE of Yumare, Venezuela",7.500000,29,0,3,TOO_FEW_FILTERED_STATIONS,pgd_snr>=5; pgd_time_offset_s<=300; distance_km<=300; min_stations>=3
strict_snr5_time300_dist300_min3sta,"Strict set: SNR >= 5, time <= 300 s, distance <= 300 km, min 3 stations",STRICT,us70003k3p,2019-05-12T19:24:50.373Z,Panama,Americas,EarthScope PRIDE PPP-AR kin quality-passing stations,"1 km W of Breñón, Panama",6.000000,1,0,3,TOO_FEW_FILTERED_STATIONS,pgd_snr>=5; pgd_time_offset_s<=300; distance_km<=300; min_stations>=3
strict_snr5_time300_dist300_min3sta,"Strict set: SNR >= 5, time <= 300 s, distance <= 300 km, min 3 stations",STRICT,us7000455l,2019-06-26T05:23:51.514Z,Panama,Americas,EarthScope PRIDE PPP-AR kin quality-passing stations,"4 km SE of Aserrío de Gariché, Panama",6.200000,2,0,3,TOO_FEW_FILTERED_STATIONS,pgd_snr>=5; pgd_time_offset_s<=300; distance_km<=300; min_stations>=3
strict_snr5_time300_dist300_min3sta,"Strict set: SNR >= 5, time <= 300 s, distance <= 300 km, min 3 stations",STRICT,us700059qh,2019-08-29T15:07:58.646000Z,United States,US,EarthScope PRIDE PPP-AR kin quality-passing stations,"285 km W of Bandon, Oregon",6.300000,2,0,3,TOO_FEW_FILTERED_STATIONS,pgd_snr>=5; pgd_time_offset_s<=300; distance_km<=300; min_stations>=3
strict_snr5_time300_dist300_min3sta,"Strict set: SNR >= 5, time <= 300 s, distance <= 300 km, min 3 stations",STRICT,us70008jr5,2020-03-31T23:52:30.781000Z,United States,US,EarthScope PRIDE PPP-AR kin quality-passing stations,"Stanley, Idaho",6.500000,11,0,3,TOO_FEW_FILTERED_STATIONS,pgd_snr>=5; pgd_time_offset_s<=300; distance_km<=300; min_stations>=3
strict_snr5_time300_dist300_min3sta,"Strict set: SNR >= 5, time <= 300 s, distance <= 300 km, min 3 stations",STRICT,us7000asx4,2020-07-22T06:16:18.627000Z,United States,US,EarthScope PRIDE PPP-AR kin quality-passing stations,"101 km ESE of Sand Point, Alaska",6.100000,5,0,3,TOO_FEW_FILTERED_STATIONS,pgd_snr>=5; pgd_time_offset_s<=300; distance_km<=300; min_stations>=3
strict_snr5_time300_dist300_min3sta,"Strict set: SNR >= 5, time <= 300 s, distance <= 300 km, min 3 stations",STRICT,us7000bcbv,2020-08-24T21:51:09.259Z,Costa Rica,Americas,EarthScope PRIDE PPP-AR kin quality-passing stations,"4 km SSW of Jacó, Costa Rica",6.000000,2,0,3,TOO_FEW_FILTERED_STATIONS,pgd_snr>=5; pgd_time_offset_s<=300; distance_km<=300; min_stations>=3
strict_snr5_time300_dist300_min3sta,"Strict set: SNR >= 5, time <= 300 s, distance <= 300 km, min 3 stations",STRICT,us7000clnv,2020-12-01T16:22:39.923000Z,United States,US,EarthScope PRIDE PPP-AR kin quality-passing stations,"46 km ESE of Nikolski, Alaska",6.400000,2,0,3,TOO_FEW_FILTERED_STATIONS,pgd_snr>=5; pgd_time_offset_s<=300; distance_km<=300; min_stations>=3
strict_snr5_time300_dist300_min3sta,"Strict set: SNR >= 5, time <= 300 s, distance <= 300 km, min 3 stations",STRICT,us7000e2c6,2021-05-12T08:45:44.539Z,El Salvador,Americas,EarthScope PRIDE PPP-AR kin quality-passing stations,"55 km SW of Acajutla, El Salvador",6.000000,1,0,3,TOO_FEW_FILTERED_STATIONS,pgd_snr>=5; pgd_time_offset_s<=300; distance_km<=300; min_stations>=3
strict_snr5_time300_dist300_min3sta,"Strict set: SNR >= 5, time <= 300 s, distance <= 300 km, min 3 stations",STRICT,us7000e2rq,2021-05-13T09:42:12.044Z,Panama,Americas,EarthScope PRIDE PPP-AR kin quality-passing stations,"154 km SSE of Punta de Burica, Panama",6.100000,1,0,3,TOO_FEW_FILTERED_STATIONS,pgd_snr>=5; pgd_time_offset_s<=300; distance_km<=300; min_stations>=3
strict_snr5_time300_dist300_min3sta,"Strict set: SNR >= 5, time <= 300 s, distance <= 300 km, min 3 stations",STRICT,us7000emzy,2021-07-17T20:56:10.107Z,Panama,Americas,EarthScope PRIDE PPP-AR kin quality-passing stations,"135 km S of Burica, Panama",6.100000,1,0,3,TOO_FEW_FILTERED_STATIONS,pgd_snr>=5; pgd_time_offset_s<=300; distance_km<=300; min_stations>=3
strict_snr5_time300_dist300_min3sta,"Strict set: SNR >= 5, time <= 300 s, distance <= 300 km, min 3 stations",STRICT,us7000f93v,2021-09-08T01:47:47.437Z,Mexico,Americas,EarthScope PRIDE PPP-AR kin quality-passing stations,"Acapulco, Mexico",7.000000,6,0,3,TOO_FEW_FILTERED_STATIONS,pgd_snr>=5; pgd_time_offset_s<=300; distance_km<=300; min_stations>=3
strict_snr5_time300_dist300_min3sta,"Strict set: SNR >= 5, time <= 300 s, distance <= 300 km, min 3 stations",STRICT,us7000fdds,2021-09-22T09:57:07.023Z,Nicaragua,Americas,EarthScope PRIDE PPP-AR kin quality-passing stations,"80 km SW of Jiquilillo, Nicaragua",6.500000,1,0,3,TOO_FEW_FILTERED_STATIONS,pgd_snr>=5; pgd_time_offset_s<=300; distance_km<=300; min_stations>=3
strict_snr5_time300_dist300_min3sta,"Strict set: SNR >= 5, time <= 300 s, distance <= 300 km, min 3 stations",STRICT,us7000fskw,2021-11-09T06:25:14.907Z,Nicaragua,Americas,EarthScope PRIDE PPP-AR kin quality-passing stations,"62 km S of Masachapa, Nicaragua",6.300000,3,0,3,TOO_FEW_FILTERED_STATIONS,pgd_snr>=5; pgd_time_offset_s<=300; distance_km<=300; min_stations>=3
strict_snr5_time300_dist300_min3sta,"Strict set: SNR >= 5, time <= 300 s, distance <= 300 km, min 3 stations",STRICT,us7000g9nb,2022-01-06T16:25:05.973Z,Nicaragua,Americas,EarthScope PRIDE PPP-AR kin quality-passing stations,near the coast of Nicaragua,6.100000,6,0,3,TOO_FEW_FILTERED_STATIONS,pgd_snr>=5; pgd_time_offset_s<=300; distance_km<=300; min_stations>=3
strict_snr5_time300_dist300_min3sta,"Strict set: SNR >= 5, time <= 300 s, distance <= 300 km, min 3 stations",STRICT,us7000gavu,2022-01-11T11:35:43.674000Z,United States,US,EarthScope PRIDE PPP-AR kin quality-passing stations,"100 km SE of Nikolski, Alaska",6.800000,1,0,3,TOO_FEW_FILTERED_STATIONS,pgd_snr>=5; pgd_time_offset_s<=300; distance_km<=300; min_stations>=3
strict_snr5_time300_dist300_min3sta,"Strict set: SNR >= 5, time <= 300 s, distance <= 300 km, min 3 stations",STRICT,us7000gawk,2022-01-11T12:39:32.454000Z,United States,US,EarthScope PRIDE PPP-AR kin quality-passing stations,"53 km SE of Nikolski, Alaska",6.600000,1,0,3,TOO_FEW_FILTERED_STATIONS,pgd_snr>=5; pgd_time_offset_s<=300; distance_km<=300; min_stations>=3
strict_snr5_time300_dist300_min3sta,"Strict set: SNR >= 5, time <= 300 s, distance <= 300 km, min 3 stations",STRICT,us7000ge5q,2022-01-22T05:17:04.896000Z,United States,US,EarthScope PRIDE PPP-AR kin quality-passing stations,"71 km S of Unalaska, Alaska",6.200000,1,0,3,TOO_FEW_FILTERED_STATIONS,pgd_snr>=5; pgd_time_offset_s<=300; distance_km<=300; min_stations>=3
strict_snr5_time300_dist300_min3sta,"Strict set: SNR >= 5, time <= 300 s, distance <= 300 km, min 3 stations",STRICT,us7000ia36,2022-09-22T06:16:09.459Z,Mexico,Americas,EarthScope PRIDE PPP-AR kin quality-passing stations,"55 km SSW of Aguililla, Mexico",6.800000,8,0,3,TOO_FEW_FILTERED_STATIONS,pgd_snr>=5; pgd_time_offset_s<=300; distance_km<=300; min_stations>=3
strict_snr5_time300_dist300_min3sta,"Strict set: SNR >= 5, time <= 300 s, distance <= 300 km, min 3 stations",STRICT,us7000imgl,2022-11-04T10:02:46.346Z,Mexico,Americas,EarthScope PRIDE PPP-AR kin quality-passing stations,"82 km SSW of Bahía de Kino, Mexico",6.100000,1,0,3,TOO_FEW_FILTERED_STATIONS,pgd_snr>=5; pgd_time_offset_s<=300; distance_km<=300; min_stations>=3
strict_snr5_time300_dist300_min3sta,"Strict set: SNR >= 5, time <= 300 s, distance <= 300 km, min 3 stations",STRICT,us7000irjd,2022-11-22T16:39:05.789Z,Mexico,Americas,EarthScope PRIDE PPP-AR kin quality-passing stations,"28 km SW of Las Brisas, Mexico",6.200000,49,2,3,TOO_FEW_FILTERED_STATIONS,pgd_snr>=5; pgd_time_offset_s<=300; distance_km<=300; min_stations>=3
strict_snr5_time300_dist300_min3sta,"Strict set: SNR >= 5, time <= 300 s, distance <= 300 km, min 3 stations",STRICT,us7000j5sc,2023-01-20T11:23:40.603Z,Guadeloupe,Americas,EarthScope PRIDE PPP-AR kin quality-passing stations,"40 km WSW of Pointe-Noire, Guadeloupe",6.100000,9,0,3,TOO_FEW_FILTERED_STATIONS,pgd_snr>=5; pgd_time_offset_s<=300; distance_km<=300; min_stations>=3
strict_snr5_time300_dist300_min3sta,"Strict set: SNR >= 5, time <= 300 s, distance <= 300 km, min 3 stations",STRICT,us7000k3n3,2023-05-25T03:05:32.956Z,Panama,Americas,EarthScope PRIDE PPP-AR kin quality-passing stations,"45 km NE of Puerto Obaldía, Panama",6.500000,2,0,3,TOO_FEW_FILTERED_STATIONS,pgd_snr>=5; pgd_time_offset_s<=300; distance_km<=300; min_stations>=3
strict_snr5_time300_dist300_min3sta,"Strict set: SNR >= 5, time <= 300 s, distance <= 300 km, min 3 stations",STRICT,us7000keq3,2023-07-10T20:28:26.195Z,Antigua and Barbuda,Americas,EarthScope PRIDE PPP-AR kin quality-passing stations,"278 km NNE of Codrington, Antigua and Barbuda",6.600000,2,0,3,TOO_FEW_FILTERED_STATIONS,pgd_snr>=5; pgd_time_offset_s<=300; distance_km<=300; min_stations>=3
strict_snr5_time300_dist300_min3sta,"Strict set: SNR >= 5, time <= 300 s, distance <= 300 km, min 3 stations",STRICT,us7000kfnc,2023-07-14T09:29:00.404Z,Mexico,Americas,EarthScope PRIDE PPP-AR kin quality-passing stations,"Offshore Chiapas, Mexico",6.300000,1,0,3,TOO_FEW_FILTERED_STATIONS,pgd_snr>=5; pgd_time_offset_s<=300; distance_km<=300; min_stations>=3
strict_snr5_time300_dist300_min3sta,"Strict set: SNR >= 5, time <= 300 s, distance <= 300 km, min 3 stations",STRICT,us7000kg30,2023-07-16T06:48:21.158000Z,United States,US,EarthScope PRIDE PPP-AR kin quality-passing stations,"2023 Sand Point, Alaska Earthquake",7.200000,7,1,3,TOO_FEW_FILTERED_STATIONS,pgd_snr>=5; pgd_time_offset_s<=300; distance_km<=300; min_stations>=3
strict_snr5_time300_dist300_min3sta,"Strict set: SNR >= 5, time <= 300 s, distance <= 300 km, min 3 stations",STRICT,us7000kgpb,2023-07-19T00:22:07.656Z,El Salvador,Americas,EarthScope PRIDE PPP-AR kin quality-passing stations,"43 km S of Intipucá, El Salvador",6.500000,2,0,3,TOO_FEW_FILTERED_STATIONS,pgd_snr>=5; pgd_time_offset_s<=300; distance_km<=300; min_stations>=3
strict_snr5_time300_dist300_min3sta,"Strict set: SNR >= 5, time <= 300 s, distance <= 300 km, min 3 stations",STRICT,us7000luai,2024-01-27T05:52:48.419Z,Guatemala,Americas,EarthScope PRIDE PPP-AR kin quality-passing stations,"15 km W of Taxisco, Guatemala",6.100000,1,0,3,TOO_FEW_FILTERED_STATIONS,pgd_snr>=5; pgd_time_offset_s<=300; distance_km<=300; min_stations>=3
strict_snr5_time300_dist300_min3sta,"Strict set: SNR >= 5, time <= 300 s, distance <= 300 km, min 3 stations",STRICT,us7000mu1p,2024-06-23T03:57:58.918Z,Venezuela,Americas,EarthScope PRIDE PPP-AR kin quality-passing stations,"20 km NE of Yaguaraparo, Venezuela",6.000000,1,0,3,TOO_FEW_FILTERED_STATIONS,pgd_snr>=5; pgd_time_offset_s<=300; distance_km<=300; min_stations>=3
strict_snr5_time300_dist300_min3sta,"Strict set: SNR >= 5, time <= 300 s, distance <= 300 km, min 3 stations",STRICT,us7000n068,2024-07-19T03:13:47.417000Z,United States,US,EarthScope PRIDE PPP-AR kin quality-passing stations,"168 km SW of Nikolski, Alaska",6.000000,1,0,3,TOO_FEW_FILTERED_STATIONS,pgd_snr>=5; pgd_time_offset_s<=300; distance_km<=300; min_stations>=3
strict_snr5_time300_dist300_min3sta,"Strict set: SNR >= 5, time <= 300 s, distance <= 300 km, min 3 stations",STRICT,us7000n0ka,2024-07-21T02:53:48.910Z,Guatemala,Americas,EarthScope PRIDE PPP-AR kin quality-passing stations,"6 km E of Jalapa, Guatemala",6.200000,1,0,3,TOO_FEW_FILTERED_STATIONS,pgd_snr>=5; pgd_time_offset_s<=300; distance_km<=300; min_stations>=3
strict_snr5_time300_dist300_min3sta,"Strict set: SNR >= 5, time <= 300 s, distance <= 300 km, min 3 stations",STRICT,us7000np33,2024-10-30T20:15:20.095000Z,United States,US,EarthScope PRIDE PPP-AR kin quality-passing stations,"267 km W of Bandon, Oregon",6.000000,6,0,3,TOO_FEW_FILTERED_STATIONS,pgd_snr>=5; pgd_time_offset_s<=300; distance_km<=300; min_stations>=3
strict_snr5_time300_dist300_min3sta,"Strict set: SNR >= 5, time <= 300 s, distance <= 300 km, min 3 stations",STRICT,us7000nr0v,2024-11-10T16:49:50.426Z,Cuba,Americas,EarthScope PRIDE PPP-AR kin quality-passing stations,"42 km SSW of Bartolomé Masó, Cuba",6.800000,1,0,3,TOO_FEW_FILTERED_STATIONS,pgd_snr>=5; pgd_time_offset_s<=300; distance_km<=300; min_stations>=3
strict_snr5_time300_dist300_min3sta,"Strict set: SNR >= 5, time <= 300 s, distance <= 300 km, min 3 stations",STRICT,us7000nx3z,2024-12-08T19:57:08.602000Z,United States,US,EarthScope PRIDE PPP-AR kin quality-passing stations,"108 km SSW of Adak, Alaska",6.300000,2,0,3,TOO_FEW_FILTERED_STATIONS,pgd_snr>=5; pgd_time_offset_s<=300; distance_km<=300; min_stations>=3
strict_snr5_time300_dist300_min3sta,"Strict set: SNR >= 5, time <= 300 s, distance <= 300 km, min 3 stations",STRICT,us7000pllt,2025-03-21T14:50:51.364Z,Panama,Americas,EarthScope PRIDE PPP-AR kin quality-passing stations,"124 km SSE of Burica, Panama",6.200000,4,1,3,TOO_FEW_FILTERED_STATIONS,pgd_snr>=5; pgd_time_offset_s<=300; distance_km<=300; min_stations>=3
strict_snr5_time300_dist300_min3sta,"Strict set: SNR >= 5, time <= 300 s, distance <= 300 km, min 3 stations",STRICT,us7000pllu,2025-03-21T14:53:41.774000Z,United States,US,EarthScope PRIDE PPP-AR kin quality-passing stations,"88 km SSE of Adak, Alaska",6.200000,1,0,3,TOO_FEW_FILTERED_STATIONS,pgd_snr>=5; pgd_time_offset_s<=300; distance_km<=300; min_stations>=3
strict_snr5_time300_dist300_min3sta,"Strict set: SNR >= 5, time <= 300 s, distance <= 300 km, min 3 stations",STRICT,us7000pvtr,2025-04-29T14:53:37.897Z,Americas,Americas,EarthScope PRIDE PPP-AR kin quality-passing stations,Macquarie Island region,6.800000,1,0,3,TOO_FEW_FILTERED_STATIONS,pgd_snr>=5; pgd_time_offset_s<=300; distance_km<=300; min_stations>=3
strict_snr5_time300_dist300_min3sta,"Strict set: SNR >= 5, time <= 300 s, distance <= 300 km, min 3 stations",STRICT,us7000qclp,2025-07-14T17:16:49.051Z,Panama,Americas,EarthScope PRIDE PPP-AR kin quality-passing stations,"206 km S of Burica, Panama",6.200000,1,0,3,TOO_FEW_FILTERED_STATIONS,pgd_snr>=5; pgd_time_offset_s<=300; distance_km<=300; min_stations>=3
strict_snr5_time300_dist300_min3sta,"Strict set: SNR >= 5, time <= 300 s, distance <= 300 km, min 3 stations",STRICT,us7000qe51,2025-07-20T22:28:00.041000Z,United States,US,EarthScope PRIDE PPP-AR kin quality-passing stations,"91 km SSE of Sand Point, Alaska",6.200000,6,0,3,TOO_FEW_FILTERED_STATIONS,pgd_snr>=5; pgd_time_offset_s<=300; distance_km<=300; min_stations>=3
strict_snr5_time300_dist300_min3sta,"Strict set: SNR >= 5, time <= 300 s, distance <= 300 km, min 3 stations",STRICT,us7000rm3k,2026-01-02T13:58:15.741Z,Mexico,Americas,EarthScope PRIDE PPP-AR kin quality-passing stations,"0 km W of San Marcos, Mexico",6.500000,1,0,3,TOO_FEW_FILTERED_STATIONS,pgd_snr>=5; pgd_time_offset_s<=300; distance_km<=300; min_stations>=3
strict_snr5_time300_dist300_min3sta,"Strict set: SNR >= 5, time <= 300 s, distance <= 300 km, min 3 stations",STRICT,us7000rq0d,2026-01-16T03:25:53.034000Z,United States,US,EarthScope PRIDE PPP-AR kin quality-passing stations,off the coast of Oregon,6.000000,1,0,3,TOO_FEW_FILTERED_STATIONS,pgd_snr>=5; pgd_time_offset_s<=300; distance_km<=300; min_stations>=3
strict_snr5_time300_dist300_min3sta,"Strict set: SNR >= 5, time <= 300 s, distance <= 300 km, min 3 stations",STRICT,us7000s8q0,2026-03-30T08:44:13.780Z,Americas,Americas,EarthScope PRIDE PPP-AR kin quality-passing stations,"51 km ENE of Luganville, Vanuatu",7.300000,1,0,3,TOO_FEW_FILTERED_STATIONS,pgd_snr>=5; pgd_time_offset_s<=300; distance_km<=300; min_stations>=3
strict_snr5_time300_dist300_min3sta,"Strict set: SNR >= 5, time <= 300 s, distance <= 300 km, min 3 stations",STRICT,usb000jdt7,2013-08-30T16:25:02.300000Z,United States,US,EarthScope PRIDE PPP-AR kin quality-passing stations,"101 km SW of Atka, Alaska",7.000000,1,0,3,TOO_FEW_FILTERED_STATIONS,pgd_snr>=5; pgd_time_offset_s<=300; distance_km<=300; min_stations>=3
strict_snr5_time300_dist300_min3sta,"Strict set: SNR >= 5, time <= 300 s, distance <= 300 km, min 3 stations",STRICT,usb000je9f,2013-08-31T06:38:36.350000Z,United States,US,EarthScope PRIDE PPP-AR kin quality-passing stations,"118 km SSW of Atka, Alaska",6.000000,1,0,3,TOO_FEW_FILTERED_STATIONS,pgd_snr>=5; pgd_time_offset_s<=300; distance_km<=300; min_stations>=3
strict_snr5_time300_dist300_min3sta,"Strict set: SNR >= 5, time <= 300 s, distance <= 300 km, min 3 stations",STRICT,usb000jgju,2013-09-04T02:32:30.600000Z,United States,US,EarthScope PRIDE PPP-AR kin quality-passing stations,"81 km SSW of Atka, Alaska",6.500000,1,0,3,TOO_FEW_FILTERED_STATIONS,pgd_snr>=5; pgd_time_offset_s<=300; distance_km<=300; min_stations>=3
strict_snr5_time300_dist300_min3sta,"Strict set: SNR >= 5, time <= 300 s, distance <= 300 km, min 3 stations",STRICT,usb000jguz,2013-09-04T06:27:03.560000Z,United States,US,EarthScope PRIDE PPP-AR kin quality-passing stations,"82 km SSW of Atka, Alaska",6.000000,1,0,3,TOO_FEW_FILTERED_STATIONS,pgd_snr>=5; pgd_time_offset_s<=300; distance_km<=300; min_stations>=3
strict_snr5_time300_dist300_min3sta,"Strict set: SNR >= 5, time <= 300 s, distance <= 300 km, min 3 stations",STRICT,usb000rtp6,2014-07-17T11:49:33.930000Z,United States,US,EarthScope PRIDE PPP-AR kin quality-passing stations,"90 km NNW of Yakutat, Alaska",6.000000,2,0,3,TOO_FEW_FILTERED_STATIONS,pgd_snr>=5; pgd_time_offset_s<=300; distance_km<=300; min_stations>=3
strict_snr5_time300_dist300_min3sta,"Strict set: SNR >= 5, time <= 300 s, distance <= 300 km, min 3 stations",STRICT,usb000slwn,2014-10-14T03:51:34.460Z,El Salvador,Americas,EarthScope PRIDE PPP-AR kin quality-passing stations,"74 km S of Intipucá, El Salvador",7.300000,3,0,3,TOO_FEW_FILTERED_STATIONS,pgd_snr>=5; pgd_time_offset_s<=300; distance_km<=300; min_stations>=3
strict_snr5_time300_dist300_min3sta,"Strict set: SNR >= 5, time <= 300 s, distance <= 300 km, min 3 stations",STRICT,usc000juwv,2013-09-15T16:21:37.150000Z,United States,US,EarthScope PRIDE PPP-AR kin quality-passing stations,"77 km SSW of Atka, Alaska",6.100000,1,0,3,TOO_FEW_FILTERED_STATIONS,pgd_snr>=5; pgd_time_offset_s<=300; distance_km<=300; min_stations>=3
strict_snr5_time300_dist300_min3sta,"Strict set: SNR >= 5, time <= 300 s, distance <= 300 km, min 3 stations",STRICT,usc000m1w9,2014-01-13T04:01:03.240000Z,United States,US,EarthScope PRIDE PPP-AR kin quality-passing stations,"61 km N of Hatillo, Puerto Rico",6.400000,2,0,3,TOO_FEW_FILTERED_STATIONS,pgd_snr>=5; pgd_time_offset_s<=300; distance_km<=300; min_stations>=3
strict_snr5_time300_dist300_min3sta,"Strict set: SNR >= 5, time <= 300 s, distance <= 300 km, min 3 stations",STRICT,usc000myqq,2014-02-26T21:13:40.110000Z,United States,US,EarthScope PRIDE PPP-AR kin quality-passing stations,"210 km WNW of Nikolski, Alaska",6.100000,2,0,3,TOO_FEW_FILTERED_STATIONS,pgd_snr>=5; pgd_time_offset_s<=300; distance_km<=300; min_stations>=3
strict_snr5_time300_dist300_min3sta,"Strict set: SNR >= 5, time <= 300 s, distance <= 300 km, min 3 stations",STRICT,usc000p11f,2014-04-02T16:13:26.720Z,Panama,Americas,EarthScope PRIDE PPP-AR kin quality-passing stations,"33 km SSW of Boca Chica, Panama",6.000000,1,0,3,TOO_FEW_FILTERED_STATIONS,pgd_snr>=5; pgd_time_offset_s<=300; distance_km<=300; min_stations>=3
strict_snr5_time300_dist300_min3sta,"Strict set: SNR >= 5, time <= 300 s, distance <= 300 km, min 3 stations",STRICT,usc000t4gc,2014-12-07T21:16:35.740Z,Guatemala,Americas,EarthScope PRIDE PPP-AR kin quality-passing stations,"61 km SSW of Nueva Concepción, Guatemala",6.100000,1,0,3,TOO_FEW_FILTERED_STATIONS,pgd_snr>=5; pgd_time_offset_s<=300; distance_km<=300; min_stations>=3
strict_snr5_time300_dist300_min3sta,"Strict set: SNR >= 5, time <= 300 s, distance <= 300 km, min 3 stations",STRICT,usp000jhpg,2012-04-11T22:41:46.040000Z,United States,US,EarthScope PRIDE PPP-AR kin quality-passing stations,"266 km W of Bandon, Oregon",6.000000,5,0,3,TOO_FEW_FILTERED_STATIONS,pgd_snr>=5; pgd_time_offset_s<=300; distance_km<=300; min_stations>=3
strict_snr5_time300_dist300_min3sta,"Strict set: SNR >= 5, time <= 300 s, distance <= 300 km, min 3 stations",STRICT,usp000jqvm,2012-08-27T04:37:19.430Z,El Salvador,Americas,EarthScope PRIDE PPP-AR kin quality-passing stations,"126 km S of Puerto El Triunfo, El Salvador",7.300000,1,0,3,TOO_FEW_FILTERED_STATIONS,pgd_snr>=5; pgd_time_offset_s<=300; distance_km<=300; min_stations>=3
strict_snr5_time300_dist300_min3sta,"Strict set: SNR >= 5, time <= 300 s, distance <= 300 km, min 3 stations",STRICT,usp000jt0h,2012-09-26T23:39:55.110000Z,United States,US,EarthScope PRIDE PPP-AR kin quality-passing stations,"118 km WSW of Adak, Alaska",6.400000,2,0,3,TOO_FEW_FILTERED_STATIONS,pgd_snr>=5; pgd_time_offset_s<=300; distance_km<=300; min_stations>=3
strict_snr5_time300_dist300_min3sta,"Strict set: SNR >= 5, time <= 300 s, distance <= 300 km, min 3 stations",STRICT,usp000jwyb,2012-12-14T10:36:01.590000Z,United States,US,EarthScope PRIDE PPP-AR kin quality-passing stations,"279 km SSW of Avalon, California",6.300000,2,0,3,TOO_FEW_FILTERED_STATIONS,pgd_snr>=5; pgd_time_offset_s<=300; distance_km<=300; min_stations>=3
