scenario_id,scenario_label,tier,formula,station_aggregation,event_id,event_time,country,region,source,place,usgs_magnitude,station_count,median_pgd_cm,median_pgd_snr,median_distance_km,median_pgd_time_offset_s,estimated_mw_median,residual_mw,abs_residual_mw,filters
all,"All stations, no quality filter",ALL,crowell_2016_gfast,median,2013p543824,2013-07-21T05:09:30Z,New Zealand,New Zealand,EarthScope PRIDE PPP-AR kin quality-passing stations,20 km east of Seddon,6.500000,33,4.393973,2.623632,102.600889,116.000000,6.805172,0.305172,0.305172,min_stations>=1
all,"All stations, no quality filter",ALL,melgar_2015,median,2013p543824,2013-07-21T05:09:30Z,New Zealand,New Zealand,EarthScope PRIDE PPP-AR kin quality-passing stations,20 km east of Seddon,6.500000,33,4.393973,2.623632,102.600889,116.000000,6.538393,0.038393,0.038393,min_stations>=1
all,"All stations, no quality filter",ALL,ruhl_2019,median,2013p543824,2013-07-21T05:09:30Z,New Zealand,New Zealand,EarthScope PRIDE PPP-AR kin quality-passing stations,20 km east of Seddon,6.500000,33,4.393973,2.623632,102.600889,116.000000,6.293931,-0.206069,0.206069,min_stations>=1
all,"All stations, no quality filter",ALL,crowell_2016_gfast,median,2013p613797,2013-08-16T02:31:05Z,New Zealand,New Zealand,EarthScope PRIDE PPP-AR kin quality-passing stations,5 km south-east of Seddon,6.500000,35,5.241240,3.816498,112.726774,148.000000,6.934499,0.434499,0.434499,min_stations>=1
all,"All stations, no quality filter",ALL,melgar_2015,median,2013p613797,2013-08-16T02:31:05Z,New Zealand,New Zealand,EarthScope PRIDE PPP-AR kin quality-passing stations,5 km south-east of Seddon,6.500000,35,5.241240,3.816498,112.726774,148.000000,6.720846,0.220846,0.220846,min_stations>=1
all,"All stations, no quality filter",ALL,ruhl_2019,median,2013p613797,2013-08-16T02:31:05Z,New Zealand,New Zealand,EarthScope PRIDE PPP-AR kin quality-passing stations,5 km south-east of Seddon,6.500000,35,5.241240,3.816498,112.726774,148.000000,6.492071,-0.007929,0.007929,min_stations>=1
all,"All stations, no quality filter",ALL,crowell_2016_gfast,median,2013p944608,2013-12-16T12:07:24Z,New Zealand,New Zealand,EarthScope PRIDE PPP-AR kin quality-passing stations,120 km west of Tuatapere,6.100000,4,5.036180,3.269722,179.893511,366.500000,7.243288,1.143288,1.143288,min_stations>=1
all,"All stations, no quality filter",ALL,melgar_2015,median,2013p944608,2013-12-16T12:07:24Z,New Zealand,New Zealand,EarthScope PRIDE PPP-AR kin quality-passing stations,120 km west of Tuatapere,6.100000,4,5.036180,3.269722,179.893511,366.500000,6.953620,0.853620,0.853620,min_stations>=1
all,"All stations, no quality filter",ALL,ruhl_2019,median,2013p944608,2013-12-16T12:07:24Z,New Zealand,New Zealand,EarthScope PRIDE PPP-AR kin quality-passing stations,120 km west of Tuatapere,6.100000,4,5.036180,3.269722,179.893511,366.500000,6.746890,0.646890,0.646890,min_stations>=1
all,"All stations, no quality filter",ALL,crowell_2016_gfast,median,2014p051675,2014-01-20T02:52:45Z,New Zealand,New Zealand,EarthScope PRIDE PPP-AR kin quality-passing stations,10 km east of Eketahuna,6.200000,12,4.763396,2.154680,51.660165,251.500000,6.499045,0.299044,0.299044,min_stations>=1
all,"All stations, no quality filter",ALL,melgar_2015,median,2014p051675,2014-01-20T02:52:45Z,New Zealand,New Zealand,EarthScope PRIDE PPP-AR kin quality-passing stations,10 km east of Eketahuna,6.200000,12,4.763396,2.154680,51.660165,251.500000,6.304540,0.104540,0.104540,min_stations>=1
all,"All stations, no quality filter",ALL,ruhl_2019,median,2014p051675,2014-01-20T02:52:45Z,New Zealand,New Zealand,EarthScope PRIDE PPP-AR kin quality-passing stations,10 km east of Eketahuna,6.200000,12,4.763396,2.154680,51.660165,251.500000,6.041837,-0.158163,0.158163,min_stations>=1
all,"All stations, no quality filter",ALL,crowell_2016_gfast,median,2014p770859,2014-10-13T05:13:41Z,New Zealand,New Zealand,EarthScope PRIDE PPP-AR kin quality-passing stations,140 km west of Tuatapere,6.200000,1,4.534810,2.587113,64.798138,554.000000,6.601987,0.401987,0.401987,min_stations>=1
all,"All stations, no quality filter",ALL,melgar_2015,median,2014p770859,2014-10-13T05:13:41Z,New Zealand,New Zealand,EarthScope PRIDE PPP-AR kin quality-passing stations,140 km west of Tuatapere,6.200000,1,4.534810,2.587113,64.798138,554.000000,6.387116,0.187116,0.187116,min_stations>=1
all,"All stations, no quality filter",ALL,ruhl_2019,median,2014p770859,2014-10-13T05:13:41Z,New Zealand,New Zealand,EarthScope PRIDE PPP-AR kin quality-passing stations,140 km west of Tuatapere,6.200000,1,4.534810,2.587113,64.798138,554.000000,6.130799,-0.069201,0.069201,min_stations>=1
all,"All stations, no quality filter",ALL,crowell_2016_gfast,median,2014p864702,2014-11-16T22:33:17Z,New Zealand,New Zealand,EarthScope PRIDE PPP-AR kin quality-passing stations,150 km east of Te Araroa,6.500000,6,6.834760,2.128097,181.739384,158.000000,7.430596,0.930596,0.930596,min_stations>=1
all,"All stations, no quality filter",ALL,melgar_2015,median,2014p864702,2014-11-16T22:33:17Z,New Zealand,New Zealand,EarthScope PRIDE PPP-AR kin quality-passing stations,150 km east of Te Araroa,6.500000,6,6.834760,2.128097,181.739384,158.000000,7.192839,0.692839,0.692839,min_stations>=1
all,"All stations, no quality filter",ALL,ruhl_2019,median,2014p864702,2014-11-16T22:33:17Z,New Zealand,New Zealand,EarthScope PRIDE PPP-AR kin quality-passing stations,150 km east of Te Araroa,6.500000,6,6.834760,2.128097,181.739384,158.000000,7.005812,0.505812,0.505812,min_stations>=1
all,"All stations, no quality filter",ALL,crowell_2016_gfast,median,2015p305812,2015-04-24T03:36:42Z,New Zealand,New Zealand,EarthScope PRIDE PPP-AR kin quality-passing stations,35 km south-east of St Arnaud,6.200000,3,4.565654,4.051393,76.241891,18.000000,6.706572,0.506572,0.506572,min_stations>=1
all,"All stations, no quality filter",ALL,melgar_2015,median,2015p305812,2015-04-24T03:36:42Z,New Zealand,New Zealand,EarthScope PRIDE PPP-AR kin quality-passing stations,35 km south-east of St Arnaud,6.200000,3,4.565654,4.051393,76.241891,18.000000,6.493094,0.293094,0.293094,min_stations>=1
all,"All stations, no quality filter",ALL,ruhl_2019,median,2015p305812,2015-04-24T03:36:42Z,New Zealand,New Zealand,EarthScope PRIDE PPP-AR kin quality-passing stations,35 km south-east of St Arnaud,6.200000,3,4.565654,4.051393,76.241891,18.000000,6.244721,0.044721,0.044721,min_stations>=1
all,"All stations, no quality filter",ALL,crowell_2016_gfast,median,2016p661332,2016-09-01T16:37:55Z,New Zealand,New Zealand,EarthScope PRIDE PPP-AR kin quality-passing stations,120 km north-east of Te Araroa,7.100000,8,5.371069,3.074888,173.572461,189.000000,7.223835,0.123836,0.123836,min_stations>=1
all,"All stations, no quality filter",ALL,melgar_2015,median,2016p661332,2016-09-01T16:37:55Z,New Zealand,New Zealand,EarthScope PRIDE PPP-AR kin quality-passing stations,120 km north-east of Te Araroa,7.100000,8,5.371069,3.074888,173.572461,189.000000,6.944877,-0.155123,0.155123,min_stations>=1
all,"All stations, no quality filter",ALL,ruhl_2019,median,2016p661332,2016-09-01T16:37:55Z,New Zealand,New Zealand,EarthScope PRIDE PPP-AR kin quality-passing stations,120 km north-east of Te Araroa,7.100000,8,5.371069,3.074888,173.572461,189.000000,6.736597,-0.363403,0.363403,min_stations>=1
all,"All stations, no quality filter",ALL,crowell_2016_gfast,median,2016p661400,2016-09-01T17:14:05Z,New Zealand,New Zealand,EarthScope PRIDE PPP-AR kin quality-passing stations,105 km north-east of Te Araroa,6.200000,8,4.106962,2.518449,164.379035,189.000000,7.128296,0.928296,0.928296,min_stations>=1
all,"All stations, no quality filter",ALL,melgar_2015,median,2016p661400,2016-09-01T17:14:05Z,New Zealand,New Zealand,EarthScope PRIDE PPP-AR kin quality-passing stations,105 km north-east of Te Araroa,6.200000,8,4.106962,2.518449,164.379035,189.000000,6.804521,0.604521,0.604521,min_stations>=1
all,"All stations, no quality filter",ALL,ruhl_2019,median,2016p661400,2016-09-01T17:14:05Z,New Zealand,New Zealand,EarthScope PRIDE PPP-AR kin quality-passing stations,105 km north-east of Te Araroa,6.200000,8,4.106962,2.518449,164.379035,189.000000,6.585737,0.385737,0.385737,min_stations>=1
all,"All stations, no quality filter",ALL,crowell_2016_gfast,median,2016p858000,2016-11-13T11:02:56Z,New Zealand,New Zealand,EarthScope PRIDE PPP-AR kin quality-passing stations,15 km north-east of Culverden,7.800000,14,24.146968,13.944506,147.886022,106.000000,7.592933,-0.207067,0.207067,min_stations>=1
all,"All stations, no quality filter",ALL,melgar_2015,median,2016p858000,2016-11-13T11:02:56Z,New Zealand,New Zealand,EarthScope PRIDE PPP-AR kin quality-passing stations,15 km north-east of Culverden,7.800000,14,24.146968,13.944506,147.886022,106.000000,7.560875,-0.239125,0.239125,min_stations>=1
all,"All stations, no quality filter",ALL,ruhl_2019,median,2016p858000,2016-11-13T11:02:56Z,New Zealand,New Zealand,EarthScope PRIDE PPP-AR kin quality-passing stations,15 km north-east of Culverden,7.800000,14,24.146968,13.944506,147.886022,106.000000,7.386468,-0.413532,0.413532,min_stations>=1
all,"All stations, no quality filter",ALL,crowell_2016_gfast,median,2016p858007,2016-11-13T11:05:14Z,New Zealand,New Zealand,EarthScope PRIDE PPP-AR kin quality-passing stations,45 km south-west of Seddon,6.000000,22,12.697283,1.805160,148.467382,4.500000,7.466593,1.466593,1.466593,min_stations>=1
all,"All stations, no quality filter",ALL,melgar_2015,median,2016p858007,2016-11-13T11:05:14Z,New Zealand,New Zealand,EarthScope PRIDE PPP-AR kin quality-passing stations,45 km south-west of Seddon,6.000000,22,12.697283,1.805160,148.467382,4.500000,7.383383,1.383383,1.383383,min_stations>=1
all,"All stations, no quality filter",ALL,ruhl_2019,median,2016p858007,2016-11-13T11:05:14Z,New Zealand,New Zealand,EarthScope PRIDE PPP-AR kin quality-passing stations,45 km south-west of Seddon,6.000000,22,12.697283,1.805160,148.467382,4.500000,7.204731,1.204731,1.204731,min_stations>=1
all,"All stations, no quality filter",ALL,crowell_2016_gfast,median,2016p858021,2016-11-13T11:12:35Z,New Zealand,New Zealand,EarthScope PRIDE PPP-AR kin quality-passing stations,5 km east of Kaikoura,6.000000,20,6.164964,1.406865,162.855379,367.000000,7.312627,1.312627,1.312627,min_stations>=1
all,"All stations, no quality filter",ALL,melgar_2015,median,2016p858021,2016-11-13T11:12:35Z,New Zealand,New Zealand,EarthScope PRIDE PPP-AR kin quality-passing stations,5 km east of Kaikoura,6.000000,20,6.164964,1.406865,162.855379,367.000000,7.103324,1.103324,1.103324,min_stations>=1
all,"All stations, no quality filter",ALL,ruhl_2019,median,2016p858021,2016-11-13T11:12:35Z,New Zealand,New Zealand,EarthScope PRIDE PPP-AR kin quality-passing stations,5 km east of Kaikoura,6.000000,20,6.164964,1.406865,162.855379,367.000000,6.908145,0.908145,0.908145,min_stations>=1
all,"All stations, no quality filter",ALL,crowell_2016_gfast,median,2016p858055,2016-11-13T11:32:07Z,New Zealand,New Zealand,EarthScope PRIDE PPP-AR kin quality-passing stations,15 km north of Kaikoura,6.200000,29,4.464762,2.961341,157.097930,295.000000,7.124169,0.924169,0.924169,min_stations>=1
all,"All stations, no quality filter",ALL,melgar_2015,median,2016p858055,2016-11-13T11:32:07Z,New Zealand,New Zealand,EarthScope PRIDE PPP-AR kin quality-passing stations,15 km north of Kaikoura,6.200000,29,4.464762,2.961341,157.097930,295.000000,6.835379,0.635379,0.635379,min_stations>=1
all,"All stations, no quality filter",ALL,ruhl_2019,median,2016p858055,2016-11-13T11:32:07Z,New Zealand,New Zealand,EarthScope PRIDE PPP-AR kin quality-passing stations,15 km north of Kaikoura,6.200000,29,4.464762,2.961341,157.097930,295.000000,6.617911,0.417911,0.417911,min_stations>=1
all,"All stations, no quality filter",ALL,crowell_2016_gfast,median,2016p858094,2016-11-13T11:52:44Z,New Zealand,New Zealand,EarthScope PRIDE PPP-AR kin quality-passing stations,20 km north of Kaikoura,6.100000,30,3.366494,2.683434,155.602525,256.000000,6.994879,0.894880,0.894880,min_stations>=1
all,"All stations, no quality filter",ALL,melgar_2015,median,2016p858094,2016-11-13T11:52:44Z,New Zealand,New Zealand,EarthScope PRIDE PPP-AR kin quality-passing stations,20 km north of Kaikoura,6.100000,30,3.366494,2.683434,155.602525,256.000000,6.662619,0.562619,0.562619,min_stations>=1
all,"All stations, no quality filter",ALL,ruhl_2019,median,2016p858094,2016-11-13T11:52:44Z,New Zealand,New Zealand,EarthScope PRIDE PPP-AR kin quality-passing stations,20 km north of Kaikoura,6.100000,30,3.366494,2.683434,155.602525,256.000000,6.431948,0.331948,0.331948,min_stations>=1
all,"All stations, no quality filter",ALL,crowell_2016_gfast,median,2016p859524,2016-11-14T00:34:23Z,New Zealand,New Zealand,EarthScope PRIDE PPP-AR kin quality-passing stations,25 km east of Hanmer Springs,6.700000,21,5.389304,3.023112,141.431410,296.000000,7.098035,0.398035,0.398035,min_stations>=1
all,"All stations, no quality filter",ALL,melgar_2015,median,2016p859524,2016-11-14T00:34:23Z,New Zealand,New Zealand,EarthScope PRIDE PPP-AR kin quality-passing stations,25 km east of Hanmer Springs,6.700000,21,5.389304,3.023112,141.431410,296.000000,6.872470,0.172470,0.172470,min_stations>=1
all,"All stations, no quality filter",ALL,ruhl_2019,median,2016p859524,2016-11-14T00:34:23Z,New Zealand,New Zealand,EarthScope PRIDE PPP-AR kin quality-passing stations,25 km east of Hanmer Springs,6.700000,21,5.389304,3.023112,141.431410,296.000000,6.656757,-0.043243,0.043243,min_stations>=1
all,"All stations, no quality filter",ALL,crowell_2016_gfast,median,2021p169083,2021-03-04T13:27:35Z,New Zealand,New Zealand,EarthScope PRIDE PPP-AR kin quality-passing stations,140 km east of Te Araroa,7.200000,12,6.197426,3.133979,201.247349,123.000000,7.375758,0.175758,0.175758,min_stations>=1
all,"All stations, no quality filter",ALL,melgar_2015,median,2021p169083,2021-03-04T13:27:35Z,New Zealand,New Zealand,EarthScope PRIDE PPP-AR kin quality-passing stations,140 km east of Te Araroa,7.200000,12,6.197426,3.133979,201.247349,123.000000,7.169688,-0.030312,0.030312,min_stations>=1
all,"All stations, no quality filter",ALL,ruhl_2019,median,2021p169083,2021-03-04T13:27:35Z,New Zealand,New Zealand,EarthScope PRIDE PPP-AR kin quality-passing stations,140 km east of Te Araroa,7.200000,12,6.197426,3.133979,201.247349,123.000000,6.981440,-0.218560,0.218560,min_stations>=1
all,"All stations, no quality filter",ALL,crowell_2016_gfast,median,2025p224518,2025-03-25T01:43:09Z,New Zealand,New Zealand,EarthScope PRIDE PPP-AR kin quality-passing stations,155 km north-west of Snares Islands,6.800000,3,2.563201,3.141953,200.895715,530.000000,7.122547,0.322547,0.322547,min_stations>=1
all,"All stations, no quality filter",ALL,melgar_2015,median,2025p224518,2025-03-25T01:43:09Z,New Zealand,New Zealand,EarthScope PRIDE PPP-AR kin quality-passing stations,155 km north-west of Snares Islands,6.800000,3,2.563201,3.141953,200.895715,530.000000,6.677154,-0.122846,0.122846,min_stations>=1
all,"All stations, no quality filter",ALL,ruhl_2019,median,2025p224518,2025-03-25T01:43:09Z,New Zealand,New Zealand,EarthScope PRIDE PPP-AR kin quality-passing stations,155 km north-west of Snares Islands,6.800000,3,2.563201,3.141953,200.895715,530.000000,6.451359,-0.348641,0.348641,min_stations>=1
all,"All stations, no quality filter",ALL,crowell_2016_gfast,median,2025p506857,2025-07-07T12:53:41Z,New Zealand,New Zealand,EarthScope PRIDE PPP-AR kin quality-passing stations,120 km north-west of Snares Islands,6.100000,5,2.346700,2.574775,227.873185,204.000000,7.105146,1.005146,1.005146,min_stations>=1
all,"All stations, no quality filter",ALL,melgar_2015,median,2025p506857,2025-07-07T12:53:41Z,New Zealand,New Zealand,EarthScope PRIDE PPP-AR kin quality-passing stations,120 km north-west of Snares Islands,6.100000,5,2.346700,2.574775,227.873185,204.000000,6.668006,0.568006,0.568006,min_stations>=1
all,"All stations, no quality filter",ALL,ruhl_2019,median,2025p506857,2025-07-07T12:53:41Z,New Zealand,New Zealand,EarthScope PRIDE PPP-AR kin quality-passing stations,120 km north-west of Snares Islands,6.100000,5,2.346700,2.574775,227.873185,204.000000,6.437110,0.337110,0.337110,min_stations>=1
all,"All stations, no quality filter",ALL,crowell_2016_gfast,median,ak0138esnzr,2013-01-05T08:58:14.957000Z,United States,US,EarthScope PRIDE PPP-AR kin quality-passing stations,"110 km SW of Edna Bay, Alaska",7.500000,2,23.526045,9.012014,163.348518,51.043000,7.805161,0.305161,0.305161,min_stations>=1
all,"All stations, no quality filter",ALL,melgar_2015,median,ak0138esnzr,2013-01-05T08:58:14.957000Z,United States,US,EarthScope PRIDE PPP-AR kin quality-passing stations,"110 km SW of Edna Bay, Alaska",7.500000,2,23.526045,9.012014,163.348518,51.043000,7.778059,0.278059,0.278059,min_stations>=1
all,"All stations, no quality filter",ALL,ruhl_2019,median,ak0138esnzr,2013-01-05T08:58:14.957000Z,United States,US,EarthScope PRIDE PPP-AR kin quality-passing stations,"110 km SW of Edna Bay, Alaska",7.500000,2,23.526045,9.012014,163.348518,51.043000,7.633584,0.133584,0.133584,min_stations>=1
all,"All stations, no quality filter",ALL,crowell_2016_gfast,median,ak0149guzic1,2014-07-25T10:54:50.417000Z,United States,US,EarthScope PRIDE PPP-AR kin quality-passing stations,"40 km WNW of Elfin Cove, Alaska",6.000000,3,4.420328,3.250116,142.068380,256.583000,6.995212,0.995212,0.995212,min_stations>=1
all,"All stations, no quality filter",ALL,melgar_2015,median,ak0149guzic1,2014-07-25T10:54:50.417000Z,United States,US,EarthScope PRIDE PPP-AR kin quality-passing stations,"40 km WNW of Elfin Cove, Alaska",6.000000,3,4.420328,3.250116,142.068380,256.583000,6.655415,0.655415,0.655415,min_stations>=1
all,"All stations, no quality filter",ALL,ruhl_2019,median,ak0149guzic1,2014-07-25T10:54:50.417000Z,United States,US,EarthScope PRIDE PPP-AR kin quality-passing stations,"40 km WNW of Elfin Cove, Alaska",6.000000,3,4.420328,3.250116,142.068380,256.583000,6.424071,0.424071,0.424071,min_stations>=1
all,"All stations, no quality filter",ALL,crowell_2016_gfast,median,ak014cbigci8,2014-09-25T17:51:17.606000Z,United States,US,EarthScope PRIDE PPP-AR kin quality-passing stations,"22 km WSW of Skwentna, Alaska",6.200000,8,5.880795,3.113456,140.610391,159.394000,7.185227,0.985227,0.985227,min_stations>=1
all,"All stations, no quality filter",ALL,melgar_2015,median,ak014cbigci8,2014-09-25T17:51:17.606000Z,United States,US,EarthScope PRIDE PPP-AR kin quality-passing stations,"22 km WSW of Skwentna, Alaska",6.200000,8,5.880795,3.113456,140.610391,159.394000,6.914386,0.714386,0.714386,min_stations>=1
all,"All stations, no quality filter",ALL,ruhl_2019,median,ak014cbigci8,2014-09-25T17:51:17.606000Z,United States,US,EarthScope PRIDE PPP-AR kin quality-passing stations,"22 km WSW of Skwentna, Alaska",6.200000,8,5.880795,3.113456,140.610391,159.394000,6.703558,0.503558,0.503558,min_stations>=1
all,"All stations, no quality filter",ALL,crowell_2016_gfast,median,ak0156uj8rk3,2015-05-29T07:00:09.634000Z,United States,US,EarthScope PRIDE PPP-AR kin quality-passing stations,"117 km SSE of Ugashik, Alaska",6.800000,5,3.686001,2.807257,150.082964,202.366000,7.033155,0.233155,0.233155,min_stations>=1
all,"All stations, no quality filter",ALL,melgar_2015,median,ak0156uj8rk3,2015-05-29T07:00:09.634000Z,United States,US,EarthScope PRIDE PPP-AR kin quality-passing stations,"117 km SSE of Ugashik, Alaska",6.800000,5,3.686001,2.807257,150.082964,202.366000,6.703249,-0.096751,0.096751,min_stations>=1
all,"All stations, no quality filter",ALL,ruhl_2019,median,ak0156uj8rk3,2015-05-29T07:00:09.634000Z,United States,US,EarthScope PRIDE PPP-AR kin quality-passing stations,"117 km SSE of Ugashik, Alaska",6.800000,5,3.686001,2.807257,150.082964,202.366000,6.475726,-0.324274,0.324274,min_stations>=1
all,"All stations, no quality filter",ALL,crowell_2016_gfast,median,ak0159nc9dk8,2015-07-29T02:35:59.449000Z,United States,US,EarthScope PRIDE PPP-AR kin quality-passing stations,"52 km ENE of Pedro Bay, Alaska",6.400000,24,6.428864,2.933943,140.080694,367.551000,7.262744,0.862744,0.862744,min_stations>=1
all,"All stations, no quality filter",ALL,melgar_2015,median,ak0159nc9dk8,2015-07-29T02:35:59.449000Z,United States,US,EarthScope PRIDE PPP-AR kin quality-passing stations,"52 km ENE of Pedro Bay, Alaska",6.400000,24,6.428864,2.933943,140.080694,367.551000,7.045167,0.645167,0.645167,min_stations>=1
all,"All stations, no quality filter",ALL,ruhl_2019,median,ak0159nc9dk8,2015-07-29T02:35:59.449000Z,United States,US,EarthScope PRIDE PPP-AR kin quality-passing stations,"52 km ENE of Pedro Bay, Alaska",6.400000,24,6.428864,2.933943,140.080694,367.551000,6.843846,0.443846,0.443846,min_stations>=1
all,"All stations, no quality filter",ALL,crowell_2016_gfast,median,ak01613v15nv,2016-01-24T10:30:29.557000Z,United States,US,EarthScope PRIDE PPP-AR kin quality-passing stations,"47 km ESE of Pedro Bay, Alaska",7.100000,17,6.349087,2.058382,150.095796,176.443000,7.214723,0.114723,0.114723,min_stations>=1
all,"All stations, no quality filter",ALL,melgar_2015,median,ak01613v15nv,2016-01-24T10:30:29.557000Z,United States,US,EarthScope PRIDE PPP-AR kin quality-passing stations,"47 km ESE of Pedro Bay, Alaska",7.100000,17,6.349087,2.058382,150.095796,176.443000,6.999605,-0.100395,0.100395,min_stations>=1
all,"All stations, no quality filter",ALL,ruhl_2019,median,ak01613v15nv,2016-01-24T10:30:29.557000Z,United States,US,EarthScope PRIDE PPP-AR kin quality-passing stations,"47 km ESE of Pedro Bay, Alaska",7.100000,17,6.349087,2.058382,150.095796,176.443000,6.792457,-0.307543,0.307543,min_stations>=1
all,"All stations, no quality filter",ALL,crowell_2016_gfast,median,ak01649w95tp,2016-04-02T05:50:00.932000Z,United States,US,EarthScope PRIDE PPP-AR kin quality-passing stations,"42 km E of Port Heiden, Alaska",6.200000,3,5.470256,2.707266,66.776295,508.068000,6.831879,0.631879,0.631879,min_stations>=1
all,"All stations, no quality filter",ALL,melgar_2015,median,ak01649w95tp,2016-04-02T05:50:00.932000Z,United States,US,EarthScope PRIDE PPP-AR kin quality-passing stations,"42 km E of Port Heiden, Alaska",6.200000,3,5.470256,2.707266,66.776295,508.068000,6.631302,0.431302,0.431302,min_stations>=1
all,"All stations, no quality filter",ALL,ruhl_2019,median,ak01649w95tp,2016-04-02T05:50:00.932000Z,United States,US,EarthScope PRIDE PPP-AR kin quality-passing stations,"42 km E of Port Heiden, Alaska",6.200000,3,5.470256,2.707266,66.776295,508.068000,6.393547,0.193547,0.193547,min_stations>=1
all,"All stations, no quality filter",ALL,crowell_2016_gfast,median,ak018aap2cqu,2018-08-12T14:58:53.503000Z,United States,US,EarthScope PRIDE PPP-AR kin quality-passing stations,"89 km SW of Kaktovik, Alaska",6.400000,2,7.591081,3.196667,185.025607,571.497000,7.451199,1.051199,1.051199,min_stations>=1
all,"All stations, no quality filter",ALL,melgar_2015,median,ak018aap2cqu,2018-08-12T14:58:53.503000Z,United States,US,EarthScope PRIDE PPP-AR kin quality-passing stations,"89 km SW of Kaktovik, Alaska",6.400000,2,7.591081,3.196667,185.025607,571.497000,7.232306,0.832306,0.832306,min_stations>=1
all,"All stations, no quality filter",ALL,ruhl_2019,median,ak018aap2cqu,2018-08-12T14:58:53.503000Z,United States,US,EarthScope PRIDE PPP-AR kin quality-passing stations,"89 km SW of Kaktovik, Alaska",6.400000,2,7.591081,3.196667,185.025607,571.497000,7.047907,0.647907,0.647907,min_stations>=1
all,"All stations, no quality filter",ALL,crowell_2016_gfast,median,ak018aasz24z,2018-08-12T21:15:00.999000Z,United States,US,EarthScope PRIDE PPP-AR kin quality-passing stations,"73 km SSW of Kaktovik, Alaska",6.000000,2,10.859319,1.981771,215.380665,145.001000,7.697434,1.697434,1.697434,min_stations>=1
all,"All stations, no quality filter",ALL,melgar_2015,median,ak018aasz24z,2018-08-12T21:15:00.999000Z,United States,US,EarthScope PRIDE PPP-AR kin quality-passing stations,"73 km SSW of Kaktovik, Alaska",6.000000,2,10.859319,1.981771,215.380665,145.001000,7.517430,1.517430,1.517430,min_stations>=1
all,"All stations, no quality filter",ALL,ruhl_2019,median,ak018aasz24z,2018-08-12T21:15:00.999000Z,United States,US,EarthScope PRIDE PPP-AR kin quality-passing stations,"73 km SSW of Kaktovik, Alaska",6.000000,2,10.859319,1.981771,215.380665,145.001000,7.358713,1.358713,1.358713,min_stations>=1
all,"All stations, no quality filter",ALL,crowell_2016_gfast,median,ak0216xu2rod,2021-05-31T06:59:55.581000Z,United States,US,EarthScope PRIDE PPP-AR kin quality-passing stations,"73 km N of Chickaloon, Alaska",6.100000,13,3.186424,2.220186,128.997016,278.419000,6.929549,0.829549,0.829549,min_stations>=1
all,"All stations, no quality filter",ALL,melgar_2015,median,ak0216xu2rod,2021-05-31T06:59:55.581000Z,United States,US,EarthScope PRIDE PPP-AR kin quality-passing stations,"73 km N of Chickaloon, Alaska",6.100000,13,3.186424,2.220186,128.997016,278.419000,6.583344,0.483344,0.483344,min_stations>=1
all,"All stations, no quality filter",ALL,ruhl_2019,median,ak0216xu2rod,2021-05-31T06:59:55.581000Z,United States,US,EarthScope PRIDE PPP-AR kin quality-passing stations,"73 km N of Chickaloon, Alaska",6.100000,13,3.186424,2.220186,128.997016,278.419000,6.346733,0.246733,0.246733,min_stations>=1
all,"All stations, no quality filter",ALL,crowell_2016_gfast,median,ak021d1u1nos,2021-10-11T09:10:25.147000Z,United States,US,EarthScope PRIDE PPP-AR kin quality-passing stations,"112 km E of Chignik, Alaska",6.900000,1,4.247658,2.127646,171.713324,397.853000,7.159418,0.259418,0.259418,min_stations>=1
all,"All stations, no quality filter",ALL,melgar_2015,median,ak021d1u1nos,2021-10-11T09:10:25.147000Z,United States,US,EarthScope PRIDE PPP-AR kin quality-passing stations,"112 km E of Chignik, Alaska",6.900000,1,4.247658,2.127646,171.713324,397.853000,6.853737,-0.046263,0.046263,min_stations>=1
all,"All stations, no quality filter",ALL,ruhl_2019,median,ak021d1u1nos,2021-10-11T09:10:25.147000Z,United States,US,EarthScope PRIDE PPP-AR kin quality-passing stations,"112 km E of Chignik, Alaska",6.900000,1,4.247658,2.127646,171.713324,397.853000,6.638626,-0.261374,0.261374,min_stations>=1
all,"All stations, no quality filter",ALL,crowell_2016_gfast,median,ak2025xjbvhj,2025-11-27T17:11:29.059000Z,United States,US,EarthScope PRIDE PPP-AR kin quality-passing stations,"12 km WNW of Susitna, Alaska",6.000000,7,2.773229,2.085237,124.429892,127.941000,6.849512,0.849512,0.849512,min_stations>=1
all,"All stations, no quality filter",ALL,melgar_2015,median,ak2025xjbvhj,2025-11-27T17:11:29.059000Z,United States,US,EarthScope PRIDE PPP-AR kin quality-passing stations,"12 km WNW of Susitna, Alaska",6.000000,7,2.773229,2.085237,124.429892,127.941000,6.407797,0.407797,0.407797,min_stations>=1
all,"All stations, no quality filter",ALL,ruhl_2019,median,ak2025xjbvhj,2025-11-27T17:11:29.059000Z,United States,US,EarthScope PRIDE PPP-AR kin quality-passing stations,"12 km WNW of Susitna, Alaska",6.000000,7,2.773229,2.085237,124.429892,127.941000,6.158118,0.158118,0.158118,min_stations>=1
all,"All stations, no quality filter",ALL,crowell_2016_gfast,median,hv72748782,2021-10-10T21:48:36.560000Z,United States,US,EarthScope PRIDE PPP-AR kin quality-passing stations,"27 km SSE of Naalehu, Hawaii",6.210000,4,5.043088,1.858640,77.422159,546.440000,6.690914,0.480914,0.480914,min_stations>=1
all,"All stations, no quality filter",ALL,melgar_2015,median,hv72748782,2021-10-10T21:48:36.560000Z,United States,US,EarthScope PRIDE PPP-AR kin quality-passing stations,"27 km SSE of Naalehu, Hawaii",6.210000,4,5.043088,1.858640,77.422159,546.440000,6.472074,0.262074,0.262074,min_stations>=1
all,"All stations, no quality filter",ALL,ruhl_2019,median,hv72748782,2021-10-10T21:48:36.560000Z,United States,US,EarthScope PRIDE PPP-AR kin quality-passing stations,"27 km SSE of Naalehu, Hawaii",6.210000,4,5.043088,1.858640,77.422159,546.440000,6.222017,0.012017,0.012017,min_stations>=1
all,"All stations, no quality filter",ALL,crowell_2016_gfast,median,nc71338066,2010-01-10T00:27:39.320000Z,United States,US,EarthScope PRIDE PPP-AR kin quality-passing stations,"The 2010 Eureka, California Earthquake",6.500000,1,4.461098,2.629883,47.863806,508.680000,6.432775,-0.067225,0.067225,min_stations>=1
all,"All stations, no quality filter",ALL,melgar_2015,median,nc71338066,2010-01-10T00:27:39.320000Z,United States,US,EarthScope PRIDE PPP-AR kin quality-passing stations,"The 2010 Eureka, California Earthquake",6.500000,1,4.461098,2.629883,47.863806,508.680000,6.236135,-0.263865,0.263865,min_stations>=1
all,"All stations, no quality filter",ALL,ruhl_2019,median,nc71338066,2010-01-10T00:27:39.320000Z,United States,US,EarthScope PRIDE PPP-AR kin quality-passing stations,"The 2010 Eureka, California Earthquake",6.500000,1,4.461098,2.629883,47.863806,508.680000,5.968707,-0.531293,0.531293,min_stations>=1
all,"All stations, no quality filter",ALL,crowell_2016_gfast,median,nc73666231,2021-12-20T20:10:31.310000Z,United States,US,EarthScope PRIDE PPP-AR kin quality-passing stations,"7km N of Petrolia, CA",6.200000,4,4.168486,3.055785,33.502648,204.500000,6.225274,0.025273,0.025273,min_stations>=1
all,"All stations, no quality filter",ALL,melgar_2015,median,nc73666231,2021-12-20T20:10:31.310000Z,United States,US,EarthScope PRIDE PPP-AR kin quality-passing stations,"7km N of Petrolia, CA",6.200000,4,4.168486,3.055785,33.502648,204.500000,6.040895,-0.159105,0.159105,min_stations>=1
all,"All stations, no quality filter",ALL,ruhl_2019,median,nc73666231,2021-12-20T20:10:31.310000Z,United States,US,EarthScope PRIDE PPP-AR kin quality-passing stations,"7km N of Petrolia, CA",6.200000,4,4.168486,3.055785,33.502648,204.500000,5.760452,-0.439548,0.439548,min_stations>=1
all,"All stations, no quality filter",ALL,crowell_2016_gfast,median,nc73821036,2022-12-20T10:34:24.770000Z,United States,US,EarthScope PRIDE PPP-AR kin quality-passing stations,"15km WSW of Ferndale, CA",6.400000,58,3.009765,2.638466,119.350969,116.730000,6.748739,0.348739,0.348739,min_stations>=1
all,"All stations, no quality filter",ALL,melgar_2015,median,nc73821036,2022-12-20T10:34:24.770000Z,United States,US,EarthScope PRIDE PPP-AR kin quality-passing stations,"15km WSW of Ferndale, CA",6.400000,58,3.009765,2.638466,119.350969,116.730000,6.396311,-0.003690,0.003690,min_stations>=1
all,"All stations, no quality filter",ALL,ruhl_2019,median,nc73821036,2022-12-20T10:34:24.770000Z,United States,US,EarthScope PRIDE PPP-AR kin quality-passing stations,"15km WSW of Ferndale, CA",6.400000,58,3.009765,2.638466,119.350969,116.730000,6.144597,-0.255403,0.255403,min_stations>=1
all,"All stations, no quality filter",ALL,crowell_2016_gfast,median,pr2019267000,2019-09-24T03:23:40.000000Z,United States,US,EarthScope PRIDE PPP-AR kin quality-passing stations,"67 km NNW of San Antonio, Puerto Rico",6.000000,9,6.238574,3.137156,133.485101,465.000000,7.284079,1.284079,1.284079,min_stations>=1
all,"All stations, no quality filter",ALL,melgar_2015,median,pr2019267000,2019-09-24T03:23:40.000000Z,United States,US,EarthScope PRIDE PPP-AR kin quality-passing stations,"67 km NNW of San Antonio, Puerto Rico",6.000000,9,6.238574,3.137156,133.485101,465.000000,7.077603,1.077603,1.077603,min_stations>=1
all,"All stations, no quality filter",ALL,ruhl_2019,median,pr2019267000,2019-09-24T03:23:40.000000Z,United States,US,EarthScope PRIDE PPP-AR kin quality-passing stations,"67 km NNW of San Antonio, Puerto Rico",6.000000,9,6.238574,3.137156,133.485101,465.000000,6.881144,0.881144,0.881144,min_stations>=1
all,"All stations, no quality filter",ALL,crowell_2016_gfast,median,pr2020007007,2020-01-07T08:24:27.370Z,Puerto Rico,Americas,EarthScope PRIDE PPP-AR kin quality-passing stations,"4 km SSE of Indios, Puerto Rico",6.400000,9,9.387620,3.898337,74.765143,391.630000,7.102913,0.702913,0.702913,min_stations>=1
all,"All stations, no quality filter",ALL,melgar_2015,median,pr2020007007,2020-01-07T08:24:27.370Z,Puerto Rico,Americas,EarthScope PRIDE PPP-AR kin quality-passing stations,"4 km SSE of Indios, Puerto Rico",6.400000,9,9.387620,3.898337,74.765143,391.630000,7.067454,0.667454,0.667454,min_stations>=1
all,"All stations, no quality filter",ALL,ruhl_2019,median,pr2020007007,2020-01-07T08:24:27.370Z,Puerto Rico,Americas,EarthScope PRIDE PPP-AR kin quality-passing stations,"4 km SSE of Indios, Puerto Rico",6.400000,9,9.387620,3.898337,74.765143,391.630000,6.857413,0.457413,0.457413,min_stations>=1
all,"All stations, no quality filter",ALL,crowell_2016_gfast,median,us10003vyx,2015-11-09T16:03:46.070000Z,United States,US,EarthScope PRIDE PPP-AR kin quality-passing stations,"99 km SE of Atka, Alaska",6.500000,1,6.300325,2.931911,101.241372,332.930000,6.991025,0.491025,0.491025,min_stations>=1
all,"All stations, no quality filter",ALL,melgar_2015,median,us10003vyx,2015-11-09T16:03:46.070000Z,United States,US,EarthScope PRIDE PPP-AR kin quality-passing stations,"99 km SE of Atka, Alaska",6.500000,1,6.300325,2.931911,101.241372,332.930000,6.794276,0.294276,0.294276,min_stations>=1
all,"All stations, no quality filter",ALL,ruhl_2019,median,us10003vyx,2015-11-09T16:03:46.070000Z,United States,US,EarthScope PRIDE PPP-AR kin quality-passing stations,"99 km SE of Atka, Alaska",6.500000,1,6.300325,2.931911,101.241372,332.930000,6.569495,0.069495,0.069495,min_stations>=1
all,"All stations, no quality filter",ALL,crowell_2016_gfast,median,us100047zq,2015-12-17T19:49:53.050Z,Mexico,Americas,EarthScope PRIDE PPP-AR kin quality-passing stations,"4 km W of Manuel Ávila Camacho (Ponte Duro), Mexico",6.600000,1,6.355543,1.386764,199.126305,460.950000,7.430807,0.830807,0.830807,min_stations>=1
all,"All stations, no quality filter",ALL,melgar_2015,median,us100047zq,2015-12-17T19:49:53.050Z,Mexico,Americas,EarthScope PRIDE PPP-AR kin quality-passing stations,"4 km W of Manuel Ávila Camacho (Ponte Duro), Mexico",6.600000,1,6.355543,1.386764,199.126305,460.950000,7.176932,0.576932,0.576932,min_stations>=1
all,"All stations, no quality filter",ALL,ruhl_2019,median,us100047zq,2015-12-17T19:49:53.050Z,Mexico,Americas,EarthScope PRIDE PPP-AR kin quality-passing stations,"4 km W of Manuel Ávila Camacho (Ponte Duro), Mexico",6.600000,1,6.355543,1.386764,199.126305,460.950000,6.989296,0.389296,0.389296,min_stations>=1
all,"All stations, no quality filter",ALL,crowell_2016_gfast,median,us10004x1w,2016-03-12T18:06:44.760000Z,United States,US,EarthScope PRIDE PPP-AR kin quality-passing stations,"72 km SSE of Atka, Alaska",6.300000,1,6.009709,3.217592,76.318904,376.240000,6.804976,0.504976,0.504976,min_stations>=1
all,"All stations, no quality filter",ALL,melgar_2015,median,us10004x1w,2016-03-12T18:06:44.760000Z,United States,US,EarthScope PRIDE PPP-AR kin quality-passing stations,"72 km SSE of Atka, Alaska",6.300000,1,6.009709,3.217592,76.318904,376.240000,6.622046,0.322046,0.322046,min_stations>=1
all,"All stations, no quality filter",ALL,ruhl_2019,median,us10004x1w,2016-03-12T18:06:44.760000Z,United States,US,EarthScope PRIDE PPP-AR kin quality-passing stations,"72 km SSE of Atka, Alaska",6.300000,1,6.009709,3.217592,76.318904,376.240000,6.382794,0.082794,0.082794,min_stations>=1
all,"All stations, no quality filter",ALL,crowell_2016_gfast,median,us10007c4w,2016-11-24T18:43:47.710Z,El Salvador,Americas,EarthScope PRIDE PPP-AR kin quality-passing stations,"156 km SSW of Puerto El Triunfo, El Salvador",6.900000,2,7.853959,2.429730,204.395863,339.290000,7.531507,0.631507,0.631507,min_stations>=1
all,"All stations, no quality filter",ALL,melgar_2015,median,us10007c4w,2016-11-24T18:43:47.710Z,El Salvador,Americas,EarthScope PRIDE PPP-AR kin quality-passing stations,"156 km SSW of Puerto El Triunfo, El Salvador",6.900000,2,7.853959,2.429730,204.395863,339.290000,7.306729,0.406728,0.406728,min_stations>=1
all,"All stations, no quality filter",ALL,ruhl_2019,median,us10007c4w,2016-11-24T18:43:47.710Z,El Salvador,Americas,EarthScope PRIDE PPP-AR kin quality-passing stations,"156 km SSW of Puerto El Triunfo, El Salvador",6.900000,2,7.853959,2.429730,204.395863,339.290000,7.129886,0.229885,0.229885,min_stations>=1
all,"All stations, no quality filter",ALL,crowell_2016_gfast,median,us10008mel,2017-05-01T12:31:55.590000Z,United States,US,EarthScope PRIDE PPP-AR kin quality-passing stations,"47 km NW of Mosquito Lake, Alaska",6.200000,4,4.249449,3.448120,157.649446,403.910000,7.066598,0.866598,0.866598,min_stations>=1
all,"All stations, no quality filter",ALL,melgar_2015,median,us10008mel,2017-05-01T12:31:55.590000Z,United States,US,EarthScope PRIDE PPP-AR kin quality-passing stations,"47 km NW of Mosquito Lake, Alaska",6.200000,4,4.249449,3.448120,157.649446,403.910000,6.757492,0.557492,0.557492,min_stations>=1
all,"All stations, no quality filter",ALL,ruhl_2019,median,us10008mel,2017-05-01T12:31:55.590000Z,United States,US,EarthScope PRIDE PPP-AR kin quality-passing stations,"47 km NW of Mosquito Lake, Alaska",6.200000,4,4.249449,3.448120,157.649446,403.910000,6.533934,0.333934,0.333934,min_stations>=1
all,"All stations, no quality filter",ALL,crowell_2016_gfast,median,us10008mgu,2017-05-01T14:18:15.290000Z,United States,US,EarthScope PRIDE PPP-AR kin quality-passing stations,"48 km NW of Mosquito Lake, Alaska",6.300000,4,3.810289,2.338356,158.188678,493.210000,7.009959,0.709959,0.709959,min_stations>=1
all,"All stations, no quality filter",ALL,melgar_2015,median,us10008mgu,2017-05-01T14:18:15.290000Z,United States,US,EarthScope PRIDE PPP-AR kin quality-passing stations,"48 km NW of Mosquito Lake, Alaska",6.300000,4,3.810289,2.338356,158.188678,493.210000,6.726522,0.426522,0.426522,min_stations>=1
all,"All stations, no quality filter",ALL,ruhl_2019,median,us10008mgu,2017-05-01T14:18:15.290000Z,United States,US,EarthScope PRIDE PPP-AR kin quality-passing stations,"48 km NW of Mosquito Lake, Alaska",6.300000,4,3.810289,2.338356,158.188678,493.210000,6.499362,0.199362,0.199362,min_stations>=1
all,"All stations, no quality filter",ALL,crowell_2016_gfast,median,us10008rtu,2017-05-12T10:41:26.710Z,El Salvador,Americas,EarthScope PRIDE PPP-AR kin quality-passing stations,"78 km SSW of Acajutla, El Salvador",6.200000,2,9.520039,1.906675,212.775520,260.790000,7.541158,1.341158,1.341158,min_stations>=1
all,"All stations, no quality filter",ALL,melgar_2015,median,us10008rtu,2017-05-12T10:41:26.710Z,El Salvador,Americas,EarthScope PRIDE PPP-AR kin quality-passing stations,"78 km SSW of Acajutla, El Salvador",6.200000,2,9.520039,1.906675,212.775520,260.790000,7.324191,1.124191,1.124191,min_stations>=1
all,"All stations, no quality filter",ALL,ruhl_2019,median,us10008rtu,2017-05-12T10:41:26.710Z,El Salvador,Americas,EarthScope PRIDE PPP-AR kin quality-passing stations,"78 km SSW of Acajutla, El Salvador",6.200000,2,9.520039,1.906675,212.775520,260.790000,7.151243,0.951243,0.951243,min_stations>=1
all,"All stations, no quality filter",ALL,crowell_2016_gfast,median,us1000ga0z,2018-08-15T21:56:56.310000Z,United States,US,EarthScope PRIDE PPP-AR kin quality-passing stations,"108 km WSW of Adak, Alaska",6.500000,1,3.811771,2.332107,166.055410,31.690000,7.091784,0.591784,0.591784,min_stations>=1
all,"All stations, no quality filter",ALL,melgar_2015,median,us1000ga0z,2018-08-15T21:56:56.310000Z,United States,US,EarthScope PRIDE PPP-AR kin quality-passing stations,"108 km WSW of Adak, Alaska",6.500000,1,3.811771,2.332107,166.055410,31.690000,6.771661,0.271661,0.271661,min_stations>=1
all,"All stations, no quality filter",ALL,ruhl_2019,median,us1000ga0z,2018-08-15T21:56:56.310000Z,United States,US,EarthScope PRIDE PPP-AR kin quality-passing stations,"108 km WSW of Adak, Alaska",6.500000,1,3.811771,2.332107,166.055410,31.690000,6.549799,0.049799,0.049799,min_stations>=1
all,"All stations, no quality filter",ALL,crowell_2016_gfast,median,us1000gc0k,2018-08-17T23:22:24.950Z,Costa Rica,Americas,EarthScope PRIDE PPP-AR kin quality-passing stations,"19 km NNW of Golfito, Costa Rica",6.100000,2,17.386465,2.268689,193.879709,308.050000,7.772887,1.672887,1.672887,min_stations>=1
all,"All stations, no quality filter",ALL,melgar_2015,median,us1000gc0k,2018-08-17T23:22:24.950Z,Costa Rica,Americas,EarthScope PRIDE PPP-AR kin quality-passing stations,"19 km NNW of Golfito, Costa Rica",6.100000,2,17.386465,2.268689,193.879709,308.050000,7.682830,1.582830,1.582830,min_stations>=1
all,"All stations, no quality filter",ALL,ruhl_2019,median,us1000gc0k,2018-08-17T23:22:24.950Z,Costa Rica,Americas,EarthScope PRIDE PPP-AR kin quality-passing stations,"19 km NNW of Golfito, Costa Rica",6.100000,2,17.386465,2.268689,193.879709,308.050000,7.534147,1.434147,1.434147,min_stations>=1
all,"All stations, no quality filter",ALL,crowell_2016_gfast,median,us1000gez7,2018-08-21T21:31:47.600Z,Venezuela,Americas,EarthScope PRIDE PPP-AR kin quality-passing stations,"40 km ENE of Carúpano, Venezuela",7.300000,3,8.124438,2.883420,221.950553,219.400000,7.612771,0.312771,0.312771,min_stations>=1
all,"All stations, no quality filter",ALL,melgar_2015,median,us1000gez7,2018-08-21T21:31:47.600Z,Venezuela,Americas,EarthScope PRIDE PPP-AR kin quality-passing stations,"40 km ENE of Carúpano, Venezuela",7.300000,3,8.124438,2.883420,221.950553,219.400000,7.388925,0.088925,0.088925,min_stations>=1
all,"All stations, no quality filter",ALL,ruhl_2019,median,us1000gez7,2018-08-21T21:31:47.600Z,Venezuela,Americas,EarthScope PRIDE PPP-AR kin quality-passing stations,"40 km ENE of Carúpano, Venezuela",7.300000,3,8.124438,2.883420,221.950553,219.400000,7.220163,-0.079837,0.079837,min_stations>=1
all,"All stations, no quality filter",ALL,crowell_2016_gfast,median,us1000gf8u,2018-08-22T09:31:45.530000Z,United States,US,EarthScope PRIDE PPP-AR kin quality-passing stations,"272 km W of Bandon, Oregon",6.200000,4,2.463987,2.099505,276.510417,371.970000,7.260599,1.060599,1.060599,min_stations>=1
all,"All stations, no quality filter",ALL,melgar_2015,median,us1000gf8u,2018-08-22T09:31:45.530000Z,United States,US,EarthScope PRIDE PPP-AR kin quality-passing stations,"272 km W of Bandon, Oregon",6.200000,4,2.463987,2.099505,276.510417,371.970000,6.811665,0.611665,0.611665,min_stations>=1
all,"All stations, no quality filter",ALL,ruhl_2019,median,us1000gf8u,2018-08-22T09:31:45.530000Z,United States,US,EarthScope PRIDE PPP-AR kin quality-passing stations,"272 km W of Bandon, Oregon",6.200000,4,2.463987,2.099505,276.510417,371.970000,6.598629,0.398629,0.398629,min_stations>=1
all,"All stations, no quality filter",ALL,crowell_2016_gfast,median,us1000gfvg,2018-08-23T03:35:12.270000Z,United States,US,EarthScope PRIDE PPP-AR kin quality-passing stations,"97 km SW of Adak, Alaska",6.300000,1,4.704689,1.821508,263.340571,343.730000,7.494360,1.194360,1.194360,min_stations>=1
all,"All stations, no quality filter",ALL,melgar_2015,median,us1000gfvg,2018-08-23T03:35:12.270000Z,United States,US,EarthScope PRIDE PPP-AR kin quality-passing stations,"97 km SW of Adak, Alaska",6.300000,1,4.704689,1.821508,263.340571,343.730000,7.162351,0.862351,0.862351,min_stations>=1
all,"All stations, no quality filter",ALL,ruhl_2019,median,us1000gfvg,2018-08-23T03:35:12.270000Z,United States,US,EarthScope PRIDE PPP-AR kin quality-passing stations,"97 km SW of Adak, Alaska",6.300000,1,4.704689,1.821508,263.340571,343.730000,6.977746,0.677746,0.677746,min_stations>=1
all,"All stations, no quality filter",ALL,crowell_2016_gfast,median,us200030aq,2015-07-27T04:49:46.400000Z,United States,US,EarthScope PRIDE PPP-AR kin quality-passing stations,"Fox Islands, Aleutian Islands, Alaska",6.900000,1,3.412418,2.893684,82.466269,556.600000,6.624416,-0.275584,0.275584,min_stations>=1
all,"All stations, no quality filter",ALL,melgar_2015,median,us200030aq,2015-07-27T04:49:46.400000Z,United States,US,EarthScope PRIDE PPP-AR kin quality-passing stations,"Fox Islands, Aleutian Islands, Alaska",6.900000,1,3.412418,2.893684,82.466269,556.600000,6.347247,-0.552753,0.552753,min_stations>=1
all,"All stations, no quality filter",ALL,ruhl_2019,median,us200030aq,2015-07-27T04:49:46.400000Z,United States,US,EarthScope PRIDE PPP-AR kin quality-passing stations,"Fox Islands, Aleutian Islands, Alaska",6.900000,1,3.412418,2.893684,82.466269,556.600000,6.089207,-0.810793,0.810793,min_stations>=1
all,"All stations, no quality filter",ALL,crowell_2016_gfast,median,us20003hq5,2015-09-10T10:26:44.810000Z,United States,US,EarthScope PRIDE PPP-AR kin quality-passing stations,"104 km SSW of Nikolski, Alaska",6.000000,1,4.293530,2.135004,109.179477,586.190000,6.880574,0.880574,0.880574,min_stations>=1
all,"All stations, no quality filter",ALL,melgar_2015,median,us20003hq5,2015-09-10T10:26:44.810000Z,United States,US,EarthScope PRIDE PPP-AR kin quality-passing stations,"104 km SSW of Nikolski, Alaska",6.000000,1,4.293530,2.135004,109.179477,586.190000,6.616916,0.616916,0.616916,min_stations>=1
all,"All stations, no quality filter",ALL,ruhl_2019,median,us20003hq5,2015-09-10T10:26:44.810000Z,United States,US,EarthScope PRIDE PPP-AR kin quality-passing stations,"104 km SSW of Nikolski, Alaska",6.000000,1,4.293530,2.135004,109.179477,586.190000,6.379830,0.379830,0.379830,min_stations>=1
all,"All stations, no quality filter",ALL,crowell_2016_gfast,median,us20005axu,2016-03-19T01:35:12.170000Z,United States,US,EarthScope PRIDE PPP-AR kin quality-passing stations,"75 km S of Atka, Alaska",6.000000,1,3.980113,2.314648,79.244937,586.830000,6.663096,0.663096,0.663096,min_stations>=1
all,"All stations, no quality filter",ALL,melgar_2015,median,us20005axu,2016-03-19T01:35:12.170000Z,United States,US,EarthScope PRIDE PPP-AR kin quality-passing stations,"75 km S of Atka, Alaska",6.000000,1,3.980113,2.314648,79.244937,586.830000,6.413080,0.413080,0.413080,min_stations>=1
all,"All stations, no quality filter",ALL,ruhl_2019,median,us20005axu,2016-03-19T01:35:12.170000Z,United States,US,EarthScope PRIDE PPP-AR kin quality-passing stations,"75 km S of Atka, Alaska",6.000000,1,3.980113,2.314648,79.244937,586.830000,6.159478,0.159478,0.159478,min_stations>=1
all,"All stations, no quality filter",ALL,crowell_2016_gfast,median,us200063cy,2016-06-10T03:25:22.920Z,Nicaragua,Americas,EarthScope PRIDE PPP-AR kin quality-passing stations,Nicaragua,6.100000,11,7.423261,2.048292,52.306797,303.080000,6.728684,0.628684,0.628684,min_stations>=1
all,"All stations, no quality filter",ALL,melgar_2015,median,us200063cy,2016-06-10T03:25:22.920Z,Nicaragua,Americas,EarthScope PRIDE PPP-AR kin quality-passing stations,Nicaragua,6.100000,11,7.423261,2.048292,52.306797,303.080000,6.559820,0.459820,0.459820,min_stations>=1
all,"All stations, no quality filter",ALL,ruhl_2019,median,us200063cy,2016-06-10T03:25:22.920Z,Nicaragua,Americas,EarthScope PRIDE PPP-AR kin quality-passing stations,Nicaragua,6.100000,11,7.423261,2.048292,52.306797,303.080000,6.310923,0.210923,0.210923,min_stations>=1
all,"All stations, no quality filter",ALL,crowell_2016_gfast,median,us20007z6r,2016-12-08T14:49:45.910000Z,United States,US,EarthScope PRIDE PPP-AR kin quality-passing stations,"164 km W of Ferndale, California",6.600000,3,3.624210,2.711949,183.119066,439.090000,7.099697,0.499697,0.499697,min_stations>=1
all,"All stations, no quality filter",ALL,melgar_2015,median,us20007z6r,2016-12-08T14:49:45.910000Z,United States,US,EarthScope PRIDE PPP-AR kin quality-passing stations,"164 km W of Ferndale, California",6.600000,3,3.624210,2.711949,183.119066,439.090000,6.727371,0.127371,0.127371,min_stations>=1
all,"All stations, no quality filter",ALL,ruhl_2019,median,us20007z6r,2016-12-08T14:49:45.910000Z,United States,US,EarthScope PRIDE PPP-AR kin quality-passing stations,"164 km W of Ferndale, California",6.600000,3,3.624210,2.711949,183.119066,439.090000,6.501812,-0.098188,0.098188,min_stations>=1
all,"All stations, no quality filter",ALL,crowell_2016_gfast,median,us20009p1a,2017-06-22T12:31:03.490Z,Guatemala,Americas,EarthScope PRIDE PPP-AR kin quality-passing stations,"28 km SW of Puerto San José, Guatemala",6.800000,1,4.965249,2.795652,204.018911,197.510000,7.340874,0.540874,0.540874,min_stations>=1
all,"All stations, no quality filter",ALL,melgar_2015,median,us20009p1a,2017-06-22T12:31:03.490Z,Guatemala,Americas,EarthScope PRIDE PPP-AR kin quality-passing stations,"28 km SW of Puerto San José, Guatemala",6.800000,1,4.965249,2.795652,204.018911,197.510000,7.044054,0.244054,0.244054,min_stations>=1
all,"All stations, no quality filter",ALL,ruhl_2019,median,us20009p1a,2017-06-22T12:31:03.490Z,Guatemala,Americas,EarthScope PRIDE PPP-AR kin quality-passing stations,"28 km SW of Puerto San José, Guatemala",6.800000,1,4.965249,2.795652,204.018911,197.510000,6.846100,0.046100,0.046100,min_stations>=1
all,"All stations, no quality filter",ALL,crowell_2016_gfast,median,us2000ahv0,2017-09-08T04:49:19.180Z,Mexico,Americas,EarthScope PRIDE PPP-AR kin quality-passing stations,"2017 Tehuantepec, Mexico Earthquake",8.200000,2,21.223283,9.889718,264.143158,87.320000,8.086726,-0.113274,0.113274,min_stations>=1
all,"All stations, no quality filter",ALL,melgar_2015,median,us2000ahv0,2017-09-08T04:49:19.180Z,Mexico,Americas,EarthScope PRIDE PPP-AR kin quality-passing stations,"2017 Tehuantepec, Mexico Earthquake",8.200000,2,21.223283,9.889718,264.143158,87.320000,7.978285,-0.221715,0.221715,min_stations>=1
all,"All stations, no quality filter",ALL,ruhl_2019,median,us2000ahv0,2017-09-08T04:49:19.180Z,Mexico,Americas,EarthScope PRIDE PPP-AR kin quality-passing stations,"2017 Tehuantepec, Mexico Earthquake",8.200000,2,21.223283,9.889718,264.143158,87.320000,7.862347,-0.337653,0.337653,min_stations>=1
all,"All stations, no quality filter",ALL,crowell_2016_gfast,median,us2000ar20,2017-09-19T18:14:38.090Z,Mexico,Americas,EarthScope PRIDE PPP-AR kin quality-passing stations,"1 km S of Matzaco, Mexico",7.100000,7,5.827435,2.043669,190.608775,322.910000,7.188289,0.088289,0.088289,min_stations>=1
all,"All stations, no quality filter",ALL,melgar_2015,median,us2000ar20,2017-09-19T18:14:38.090Z,Mexico,Americas,EarthScope PRIDE PPP-AR kin quality-passing stations,"1 km S of Matzaco, Mexico",7.100000,7,5.827435,2.043669,190.608775,322.910000,6.964519,-0.135481,0.135481,min_stations>=1
all,"All stations, no quality filter",ALL,ruhl_2019,median,us2000ar20,2017-09-19T18:14:38.090Z,Mexico,Americas,EarthScope PRIDE PPP-AR kin quality-passing stations,"1 km S of Matzaco, Mexico",7.100000,7,5.827435,2.043669,190.608775,322.910000,6.749819,-0.350181,0.350181,min_stations>=1
all,"All stations, no quality filter",ALL,crowell_2016_gfast,median,us2000atjv,2017-09-23T12:53:01.480Z,Mexico,Americas,EarthScope PRIDE PPP-AR kin quality-passing stations,"7 km NNE of Ixtepec, Mexico",6.100000,3,3.863030,2.964987,186.071908,5.520000,7.133030,1.033030,1.033030,min_stations>=1
all,"All stations, no quality filter",ALL,melgar_2015,median,us2000atjv,2017-09-23T12:53:01.480Z,Mexico,Americas,EarthScope PRIDE PPP-AR kin quality-passing stations,"7 km NNE of Ixtepec, Mexico",6.100000,3,3.863030,2.964987,186.071908,5.520000,6.789394,0.689394,0.689394,min_stations>=1
all,"All stations, no quality filter",ALL,ruhl_2019,median,us2000atjv,2017-09-23T12:53:01.480Z,Mexico,Americas,EarthScope PRIDE PPP-AR kin quality-passing stations,"7 km NNE of Ixtepec, Mexico",6.100000,3,3.863030,2.964987,186.071908,5.520000,6.570045,0.470045,0.470045,min_stations>=1
all,"All stations, no quality filter",ALL,crowell_2016_gfast,median,us2000bmhe,2017-11-13T02:28:23.680Z,Costa Rica,Americas,EarthScope PRIDE PPP-AR kin quality-passing stations,"18 km W of Parrita, Costa Rica",6.500000,3,8.265065,3.076700,246.066784,213.320000,7.807469,1.307469,1.307469,min_stations>=1
all,"All stations, no quality filter",ALL,melgar_2015,median,us2000bmhe,2017-11-13T02:28:23.680Z,Costa Rica,Americas,EarthScope PRIDE PPP-AR kin quality-passing stations,"18 km W of Parrita, Costa Rica",6.500000,3,8.265065,3.076700,246.066784,213.320000,7.560555,1.060555,1.060555,min_stations>=1
all,"All stations, no quality filter",ALL,ruhl_2019,median,us2000bmhe,2017-11-13T02:28:23.680Z,Costa Rica,Americas,EarthScope PRIDE PPP-AR kin quality-passing stations,"18 km W of Parrita, Costa Rica",6.500000,3,8.265065,3.076700,246.066784,213.320000,7.410982,0.910982,0.910982,min_stations>=1
all,"All stations, no quality filter",ALL,crowell_2016_gfast,median,us2000cl83,2018-01-19T16:17:44.720Z,Mexico,Americas,EarthScope PRIDE PPP-AR kin quality-passing stations,"79 km NNE of Loreto, Mexico",6.300000,2,4.961519,3.756752,251.064011,253.780000,7.477348,1.177348,1.177348,min_stations>=1
all,"All stations, no quality filter",ALL,melgar_2015,median,us2000cl83,2018-01-19T16:17:44.720Z,Mexico,Americas,EarthScope PRIDE PPP-AR kin quality-passing stations,"79 km NNE of Loreto, Mexico",6.300000,2,4.961519,3.756752,251.064011,253.780000,7.157355,0.857355,0.857355,min_stations>=1
all,"All stations, no quality filter",ALL,ruhl_2019,median,us2000cl83,2018-01-19T16:17:44.720Z,Mexico,Americas,EarthScope PRIDE PPP-AR kin quality-passing stations,"79 km NNE of Loreto, Mexico",6.300000,2,4.961519,3.756752,251.064011,253.780000,6.971535,0.671535,0.671535,min_stations>=1
all,"All stations, no quality filter",ALL,crowell_2016_gfast,median,us2000d3km,2018-02-16T23:39:39.280Z,Mexico,Americas,EarthScope PRIDE PPP-AR kin quality-passing stations,"4 km S of Pinotepa de Don Luis, Mexico",7.200000,9,6.300302,2.687697,140.889261,345.720000,7.182772,-0.017228,0.017228,min_stations>=1
all,"All stations, no quality filter",ALL,melgar_2015,median,us2000d3km,2018-02-16T23:39:39.280Z,Mexico,Americas,EarthScope PRIDE PPP-AR kin quality-passing stations,"4 km S of Pinotepa de Don Luis, Mexico",7.200000,9,6.300302,2.687697,140.889261,345.720000,6.953236,-0.246764,0.246764,min_stations>=1
all,"All stations, no quality filter",ALL,ruhl_2019,median,us2000d3km,2018-02-16T23:39:39.280Z,Mexico,Americas,EarthScope PRIDE PPP-AR kin quality-passing stations,"4 km S of Pinotepa de Don Luis, Mexico",7.200000,9,6.300302,2.687697,140.889261,345.720000,6.743625,-0.456375,0.456375,min_stations>=1
all,"All stations, no quality filter",ALL,crowell_2016_gfast,median,us2000izcv,2018-12-31T02:35:37.670000Z,United States,US,EarthScope PRIDE PPP-AR kin quality-passing stations,"87 km SE of King Cove, Alaska",6.000000,1,6.084291,2.134184,135.317756,529.330000,7.157085,1.157085,1.157085,min_stations>=1
all,"All stations, no quality filter",ALL,melgar_2015,median,us2000izcv,2018-12-31T02:35:37.670000Z,United States,US,EarthScope PRIDE PPP-AR kin quality-passing stations,"87 km SE of King Cove, Alaska",6.000000,1,6.084291,2.134184,135.317756,529.330000,6.931062,0.931062,0.931062,min_stations>=1
all,"All stations, no quality filter",ALL,ruhl_2019,median,us2000izcv,2018-12-31T02:35:37.670000Z,United States,US,EarthScope PRIDE PPP-AR kin quality-passing stations,"87 km SE of King Cove, Alaska",6.000000,1,6.084291,2.134184,135.317756,529.330000,6.719317,0.719317,0.719317,min_stations>=1
all,"All stations, no quality filter",ALL,crowell_2016_gfast,median,us60003r2r,2019-05-23T08:45:17.746000Z,United States,US,EarthScope PRIDE PPP-AR kin quality-passing stations,"127 km WSW of Adak, Alaska",6.000000,1,5.152252,3.470618,296.662772,45.254000,7.620481,1.620481,1.620481,min_stations>=1
all,"All stations, no quality filter",ALL,melgar_2015,median,us60003r2r,2019-05-23T08:45:17.746000Z,United States,US,EarthScope PRIDE PPP-AR kin quality-passing stations,"127 km WSW of Adak, Alaska",6.000000,1,5.152252,3.470618,296.662772,45.254000,7.290727,1.290727,1.290727,min_stations>=1
all,"All stations, no quality filter",ALL,ruhl_2019,median,us60003r2r,2019-05-23T08:45:17.746000Z,United States,US,EarthScope PRIDE PPP-AR kin quality-passing stations,"127 km WSW of Adak, Alaska",6.000000,1,5.152252,3.470618,296.662772,45.254000,7.118895,1.118895,1.118895,min_stations>=1
all,"All stations, no quality filter",ALL,crowell_2016_gfast,median,us60007djn,2020-01-23T05:53:02.618000Z,United States,US,EarthScope PRIDE PPP-AR kin quality-passing stations,"84 km W of Adak, Alaska",6.200000,3,4.453190,3.390275,207.523077,442.382000,7.305370,1.105370,1.105370,min_stations>=1
all,"All stations, no quality filter",ALL,melgar_2015,median,us60007djn,2020-01-23T05:53:02.618000Z,United States,US,EarthScope PRIDE PPP-AR kin quality-passing stations,"84 km W of Adak, Alaska",6.200000,3,4.453190,3.390275,207.523077,442.382000,6.988941,0.788941,0.788941,min_stations>=1
all,"All stations, no quality filter",ALL,ruhl_2019,median,us60007djn,2020-01-23T05:53:02.618000Z,United States,US,EarthScope PRIDE PPP-AR kin quality-passing stations,"84 km W of Adak, Alaska",6.200000,3,4.453190,3.390275,207.523077,442.382000,6.786774,0.586774,0.586774,min_stations>=1
all,"All stations, no quality filter",ALL,crowell_2016_gfast,median,us60007idc,2020-01-28T19:10:24.918Z,Jamaica,Americas,EarthScope PRIDE PPP-AR kin quality-passing stations,"123 km NNW of Lucea, Jamaica",7.700000,1,6.793916,2.077169,263.894718,207.082000,7.658397,-0.041603,0.041603,min_stations>=1
all,"All stations, no quality filter",ALL,melgar_2015,median,us60007idc,2020-01-28T19:10:24.918Z,Jamaica,Americas,EarthScope PRIDE PPP-AR kin quality-passing stations,"123 km NNW of Lucea, Jamaica",7.700000,1,6.793916,2.077169,263.894718,207.082000,7.387494,-0.312506,0.312506,min_stations>=1
all,"All stations, no quality filter",ALL,ruhl_2019,median,us60007idc,2020-01-28T19:10:24.918Z,Jamaica,Americas,EarthScope PRIDE PPP-AR kin quality-passing stations,"123 km NNW of Lucea, Jamaica",7.700000,1,6.793916,2.077169,263.894718,207.082000,7.221727,-0.478273,0.478273,min_stations>=1
all,"All stations, no quality filter",ALL,crowell_2016_gfast,median,us6000ah9t,2020-06-23T15:29:04.350Z,Mexico,Americas,EarthScope PRIDE PPP-AR kin quality-passing stations,"9 km SE of Santa María Xadani, Mexico",7.400000,6,6.990064,4.402588,120.758990,34.650000,7.252859,-0.147141,0.147141,min_stations>=1
all,"All stations, no quality filter",ALL,melgar_2015,median,us6000ah9t,2020-06-23T15:29:04.350Z,Mexico,Americas,EarthScope PRIDE PPP-AR kin quality-passing stations,"9 km SE of Santa María Xadani, Mexico",7.400000,6,6.990064,4.402588,120.758990,34.650000,6.970871,-0.429130,0.429130,min_stations>=1
all,"All stations, no quality filter",ALL,ruhl_2019,median,us6000ah9t,2020-06-23T15:29:04.350Z,Mexico,Americas,EarthScope PRIDE PPP-AR kin quality-passing stations,"9 km SE of Santa María Xadani, Mexico",7.400000,6,6.990064,4.402588,120.758990,34.650000,6.762769,-0.637231,0.637231,min_stations>=1
all,"All stations, no quality filter",ALL,crowell_2016_gfast,median,us6000b56k,2020-07-28T08:03:43.215000Z,United States,US,EarthScope PRIDE PPP-AR kin quality-passing stations,"75 km SW of Sand Point, Alaska",6.100000,4,3.780557,2.500566,137.137239,211.285000,6.976497,0.876497,0.876497,min_stations>=1
all,"All stations, no quality filter",ALL,melgar_2015,median,us6000b56k,2020-07-28T08:03:43.215000Z,United States,US,EarthScope PRIDE PPP-AR kin quality-passing stations,"75 km SW of Sand Point, Alaska",6.100000,4,3.780557,2.500566,137.137239,211.285000,6.661658,0.561658,0.561658,min_stations>=1
all,"All stations, no quality filter",ALL,ruhl_2019,median,us6000b56k,2020-07-28T08:03:43.215000Z,United States,US,EarthScope PRIDE PPP-AR kin quality-passing stations,"75 km SW of Sand Point, Alaska",6.100000,4,3.780557,2.500566,137.137239,211.285000,6.430447,0.330447,0.330447,min_stations>=1
all,"All stations, no quality filter",ALL,crowell_2016_gfast,median,us6000exs5,2021-07-21T21:15:12.269Z,Panama,Americas,EarthScope PRIDE PPP-AR kin quality-passing stations,"71 km S of Burica, Panama",6.700000,1,3.352894,1.983561,264.427156,378.731000,7.347418,0.647418,0.647418,min_stations>=1
all,"All stations, no quality filter",ALL,melgar_2015,median,us6000exs5,2021-07-21T21:15:12.269Z,Panama,Americas,EarthScope PRIDE PPP-AR kin quality-passing stations,"71 km S of Burica, Panama",6.700000,1,3.352894,1.983561,264.427156,378.731000,6.958423,0.258423,0.258423,min_stations>=1
all,"All stations, no quality filter",ALL,ruhl_2019,median,us6000exs5,2021-07-21T21:15:12.269Z,Panama,Americas,EarthScope PRIDE PPP-AR kin quality-passing stations,"71 km S of Burica, Panama",6.700000,1,3.352894,1.983561,264.427156,378.731000,6.756844,0.056844,0.056844,min_stations>=1
all,"All stations, no quality filter",ALL,crowell_2016_gfast,median,us6000f652,2021-08-14T11:57:43.447000Z,United States,US,EarthScope PRIDE PPP-AR kin quality-passing stations,"125 km SE of Perryville, Alaska",6.900000,1,5.766437,1.445440,131.528481,193.553000,7.116766,0.216766,0.216766,min_stations>=1
all,"All stations, no quality filter",ALL,melgar_2015,median,us6000f652,2021-08-14T11:57:43.447000Z,United States,US,EarthScope PRIDE PPP-AR kin quality-passing stations,"125 km SE of Perryville, Alaska",6.900000,1,5.766437,1.445440,131.528481,193.553000,6.884545,-0.015455,0.015455,min_stations>=1
all,"All stations, no quality filter",ALL,ruhl_2019,median,us6000f652,2021-08-14T11:57:43.447000Z,United States,US,EarthScope PRIDE PPP-AR kin quality-passing stations,"125 km SE of Perryville, Alaska",6.900000,1,5.766437,1.445440,131.528481,193.553000,6.668985,-0.231015,0.231015,min_stations>=1
all,"All stations, no quality filter",ALL,crowell_2016_gfast,median,us6000f65h,2021-08-14T12:29:08.454Z,Haiti,Americas,EarthScope PRIDE PPP-AR kin quality-passing stations,"Nippes, Haiti",7.200000,5,3.781653,2.577033,253.405389,377.546000,7.371871,0.171871,0.171871,min_stations>=1
all,"All stations, no quality filter",ALL,melgar_2015,median,us6000f65h,2021-08-14T12:29:08.454Z,Haiti,Americas,EarthScope PRIDE PPP-AR kin quality-passing stations,"Nippes, Haiti",7.200000,5,3.781653,2.577033,253.405389,377.546000,7.007448,-0.192552,0.192552,min_stations>=1
all,"All stations, no quality filter",ALL,ruhl_2019,median,us6000f65h,2021-08-14T12:29:08.454Z,Haiti,Americas,EarthScope PRIDE PPP-AR kin quality-passing stations,"Nippes, Haiti",7.200000,5,3.781653,2.577033,253.405389,377.546000,6.809411,-0.390589,0.390589,min_stations>=1
all,"All stations, no quality filter",ALL,crowell_2016_gfast,median,us6000hf75,2022-04-21T07:42:46.508Z,Nicaragua,Americas,EarthScope PRIDE PPP-AR kin quality-passing stations,"55 km WSW of Masachapa, Nicaragua",6.600000,15,4.461536,2.479835,245.635416,545.492000,7.442086,0.842086,0.842086,min_stations>=1
all,"All stations, no quality filter",ALL,melgar_2015,median,us6000hf75,2022-04-21T07:42:46.508Z,Nicaragua,Americas,EarthScope PRIDE PPP-AR kin quality-passing stations,"55 km WSW of Masachapa, Nicaragua",6.600000,15,4.461536,2.479835,245.635416,545.492000,7.142787,0.542787,0.542787,min_stations>=1
all,"All stations, no quality filter",ALL,ruhl_2019,median,us6000hf75,2022-04-21T07:42:46.508Z,Nicaragua,Americas,EarthScope PRIDE PPP-AR kin quality-passing stations,"55 km WSW of Masachapa, Nicaragua",6.600000,15,4.461536,2.479835,245.635416,545.492000,6.955989,0.355989,0.355989,min_stations>=1
all,"All stations, no quality filter",ALL,crowell_2016_gfast,median,us6000iv6c,2022-10-20T11:57:12.575Z,Panama,Americas,EarthScope PRIDE PPP-AR kin quality-passing stations,"60 km SSW of Boca Chica, Panama",6.700000,2,4.962879,2.782049,197.004540,356.925000,7.280363,0.580363,0.580363,min_stations>=1
all,"All stations, no quality filter",ALL,melgar_2015,median,us6000iv6c,2022-10-20T11:57:12.575Z,Panama,Americas,EarthScope PRIDE PPP-AR kin quality-passing stations,"60 km SSW of Boca Chica, Panama",6.700000,2,4.962879,2.782049,197.004540,356.925000,6.973483,0.273483,0.273483,min_stations>=1
all,"All stations, no quality filter",ALL,ruhl_2019,median,us6000iv6c,2022-10-20T11:57:12.575Z,Panama,Americas,EarthScope PRIDE PPP-AR kin quality-passing stations,"60 km SSW of Boca Chica, Panama",6.700000,2,4.962879,2.782049,197.004540,356.925000,6.769270,0.069270,0.069270,min_stations>=1
all,"All stations, no quality filter",ALL,crowell_2016_gfast,median,us6000k20g,2023-04-04T22:18:12.640Z,Panama,Americas,EarthScope PRIDE PPP-AR kin quality-passing stations,"73 km S of Boca Chica, Panama",6.300000,4,5.904799,1.884498,225.779732,399.860000,7.484591,1.184591,1.184591,min_stations>=1
all,"All stations, no quality filter",ALL,melgar_2015,median,us6000k20g,2023-04-04T22:18:12.640Z,Panama,Americas,EarthScope PRIDE PPP-AR kin quality-passing stations,"73 km S of Boca Chica, Panama",6.300000,4,5.904799,1.884498,225.779732,399.860000,7.206352,0.906352,0.906352,min_stations>=1
all,"All stations, no quality filter",ALL,ruhl_2019,median,us6000k20g,2023-04-04T22:18:12.640Z,Panama,Americas,EarthScope PRIDE PPP-AR kin quality-passing stations,"73 km S of Boca Chica, Panama",6.300000,4,5.904799,1.884498,225.779732,399.860000,7.022991,0.722991,0.722991,min_stations>=1
all,"All stations, no quality filter",ALL,crowell_2016_gfast,median,us6000kcnb,2023-05-17T23:01:59.919Z,Guatemala,Americas,EarthScope PRIDE PPP-AR kin quality-passing stations,"8 km SE of Canillá, Guatemala",6.400000,2,6.720768,2.936939,331.695871,372.581000,7.806161,1.406161,1.406161,min_stations>=1
all,"All stations, no quality filter",ALL,melgar_2015,median,us6000kcnb,2023-05-17T23:01:59.919Z,Guatemala,Americas,EarthScope PRIDE PPP-AR kin quality-passing stations,"8 km SE of Canillá, Guatemala",6.400000,2,6.720768,2.936939,331.695871,372.581000,7.502982,1.102982,1.102982,min_stations>=1
all,"All stations, no quality filter",ALL,ruhl_2019,median,us6000kcnb,2023-05-17T23:01:59.919Z,Guatemala,Americas,EarthScope PRIDE PPP-AR kin quality-passing stations,"8 km SE of Canillá, Guatemala",6.400000,2,6.720768,2.936939,331.695871,372.581000,7.351368,0.951367,0.951367,min_stations>=1
all,"All stations, no quality filter",ALL,crowell_2016_gfast,median,us6000mzme,2024-05-19T09:35:24.660000Z,United States,US,EarthScope PRIDE PPP-AR kin quality-passing stations,"169 km SW of Nikolski, Alaska",6.000000,1,5.191936,3.585516,173.871350,9.340000,7.252982,1.252982,1.252982,min_stations>=1
all,"All stations, no quality filter",ALL,melgar_2015,median,us6000mzme,2024-05-19T09:35:24.660000Z,United States,US,EarthScope PRIDE PPP-AR kin quality-passing stations,"169 km SW of Nikolski, Alaska",6.000000,1,5.191936,3.585516,173.871350,9.340000,6.978843,0.978843,0.978843,min_stations>=1
all,"All stations, no quality filter",ALL,ruhl_2019,median,us6000mzme,2024-05-19T09:35:24.660000Z,United States,US,EarthScope PRIDE PPP-AR kin quality-passing stations,"169 km SW of Nikolski, Alaska",6.000000,1,5.191936,3.585516,173.871350,9.340000,6.773682,0.773682,0.773682,min_stations>=1
all,"All stations, no quality filter",ALL,crowell_2016_gfast,median,us6000nncs,2024-08-28T21:57:54.957Z,El Salvador,Americas,EarthScope PRIDE PPP-AR kin quality-passing stations,"56 km SSW of La Libertad, El Salvador",6.100000,2,4.735820,2.450645,187.581473,456.543000,7.178727,1.078727,1.078727,min_stations>=1
all,"All stations, no quality filter",ALL,melgar_2015,median,us6000nncs,2024-08-28T21:57:54.957Z,El Salvador,Americas,EarthScope PRIDE PPP-AR kin quality-passing stations,"56 km SSW of La Libertad, El Salvador",6.100000,2,4.735820,2.450645,187.581473,456.543000,6.889515,0.789515,0.789515,min_stations>=1
all,"All stations, no quality filter",ALL,ruhl_2019,median,us6000nncs,2024-08-28T21:57:54.957Z,El Salvador,Americas,EarthScope PRIDE PPP-AR kin quality-passing stations,"56 km SSW of La Libertad, El Salvador",6.100000,2,4.735820,2.450645,187.581473,456.543000,6.679689,0.579689,0.579689,min_stations>=1
all,"All stations, no quality filter",ALL,crowell_2016_gfast,median,us6000nyau,2024-10-12T17:43:44.516Z,Costa Rica,Americas,EarthScope PRIDE PPP-AR kin quality-passing stations,"40 km WNW of Tamarindo, Costa Rica",6.200000,2,4.372020,3.279818,130.403520,385.984000,6.987009,0.787009,0.787009,min_stations>=1
all,"All stations, no quality filter",ALL,melgar_2015,median,us6000nyau,2024-10-12T17:43:44.516Z,Costa Rica,Americas,EarthScope PRIDE PPP-AR kin quality-passing stations,"40 km WNW of Tamarindo, Costa Rica",6.200000,2,4.372020,3.279818,130.403520,385.984000,6.709452,0.509451,0.509451,min_stations>=1
all,"All stations, no quality filter",ALL,ruhl_2019,median,us6000nyau,2024-10-12T17:43:44.516Z,Costa Rica,Americas,EarthScope PRIDE PPP-AR kin quality-passing stations,"40 km WNW of Tamarindo, Costa Rica",6.200000,2,4.372020,3.279818,130.403520,385.984000,6.480550,0.280550,0.280550,min_stations>=1
all,"All stations, no quality filter",ALL,crowell_2016_gfast,median,us6000pi09,2025-01-05T17:18:45.784Z,El Salvador,Americas,EarthScope PRIDE PPP-AR kin quality-passing stations,"56 km SSE of La Libertad, El Salvador",6.200000,1,4.830787,2.326389,249.455911,591.216000,7.467775,1.267775,1.267775,min_stations>=1
all,"All stations, no quality filter",ALL,melgar_2015,median,us6000pi09,2025-01-05T17:18:45.784Z,El Salvador,Americas,EarthScope PRIDE PPP-AR kin quality-passing stations,"56 km SSE of La Libertad, El Salvador",6.200000,1,4.830787,2.326389,249.455911,591.216000,7.145925,0.945925,0.945925,min_stations>=1
all,"All stations, no quality filter",ALL,ruhl_2019,median,us6000pi09,2025-01-05T17:18:45.784Z,El Salvador,Americas,EarthScope PRIDE PPP-AR kin quality-passing stations,"56 km SSE of La Libertad, El Salvador",6.200000,1,4.830787,2.326389,249.455911,591.216000,6.959129,0.759129,0.759129,min_stations>=1
all,"All stations, no quality filter",ALL,crowell_2016_gfast,median,us6000pjig,2025-01-12T08:32:49.944Z,Mexico,Americas,EarthScope PRIDE PPP-AR kin quality-passing stations,"18 km SE of Aquila, Mexico",6.200000,10,5.479973,2.545190,166.797590,329.056000,7.261449,1.061449,1.061449,min_stations>=1
all,"All stations, no quality filter",ALL,melgar_2015,median,us6000pjig,2025-01-12T08:32:49.944Z,Mexico,Americas,EarthScope PRIDE PPP-AR kin quality-passing stations,"18 km SE of Aquila, Mexico",6.200000,10,5.479973,2.545190,166.797590,329.056000,6.962408,0.762408,0.762408,min_stations>=1
all,"All stations, no quality filter",ALL,ruhl_2019,median,us6000pjig,2025-01-12T08:32:49.944Z,Mexico,Americas,EarthScope PRIDE PPP-AR kin quality-passing stations,"18 km SE of Aquila, Mexico",6.200000,10,5.479973,2.545190,166.797590,329.056000,6.754986,0.554986,0.554986,min_stations>=1
all,"All stations, no quality filter",ALL,crowell_2016_gfast,median,us6000r3at,2025-08-23T09:14:22.210Z,El Salvador,Americas,EarthScope PRIDE PPP-AR kin quality-passing stations,"88 km SW of Acajutla, El Salvador",6.000000,1,8.531547,2.238720,160.078243,540.790000,7.408566,1.408566,1.408566,min_stations>=1
all,"All stations, no quality filter",ALL,melgar_2015,median,us6000r3at,2025-08-23T09:14:22.210Z,El Salvador,Americas,EarthScope PRIDE PPP-AR kin quality-passing stations,"88 km SW of Acajutla, El Salvador",6.000000,1,8.531547,2.238720,160.078243,540.790000,7.222688,1.222688,1.222688,min_stations>=1
all,"All stations, no quality filter",ALL,ruhl_2019,median,us6000r3at,2025-08-23T09:14:22.210Z,El Salvador,Americas,EarthScope PRIDE PPP-AR kin quality-passing stations,"88 km SW of Acajutla, El Salvador",6.000000,1,8.531547,2.238720,160.078243,540.790000,7.035431,1.035431,1.035431,min_stations>=1
all,"All stations, no quality filter",ALL,crowell_2016_gfast,median,us6000rjq8,2025-10-27T12:38:40.364Z,Guadeloupe,Americas,EarthScope PRIDE PPP-AR kin quality-passing stations,"164 km E of Beauséjour, Guadeloupe",6.500000,7,5.154125,2.253964,277.307086,144.636000,7.565377,1.065377,1.065377,min_stations>=1
all,"All stations, no quality filter",ALL,melgar_2015,median,us6000rjq8,2025-10-27T12:38:40.364Z,Guadeloupe,Americas,EarthScope PRIDE PPP-AR kin quality-passing stations,"164 km E of Beauséjour, Guadeloupe",6.500000,7,5.154125,2.253964,277.307086,144.636000,7.240656,0.740656,0.740656,min_stations>=1
all,"All stations, no quality filter",ALL,ruhl_2019,median,us6000rjq8,2025-10-27T12:38:40.364Z,Guadeloupe,Americas,EarthScope PRIDE PPP-AR kin quality-passing stations,"164 km E of Beauséjour, Guadeloupe",6.500000,7,5.154125,2.253964,277.307086,144.636000,7.063442,0.563442,0.563442,min_stations>=1
all,"All stations, no quality filter",ALL,crowell_2016_gfast,median,us6000rsy1,2025-12-06T20:41:49.288000Z,United States,US,EarthScope PRIDE PPP-AR kin quality-passing stations,2025 Hubbard Glacier Earthquake,7.000000,1,9.170311,2.379436,255.862088,316.712000,7.768343,0.768343,0.768343,min_stations>=1
all,"All stations, no quality filter",ALL,melgar_2015,median,us6000rsy1,2025-12-06T20:41:49.288000Z,United States,US,EarthScope PRIDE PPP-AR kin quality-passing stations,2025 Hubbard Glacier Earthquake,7.000000,1,9.170311,2.379436,255.862088,316.712000,7.550609,0.550609,0.550609,min_stations>=1
all,"All stations, no quality filter",ALL,ruhl_2019,median,us6000rsy1,2025-12-06T20:41:49.288000Z,United States,US,EarthScope PRIDE PPP-AR kin quality-passing stations,2025 Hubbard Glacier Earthquake,7.000000,1,9.170311,2.379436,255.862088,316.712000,7.397840,0.397840,0.397840,min_stations>=1
all,"All stations, no quality filter",ALL,crowell_2016_gfast,median,us6000sayv,2026-02-23T05:11:48.410000Z,United States,US,EarthScope PRIDE PPP-AR kin quality-passing stations,"96 km SW of Nikolski, Alaska",6.000000,2,2.475931,2.144998,190.719927,300.590000,6.929928,0.929928,0.929928,min_stations>=1
all,"All stations, no quality filter",ALL,melgar_2015,median,us6000sayv,2026-02-23T05:11:48.410000Z,United States,US,EarthScope PRIDE PPP-AR kin quality-passing stations,"96 km SW of Nikolski, Alaska",6.000000,2,2.475931,2.144998,190.719927,300.590000,6.534123,0.534123,0.534123,min_stations>=1
all,"All stations, no quality filter",ALL,ruhl_2019,median,us6000sayv,2026-02-23T05:11:48.410000Z,United States,US,EarthScope PRIDE PPP-AR kin quality-passing stations,"96 km SW of Nikolski, Alaska",6.000000,2,2.475931,2.144998,190.719927,300.590000,6.296071,0.296071,0.296071,min_stations>=1
all,"All stations, no quality filter",ALL,crowell_2016_gfast,median,us6000sy84,2026-05-16T14:50:05.533Z,Antigua and Barbuda,Americas,EarthScope PRIDE PPP-AR kin quality-passing stations,"61 km ESE of Codrington, Antigua and Barbuda",6.000000,12,6.378699,2.155517,131.704420,319.967000,7.180308,1.180308,1.180308,min_stations>=1
all,"All stations, no quality filter",ALL,melgar_2015,median,us6000sy84,2026-05-16T14:50:05.533Z,Antigua and Barbuda,Americas,EarthScope PRIDE PPP-AR kin quality-passing stations,"61 km ESE of Codrington, Antigua and Barbuda",6.000000,12,6.378699,2.155517,131.704420,319.967000,7.010727,1.010727,1.010727,min_stations>=1
all,"All stations, no quality filter",ALL,ruhl_2019,median,us6000sy84,2026-05-16T14:50:05.533Z,Antigua and Barbuda,Americas,EarthScope PRIDE PPP-AR kin quality-passing stations,"61 km ESE of Codrington, Antigua and Barbuda",6.000000,12,6.378699,2.155517,131.704420,319.967000,6.801926,0.801926,0.801926,min_stations>=1
all,"All stations, no quality filter",ALL,crowell_2016_gfast,median,us6000t7zc,2026-06-24T22:04:33.389000Z,Venezuela,Americas,EarthScope PRIDE PPP-AR kin quality-passing stations,"23 km SE of Yumare, Venezuela",7.200000,29,7.193789,2.303159,906.196268,238.611000,8.705089,1.505089,1.505089,min_stations>=1
all,"All stations, no quality filter",ALL,melgar_2015,median,us6000t7zc,2026-06-24T22:04:33.389000Z,Venezuela,Americas,EarthScope PRIDE PPP-AR kin quality-passing stations,"23 km SE of Yumare, Venezuela",7.200000,29,7.193789,2.303159,906.196268,238.611000,8.285144,1.085144,1.085144,min_stations>=1
all,"All stations, no quality filter",ALL,ruhl_2019,median,us6000t7zc,2026-06-24T22:04:33.389000Z,Venezuela,Americas,EarthScope PRIDE PPP-AR kin quality-passing stations,"23 km SE of Yumare, Venezuela",7.200000,29,7.193789,2.303159,906.196268,238.611000,8.236026,1.036026,1.036026,min_stations>=1
all,"All stations, no quality filter",ALL,crowell_2016_gfast,median,us6000t7zp,2026-06-24T22:05:11.566000Z,Venezuela,Americas,EarthScope PRIDE PPP-AR kin quality-passing stations,"28 km SE of Yumare, Venezuela",7.500000,29,7.217659,2.398535,905.580215,206.434000,8.696148,1.196148,1.196148,min_stations>=1
all,"All stations, no quality filter",ALL,melgar_2015,median,us6000t7zp,2026-06-24T22:05:11.566000Z,Venezuela,Americas,EarthScope PRIDE PPP-AR kin quality-passing stations,"28 km SE of Yumare, Venezuela",7.500000,29,7.217659,2.398535,905.580215,206.434000,8.276020,0.776020,0.776020,min_stations>=1
all,"All stations, no quality filter",ALL,ruhl_2019,median,us6000t7zp,2026-06-24T22:05:11.566000Z,Venezuela,Americas,EarthScope PRIDE PPP-AR kin quality-passing stations,"28 km SE of Yumare, Venezuela",7.500000,29,7.217659,2.398535,905.580215,206.434000,8.225745,0.725745,0.725745,min_stations>=1
all,"All stations, no quality filter",ALL,crowell_2016_gfast,median,us70003k3p,2019-05-12T19:24:50.373Z,Panama,Americas,EarthScope PRIDE PPP-AR kin quality-passing stations,"1 km W of Breñón, Panama",6.000000,1,7.676445,1.448265,104.200874,569.627000,7.088872,1.088872,1.088872,min_stations>=1
all,"All stations, no quality filter",ALL,melgar_2015,median,us70003k3p,2019-05-12T19:24:50.373Z,Panama,Americas,EarthScope PRIDE PPP-AR kin quality-passing stations,"1 km W of Breñón, Panama",6.000000,1,7.676445,1.448265,104.200874,569.627000,6.921180,0.921180,0.921180,min_stations>=1
all,"All stations, no quality filter",ALL,ruhl_2019,median,us70003k3p,2019-05-12T19:24:50.373Z,Panama,Americas,EarthScope PRIDE PPP-AR kin quality-passing stations,"1 km W of Breñón, Panama",6.000000,1,7.676445,1.448265,104.200874,569.627000,6.705893,0.705893,0.705893,min_stations>=1
all,"All stations, no quality filter",ALL,crowell_2016_gfast,median,us7000455l,2019-06-26T05:23:51.514Z,Panama,Americas,EarthScope PRIDE PPP-AR kin quality-passing stations,"4 km SE of Aserrío de Gariché, Panama",6.200000,2,11.240696,2.076124,117.626505,99.986000,7.313356,1.113356,1.113356,min_stations>=1
all,"All stations, no quality filter",ALL,melgar_2015,median,us7000455l,2019-06-26T05:23:51.514Z,Panama,Americas,EarthScope PRIDE PPP-AR kin quality-passing stations,"4 km SE of Aserrío de Gariché, Panama",6.200000,2,11.240696,2.076124,117.626505,99.986000,7.193993,0.993993,0.993993,min_stations>=1
all,"All stations, no quality filter",ALL,ruhl_2019,median,us7000455l,2019-06-26T05:23:51.514Z,Panama,Americas,EarthScope PRIDE PPP-AR kin quality-passing stations,"4 km SE of Aserrío de Gariché, Panama",6.200000,2,11.240696,2.076124,117.626505,99.986000,7.000191,0.800191,0.800191,min_stations>=1
all,"All stations, no quality filter",ALL,crowell_2016_gfast,median,us700059qh,2019-08-29T15:07:58.646000Z,United States,US,EarthScope PRIDE PPP-AR kin quality-passing stations,"285 km W of Bandon, Oregon",6.300000,2,2.755439,2.260882,289.470312,228.354000,7.322856,1.022856,1.022856,min_stations>=1
all,"All stations, no quality filter",ALL,melgar_2015,median,us700059qh,2019-08-29T15:07:58.646000Z,United States,US,EarthScope PRIDE PPP-AR kin quality-passing stations,"285 km W of Bandon, Oregon",6.300000,2,2.755439,2.260882,289.470312,228.354000,6.890643,0.590643,0.590643,min_stations>=1
all,"All stations, no quality filter",ALL,ruhl_2019,median,us700059qh,2019-08-29T15:07:58.646000Z,United States,US,EarthScope PRIDE PPP-AR kin quality-passing stations,"285 km W of Bandon, Oregon",6.300000,2,2.755439,2.260882,289.470312,228.354000,6.684501,0.384501,0.384501,min_stations>=1
all,"All stations, no quality filter",ALL,crowell_2016_gfast,median,us70008jr5,2020-03-31T23:52:30.781000Z,United States,US,EarthScope PRIDE PPP-AR kin quality-passing stations,"Stanley, Idaho",6.500000,11,3.752079,2.573552,130.962470,325.219000,6.979206,0.479206,0.479206,min_stations>=1
all,"All stations, no quality filter",ALL,melgar_2015,median,us70008jr5,2020-03-31T23:52:30.781000Z,United States,US,EarthScope PRIDE PPP-AR kin quality-passing stations,"Stanley, Idaho",6.500000,11,3.752079,2.573552,130.962470,325.219000,6.706861,0.206861,0.206861,min_stations>=1
all,"All stations, no quality filter",ALL,ruhl_2019,median,us70008jr5,2020-03-31T23:52:30.781000Z,United States,US,EarthScope PRIDE PPP-AR kin quality-passing stations,"Stanley, Idaho",6.500000,11,3.752079,2.573552,130.962470,325.219000,6.476143,-0.023857,0.023857,min_stations>=1
all,"All stations, no quality filter",ALL,crowell_2016_gfast,median,us7000asx4,2020-07-22T06:16:18.627000Z,United States,US,EarthScope PRIDE PPP-AR kin quality-passing stations,"101 km ESE of Sand Point, Alaska",6.100000,5,22.284104,1.322300,101.866124,311.373000,7.253232,1.153232,1.153232,min_stations>=1
all,"All stations, no quality filter",ALL,melgar_2015,median,us7000asx4,2020-07-22T06:16:18.627000Z,United States,US,EarthScope PRIDE PPP-AR kin quality-passing stations,"101 km ESE of Sand Point, Alaska",6.100000,5,22.284104,1.322300,101.866124,311.373000,7.300080,1.200080,1.200080,min_stations>=1
all,"All stations, no quality filter",ALL,ruhl_2019,median,us7000asx4,2020-07-22T06:16:18.627000Z,United States,US,EarthScope PRIDE PPP-AR kin quality-passing stations,"101 km ESE of Sand Point, Alaska",6.100000,5,22.284104,1.322300,101.866124,311.373000,7.112787,1.012787,1.012787,min_stations>=1
all,"All stations, no quality filter",ALL,crowell_2016_gfast,median,us7000bcbv,2020-08-24T21:51:09.259Z,Costa Rica,Americas,EarthScope PRIDE PPP-AR kin quality-passing stations,"4 km SSW of Jacó, Costa Rica",6.000000,2,9.410502,1.873385,123.673617,490.741000,7.247327,1.247327,1.247327,min_stations>=1
all,"All stations, no quality filter",ALL,melgar_2015,median,us7000bcbv,2020-08-24T21:51:09.259Z,Costa Rica,Americas,EarthScope PRIDE PPP-AR kin quality-passing stations,"4 km SSW of Jacó, Costa Rica",6.000000,2,9.410502,1.873385,123.673617,490.741000,7.090314,1.090314,1.090314,min_stations>=1
all,"All stations, no quality filter",ALL,ruhl_2019,median,us7000bcbv,2020-08-24T21:51:09.259Z,Costa Rica,Americas,EarthScope PRIDE PPP-AR kin quality-passing stations,"4 km SSW of Jacó, Costa Rica",6.000000,2,9.410502,1.873385,123.673617,490.741000,6.889125,0.889125,0.889125,min_stations>=1
all,"All stations, no quality filter",ALL,crowell_2016_gfast,median,us7000clnv,2020-12-01T16:22:39.923000Z,United States,US,EarthScope PRIDE PPP-AR kin quality-passing stations,"46 km ESE of Nikolski, Alaska",6.400000,2,4.731509,2.898855,111.301898,388.077000,6.840561,0.440561,0.440561,min_stations>=1
all,"All stations, no quality filter",ALL,melgar_2015,median,us7000clnv,2020-12-01T16:22:39.923000Z,United States,US,EarthScope PRIDE PPP-AR kin quality-passing stations,"46 km ESE of Nikolski, Alaska",6.400000,2,4.731509,2.898855,111.301898,388.077000,6.595575,0.195575,0.195575,min_stations>=1
all,"All stations, no quality filter",ALL,ruhl_2019,median,us7000clnv,2020-12-01T16:22:39.923000Z,United States,US,EarthScope PRIDE PPP-AR kin quality-passing stations,"46 km ESE of Nikolski, Alaska",6.400000,2,4.731509,2.898855,111.301898,388.077000,6.357261,-0.042739,0.042739,min_stations>=1
all,"All stations, no quality filter",ALL,crowell_2016_gfast,median,us7000e2c6,2021-05-12T08:45:44.539Z,El Salvador,Americas,EarthScope PRIDE PPP-AR kin quality-passing stations,"55 km SW of Acajutla, El Salvador",6.000000,1,2.892905,1.827692,130.769862,51.461000,6.827005,0.827005,0.827005,min_stations>=1
all,"All stations, no quality filter",ALL,melgar_2015,median,us7000e2c6,2021-05-12T08:45:44.539Z,El Salvador,Americas,EarthScope PRIDE PPP-AR kin quality-passing stations,"55 km SW of Acajutla, El Salvador",6.000000,1,2.892905,1.827692,130.769862,51.461000,6.484557,0.484557,0.484557,min_stations>=1
all,"All stations, no quality filter",ALL,ruhl_2019,median,us7000e2c6,2021-05-12T08:45:44.539Z,El Salvador,Americas,EarthScope PRIDE PPP-AR kin quality-passing stations,"55 km SW of Acajutla, El Salvador",6.000000,1,2.892905,1.827692,130.769862,51.461000,6.238847,0.238847,0.238847,min_stations>=1
all,"All stations, no quality filter",ALL,crowell_2016_gfast,median,us7000e2rq,2021-05-13T09:42:12.044Z,Panama,Americas,EarthScope PRIDE PPP-AR kin quality-passing stations,"154 km SSE of Punta de Burica, Panama",6.100000,1,3.776003,1.904287,267.901701,44.956000,7.409154,1.309154,1.309154,min_stations>=1
all,"All stations, no quality filter",ALL,melgar_2015,median,us7000e2rq,2021-05-13T09:42:12.044Z,Panama,Americas,EarthScope PRIDE PPP-AR kin quality-passing stations,"154 km SSE of Punta de Burica, Panama",6.100000,1,3.776003,1.904287,267.901701,44.956000,7.038566,0.938566,0.938566,min_stations>=1
all,"All stations, no quality filter",ALL,ruhl_2019,median,us7000e2rq,2021-05-13T09:42:12.044Z,Panama,Americas,EarthScope PRIDE PPP-AR kin quality-passing stations,"154 km SSE of Punta de Burica, Panama",6.100000,1,3.776003,1.904287,267.901701,44.956000,6.843864,0.743864,0.743864,min_stations>=1
all,"All stations, no quality filter",ALL,crowell_2016_gfast,median,us7000emzy,2021-07-17T20:56:10.107Z,Panama,Americas,EarthScope PRIDE PPP-AR kin quality-passing stations,"135 km S of Burica, Panama",6.100000,1,8.764964,2.140418,283.564210,436.893000,7.824321,1.724321,1.724321,min_stations>=1
all,"All stations, no quality filter",ALL,melgar_2015,median,us7000emzy,2021-07-17T20:56:10.107Z,Panama,Americas,EarthScope PRIDE PPP-AR kin quality-passing stations,"135 km S of Burica, Panama",6.100000,1,8.764964,2.140418,283.564210,436.893000,7.588555,1.488555,1.488555,min_stations>=1
all,"All stations, no quality filter",ALL,ruhl_2019,median,us7000emzy,2021-07-17T20:56:10.107Z,Panama,Americas,EarthScope PRIDE PPP-AR kin quality-passing stations,"135 km S of Burica, Panama",6.100000,1,8.764964,2.140418,283.564210,436.893000,7.441087,1.341087,1.341087,min_stations>=1
all,"All stations, no quality filter",ALL,crowell_2016_gfast,median,us7000f93v,2021-09-08T01:47:47.437Z,Mexico,Americas,EarthScope PRIDE PPP-AR kin quality-passing stations,"Acapulco, Mexico",7.000000,6,4.159590,2.516941,272.839539,97.063000,7.464161,0.464161,0.464161,min_stations>=1
all,"All stations, no quality filter",ALL,melgar_2015,median,us7000f93v,2021-09-08T01:47:47.437Z,Mexico,Americas,EarthScope PRIDE PPP-AR kin quality-passing stations,"Acapulco, Mexico",7.000000,6,4.159590,2.516941,272.839539,97.063000,7.104817,0.104817,0.104817,min_stations>=1
all,"All stations, no quality filter",ALL,ruhl_2019,median,us7000f93v,2021-09-08T01:47:47.437Z,Mexico,Americas,EarthScope PRIDE PPP-AR kin quality-passing stations,"Acapulco, Mexico",7.000000,6,4.159590,2.516941,272.839539,97.063000,6.916049,-0.083951,0.083951,min_stations>=1
all,"All stations, no quality filter",ALL,crowell_2016_gfast,median,us7000fdds,2021-09-22T09:57:07.023Z,Nicaragua,Americas,EarthScope PRIDE PPP-AR kin quality-passing stations,"80 km SW of Jiquilillo, Nicaragua",6.500000,1,3.943323,1.975881,221.003982,500.977000,7.295276,0.795276,0.795276,min_stations>=1
all,"All stations, no quality filter",ALL,melgar_2015,median,us7000fdds,2021-09-22T09:57:07.023Z,Nicaragua,Americas,EarthScope PRIDE PPP-AR kin quality-passing stations,"80 km SW of Jiquilillo, Nicaragua",6.500000,1,3.943323,1.975881,221.003982,500.977000,6.952386,0.452386,0.452386,min_stations>=1
all,"All stations, no quality filter",ALL,ruhl_2019,median,us7000fdds,2021-09-22T09:57:07.023Z,Nicaragua,Americas,EarthScope PRIDE PPP-AR kin quality-passing stations,"80 km SW of Jiquilillo, Nicaragua",6.500000,1,3.943323,1.975881,221.003982,500.977000,6.748048,0.248048,0.248048,min_stations>=1
all,"All stations, no quality filter",ALL,crowell_2016_gfast,median,us7000fskw,2021-11-09T06:25:14.907Z,Nicaragua,Americas,EarthScope PRIDE PPP-AR kin quality-passing stations,"62 km S of Masachapa, Nicaragua",6.300000,3,4.908370,2.619683,186.392113,267.093000,7.114525,0.814525,0.814525,min_stations>=1
all,"All stations, no quality filter",ALL,melgar_2015,median,us7000fskw,2021-11-09T06:25:14.907Z,Nicaragua,Americas,EarthScope PRIDE PPP-AR kin quality-passing stations,"62 km S of Masachapa, Nicaragua",6.300000,3,4.908370,2.619683,186.392113,267.093000,6.763215,0.463215,0.463215,min_stations>=1
all,"All stations, no quality filter",ALL,ruhl_2019,median,us7000fskw,2021-11-09T06:25:14.907Z,Nicaragua,Americas,EarthScope PRIDE PPP-AR kin quality-passing stations,"62 km S of Masachapa, Nicaragua",6.300000,3,4.908370,2.619683,186.392113,267.093000,6.541808,0.241808,0.241808,min_stations>=1
all,"All stations, no quality filter",ALL,crowell_2016_gfast,median,us7000g9nb,2022-01-06T16:25:05.973Z,Nicaragua,Americas,EarthScope PRIDE PPP-AR kin quality-passing stations,near the coast of Nicaragua,6.100000,6,8.473334,1.529498,92.895889,167.527000,7.153415,1.053415,1.053415,min_stations>=1
all,"All stations, no quality filter",ALL,melgar_2015,median,us7000g9nb,2022-01-06T16:25:05.973Z,Nicaragua,Americas,EarthScope PRIDE PPP-AR kin quality-passing stations,near the coast of Nicaragua,6.100000,6,8.473334,1.529498,92.895889,167.527000,7.095169,0.995170,0.995170,min_stations>=1
all,"All stations, no quality filter",ALL,ruhl_2019,median,us7000g9nb,2022-01-06T16:25:05.973Z,Nicaragua,Americas,EarthScope PRIDE PPP-AR kin quality-passing stations,near the coast of Nicaragua,6.100000,6,8.473334,1.529498,92.895889,167.527000,6.889287,0.789287,0.789287,min_stations>=1
all,"All stations, no quality filter",ALL,crowell_2016_gfast,median,us7000gavu,2022-01-11T11:35:43.674000Z,United States,US,EarthScope PRIDE PPP-AR kin quality-passing stations,"100 km SE of Nikolski, Alaska",6.800000,1,5.648230,3.129598,103.879488,531.326000,6.962258,0.162258,0.162258,min_stations>=1
all,"All stations, no quality filter",ALL,melgar_2015,median,us7000gavu,2022-01-11T11:35:43.674000Z,United States,US,EarthScope PRIDE PPP-AR kin quality-passing stations,"100 km SE of Nikolski, Alaska",6.800000,1,5.648230,3.129598,103.879488,531.326000,6.746175,-0.053825,0.053825,min_stations>=1
all,"All stations, no quality filter",ALL,ruhl_2019,median,us7000gavu,2022-01-11T11:35:43.674000Z,United States,US,EarthScope PRIDE PPP-AR kin quality-passing stations,"100 km SE of Nikolski, Alaska",6.800000,1,5.648230,3.129598,103.879488,531.326000,6.518130,-0.281870,0.281870,min_stations>=1
all,"All stations, no quality filter",ALL,crowell_2016_gfast,median,us7000gawk,2022-01-11T12:39:32.454000Z,United States,US,EarthScope PRIDE PPP-AR kin quality-passing stations,"53 km SE of Nikolski, Alaska",6.600000,1,4.652247,3.238753,59.276557,322.546000,6.563129,-0.036871,0.036871,min_stations>=1
all,"All stations, no quality filter",ALL,melgar_2015,median,us7000gawk,2022-01-11T12:39:32.454000Z,United States,US,EarthScope PRIDE PPP-AR kin quality-passing stations,"53 km SE of Nikolski, Alaska",6.600000,1,4.652247,3.238753,59.276557,322.546000,6.358463,-0.241537,0.241537,min_stations>=1
all,"All stations, no quality filter",ALL,ruhl_2019,median,us7000gawk,2022-01-11T12:39:32.454000Z,United States,US,EarthScope PRIDE PPP-AR kin quality-passing stations,"53 km SE of Nikolski, Alaska",6.600000,1,4.652247,3.238753,59.276557,322.546000,6.099837,-0.500163,0.500163,min_stations>=1
all,"All stations, no quality filter",ALL,crowell_2016_gfast,median,us7000ge5q,2022-01-22T05:17:04.896000Z,United States,US,EarthScope PRIDE PPP-AR kin quality-passing stations,"71 km S of Unalaska, Alaska",6.200000,1,5.468994,2.040272,150.911609,351.104000,7.182475,0.982475,0.982475,min_stations>=1
all,"All stations, no quality filter",ALL,melgar_2015,median,us7000ge5q,2022-01-22T05:17:04.896000Z,United States,US,EarthScope PRIDE PPP-AR kin quality-passing stations,"71 km S of Unalaska, Alaska",6.200000,1,5.468994,2.040272,150.911609,351.104000,6.929728,0.729728,0.729728,min_stations>=1
all,"All stations, no quality filter",ALL,ruhl_2019,median,us7000ge5q,2022-01-22T05:17:04.896000Z,United States,US,EarthScope PRIDE PPP-AR kin quality-passing stations,"71 km S of Unalaska, Alaska",6.200000,1,5.468994,2.040272,150.911609,351.104000,6.719098,0.519098,0.519098,min_stations>=1
all,"All stations, no quality filter",ALL,crowell_2016_gfast,median,us7000i9bw,2022-09-19T18:05:08.217Z,Mexico,Americas,EarthScope PRIDE PPP-AR kin quality-passing stations,"35 km SSW of Aguililla, Mexico",7.600000,11,14.105091,6.391013,206.010464,64.783000,7.737085,0.137085,0.137085,min_stations>=1
all,"All stations, no quality filter",ALL,melgar_2015,median,us7000i9bw,2022-09-19T18:05:08.217Z,Mexico,Americas,EarthScope PRIDE PPP-AR kin quality-passing stations,"35 km SSW of Aguililla, Mexico",7.600000,11,14.105091,6.391013,206.010464,64.783000,7.618761,0.018761,0.018761,min_stations>=1
all,"All stations, no quality filter",ALL,ruhl_2019,median,us7000i9bw,2022-09-19T18:05:08.217Z,Mexico,Americas,EarthScope PRIDE PPP-AR kin quality-passing stations,"35 km SSW of Aguililla, Mexico",7.600000,11,14.105091,6.391013,206.010464,64.783000,7.465457,-0.134543,0.134543,min_stations>=1
all,"All stations, no quality filter",ALL,crowell_2016_gfast,median,us7000ia36,2022-09-22T06:16:09.459Z,Mexico,Americas,EarthScope PRIDE PPP-AR kin quality-passing stations,"55 km SSW of Aguililla, Mexico",6.800000,8,5.075503,2.369733,210.665754,195.541000,7.331480,0.531480,0.531480,min_stations>=1
all,"All stations, no quality filter",ALL,melgar_2015,median,us7000ia36,2022-09-22T06:16:09.459Z,Mexico,Americas,EarthScope PRIDE PPP-AR kin quality-passing stations,"55 km SSW of Aguililla, Mexico",6.800000,8,5.075503,2.369733,210.665754,195.541000,7.050390,0.250390,0.250390,min_stations>=1
all,"All stations, no quality filter",ALL,ruhl_2019,median,us7000ia36,2022-09-22T06:16:09.459Z,Mexico,Americas,EarthScope PRIDE PPP-AR kin quality-passing stations,"55 km SSW of Aguililla, Mexico",6.800000,8,5.075503,2.369733,210.665754,195.541000,6.851797,0.051798,0.051798,min_stations>=1
all,"All stations, no quality filter",ALL,crowell_2016_gfast,median,us7000imgl,2022-11-04T10:02:46.346Z,Mexico,Americas,EarthScope PRIDE PPP-AR kin quality-passing stations,"82 km SSW of Bahía de Kino, Mexico",6.100000,1,4.409116,2.110264,166.646307,132.654000,7.155779,1.055779,1.055779,min_stations>=1
all,"All stations, no quality filter",ALL,melgar_2015,median,us7000imgl,2022-11-04T10:02:46.346Z,Mexico,Americas,EarthScope PRIDE PPP-AR kin quality-passing stations,"82 km SSW of Bahía de Kino, Mexico",6.100000,1,4.409116,2.110264,166.646307,132.654000,6.859002,0.759002,0.759002,min_stations>=1
all,"All stations, no quality filter",ALL,ruhl_2019,median,us7000imgl,2022-11-04T10:02:46.346Z,Mexico,Americas,EarthScope PRIDE PPP-AR kin quality-passing stations,"82 km SSW of Bahía de Kino, Mexico",6.100000,1,4.409116,2.110264,166.646307,132.654000,6.643984,0.543984,0.543984,min_stations>=1
all,"All stations, no quality filter",ALL,crowell_2016_gfast,median,us7000irjd,2022-11-22T16:39:05.789Z,Mexico,Americas,EarthScope PRIDE PPP-AR kin quality-passing stations,"28 km SW of Las Brisas, Mexico",6.200000,49,4.775699,3.508220,260.666886,402.211000,7.509168,1.309168,1.309168,min_stations>=1
all,"All stations, no quality filter",ALL,melgar_2015,median,us7000irjd,2022-11-22T16:39:05.789Z,Mexico,Americas,EarthScope PRIDE PPP-AR kin quality-passing stations,"28 km SW of Las Brisas, Mexico",6.200000,49,4.775699,3.508220,260.666886,402.211000,7.176937,0.976937,0.976937,min_stations>=1
all,"All stations, no quality filter",ALL,ruhl_2019,median,us7000irjd,2022-11-22T16:39:05.789Z,Mexico,Americas,EarthScope PRIDE PPP-AR kin quality-passing stations,"28 km SW of Las Brisas, Mexico",6.200000,49,4.775699,3.508220,260.666886,402.211000,6.994566,0.794566,0.794566,min_stations>=1
all,"All stations, no quality filter",ALL,crowell_2016_gfast,median,us7000j5sc,2023-01-20T11:23:40.603Z,Guadeloupe,Americas,EarthScope PRIDE PPP-AR kin quality-passing stations,"40 km WSW of Pointe-Noire, Guadeloupe",6.100000,9,4.846700,2.136091,178.889125,289.397000,7.229342,1.129342,1.129342,min_stations>=1
all,"All stations, no quality filter",ALL,melgar_2015,median,us7000j5sc,2023-01-20T11:23:40.603Z,Guadeloupe,Americas,EarthScope PRIDE PPP-AR kin quality-passing stations,"40 km WSW of Pointe-Noire, Guadeloupe",6.100000,9,4.846700,2.136091,178.889125,289.397000,6.943175,0.843175,0.843175,min_stations>=1
all,"All stations, no quality filter",ALL,ruhl_2019,median,us7000j5sc,2023-01-20T11:23:40.603Z,Guadeloupe,Americas,EarthScope PRIDE PPP-AR kin quality-passing stations,"40 km WSW of Pointe-Noire, Guadeloupe",6.100000,9,4.846700,2.136091,178.889125,289.397000,6.735316,0.635316,0.635316,min_stations>=1
all,"All stations, no quality filter",ALL,crowell_2016_gfast,median,us7000k3n3,2023-05-25T03:05:32.956Z,Panama,Americas,EarthScope PRIDE PPP-AR kin quality-passing stations,"45 km NE of Puerto Obaldía, Panama",6.500000,2,5.264884,2.896308,252.717629,594.544000,7.504877,1.004877,1.004877,min_stations>=1
all,"All stations, no quality filter",ALL,melgar_2015,median,us7000k3n3,2023-05-25T03:05:32.956Z,Panama,Americas,EarthScope PRIDE PPP-AR kin quality-passing stations,"45 km NE of Puerto Obaldía, Panama",6.500000,2,5.264884,2.896308,252.717629,594.544000,7.195087,0.695087,0.695087,min_stations>=1
all,"All stations, no quality filter",ALL,ruhl_2019,median,us7000k3n3,2023-05-25T03:05:32.956Z,Panama,Americas,EarthScope PRIDE PPP-AR kin quality-passing stations,"45 km NE of Puerto Obaldía, Panama",6.500000,2,5.264884,2.896308,252.717629,594.544000,7.012754,0.512754,0.512754,min_stations>=1
all,"All stations, no quality filter",ALL,crowell_2016_gfast,median,us7000keq3,2023-07-10T20:28:26.195Z,Antigua and Barbuda,Americas,EarthScope PRIDE PPP-AR kin quality-passing stations,"278 km NNE of Codrington, Antigua and Barbuda",6.600000,2,6.312576,2.685099,283.751329,401.305000,7.658640,1.058641,1.058641,min_stations>=1
all,"All stations, no quality filter",ALL,melgar_2015,median,us7000keq3,2023-07-10T20:28:26.195Z,Antigua and Barbuda,Americas,EarthScope PRIDE PPP-AR kin quality-passing stations,"278 km NNE of Codrington, Antigua and Barbuda",6.600000,2,6.312576,2.685099,283.751329,401.305000,7.360440,0.760440,0.760440,min_stations>=1
all,"All stations, no quality filter",ALL,ruhl_2019,median,us7000keq3,2023-07-10T20:28:26.195Z,Antigua and Barbuda,Americas,EarthScope PRIDE PPP-AR kin quality-passing stations,"278 km NNE of Codrington, Antigua and Barbuda",6.600000,2,6.312576,2.685099,283.751329,401.305000,7.193661,0.593661,0.593661,min_stations>=1
all,"All stations, no quality filter",ALL,crowell_2016_gfast,median,us7000kfnc,2023-07-14T09:29:00.404Z,Mexico,Americas,EarthScope PRIDE PPP-AR kin quality-passing stations,"Offshore Chiapas, Mexico",6.300000,1,5.251181,2.585196,242.607266,274.596000,7.484871,1.184871,1.184871,min_stations>=1
all,"All stations, no quality filter",ALL,melgar_2015,median,us7000kfnc,2023-07-14T09:29:00.404Z,Mexico,Americas,EarthScope PRIDE PPP-AR kin quality-passing stations,"Offshore Chiapas, Mexico",6.300000,1,5.251181,2.585196,242.607266,274.596000,7.179798,0.879798,0.879798,min_stations>=1
all,"All stations, no quality filter",ALL,ruhl_2019,median,us7000kfnc,2023-07-14T09:29:00.404Z,Mexico,Americas,EarthScope PRIDE PPP-AR kin quality-passing stations,"Offshore Chiapas, Mexico",6.300000,1,5.251181,2.585196,242.607266,274.596000,6.995377,0.695377,0.695377,min_stations>=1
all,"All stations, no quality filter",ALL,crowell_2016_gfast,median,us7000kg30,2023-07-16T06:48:21.158000Z,United States,US,EarthScope PRIDE PPP-AR kin quality-passing stations,"2023 Sand Point, Alaska Earthquake",7.200000,7,4.942155,1.848275,128.631800,64.842000,7.103538,-0.096462,0.096462,min_stations>=1
all,"All stations, no quality filter",ALL,melgar_2015,median,us7000kg30,2023-07-16T06:48:21.158000Z,United States,US,EarthScope PRIDE PPP-AR kin quality-passing stations,"2023 Sand Point, Alaska Earthquake",7.200000,7,4.942155,1.848275,128.631800,64.842000,6.861516,-0.338484,0.338484,min_stations>=1
all,"All stations, no quality filter",ALL,ruhl_2019,median,us7000kg30,2023-07-16T06:48:21.158000Z,United States,US,EarthScope PRIDE PPP-AR kin quality-passing stations,"2023 Sand Point, Alaska Earthquake",7.200000,7,4.942155,1.848275,128.631800,64.842000,6.644367,-0.555633,0.555633,min_stations>=1
all,"All stations, no quality filter",ALL,crowell_2016_gfast,median,us7000kgpb,2023-07-19T00:22:07.656Z,El Salvador,Americas,EarthScope PRIDE PPP-AR kin quality-passing stations,"43 km S of Intipucá, El Salvador",6.500000,2,3.214558,2.905733,175.915406,530.344000,7.053437,0.553437,0.553437,min_stations>=1
all,"All stations, no quality filter",ALL,melgar_2015,median,us7000kgpb,2023-07-19T00:22:07.656Z,El Salvador,Americas,EarthScope PRIDE PPP-AR kin quality-passing stations,"43 km S of Intipucá, El Salvador",6.500000,2,3.214558,2.905733,175.915406,530.344000,6.699203,0.199203,0.199203,min_stations>=1
all,"All stations, no quality filter",ALL,ruhl_2019,median,us7000kgpb,2023-07-19T00:22:07.656Z,El Salvador,Americas,EarthScope PRIDE PPP-AR kin quality-passing stations,"43 km S of Intipucá, El Salvador",6.500000,2,3.214558,2.905733,175.915406,530.344000,6.472253,-0.027747,0.027747,min_stations>=1
all,"All stations, no quality filter",ALL,crowell_2016_gfast,median,us7000luai,2024-01-27T05:52:48.419Z,Guatemala,Americas,EarthScope PRIDE PPP-AR kin quality-passing stations,"15 km W of Taxisco, Guatemala",6.100000,1,6.883081,2.054450,189.617885,185.581000,7.431636,1.331636,1.331636,min_stations>=1
all,"All stations, no quality filter",ALL,melgar_2015,median,us7000luai,2024-01-27T05:52:48.419Z,Guatemala,Americas,EarthScope PRIDE PPP-AR kin quality-passing stations,"15 km W of Taxisco, Guatemala",6.100000,1,6.883081,2.054450,189.617885,185.581000,7.195474,1.095474,1.095474,min_stations>=1
all,"All stations, no quality filter",ALL,ruhl_2019,median,us7000luai,2024-01-27T05:52:48.419Z,Guatemala,Americas,EarthScope PRIDE PPP-AR kin quality-passing stations,"15 km W of Taxisco, Guatemala",6.100000,1,6.883081,2.054450,189.617885,185.581000,7.008590,0.908590,0.908590,min_stations>=1
all,"All stations, no quality filter",ALL,crowell_2016_gfast,median,us7000mu1p,2024-06-23T03:57:58.918Z,Venezuela,Americas,EarthScope PRIDE PPP-AR kin quality-passing stations,"20 km NE of Yaguaraparo, Venezuela",6.000000,1,8.580361,2.714060,206.569575,390.082000,7.585794,1.585794,1.585794,min_stations>=1
all,"All stations, no quality filter",ALL,melgar_2015,median,us7000mu1p,2024-06-23T03:57:58.918Z,Venezuela,Americas,EarthScope PRIDE PPP-AR kin quality-passing stations,"20 km NE of Yaguaraparo, Venezuela",6.000000,1,8.580361,2.714060,206.569575,390.082000,7.377803,1.377803,1.377803,min_stations>=1
all,"All stations, no quality filter",ALL,ruhl_2019,median,us7000mu1p,2024-06-23T03:57:58.918Z,Venezuela,Americas,EarthScope PRIDE PPP-AR kin quality-passing stations,"20 km NE of Yaguaraparo, Venezuela",6.000000,1,8.580361,2.714060,206.569575,390.082000,7.206884,1.206884,1.206884,min_stations>=1
all,"All stations, no quality filter",ALL,crowell_2016_gfast,median,us7000n068,2024-07-19T03:13:47.417000Z,United States,US,EarthScope PRIDE PPP-AR kin quality-passing stations,"168 km SW of Nikolski, Alaska",6.000000,1,5.291125,3.702101,175.253652,520.583000,7.266274,1.266274,1.266274,min_stations>=1
all,"All stations, no quality filter",ALL,melgar_2015,median,us7000n068,2024-07-19T03:13:47.417000Z,United States,US,EarthScope PRIDE PPP-AR kin quality-passing stations,"168 km SW of Nikolski, Alaska",6.000000,1,5.291125,3.702101,175.253652,520.583000,6.994481,0.994481,0.994481,min_stations>=1
all,"All stations, no quality filter",ALL,ruhl_2019,median,us7000n068,2024-07-19T03:13:47.417000Z,United States,US,EarthScope PRIDE PPP-AR kin quality-passing stations,"168 km SW of Nikolski, Alaska",6.000000,1,5.291125,3.702101,175.253652,520.583000,6.790644,0.790644,0.790644,min_stations>=1
all,"All stations, no quality filter",ALL,crowell_2016_gfast,median,us7000n0ka,2024-07-21T02:53:48.910Z,Guatemala,Americas,EarthScope PRIDE PPP-AR kin quality-passing stations,"6 km E of Jalapa, Guatemala",6.200000,1,3.975865,3.085879,304.634335,66.090000,7.523642,1.323642,1.323642,min_stations>=1
all,"All stations, no quality filter",ALL,melgar_2015,median,us7000n0ka,2024-07-21T02:53:48.910Z,Guatemala,Americas,EarthScope PRIDE PPP-AR kin quality-passing stations,"6 km E of Jalapa, Guatemala",6.200000,1,3.975865,3.085879,304.634335,66.090000,7.147339,0.947339,0.947339,min_stations>=1
all,"All stations, no quality filter",ALL,ruhl_2019,median,us7000n0ka,2024-07-21T02:53:48.910Z,Guatemala,Americas,EarthScope PRIDE PPP-AR kin quality-passing stations,"6 km E of Jalapa, Guatemala",6.200000,1,3.975865,3.085879,304.634335,66.090000,6.963732,0.763732,0.763732,min_stations>=1
all,"All stations, no quality filter",ALL,crowell_2016_gfast,median,us7000np33,2024-10-30T20:15:20.095000Z,United States,US,EarthScope PRIDE PPP-AR kin quality-passing stations,"267 km W of Bandon, Oregon",6.000000,6,8.976104,1.482830,283.028384,372.905000,7.801028,1.801028,1.801028,min_stations>=1
all,"All stations, no quality filter",ALL,melgar_2015,median,us7000np33,2024-10-30T20:15:20.095000Z,United States,US,EarthScope PRIDE PPP-AR kin quality-passing stations,"267 km W of Bandon, Oregon",6.000000,6,8.976104,1.482830,283.028384,372.905000,7.562374,1.562374,1.562374,min_stations>=1
all,"All stations, no quality filter",ALL,ruhl_2019,median,us7000np33,2024-10-30T20:15:20.095000Z,United States,US,EarthScope PRIDE PPP-AR kin quality-passing stations,"267 km W of Bandon, Oregon",6.000000,6,8.976104,1.482830,283.028384,372.905000,7.412289,1.412289,1.412289,min_stations>=1
all,"All stations, no quality filter",ALL,crowell_2016_gfast,median,us7000nr0v,2024-11-10T16:49:50.426Z,Cuba,Americas,EarthScope PRIDE PPP-AR kin quality-passing stations,"42 km SSW of Bartolomé Masó, Cuba",6.800000,1,3.970655,2.033393,202.353881,74.574000,7.238866,0.438866,0.438866,min_stations>=1
all,"All stations, no quality filter",ALL,melgar_2015,median,us7000nr0v,2024-11-10T16:49:50.426Z,Cuba,Americas,EarthScope PRIDE PPP-AR kin quality-passing stations,"42 km SSW of Bartolomé Masó, Cuba",6.800000,1,3.970655,2.033393,202.353881,74.574000,6.906095,0.106095,0.106095,min_stations>=1
all,"All stations, no quality filter",ALL,ruhl_2019,median,us7000nr0v,2024-11-10T16:49:50.426Z,Cuba,Americas,EarthScope PRIDE PPP-AR kin quality-passing stations,"42 km SSW of Bartolomé Masó, Cuba",6.800000,1,3.970655,2.033393,202.353881,74.574000,6.696960,-0.103040,0.103040,min_stations>=1
all,"All stations, no quality filter",ALL,crowell_2016_gfast,median,us7000nx3z,2024-12-08T19:57:08.602000Z,United States,US,EarthScope PRIDE PPP-AR kin quality-passing stations,"108 km SSW of Adak, Alaska",6.300000,2,2.909679,3.238430,173.594380,283.398000,6.965677,0.665678,0.665678,min_stations>=1
all,"All stations, no quality filter",ALL,melgar_2015,median,us7000nx3z,2024-12-08T19:57:08.602000Z,United States,US,EarthScope PRIDE PPP-AR kin quality-passing stations,"108 km SSW of Adak, Alaska",6.300000,2,2.909679,3.238430,173.594380,283.398000,6.602619,0.302619,0.302619,min_stations>=1
all,"All stations, no quality filter",ALL,ruhl_2019,median,us7000nx3z,2024-12-08T19:57:08.602000Z,United States,US,EarthScope PRIDE PPP-AR kin quality-passing stations,"108 km SSW of Adak, Alaska",6.300000,2,2.909679,3.238430,173.594380,283.398000,6.368419,0.068419,0.068419,min_stations>=1
all,"All stations, no quality filter",ALL,crowell_2016_gfast,median,us7000pllt,2025-03-21T14:50:51.364Z,Panama,Americas,EarthScope PRIDE PPP-AR kin quality-passing stations,"124 km SSE of Burica, Panama",6.200000,4,5.796515,2.978371,256.061348,305.636000,7.529008,1.329008,1.329008,min_stations>=1
all,"All stations, no quality filter",ALL,melgar_2015,median,us7000pllt,2025-03-21T14:50:51.364Z,Panama,Americas,EarthScope PRIDE PPP-AR kin quality-passing stations,"124 km SSE of Burica, Panama",6.200000,4,5.796515,2.978371,256.061348,305.636000,7.279181,1.079181,1.079181,min_stations>=1
all,"All stations, no quality filter",ALL,ruhl_2019,median,us7000pllt,2025-03-21T14:50:51.364Z,Panama,Americas,EarthScope PRIDE PPP-AR kin quality-passing stations,"124 km SSE of Burica, Panama",6.200000,4,5.796515,2.978371,256.061348,305.636000,7.104189,0.904189,0.904189,min_stations>=1
all,"All stations, no quality filter",ALL,crowell_2016_gfast,median,us7000pllu,2025-03-21T14:53:41.774000Z,United States,US,EarthScope PRIDE PPP-AR kin quality-passing stations,"88 km SSE of Adak, Alaska",6.200000,1,7.924651,1.800777,174.798630,278.226000,7.436529,1.236529,1.236529,min_stations>=1
all,"All stations, no quality filter",ALL,melgar_2015,median,us7000pllu,2025-03-21T14:53:41.774000Z,United States,US,EarthScope PRIDE PPP-AR kin quality-passing stations,"88 km SSE of Adak, Alaska",6.200000,1,7.924651,1.800777,174.798630,278.226000,7.230868,1.030868,1.030868,min_stations>=1
all,"All stations, no quality filter",ALL,ruhl_2019,median,us7000pllu,2025-03-21T14:53:41.774000Z,United States,US,EarthScope PRIDE PPP-AR kin quality-passing stations,"88 km SSE of Adak, Alaska",6.200000,1,7.924651,1.800777,174.798630,278.226000,7.045561,0.845561,0.845561,min_stations>=1
all,"All stations, no quality filter",ALL,crowell_2016_gfast,median,us7000pvtr,2025-04-29T14:53:37.897Z,Americas,Americas,EarthScope PRIDE PPP-AR kin quality-passing stations,Macquarie Island region,6.800000,1,1.555828,3.020086,215.590069,231.103000,6.874813,0.074813,0.074813,min_stations>=1
all,"All stations, no quality filter",ALL,melgar_2015,median,us7000pvtr,2025-04-29T14:53:37.897Z,Americas,Americas,EarthScope PRIDE PPP-AR kin quality-passing stations,Macquarie Island region,6.800000,1,1.555828,3.020086,215.590069,231.103000,6.380995,-0.419005,0.419005,min_stations>=1
all,"All stations, no quality filter",ALL,ruhl_2019,median,us7000pvtr,2025-04-29T14:53:37.897Z,Americas,Americas,EarthScope PRIDE PPP-AR kin quality-passing stations,Macquarie Island region,6.800000,1,1.555828,3.020086,215.590069,231.103000,6.130056,-0.669944,0.669944,min_stations>=1
all,"All stations, no quality filter",ALL,crowell_2016_gfast,median,us7000qclp,2025-07-14T17:16:49.051Z,Panama,Americas,EarthScope PRIDE PPP-AR kin quality-passing stations,"206 km S of Burica, Panama",6.200000,1,5.876742,1.009505,226.898470,487.949000,7.487193,1.287193,1.287193,min_stations>=1
all,"All stations, no quality filter",ALL,melgar_2015,median,us7000qclp,2025-07-14T17:16:49.051Z,Panama,Americas,EarthScope PRIDE PPP-AR kin quality-passing stations,"206 km S of Burica, Panama",6.200000,1,5.876742,1.009505,226.898470,487.949000,7.207606,1.007606,1.007606,min_stations>=1
all,"All stations, no quality filter",ALL,ruhl_2019,median,us7000qclp,2025-07-14T17:16:49.051Z,Panama,Americas,EarthScope PRIDE PPP-AR kin quality-passing stations,"206 km S of Burica, Panama",6.200000,1,5.876742,1.009505,226.898470,487.949000,7.024431,0.824431,0.824431,min_stations>=1
all,"All stations, no quality filter",ALL,crowell_2016_gfast,median,us7000qe51,2025-07-20T22:28:00.041000Z,United States,US,EarthScope PRIDE PPP-AR kin quality-passing stations,"91 km SSE of Sand Point, Alaska",6.200000,6,4.663668,1.573859,129.388852,54.959000,6.960534,0.760534,0.760534,min_stations>=1
all,"All stations, no quality filter",ALL,melgar_2015,median,us7000qe51,2025-07-20T22:28:00.041000Z,United States,US,EarthScope PRIDE PPP-AR kin quality-passing stations,"91 km SSE of Sand Point, Alaska",6.200000,6,4.663668,1.573859,129.388852,54.959000,6.665591,0.465591,0.465591,min_stations>=1
all,"All stations, no quality filter",ALL,ruhl_2019,median,us7000qe51,2025-07-20T22:28:00.041000Z,United States,US,EarthScope PRIDE PPP-AR kin quality-passing stations,"91 km SSE of Sand Point, Alaska",6.200000,6,4.663668,1.573859,129.388852,54.959000,6.433766,0.233766,0.233766,min_stations>=1
all,"All stations, no quality filter",ALL,crowell_2016_gfast,median,us7000rm3k,2026-01-02T13:58:15.741Z,Mexico,Americas,EarthScope PRIDE PPP-AR kin quality-passing stations,"0 km W of San Marcos, Mexico",6.500000,1,2.511135,2.508112,207.017029,242.259000,7.056002,0.556002,0.556002,min_stations>=1
all,"All stations, no quality filter",ALL,melgar_2015,median,us7000rm3k,2026-01-02T13:58:15.741Z,Mexico,Americas,EarthScope PRIDE PPP-AR kin quality-passing stations,"0 km W of San Marcos, Mexico",6.500000,1,2.511135,2.508112,207.017029,242.259000,6.645489,0.145489,0.145489,min_stations>=1
all,"All stations, no quality filter",ALL,ruhl_2019,median,us7000rm3k,2026-01-02T13:58:15.741Z,Mexico,Americas,EarthScope PRIDE PPP-AR kin quality-passing stations,"0 km W of San Marcos, Mexico",6.500000,1,2.511135,2.508112,207.017029,242.259000,6.415633,-0.084367,0.084367,min_stations>=1
all,"All stations, no quality filter",ALL,crowell_2016_gfast,median,us7000rq0d,2026-01-16T03:25:53.034000Z,United States,US,EarthScope PRIDE PPP-AR kin quality-passing stations,off the coast of Oregon,6.000000,1,2.449531,2.118421,298.434588,40.966000,7.292057,1.292057,1.292057,min_stations>=1
all,"All stations, no quality filter",ALL,melgar_2015,median,us7000rq0d,2026-01-16T03:25:53.034000Z,United States,US,EarthScope PRIDE PPP-AR kin quality-passing stations,off the coast of Oregon,6.000000,1,2.449531,2.118421,298.434588,40.966000,6.836687,0.836687,0.836687,min_stations>=1
all,"All stations, no quality filter",ALL,ruhl_2019,median,us7000rq0d,2026-01-16T03:25:53.034000Z,United States,US,EarthScope PRIDE PPP-AR kin quality-passing stations,off the coast of Oregon,6.000000,1,2.449531,2.118421,298.434588,40.966000,6.626323,0.626323,0.626323,min_stations>=1
all,"All stations, no quality filter",ALL,crowell_2016_gfast,median,us7000s8q0,2026-03-30T08:44:13.780Z,Americas,Americas,EarthScope PRIDE PPP-AR kin quality-passing stations,"51 km ENE of Luganville, Vanuatu",7.300000,1,16.657644,3.201283,309.274575,402.220000,8.177943,0.877943,0.877943,min_stations>=1
all,"All stations, no quality filter",ALL,melgar_2015,median,us7000s8q0,2026-03-30T08:44:13.780Z,Americas,Americas,EarthScope PRIDE PPP-AR kin quality-passing stations,"51 km ENE of Luganville, Vanuatu",7.300000,1,16.657644,3.201283,309.274575,402.220000,8.041166,0.741166,0.741166,min_stations>=1
all,"All stations, no quality filter",ALL,ruhl_2019,median,us7000s8q0,2026-03-30T08:44:13.780Z,Americas,Americas,EarthScope PRIDE PPP-AR kin quality-passing stations,"51 km ENE of Luganville, Vanuatu",7.300000,1,16.657644,3.201283,309.274575,402.220000,7.934269,0.634269,0.634269,min_stations>=1
all,"All stations, no quality filter",ALL,crowell_2016_gfast,median,usb000jdt7,2013-08-30T16:25:02.300000Z,United States,US,EarthScope PRIDE PPP-AR kin quality-passing stations,"101 km SW of Atka, Alaska",7.000000,1,7.424635,0.932787,106.691872,4.700000,7.089885,0.089885,0.089885,min_stations>=1
all,"All stations, no quality filter",ALL,melgar_2015,median,usb000jdt7,2013-08-30T16:25:02.300000Z,United States,US,EarthScope PRIDE PPP-AR kin quality-passing stations,"101 km SW of Atka, Alaska",7.000000,1,7.424635,0.932787,106.691872,4.700000,6.915072,-0.084928,0.084928,min_stations>=1
all,"All stations, no quality filter",ALL,ruhl_2019,median,usb000jdt7,2013-08-30T16:25:02.300000Z,United States,US,EarthScope PRIDE PPP-AR kin quality-passing stations,"101 km SW of Atka, Alaska",7.000000,1,7.424635,0.932787,106.691872,4.700000,6.699587,-0.300413,0.300413,min_stations>=1
all,"All stations, no quality filter",ALL,crowell_2016_gfast,median,usb000je9f,2013-08-31T06:38:36.350000Z,United States,US,EarthScope PRIDE PPP-AR kin quality-passing stations,"118 km SSW of Atka, Alaska",6.000000,1,7.038935,1.720472,120.665112,44.650000,7.144818,1.144818,1.144818,min_stations>=1
all,"All stations, no quality filter",ALL,melgar_2015,median,usb000je9f,2013-08-31T06:38:36.350000Z,United States,US,EarthScope PRIDE PPP-AR kin quality-passing stations,"118 km SSW of Atka, Alaska",6.000000,1,7.038935,1.720472,120.665112,44.650000,6.951714,0.951714,0.951714,min_stations>=1
all,"All stations, no quality filter",ALL,ruhl_2019,median,usb000je9f,2013-08-31T06:38:36.350000Z,United States,US,EarthScope PRIDE PPP-AR kin quality-passing stations,"118 km SSW of Atka, Alaska",6.000000,1,7.038935,1.720472,120.665112,44.650000,6.740250,0.740250,0.740250,min_stations>=1
all,"All stations, no quality filter",ALL,crowell_2016_gfast,median,usb000jgju,2013-09-04T02:32:30.600000Z,United States,US,EarthScope PRIDE PPP-AR kin quality-passing stations,"81 km SSW of Atka, Alaska",6.500000,1,4.539174,2.549780,84.550499,177.400000,6.752479,0.252479,0.252479,min_stations>=1
all,"All stations, no quality filter",ALL,melgar_2015,median,usb000jgju,2013-09-04T02:32:30.600000Z,United States,US,EarthScope PRIDE PPP-AR kin quality-passing stations,"81 km SSW of Atka, Alaska",6.500000,1,4.539174,2.549780,84.550499,177.400000,6.518052,0.018052,0.018052,min_stations>=1
all,"All stations, no quality filter",ALL,ruhl_2019,median,usb000jgju,2013-09-04T02:32:30.600000Z,United States,US,EarthScope PRIDE PPP-AR kin quality-passing stations,"81 km SSW of Atka, Alaska",6.500000,1,4.539174,2.549780,84.550499,177.400000,6.272172,-0.227828,0.227828,min_stations>=1
all,"All stations, no quality filter",ALL,crowell_2016_gfast,median,usb000jguz,2013-09-04T06:27:03.560000Z,United States,US,EarthScope PRIDE PPP-AR kin quality-passing stations,"82 km SSW of Atka, Alaska",6.000000,1,3.273423,2.719112,85.328600,123.440000,6.627127,0.627127,0.627127,min_stations>=1
all,"All stations, no quality filter",ALL,melgar_2015,median,usb000jguz,2013-09-04T06:27:03.560000Z,United States,US,EarthScope PRIDE PPP-AR kin quality-passing stations,"82 km SSW of Atka, Alaska",6.000000,1,3.273423,2.719112,85.328600,123.440000,6.340737,0.340737,0.340737,min_stations>=1
all,"All stations, no quality filter",ALL,ruhl_2019,median,usb000jguz,2013-09-04T06:27:03.560000Z,United States,US,EarthScope PRIDE PPP-AR kin quality-passing stations,"82 km SSW of Atka, Alaska",6.000000,1,3.273423,2.719112,85.328600,123.440000,6.082380,0.082380,0.082380,min_stations>=1
all,"All stations, no quality filter",ALL,crowell_2016_gfast,median,usb000rtp6,2014-07-17T11:49:33.930000Z,United States,US,EarthScope PRIDE PPP-AR kin quality-passing stations,"90 km NNW of Yakutat, Alaska",6.000000,2,4.103753,1.960860,125.223872,174.070000,6.941412,0.941412,0.941412,min_stations>=1
all,"All stations, no quality filter",ALL,melgar_2015,median,usb000rtp6,2014-07-17T11:49:33.930000Z,United States,US,EarthScope PRIDE PPP-AR kin quality-passing stations,"90 km NNW of Yakutat, Alaska",6.000000,2,4.103753,1.960860,125.223872,174.070000,6.657942,0.657942,0.657942,min_stations>=1
all,"All stations, no quality filter",ALL,ruhl_2019,median,usb000rtp6,2014-07-17T11:49:33.930000Z,United States,US,EarthScope PRIDE PPP-AR kin quality-passing stations,"90 km NNW of Yakutat, Alaska",6.000000,2,4.103753,1.960860,125.223872,174.070000,6.424996,0.424996,0.424996,min_stations>=1
all,"All stations, no quality filter",ALL,crowell_2016_gfast,median,usb000slwn,2014-10-14T03:51:34.460Z,El Salvador,Americas,EarthScope PRIDE PPP-AR kin quality-passing stations,"74 km S of Intipucá, El Salvador",7.300000,3,9.095983,1.991388,147.072005,48.540000,7.379105,0.079105,0.079105,min_stations>=1
all,"All stations, no quality filter",ALL,melgar_2015,median,usb000slwn,2014-10-14T03:51:34.460Z,El Salvador,Americas,EarthScope PRIDE PPP-AR kin quality-passing stations,"74 km S of Intipucá, El Salvador",7.300000,3,9.095983,1.991388,147.072005,48.540000,7.210841,-0.089159,0.089159,min_stations>=1
all,"All stations, no quality filter",ALL,ruhl_2019,median,usb000slwn,2014-10-14T03:51:34.460Z,El Salvador,Americas,EarthScope PRIDE PPP-AR kin quality-passing stations,"74 km S of Intipucá, El Salvador",7.300000,3,9.095983,1.991388,147.072005,48.540000,7.021437,-0.278563,0.278563,min_stations>=1
all,"All stations, no quality filter",ALL,crowell_2016_gfast,median,usc000juwv,2013-09-15T16:21:37.150000Z,United States,US,EarthScope PRIDE PPP-AR kin quality-passing stations,"77 km SSW of Atka, Alaska",6.100000,1,8.920342,4.356421,82.363350,51.850000,7.006560,0.906560,0.906560,min_stations>=1
all,"All stations, no quality filter",ALL,melgar_2015,median,usc000juwv,2013-09-15T16:21:37.150000Z,United States,US,EarthScope PRIDE PPP-AR kin quality-passing stations,"77 km SSW of Atka, Alaska",6.100000,1,8.920342,4.356421,82.363350,51.850000,6.879867,0.779867,0.779867,min_stations>=1
all,"All stations, no quality filter",ALL,ruhl_2019,median,usc000juwv,2013-09-15T16:21:37.150000Z,United States,US,EarthScope PRIDE PPP-AR kin quality-passing stations,"77 km SSW of Atka, Alaska",6.100000,1,8.920342,4.356421,82.363350,51.850000,6.659269,0.559269,0.559269,min_stations>=1
all,"All stations, no quality filter",ALL,crowell_2016_gfast,median,usc000m1w9,2014-01-13T04:01:03.240000Z,United States,US,EarthScope PRIDE PPP-AR kin quality-passing stations,"61 km N of Hatillo, Puerto Rico",6.400000,2,9.604069,3.514711,100.547211,250.760000,7.156584,0.756584,0.756584,min_stations>=1
all,"All stations, no quality filter",ALL,melgar_2015,median,usc000m1w9,2014-01-13T04:01:03.240000Z,United States,US,EarthScope PRIDE PPP-AR kin quality-passing stations,"61 km N of Hatillo, Puerto Rico",6.400000,2,9.604069,3.514711,100.547211,250.760000,7.026625,0.626625,0.626625,min_stations>=1
all,"All stations, no quality filter",ALL,ruhl_2019,median,usc000m1w9,2014-01-13T04:01:03.240000Z,United States,US,EarthScope PRIDE PPP-AR kin quality-passing stations,"61 km N of Hatillo, Puerto Rico",6.400000,2,9.604069,3.514711,100.547211,250.760000,6.818599,0.418599,0.418599,min_stations>=1
all,"All stations, no quality filter",ALL,crowell_2016_gfast,median,usc000myqq,2014-02-26T21:13:40.110000Z,United States,US,EarthScope PRIDE PPP-AR kin quality-passing stations,"210 km WNW of Nikolski, Alaska",6.100000,2,5.124472,2.011135,341.957950,270.890000,7.707755,1.607755,1.607755,min_stations>=1
all,"All stations, no quality filter",ALL,melgar_2015,median,usc000myqq,2014-02-26T21:13:40.110000Z,United States,US,EarthScope PRIDE PPP-AR kin quality-passing stations,"210 km WNW of Nikolski, Alaska",6.100000,2,5.124472,2.011135,341.957950,270.890000,7.355315,1.255316,1.255316,min_stations>=1
all,"All stations, no quality filter",ALL,ruhl_2019,median,usc000myqq,2014-02-26T21:13:40.110000Z,United States,US,EarthScope PRIDE PPP-AR kin quality-passing stations,"210 km WNW of Nikolski, Alaska",6.100000,2,5.124472,2.011135,341.957950,270.890000,7.191634,1.091634,1.091634,min_stations>=1
all,"All stations, no quality filter",ALL,crowell_2016_gfast,median,usc000p11f,2014-04-02T16:13:26.720Z,Panama,Americas,EarthScope PRIDE PPP-AR kin quality-passing stations,"33 km SSW of Boca Chica, Panama",6.000000,1,7.158561,2.798274,231.130031,185.280000,7.586322,1.586322,1.586322,min_stations>=1
all,"All stations, no quality filter",ALL,melgar_2015,median,usc000p11f,2014-04-02T16:13:26.720Z,Panama,Americas,EarthScope PRIDE PPP-AR kin quality-passing stations,"33 km SSW of Boca Chica, Panama",6.000000,1,7.158561,2.798274,231.130031,185.280000,7.337563,1.337563,1.337563,min_stations>=1
all,"All stations, no quality filter",ALL,ruhl_2019,median,usc000p11f,2014-04-02T16:13:26.720Z,Panama,Americas,EarthScope PRIDE PPP-AR kin quality-passing stations,"33 km SSW of Boca Chica, Panama",6.000000,1,7.158561,2.798274,231.130031,185.280000,7.165316,1.165316,1.165316,min_stations>=1
all,"All stations, no quality filter",ALL,crowell_2016_gfast,median,usc000t4gc,2014-12-07T21:16:35.740Z,Guatemala,Americas,EarthScope PRIDE PPP-AR kin quality-passing stations,"61 km SSW of Nueva Concepción, Guatemala",6.100000,1,6.095982,3.582571,256.611055,563.260000,7.590339,1.490339,1.490339,min_stations>=1
all,"All stations, no quality filter",ALL,melgar_2015,median,usc000t4gc,2014-12-07T21:16:35.740Z,Guatemala,Americas,EarthScope PRIDE PPP-AR kin quality-passing stations,"61 km SSW of Nueva Concepción, Guatemala",6.100000,1,6.095982,3.582571,256.611055,563.260000,7.304265,1.204265,1.204265,min_stations>=1
all,"All stations, no quality filter",ALL,ruhl_2019,median,usc000t4gc,2014-12-07T21:16:35.740Z,Guatemala,Americas,EarthScope PRIDE PPP-AR kin quality-passing stations,"61 km SSW of Nueva Concepción, Guatemala",6.100000,1,6.095982,3.582571,256.611055,563.260000,7.131066,1.031066,1.031066,min_stations>=1
all,"All stations, no quality filter",ALL,crowell_2016_gfast,median,usp000jhpg,2012-04-11T22:41:46.040000Z,United States,US,EarthScope PRIDE PPP-AR kin quality-passing stations,"266 km W of Bandon, Oregon",6.000000,5,3.555323,2.305400,273.933841,281.960000,7.398094,1.398094,1.398094,min_stations>=1
all,"All stations, no quality filter",ALL,melgar_2015,median,usp000jhpg,2012-04-11T22:41:46.040000Z,United States,US,EarthScope PRIDE PPP-AR kin quality-passing stations,"266 km W of Bandon, Oregon",6.000000,5,3.555323,2.305400,273.933841,281.960000,7.014980,1.014980,1.014980,min_stations>=1
all,"All stations, no quality filter",ALL,ruhl_2019,median,usp000jhpg,2012-04-11T22:41:46.040000Z,United States,US,EarthScope PRIDE PPP-AR kin quality-passing stations,"266 km W of Bandon, Oregon",6.000000,5,3.555323,2.305400,273.933841,281.960000,6.818607,0.818607,0.818607,min_stations>=1
all,"All stations, no quality filter",ALL,crowell_2016_gfast,median,usp000jqvm,2012-08-27T04:37:19.430Z,El Salvador,Americas,EarthScope PRIDE PPP-AR kin quality-passing stations,"126 km S of Puerto El Triunfo, El Salvador",7.300000,1,10.509106,2.974180,184.547481,396.570000,7.594251,0.294251,0.294251,min_stations>=1
all,"All stations, no quality filter",ALL,melgar_2015,median,usp000jqvm,2012-08-27T04:37:19.430Z,El Salvador,Americas,EarthScope PRIDE PPP-AR kin quality-passing stations,"126 km S of Puerto El Triunfo, El Salvador",7.300000,1,10.509106,2.974180,184.547481,396.570000,7.429846,0.129846,0.129846,min_stations>=1
all,"All stations, no quality filter",ALL,ruhl_2019,median,usp000jqvm,2012-08-27T04:37:19.430Z,El Salvador,Americas,EarthScope PRIDE PPP-AR kin quality-passing stations,"126 km S of Puerto El Triunfo, El Salvador",7.300000,1,10.509106,2.974180,184.547481,396.570000,7.261114,-0.038886,0.038886,min_stations>=1
all,"All stations, no quality filter",ALL,crowell_2016_gfast,median,usp000jt0h,2012-09-26T23:39:55.110000Z,United States,US,EarthScope PRIDE PPP-AR kin quality-passing stations,"118 km WSW of Adak, Alaska",6.400000,2,5.545770,3.086323,203.414508,242.890000,7.332543,0.932543,0.932543,min_stations>=1
all,"All stations, no quality filter",ALL,melgar_2015,median,usp000jt0h,2012-09-26T23:39:55.110000Z,United States,US,EarthScope PRIDE PPP-AR kin quality-passing stations,"118 km WSW of Adak, Alaska",6.400000,2,5.545770,3.086323,203.414508,242.890000,7.060683,0.660683,0.660683,min_stations>=1
all,"All stations, no quality filter",ALL,ruhl_2019,median,usp000jt0h,2012-09-26T23:39:55.110000Z,United States,US,EarthScope PRIDE PPP-AR kin quality-passing stations,"118 km WSW of Adak, Alaska",6.400000,2,5.545770,3.086323,203.414508,242.890000,6.864325,0.464325,0.464325,min_stations>=1
all,"All stations, no quality filter",ALL,crowell_2016_gfast,median,usp000jwyb,2012-12-14T10:36:01.590000Z,United States,US,EarthScope PRIDE PPP-AR kin quality-passing stations,"279 km SSW of Avalon, California",6.300000,2,5.772533,2.259539,282.097317,341.910000,7.622133,1.322133,1.322133,min_stations>=1
all,"All stations, no quality filter",ALL,melgar_2015,median,usp000jwyb,2012-12-14T10:36:01.590000Z,United States,US,EarthScope PRIDE PPP-AR kin quality-passing stations,"279 km SSW of Avalon, California",6.300000,2,5.772533,2.259539,282.097317,341.910000,7.312294,1.012294,1.012294,min_stations>=1
all,"All stations, no quality filter",ALL,ruhl_2019,median,usp000jwyb,2012-12-14T10:36:01.590000Z,United States,US,EarthScope PRIDE PPP-AR kin quality-passing stations,"279 km SSW of Avalon, California",6.300000,2,5.772533,2.259539,282.097317,341.910000,7.141445,0.841445,0.841445,min_stations>=1
pgd_ge_1cm,Station PGD >= 1 cm,AMPLITUDE,crowell_2016_gfast,median,2013p543824,2013-07-21T05:09:30Z,New Zealand,New Zealand,EarthScope PRIDE PPP-AR kin quality-passing stations,20 km east of Seddon,6.500000,33,4.393973,2.623632,102.600889,116.000000,6.805172,0.305172,0.305172,pgd_cm>=1; min_stations>=1
pgd_ge_1cm,Station PGD >= 1 cm,AMPLITUDE,melgar_2015,median,2013p543824,2013-07-21T05:09:30Z,New Zealand,New Zealand,EarthScope PRIDE PPP-AR kin quality-passing stations,20 km east of Seddon,6.500000,33,4.393973,2.623632,102.600889,116.000000,6.538393,0.038393,0.038393,pgd_cm>=1; min_stations>=1
pgd_ge_1cm,Station PGD >= 1 cm,AMPLITUDE,ruhl_2019,median,2013p543824,2013-07-21T05:09:30Z,New Zealand,New Zealand,EarthScope PRIDE PPP-AR kin quality-passing stations,20 km east of Seddon,6.500000,33,4.393973,2.623632,102.600889,116.000000,6.293931,-0.206069,0.206069,pgd_cm>=1; min_stations>=1
pgd_ge_1cm,Station PGD >= 1 cm,AMPLITUDE,crowell_2016_gfast,median,2013p613797,2013-08-16T02:31:05Z,New Zealand,New Zealand,EarthScope PRIDE PPP-AR kin quality-passing stations,5 km south-east of Seddon,6.500000,35,5.241240,3.816498,112.726774,148.000000,6.934499,0.434499,0.434499,pgd_cm>=1; min_stations>=1
pgd_ge_1cm,Station PGD >= 1 cm,AMPLITUDE,melgar_2015,median,2013p613797,2013-08-16T02:31:05Z,New Zealand,New Zealand,EarthScope PRIDE PPP-AR kin quality-passing stations,5 km south-east of Seddon,6.500000,35,5.241240,3.816498,112.726774,148.000000,6.720846,0.220846,0.220846,pgd_cm>=1; min_stations>=1
pgd_ge_1cm,Station PGD >= 1 cm,AMPLITUDE,ruhl_2019,median,2013p613797,2013-08-16T02:31:05Z,New Zealand,New Zealand,EarthScope PRIDE PPP-AR kin quality-passing stations,5 km south-east of Seddon,6.500000,35,5.241240,3.816498,112.726774,148.000000,6.492071,-0.007929,0.007929,pgd_cm>=1; min_stations>=1
pgd_ge_1cm,Station PGD >= 1 cm,AMPLITUDE,crowell_2016_gfast,median,2013p944608,2013-12-16T12:07:24Z,New Zealand,New Zealand,EarthScope PRIDE PPP-AR kin quality-passing stations,120 km west of Tuatapere,6.100000,4,5.036180,3.269722,179.893511,366.500000,7.243288,1.143288,1.143288,pgd_cm>=1; min_stations>=1
pgd_ge_1cm,Station PGD >= 1 cm,AMPLITUDE,melgar_2015,median,2013p944608,2013-12-16T12:07:24Z,New Zealand,New Zealand,EarthScope PRIDE PPP-AR kin quality-passing stations,120 km west of Tuatapere,6.100000,4,5.036180,3.269722,179.893511,366.500000,6.953620,0.853620,0.853620,pgd_cm>=1; min_stations>=1
pgd_ge_1cm,Station PGD >= 1 cm,AMPLITUDE,ruhl_2019,median,2013p944608,2013-12-16T12:07:24Z,New Zealand,New Zealand,EarthScope PRIDE PPP-AR kin quality-passing stations,120 km west of Tuatapere,6.100000,4,5.036180,3.269722,179.893511,366.500000,6.746890,0.646890,0.646890,pgd_cm>=1; min_stations>=1
pgd_ge_1cm,Station PGD >= 1 cm,AMPLITUDE,crowell_2016_gfast,median,2014p051675,2014-01-20T02:52:45Z,New Zealand,New Zealand,EarthScope PRIDE PPP-AR kin quality-passing stations,10 km east of Eketahuna,6.200000,12,4.763396,2.154680,51.660165,251.500000,6.499045,0.299044,0.299044,pgd_cm>=1; min_stations>=1
pgd_ge_1cm,Station PGD >= 1 cm,AMPLITUDE,melgar_2015,median,2014p051675,2014-01-20T02:52:45Z,New Zealand,New Zealand,EarthScope PRIDE PPP-AR kin quality-passing stations,10 km east of Eketahuna,6.200000,12,4.763396,2.154680,51.660165,251.500000,6.304540,0.104540,0.104540,pgd_cm>=1; min_stations>=1
pgd_ge_1cm,Station PGD >= 1 cm,AMPLITUDE,ruhl_2019,median,2014p051675,2014-01-20T02:52:45Z,New Zealand,New Zealand,EarthScope PRIDE PPP-AR kin quality-passing stations,10 km east of Eketahuna,6.200000,12,4.763396,2.154680,51.660165,251.500000,6.041837,-0.158163,0.158163,pgd_cm>=1; min_stations>=1
pgd_ge_1cm,Station PGD >= 1 cm,AMPLITUDE,crowell_2016_gfast,median,2014p770859,2014-10-13T05:13:41Z,New Zealand,New Zealand,EarthScope PRIDE PPP-AR kin quality-passing stations,140 km west of Tuatapere,6.200000,1,4.534810,2.587113,64.798138,554.000000,6.601987,0.401987,0.401987,pgd_cm>=1; min_stations>=1
pgd_ge_1cm,Station PGD >= 1 cm,AMPLITUDE,melgar_2015,median,2014p770859,2014-10-13T05:13:41Z,New Zealand,New Zealand,EarthScope PRIDE PPP-AR kin quality-passing stations,140 km west of Tuatapere,6.200000,1,4.534810,2.587113,64.798138,554.000000,6.387116,0.187116,0.187116,pgd_cm>=1; min_stations>=1
pgd_ge_1cm,Station PGD >= 1 cm,AMPLITUDE,ruhl_2019,median,2014p770859,2014-10-13T05:13:41Z,New Zealand,New Zealand,EarthScope PRIDE PPP-AR kin quality-passing stations,140 km west of Tuatapere,6.200000,1,4.534810,2.587113,64.798138,554.000000,6.130799,-0.069201,0.069201,pgd_cm>=1; min_stations>=1
pgd_ge_1cm,Station PGD >= 1 cm,AMPLITUDE,crowell_2016_gfast,median,2014p864702,2014-11-16T22:33:17Z,New Zealand,New Zealand,EarthScope PRIDE PPP-AR kin quality-passing stations,150 km east of Te Araroa,6.500000,6,6.834760,2.128097,181.739384,158.000000,7.430596,0.930596,0.930596,pgd_cm>=1; min_stations>=1
pgd_ge_1cm,Station PGD >= 1 cm,AMPLITUDE,melgar_2015,median,2014p864702,2014-11-16T22:33:17Z,New Zealand,New Zealand,EarthScope PRIDE PPP-AR kin quality-passing stations,150 km east of Te Araroa,6.500000,6,6.834760,2.128097,181.739384,158.000000,7.192839,0.692839,0.692839,pgd_cm>=1; min_stations>=1
pgd_ge_1cm,Station PGD >= 1 cm,AMPLITUDE,ruhl_2019,median,2014p864702,2014-11-16T22:33:17Z,New Zealand,New Zealand,EarthScope PRIDE PPP-AR kin quality-passing stations,150 km east of Te Araroa,6.500000,6,6.834760,2.128097,181.739384,158.000000,7.005812,0.505812,0.505812,pgd_cm>=1; min_stations>=1
pgd_ge_1cm,Station PGD >= 1 cm,AMPLITUDE,crowell_2016_gfast,median,2015p305812,2015-04-24T03:36:42Z,New Zealand,New Zealand,EarthScope PRIDE PPP-AR kin quality-passing stations,35 km south-east of St Arnaud,6.200000,3,4.565654,4.051393,76.241891,18.000000,6.706572,0.506572,0.506572,pgd_cm>=1; min_stations>=1
pgd_ge_1cm,Station PGD >= 1 cm,AMPLITUDE,melgar_2015,median,2015p305812,2015-04-24T03:36:42Z,New Zealand,New Zealand,EarthScope PRIDE PPP-AR kin quality-passing stations,35 km south-east of St Arnaud,6.200000,3,4.565654,4.051393,76.241891,18.000000,6.493094,0.293094,0.293094,pgd_cm>=1; min_stations>=1
pgd_ge_1cm,Station PGD >= 1 cm,AMPLITUDE,ruhl_2019,median,2015p305812,2015-04-24T03:36:42Z,New Zealand,New Zealand,EarthScope PRIDE PPP-AR kin quality-passing stations,35 km south-east of St Arnaud,6.200000,3,4.565654,4.051393,76.241891,18.000000,6.244721,0.044721,0.044721,pgd_cm>=1; min_stations>=1
pgd_ge_1cm,Station PGD >= 1 cm,AMPLITUDE,crowell_2016_gfast,median,2016p661332,2016-09-01T16:37:55Z,New Zealand,New Zealand,EarthScope PRIDE PPP-AR kin quality-passing stations,120 km north-east of Te Araroa,7.100000,8,5.371069,3.074888,173.572461,189.000000,7.223835,0.123836,0.123836,pgd_cm>=1; min_stations>=1
pgd_ge_1cm,Station PGD >= 1 cm,AMPLITUDE,melgar_2015,median,2016p661332,2016-09-01T16:37:55Z,New Zealand,New Zealand,EarthScope PRIDE PPP-AR kin quality-passing stations,120 km north-east of Te Araroa,7.100000,8,5.371069,3.074888,173.572461,189.000000,6.944877,-0.155123,0.155123,pgd_cm>=1; min_stations>=1
pgd_ge_1cm,Station PGD >= 1 cm,AMPLITUDE,ruhl_2019,median,2016p661332,2016-09-01T16:37:55Z,New Zealand,New Zealand,EarthScope PRIDE PPP-AR kin quality-passing stations,120 km north-east of Te Araroa,7.100000,8,5.371069,3.074888,173.572461,189.000000,6.736597,-0.363403,0.363403,pgd_cm>=1; min_stations>=1
pgd_ge_1cm,Station PGD >= 1 cm,AMPLITUDE,crowell_2016_gfast,median,2016p661400,2016-09-01T17:14:05Z,New Zealand,New Zealand,EarthScope PRIDE PPP-AR kin quality-passing stations,105 km north-east of Te Araroa,6.200000,8,4.106962,2.518449,164.379035,189.000000,7.128296,0.928296,0.928296,pgd_cm>=1; min_stations>=1
pgd_ge_1cm,Station PGD >= 1 cm,AMPLITUDE,melgar_2015,median,2016p661400,2016-09-01T17:14:05Z,New Zealand,New Zealand,EarthScope PRIDE PPP-AR kin quality-passing stations,105 km north-east of Te Araroa,6.200000,8,4.106962,2.518449,164.379035,189.000000,6.804521,0.604521,0.604521,pgd_cm>=1; min_stations>=1
pgd_ge_1cm,Station PGD >= 1 cm,AMPLITUDE,ruhl_2019,median,2016p661400,2016-09-01T17:14:05Z,New Zealand,New Zealand,EarthScope PRIDE PPP-AR kin quality-passing stations,105 km north-east of Te Araroa,6.200000,8,4.106962,2.518449,164.379035,189.000000,6.585737,0.385737,0.385737,pgd_cm>=1; min_stations>=1
pgd_ge_1cm,Station PGD >= 1 cm,AMPLITUDE,crowell_2016_gfast,median,2016p858000,2016-11-13T11:02:56Z,New Zealand,New Zealand,EarthScope PRIDE PPP-AR kin quality-passing stations,15 km north-east of Culverden,7.800000,14,24.146968,13.944506,147.886022,106.000000,7.592933,-0.207067,0.207067,pgd_cm>=1; min_stations>=1
pgd_ge_1cm,Station PGD >= 1 cm,AMPLITUDE,melgar_2015,median,2016p858000,2016-11-13T11:02:56Z,New Zealand,New Zealand,EarthScope PRIDE PPP-AR kin quality-passing stations,15 km north-east of Culverden,7.800000,14,24.146968,13.944506,147.886022,106.000000,7.560875,-0.239125,0.239125,pgd_cm>=1; min_stations>=1
pgd_ge_1cm,Station PGD >= 1 cm,AMPLITUDE,ruhl_2019,median,2016p858000,2016-11-13T11:02:56Z,New Zealand,New Zealand,EarthScope PRIDE PPP-AR kin quality-passing stations,15 km north-east of Culverden,7.800000,14,24.146968,13.944506,147.886022,106.000000,7.386468,-0.413532,0.413532,pgd_cm>=1; min_stations>=1
pgd_ge_1cm,Station PGD >= 1 cm,AMPLITUDE,crowell_2016_gfast,median,2016p858007,2016-11-13T11:05:14Z,New Zealand,New Zealand,EarthScope PRIDE PPP-AR kin quality-passing stations,45 km south-west of Seddon,6.000000,22,12.697283,1.805160,148.467382,4.500000,7.466593,1.466593,1.466593,pgd_cm>=1; min_stations>=1
pgd_ge_1cm,Station PGD >= 1 cm,AMPLITUDE,melgar_2015,median,2016p858007,2016-11-13T11:05:14Z,New Zealand,New Zealand,EarthScope PRIDE PPP-AR kin quality-passing stations,45 km south-west of Seddon,6.000000,22,12.697283,1.805160,148.467382,4.500000,7.383383,1.383383,1.383383,pgd_cm>=1; min_stations>=1
pgd_ge_1cm,Station PGD >= 1 cm,AMPLITUDE,ruhl_2019,median,2016p858007,2016-11-13T11:05:14Z,New Zealand,New Zealand,EarthScope PRIDE PPP-AR kin quality-passing stations,45 km south-west of Seddon,6.000000,22,12.697283,1.805160,148.467382,4.500000,7.204731,1.204731,1.204731,pgd_cm>=1; min_stations>=1
pgd_ge_1cm,Station PGD >= 1 cm,AMPLITUDE,crowell_2016_gfast,median,2016p858021,2016-11-13T11:12:35Z,New Zealand,New Zealand,EarthScope PRIDE PPP-AR kin quality-passing stations,5 km east of Kaikoura,6.000000,20,6.164964,1.406865,162.855379,367.000000,7.312627,1.312627,1.312627,pgd_cm>=1; min_stations>=1
pgd_ge_1cm,Station PGD >= 1 cm,AMPLITUDE,melgar_2015,median,2016p858021,2016-11-13T11:12:35Z,New Zealand,New Zealand,EarthScope PRIDE PPP-AR kin quality-passing stations,5 km east of Kaikoura,6.000000,20,6.164964,1.406865,162.855379,367.000000,7.103324,1.103324,1.103324,pgd_cm>=1; min_stations>=1
pgd_ge_1cm,Station PGD >= 1 cm,AMPLITUDE,ruhl_2019,median,2016p858021,2016-11-13T11:12:35Z,New Zealand,New Zealand,EarthScope PRIDE PPP-AR kin quality-passing stations,5 km east of Kaikoura,6.000000,20,6.164964,1.406865,162.855379,367.000000,6.908145,0.908145,0.908145,pgd_cm>=1; min_stations>=1
pgd_ge_1cm,Station PGD >= 1 cm,AMPLITUDE,crowell_2016_gfast,median,2016p858055,2016-11-13T11:32:07Z,New Zealand,New Zealand,EarthScope PRIDE PPP-AR kin quality-passing stations,15 km north of Kaikoura,6.200000,29,4.464762,2.961341,157.097930,295.000000,7.124169,0.924169,0.924169,pgd_cm>=1; min_stations>=1
pgd_ge_1cm,Station PGD >= 1 cm,AMPLITUDE,melgar_2015,median,2016p858055,2016-11-13T11:32:07Z,New Zealand,New Zealand,EarthScope PRIDE PPP-AR kin quality-passing stations,15 km north of Kaikoura,6.200000,29,4.464762,2.961341,157.097930,295.000000,6.835379,0.635379,0.635379,pgd_cm>=1; min_stations>=1
pgd_ge_1cm,Station PGD >= 1 cm,AMPLITUDE,ruhl_2019,median,2016p858055,2016-11-13T11:32:07Z,New Zealand,New Zealand,EarthScope PRIDE PPP-AR kin quality-passing stations,15 km north of Kaikoura,6.200000,29,4.464762,2.961341,157.097930,295.000000,6.617911,0.417911,0.417911,pgd_cm>=1; min_stations>=1
pgd_ge_1cm,Station PGD >= 1 cm,AMPLITUDE,crowell_2016_gfast,median,2016p858094,2016-11-13T11:52:44Z,New Zealand,New Zealand,EarthScope PRIDE PPP-AR kin quality-passing stations,20 km north of Kaikoura,6.100000,30,3.366494,2.683434,155.602525,256.000000,6.994879,0.894880,0.894880,pgd_cm>=1; min_stations>=1
pgd_ge_1cm,Station PGD >= 1 cm,AMPLITUDE,melgar_2015,median,2016p858094,2016-11-13T11:52:44Z,New Zealand,New Zealand,EarthScope PRIDE PPP-AR kin quality-passing stations,20 km north of Kaikoura,6.100000,30,3.366494,2.683434,155.602525,256.000000,6.662619,0.562619,0.562619,pgd_cm>=1; min_stations>=1
pgd_ge_1cm,Station PGD >= 1 cm,AMPLITUDE,ruhl_2019,median,2016p858094,2016-11-13T11:52:44Z,New Zealand,New Zealand,EarthScope PRIDE PPP-AR kin quality-passing stations,20 km north of Kaikoura,6.100000,30,3.366494,2.683434,155.602525,256.000000,6.431948,0.331948,0.331948,pgd_cm>=1; min_stations>=1
pgd_ge_1cm,Station PGD >= 1 cm,AMPLITUDE,crowell_2016_gfast,median,2016p859524,2016-11-14T00:34:23Z,New Zealand,New Zealand,EarthScope PRIDE PPP-AR kin quality-passing stations,25 km east of Hanmer Springs,6.700000,21,5.389304,3.023112,141.431410,296.000000,7.098035,0.398035,0.398035,pgd_cm>=1; min_stations>=1
pgd_ge_1cm,Station PGD >= 1 cm,AMPLITUDE,melgar_2015,median,2016p859524,2016-11-14T00:34:23Z,New Zealand,New Zealand,EarthScope PRIDE PPP-AR kin quality-passing stations,25 km east of Hanmer Springs,6.700000,21,5.389304,3.023112,141.431410,296.000000,6.872470,0.172470,0.172470,pgd_cm>=1; min_stations>=1
pgd_ge_1cm,Station PGD >= 1 cm,AMPLITUDE,ruhl_2019,median,2016p859524,2016-11-14T00:34:23Z,New Zealand,New Zealand,EarthScope PRIDE PPP-AR kin quality-passing stations,25 km east of Hanmer Springs,6.700000,21,5.389304,3.023112,141.431410,296.000000,6.656757,-0.043243,0.043243,pgd_cm>=1; min_stations>=1
pgd_ge_1cm,Station PGD >= 1 cm,AMPLITUDE,crowell_2016_gfast,median,2021p169083,2021-03-04T13:27:35Z,New Zealand,New Zealand,EarthScope PRIDE PPP-AR kin quality-passing stations,140 km east of Te Araroa,7.200000,12,6.197426,3.133979,201.247349,123.000000,7.375758,0.175758,0.175758,pgd_cm>=1; min_stations>=1
pgd_ge_1cm,Station PGD >= 1 cm,AMPLITUDE,melgar_2015,median,2021p169083,2021-03-04T13:27:35Z,New Zealand,New Zealand,EarthScope PRIDE PPP-AR kin quality-passing stations,140 km east of Te Araroa,7.200000,12,6.197426,3.133979,201.247349,123.000000,7.169688,-0.030312,0.030312,pgd_cm>=1; min_stations>=1
pgd_ge_1cm,Station PGD >= 1 cm,AMPLITUDE,ruhl_2019,median,2021p169083,2021-03-04T13:27:35Z,New Zealand,New Zealand,EarthScope PRIDE PPP-AR kin quality-passing stations,140 km east of Te Araroa,7.200000,12,6.197426,3.133979,201.247349,123.000000,6.981440,-0.218560,0.218560,pgd_cm>=1; min_stations>=1
pgd_ge_1cm,Station PGD >= 1 cm,AMPLITUDE,crowell_2016_gfast,median,2025p224518,2025-03-25T01:43:09Z,New Zealand,New Zealand,EarthScope PRIDE PPP-AR kin quality-passing stations,155 km north-west of Snares Islands,6.800000,3,2.563201,3.141953,200.895715,530.000000,7.122547,0.322547,0.322547,pgd_cm>=1; min_stations>=1
pgd_ge_1cm,Station PGD >= 1 cm,AMPLITUDE,melgar_2015,median,2025p224518,2025-03-25T01:43:09Z,New Zealand,New Zealand,EarthScope PRIDE PPP-AR kin quality-passing stations,155 km north-west of Snares Islands,6.800000,3,2.563201,3.141953,200.895715,530.000000,6.677154,-0.122846,0.122846,pgd_cm>=1; min_stations>=1
pgd_ge_1cm,Station PGD >= 1 cm,AMPLITUDE,ruhl_2019,median,2025p224518,2025-03-25T01:43:09Z,New Zealand,New Zealand,EarthScope PRIDE PPP-AR kin quality-passing stations,155 km north-west of Snares Islands,6.800000,3,2.563201,3.141953,200.895715,530.000000,6.451359,-0.348641,0.348641,pgd_cm>=1; min_stations>=1
pgd_ge_1cm,Station PGD >= 1 cm,AMPLITUDE,crowell_2016_gfast,median,2025p506857,2025-07-07T12:53:41Z,New Zealand,New Zealand,EarthScope PRIDE PPP-AR kin quality-passing stations,120 km north-west of Snares Islands,6.100000,5,2.346700,2.574775,227.873185,204.000000,7.105146,1.005146,1.005146,pgd_cm>=1; min_stations>=1
pgd_ge_1cm,Station PGD >= 1 cm,AMPLITUDE,melgar_2015,median,2025p506857,2025-07-07T12:53:41Z,New Zealand,New Zealand,EarthScope PRIDE PPP-AR kin quality-passing stations,120 km north-west of Snares Islands,6.100000,5,2.346700,2.574775,227.873185,204.000000,6.668006,0.568006,0.568006,pgd_cm>=1; min_stations>=1
pgd_ge_1cm,Station PGD >= 1 cm,AMPLITUDE,ruhl_2019,median,2025p506857,2025-07-07T12:53:41Z,New Zealand,New Zealand,EarthScope PRIDE PPP-AR kin quality-passing stations,120 km north-west of Snares Islands,6.100000,5,2.346700,2.574775,227.873185,204.000000,6.437110,0.337110,0.337110,pgd_cm>=1; min_stations>=1
pgd_ge_1cm,Station PGD >= 1 cm,AMPLITUDE,crowell_2016_gfast,median,ak0138esnzr,2013-01-05T08:58:14.957000Z,United States,US,EarthScope PRIDE PPP-AR kin quality-passing stations,"110 km SW of Edna Bay, Alaska",7.500000,2,23.526045,9.012014,163.348518,51.043000,7.805161,0.305161,0.305161,pgd_cm>=1; min_stations>=1
pgd_ge_1cm,Station PGD >= 1 cm,AMPLITUDE,melgar_2015,median,ak0138esnzr,2013-01-05T08:58:14.957000Z,United States,US,EarthScope PRIDE PPP-AR kin quality-passing stations,"110 km SW of Edna Bay, Alaska",7.500000,2,23.526045,9.012014,163.348518,51.043000,7.778059,0.278059,0.278059,pgd_cm>=1; min_stations>=1
pgd_ge_1cm,Station PGD >= 1 cm,AMPLITUDE,ruhl_2019,median,ak0138esnzr,2013-01-05T08:58:14.957000Z,United States,US,EarthScope PRIDE PPP-AR kin quality-passing stations,"110 km SW of Edna Bay, Alaska",7.500000,2,23.526045,9.012014,163.348518,51.043000,7.633584,0.133584,0.133584,pgd_cm>=1; min_stations>=1
pgd_ge_1cm,Station PGD >= 1 cm,AMPLITUDE,crowell_2016_gfast,median,ak0149guzic1,2014-07-25T10:54:50.417000Z,United States,US,EarthScope PRIDE PPP-AR kin quality-passing stations,"40 km WNW of Elfin Cove, Alaska",6.000000,3,4.420328,3.250116,142.068380,256.583000,6.995212,0.995212,0.995212,pgd_cm>=1; min_stations>=1
pgd_ge_1cm,Station PGD >= 1 cm,AMPLITUDE,melgar_2015,median,ak0149guzic1,2014-07-25T10:54:50.417000Z,United States,US,EarthScope PRIDE PPP-AR kin quality-passing stations,"40 km WNW of Elfin Cove, Alaska",6.000000,3,4.420328,3.250116,142.068380,256.583000,6.655415,0.655415,0.655415,pgd_cm>=1; min_stations>=1
pgd_ge_1cm,Station PGD >= 1 cm,AMPLITUDE,ruhl_2019,median,ak0149guzic1,2014-07-25T10:54:50.417000Z,United States,US,EarthScope PRIDE PPP-AR kin quality-passing stations,"40 km WNW of Elfin Cove, Alaska",6.000000,3,4.420328,3.250116,142.068380,256.583000,6.424071,0.424071,0.424071,pgd_cm>=1; min_stations>=1
pgd_ge_1cm,Station PGD >= 1 cm,AMPLITUDE,crowell_2016_gfast,median,ak014cbigci8,2014-09-25T17:51:17.606000Z,United States,US,EarthScope PRIDE PPP-AR kin quality-passing stations,"22 km WSW of Skwentna, Alaska",6.200000,8,5.880795,3.113456,140.610391,159.394000,7.185227,0.985227,0.985227,pgd_cm>=1; min_stations>=1
pgd_ge_1cm,Station PGD >= 1 cm,AMPLITUDE,melgar_2015,median,ak014cbigci8,2014-09-25T17:51:17.606000Z,United States,US,EarthScope PRIDE PPP-AR kin quality-passing stations,"22 km WSW of Skwentna, Alaska",6.200000,8,5.880795,3.113456,140.610391,159.394000,6.914386,0.714386,0.714386,pgd_cm>=1; min_stations>=1
pgd_ge_1cm,Station PGD >= 1 cm,AMPLITUDE,ruhl_2019,median,ak014cbigci8,2014-09-25T17:51:17.606000Z,United States,US,EarthScope PRIDE PPP-AR kin quality-passing stations,"22 km WSW of Skwentna, Alaska",6.200000,8,5.880795,3.113456,140.610391,159.394000,6.703558,0.503558,0.503558,pgd_cm>=1; min_stations>=1
pgd_ge_1cm,Station PGD >= 1 cm,AMPLITUDE,crowell_2016_gfast,median,ak0156uj8rk3,2015-05-29T07:00:09.634000Z,United States,US,EarthScope PRIDE PPP-AR kin quality-passing stations,"117 km SSE of Ugashik, Alaska",6.800000,5,3.686001,2.807257,150.082964,202.366000,7.033155,0.233155,0.233155,pgd_cm>=1; min_stations>=1
pgd_ge_1cm,Station PGD >= 1 cm,AMPLITUDE,melgar_2015,median,ak0156uj8rk3,2015-05-29T07:00:09.634000Z,United States,US,EarthScope PRIDE PPP-AR kin quality-passing stations,"117 km SSE of Ugashik, Alaska",6.800000,5,3.686001,2.807257,150.082964,202.366000,6.703249,-0.096751,0.096751,pgd_cm>=1; min_stations>=1
pgd_ge_1cm,Station PGD >= 1 cm,AMPLITUDE,ruhl_2019,median,ak0156uj8rk3,2015-05-29T07:00:09.634000Z,United States,US,EarthScope PRIDE PPP-AR kin quality-passing stations,"117 km SSE of Ugashik, Alaska",6.800000,5,3.686001,2.807257,150.082964,202.366000,6.475726,-0.324274,0.324274,pgd_cm>=1; min_stations>=1
pgd_ge_1cm,Station PGD >= 1 cm,AMPLITUDE,crowell_2016_gfast,median,ak0159nc9dk8,2015-07-29T02:35:59.449000Z,United States,US,EarthScope PRIDE PPP-AR kin quality-passing stations,"52 km ENE of Pedro Bay, Alaska",6.400000,24,6.428864,2.933943,140.080694,367.551000,7.262744,0.862744,0.862744,pgd_cm>=1; min_stations>=1
pgd_ge_1cm,Station PGD >= 1 cm,AMPLITUDE,melgar_2015,median,ak0159nc9dk8,2015-07-29T02:35:59.449000Z,United States,US,EarthScope PRIDE PPP-AR kin quality-passing stations,"52 km ENE of Pedro Bay, Alaska",6.400000,24,6.428864,2.933943,140.080694,367.551000,7.045167,0.645167,0.645167,pgd_cm>=1; min_stations>=1
pgd_ge_1cm,Station PGD >= 1 cm,AMPLITUDE,ruhl_2019,median,ak0159nc9dk8,2015-07-29T02:35:59.449000Z,United States,US,EarthScope PRIDE PPP-AR kin quality-passing stations,"52 km ENE of Pedro Bay, Alaska",6.400000,24,6.428864,2.933943,140.080694,367.551000,6.843846,0.443846,0.443846,pgd_cm>=1; min_stations>=1
pgd_ge_1cm,Station PGD >= 1 cm,AMPLITUDE,crowell_2016_gfast,median,ak01613v15nv,2016-01-24T10:30:29.557000Z,United States,US,EarthScope PRIDE PPP-AR kin quality-passing stations,"47 km ESE of Pedro Bay, Alaska",7.100000,17,6.349087,2.058382,150.095796,176.443000,7.214723,0.114723,0.114723,pgd_cm>=1; min_stations>=1
pgd_ge_1cm,Station PGD >= 1 cm,AMPLITUDE,melgar_2015,median,ak01613v15nv,2016-01-24T10:30:29.557000Z,United States,US,EarthScope PRIDE PPP-AR kin quality-passing stations,"47 km ESE of Pedro Bay, Alaska",7.100000,17,6.349087,2.058382,150.095796,176.443000,6.999605,-0.100395,0.100395,pgd_cm>=1; min_stations>=1
pgd_ge_1cm,Station PGD >= 1 cm,AMPLITUDE,ruhl_2019,median,ak01613v15nv,2016-01-24T10:30:29.557000Z,United States,US,EarthScope PRIDE PPP-AR kin quality-passing stations,"47 km ESE of Pedro Bay, Alaska",7.100000,17,6.349087,2.058382,150.095796,176.443000,6.792457,-0.307543,0.307543,pgd_cm>=1; min_stations>=1
pgd_ge_1cm,Station PGD >= 1 cm,AMPLITUDE,crowell_2016_gfast,median,ak01649w95tp,2016-04-02T05:50:00.932000Z,United States,US,EarthScope PRIDE PPP-AR kin quality-passing stations,"42 km E of Port Heiden, Alaska",6.200000,3,5.470256,2.707266,66.776295,508.068000,6.831879,0.631879,0.631879,pgd_cm>=1; min_stations>=1
pgd_ge_1cm,Station PGD >= 1 cm,AMPLITUDE,melgar_2015,median,ak01649w95tp,2016-04-02T05:50:00.932000Z,United States,US,EarthScope PRIDE PPP-AR kin quality-passing stations,"42 km E of Port Heiden, Alaska",6.200000,3,5.470256,2.707266,66.776295,508.068000,6.631302,0.431302,0.431302,pgd_cm>=1; min_stations>=1
pgd_ge_1cm,Station PGD >= 1 cm,AMPLITUDE,ruhl_2019,median,ak01649w95tp,2016-04-02T05:50:00.932000Z,United States,US,EarthScope PRIDE PPP-AR kin quality-passing stations,"42 km E of Port Heiden, Alaska",6.200000,3,5.470256,2.707266,66.776295,508.068000,6.393547,0.193547,0.193547,pgd_cm>=1; min_stations>=1
pgd_ge_1cm,Station PGD >= 1 cm,AMPLITUDE,crowell_2016_gfast,median,ak018aap2cqu,2018-08-12T14:58:53.503000Z,United States,US,EarthScope PRIDE PPP-AR kin quality-passing stations,"89 km SW of Kaktovik, Alaska",6.400000,2,7.591081,3.196667,185.025607,571.497000,7.451199,1.051199,1.051199,pgd_cm>=1; min_stations>=1
pgd_ge_1cm,Station PGD >= 1 cm,AMPLITUDE,melgar_2015,median,ak018aap2cqu,2018-08-12T14:58:53.503000Z,United States,US,EarthScope PRIDE PPP-AR kin quality-passing stations,"89 km SW of Kaktovik, Alaska",6.400000,2,7.591081,3.196667,185.025607,571.497000,7.232306,0.832306,0.832306,pgd_cm>=1; min_stations>=1
pgd_ge_1cm,Station PGD >= 1 cm,AMPLITUDE,ruhl_2019,median,ak018aap2cqu,2018-08-12T14:58:53.503000Z,United States,US,EarthScope PRIDE PPP-AR kin quality-passing stations,"89 km SW of Kaktovik, Alaska",6.400000,2,7.591081,3.196667,185.025607,571.497000,7.047907,0.647907,0.647907,pgd_cm>=1; min_stations>=1
pgd_ge_1cm,Station PGD >= 1 cm,AMPLITUDE,crowell_2016_gfast,median,ak018aasz24z,2018-08-12T21:15:00.999000Z,United States,US,EarthScope PRIDE PPP-AR kin quality-passing stations,"73 km SSW of Kaktovik, Alaska",6.000000,2,10.859319,1.981771,215.380665,145.001000,7.697434,1.697434,1.697434,pgd_cm>=1; min_stations>=1
pgd_ge_1cm,Station PGD >= 1 cm,AMPLITUDE,melgar_2015,median,ak018aasz24z,2018-08-12T21:15:00.999000Z,United States,US,EarthScope PRIDE PPP-AR kin quality-passing stations,"73 km SSW of Kaktovik, Alaska",6.000000,2,10.859319,1.981771,215.380665,145.001000,7.517430,1.517430,1.517430,pgd_cm>=1; min_stations>=1
pgd_ge_1cm,Station PGD >= 1 cm,AMPLITUDE,ruhl_2019,median,ak018aasz24z,2018-08-12T21:15:00.999000Z,United States,US,EarthScope PRIDE PPP-AR kin quality-passing stations,"73 km SSW of Kaktovik, Alaska",6.000000,2,10.859319,1.981771,215.380665,145.001000,7.358713,1.358713,1.358713,pgd_cm>=1; min_stations>=1
pgd_ge_1cm,Station PGD >= 1 cm,AMPLITUDE,crowell_2016_gfast,median,ak0216xu2rod,2021-05-31T06:59:55.581000Z,United States,US,EarthScope PRIDE PPP-AR kin quality-passing stations,"73 km N of Chickaloon, Alaska",6.100000,13,3.186424,2.220186,128.997016,278.419000,6.929549,0.829549,0.829549,pgd_cm>=1; min_stations>=1
pgd_ge_1cm,Station PGD >= 1 cm,AMPLITUDE,melgar_2015,median,ak0216xu2rod,2021-05-31T06:59:55.581000Z,United States,US,EarthScope PRIDE PPP-AR kin quality-passing stations,"73 km N of Chickaloon, Alaska",6.100000,13,3.186424,2.220186,128.997016,278.419000,6.583344,0.483344,0.483344,pgd_cm>=1; min_stations>=1
pgd_ge_1cm,Station PGD >= 1 cm,AMPLITUDE,ruhl_2019,median,ak0216xu2rod,2021-05-31T06:59:55.581000Z,United States,US,EarthScope PRIDE PPP-AR kin quality-passing stations,"73 km N of Chickaloon, Alaska",6.100000,13,3.186424,2.220186,128.997016,278.419000,6.346733,0.246733,0.246733,pgd_cm>=1; min_stations>=1
pgd_ge_1cm,Station PGD >= 1 cm,AMPLITUDE,crowell_2016_gfast,median,ak021d1u1nos,2021-10-11T09:10:25.147000Z,United States,US,EarthScope PRIDE PPP-AR kin quality-passing stations,"112 km E of Chignik, Alaska",6.900000,1,4.247658,2.127646,171.713324,397.853000,7.159418,0.259418,0.259418,pgd_cm>=1; min_stations>=1
pgd_ge_1cm,Station PGD >= 1 cm,AMPLITUDE,melgar_2015,median,ak021d1u1nos,2021-10-11T09:10:25.147000Z,United States,US,EarthScope PRIDE PPP-AR kin quality-passing stations,"112 km E of Chignik, Alaska",6.900000,1,4.247658,2.127646,171.713324,397.853000,6.853737,-0.046263,0.046263,pgd_cm>=1; min_stations>=1
pgd_ge_1cm,Station PGD >= 1 cm,AMPLITUDE,ruhl_2019,median,ak021d1u1nos,2021-10-11T09:10:25.147000Z,United States,US,EarthScope PRIDE PPP-AR kin quality-passing stations,"112 km E of Chignik, Alaska",6.900000,1,4.247658,2.127646,171.713324,397.853000,6.638626,-0.261374,0.261374,pgd_cm>=1; min_stations>=1
pgd_ge_1cm,Station PGD >= 1 cm,AMPLITUDE,crowell_2016_gfast,median,ak2025xjbvhj,2025-11-27T17:11:29.059000Z,United States,US,EarthScope PRIDE PPP-AR kin quality-passing stations,"12 km WNW of Susitna, Alaska",6.000000,7,2.773229,2.085237,124.429892,127.941000,6.849512,0.849512,0.849512,pgd_cm>=1; min_stations>=1
pgd_ge_1cm,Station PGD >= 1 cm,AMPLITUDE,melgar_2015,median,ak2025xjbvhj,2025-11-27T17:11:29.059000Z,United States,US,EarthScope PRIDE PPP-AR kin quality-passing stations,"12 km WNW of Susitna, Alaska",6.000000,7,2.773229,2.085237,124.429892,127.941000,6.407797,0.407797,0.407797,pgd_cm>=1; min_stations>=1
pgd_ge_1cm,Station PGD >= 1 cm,AMPLITUDE,ruhl_2019,median,ak2025xjbvhj,2025-11-27T17:11:29.059000Z,United States,US,EarthScope PRIDE PPP-AR kin quality-passing stations,"12 km WNW of Susitna, Alaska",6.000000,7,2.773229,2.085237,124.429892,127.941000,6.158118,0.158118,0.158118,pgd_cm>=1; min_stations>=1
pgd_ge_1cm,Station PGD >= 1 cm,AMPLITUDE,crowell_2016_gfast,median,hv72748782,2021-10-10T21:48:36.560000Z,United States,US,EarthScope PRIDE PPP-AR kin quality-passing stations,"27 km SSE of Naalehu, Hawaii",6.210000,4,5.043088,1.858640,77.422159,546.440000,6.690914,0.480914,0.480914,pgd_cm>=1; min_stations>=1
pgd_ge_1cm,Station PGD >= 1 cm,AMPLITUDE,melgar_2015,median,hv72748782,2021-10-10T21:48:36.560000Z,United States,US,EarthScope PRIDE PPP-AR kin quality-passing stations,"27 km SSE of Naalehu, Hawaii",6.210000,4,5.043088,1.858640,77.422159,546.440000,6.472074,0.262074,0.262074,pgd_cm>=1; min_stations>=1
pgd_ge_1cm,Station PGD >= 1 cm,AMPLITUDE,ruhl_2019,median,hv72748782,2021-10-10T21:48:36.560000Z,United States,US,EarthScope PRIDE PPP-AR kin quality-passing stations,"27 km SSE of Naalehu, Hawaii",6.210000,4,5.043088,1.858640,77.422159,546.440000,6.222017,0.012017,0.012017,pgd_cm>=1; min_stations>=1
pgd_ge_1cm,Station PGD >= 1 cm,AMPLITUDE,crowell_2016_gfast,median,nc71338066,2010-01-10T00:27:39.320000Z,United States,US,EarthScope PRIDE PPP-AR kin quality-passing stations,"The 2010 Eureka, California Earthquake",6.500000,1,4.461098,2.629883,47.863806,508.680000,6.432775,-0.067225,0.067225,pgd_cm>=1; min_stations>=1
pgd_ge_1cm,Station PGD >= 1 cm,AMPLITUDE,melgar_2015,median,nc71338066,2010-01-10T00:27:39.320000Z,United States,US,EarthScope PRIDE PPP-AR kin quality-passing stations,"The 2010 Eureka, California Earthquake",6.500000,1,4.461098,2.629883,47.863806,508.680000,6.236135,-0.263865,0.263865,pgd_cm>=1; min_stations>=1
pgd_ge_1cm,Station PGD >= 1 cm,AMPLITUDE,ruhl_2019,median,nc71338066,2010-01-10T00:27:39.320000Z,United States,US,EarthScope PRIDE PPP-AR kin quality-passing stations,"The 2010 Eureka, California Earthquake",6.500000,1,4.461098,2.629883,47.863806,508.680000,5.968707,-0.531293,0.531293,pgd_cm>=1; min_stations>=1
pgd_ge_1cm,Station PGD >= 1 cm,AMPLITUDE,crowell_2016_gfast,median,nc73666231,2021-12-20T20:10:31.310000Z,United States,US,EarthScope PRIDE PPP-AR kin quality-passing stations,"7km N of Petrolia, CA",6.200000,4,4.168486,3.055785,33.502648,204.500000,6.225274,0.025273,0.025273,pgd_cm>=1; min_stations>=1
pgd_ge_1cm,Station PGD >= 1 cm,AMPLITUDE,melgar_2015,median,nc73666231,2021-12-20T20:10:31.310000Z,United States,US,EarthScope PRIDE PPP-AR kin quality-passing stations,"7km N of Petrolia, CA",6.200000,4,4.168486,3.055785,33.502648,204.500000,6.040895,-0.159105,0.159105,pgd_cm>=1; min_stations>=1
pgd_ge_1cm,Station PGD >= 1 cm,AMPLITUDE,ruhl_2019,median,nc73666231,2021-12-20T20:10:31.310000Z,United States,US,EarthScope PRIDE PPP-AR kin quality-passing stations,"7km N of Petrolia, CA",6.200000,4,4.168486,3.055785,33.502648,204.500000,5.760452,-0.439548,0.439548,pgd_cm>=1; min_stations>=1
pgd_ge_1cm,Station PGD >= 1 cm,AMPLITUDE,crowell_2016_gfast,median,nc73821036,2022-12-20T10:34:24.770000Z,United States,US,EarthScope PRIDE PPP-AR kin quality-passing stations,"15km WSW of Ferndale, CA",6.400000,58,3.009765,2.638466,119.350969,116.730000,6.748739,0.348739,0.348739,pgd_cm>=1; min_stations>=1
pgd_ge_1cm,Station PGD >= 1 cm,AMPLITUDE,melgar_2015,median,nc73821036,2022-12-20T10:34:24.770000Z,United States,US,EarthScope PRIDE PPP-AR kin quality-passing stations,"15km WSW of Ferndale, CA",6.400000,58,3.009765,2.638466,119.350969,116.730000,6.396311,-0.003690,0.003690,pgd_cm>=1; min_stations>=1
pgd_ge_1cm,Station PGD >= 1 cm,AMPLITUDE,ruhl_2019,median,nc73821036,2022-12-20T10:34:24.770000Z,United States,US,EarthScope PRIDE PPP-AR kin quality-passing stations,"15km WSW of Ferndale, CA",6.400000,58,3.009765,2.638466,119.350969,116.730000,6.144597,-0.255403,0.255403,pgd_cm>=1; min_stations>=1
pgd_ge_1cm,Station PGD >= 1 cm,AMPLITUDE,crowell_2016_gfast,median,pr2019267000,2019-09-24T03:23:40.000000Z,United States,US,EarthScope PRIDE PPP-AR kin quality-passing stations,"67 km NNW of San Antonio, Puerto Rico",6.000000,9,6.238574,3.137156,133.485101,465.000000,7.284079,1.284079,1.284079,pgd_cm>=1; min_stations>=1
pgd_ge_1cm,Station PGD >= 1 cm,AMPLITUDE,melgar_2015,median,pr2019267000,2019-09-24T03:23:40.000000Z,United States,US,EarthScope PRIDE PPP-AR kin quality-passing stations,"67 km NNW of San Antonio, Puerto Rico",6.000000,9,6.238574,3.137156,133.485101,465.000000,7.077603,1.077603,1.077603,pgd_cm>=1; min_stations>=1
pgd_ge_1cm,Station PGD >= 1 cm,AMPLITUDE,ruhl_2019,median,pr2019267000,2019-09-24T03:23:40.000000Z,United States,US,EarthScope PRIDE PPP-AR kin quality-passing stations,"67 km NNW of San Antonio, Puerto Rico",6.000000,9,6.238574,3.137156,133.485101,465.000000,6.881144,0.881144,0.881144,pgd_cm>=1; min_stations>=1
pgd_ge_1cm,Station PGD >= 1 cm,AMPLITUDE,crowell_2016_gfast,median,pr2020007007,2020-01-07T08:24:27.370Z,Puerto Rico,Americas,EarthScope PRIDE PPP-AR kin quality-passing stations,"4 km SSE of Indios, Puerto Rico",6.400000,9,9.387620,3.898337,74.765143,391.630000,7.102913,0.702913,0.702913,pgd_cm>=1; min_stations>=1
pgd_ge_1cm,Station PGD >= 1 cm,AMPLITUDE,melgar_2015,median,pr2020007007,2020-01-07T08:24:27.370Z,Puerto Rico,Americas,EarthScope PRIDE PPP-AR kin quality-passing stations,"4 km SSE of Indios, Puerto Rico",6.400000,9,9.387620,3.898337,74.765143,391.630000,7.067454,0.667454,0.667454,pgd_cm>=1; min_stations>=1
pgd_ge_1cm,Station PGD >= 1 cm,AMPLITUDE,ruhl_2019,median,pr2020007007,2020-01-07T08:24:27.370Z,Puerto Rico,Americas,EarthScope PRIDE PPP-AR kin quality-passing stations,"4 km SSE of Indios, Puerto Rico",6.400000,9,9.387620,3.898337,74.765143,391.630000,6.857413,0.457413,0.457413,pgd_cm>=1; min_stations>=1
pgd_ge_1cm,Station PGD >= 1 cm,AMPLITUDE,crowell_2016_gfast,median,us10003vyx,2015-11-09T16:03:46.070000Z,United States,US,EarthScope PRIDE PPP-AR kin quality-passing stations,"99 km SE of Atka, Alaska",6.500000,1,6.300325,2.931911,101.241372,332.930000,6.991025,0.491025,0.491025,pgd_cm>=1; min_stations>=1
pgd_ge_1cm,Station PGD >= 1 cm,AMPLITUDE,melgar_2015,median,us10003vyx,2015-11-09T16:03:46.070000Z,United States,US,EarthScope PRIDE PPP-AR kin quality-passing stations,"99 km SE of Atka, Alaska",6.500000,1,6.300325,2.931911,101.241372,332.930000,6.794276,0.294276,0.294276,pgd_cm>=1; min_stations>=1
pgd_ge_1cm,Station PGD >= 1 cm,AMPLITUDE,ruhl_2019,median,us10003vyx,2015-11-09T16:03:46.070000Z,United States,US,EarthScope PRIDE PPP-AR kin quality-passing stations,"99 km SE of Atka, Alaska",6.500000,1,6.300325,2.931911,101.241372,332.930000,6.569495,0.069495,0.069495,pgd_cm>=1; min_stations>=1
pgd_ge_1cm,Station PGD >= 1 cm,AMPLITUDE,crowell_2016_gfast,median,us100047zq,2015-12-17T19:49:53.050Z,Mexico,Americas,EarthScope PRIDE PPP-AR kin quality-passing stations,"4 km W of Manuel Ávila Camacho (Ponte Duro), Mexico",6.600000,1,6.355543,1.386764,199.126305,460.950000,7.430807,0.830807,0.830807,pgd_cm>=1; min_stations>=1
pgd_ge_1cm,Station PGD >= 1 cm,AMPLITUDE,melgar_2015,median,us100047zq,2015-12-17T19:49:53.050Z,Mexico,Americas,EarthScope PRIDE PPP-AR kin quality-passing stations,"4 km W of Manuel Ávila Camacho (Ponte Duro), Mexico",6.600000,1,6.355543,1.386764,199.126305,460.950000,7.176932,0.576932,0.576932,pgd_cm>=1; min_stations>=1
pgd_ge_1cm,Station PGD >= 1 cm,AMPLITUDE,ruhl_2019,median,us100047zq,2015-12-17T19:49:53.050Z,Mexico,Americas,EarthScope PRIDE PPP-AR kin quality-passing stations,"4 km W of Manuel Ávila Camacho (Ponte Duro), Mexico",6.600000,1,6.355543,1.386764,199.126305,460.950000,6.989296,0.389296,0.389296,pgd_cm>=1; min_stations>=1
pgd_ge_1cm,Station PGD >= 1 cm,AMPLITUDE,crowell_2016_gfast,median,us10004x1w,2016-03-12T18:06:44.760000Z,United States,US,EarthScope PRIDE PPP-AR kin quality-passing stations,"72 km SSE of Atka, Alaska",6.300000,1,6.009709,3.217592,76.318904,376.240000,6.804976,0.504976,0.504976,pgd_cm>=1; min_stations>=1
pgd_ge_1cm,Station PGD >= 1 cm,AMPLITUDE,melgar_2015,median,us10004x1w,2016-03-12T18:06:44.760000Z,United States,US,EarthScope PRIDE PPP-AR kin quality-passing stations,"72 km SSE of Atka, Alaska",6.300000,1,6.009709,3.217592,76.318904,376.240000,6.622046,0.322046,0.322046,pgd_cm>=1; min_stations>=1
pgd_ge_1cm,Station PGD >= 1 cm,AMPLITUDE,ruhl_2019,median,us10004x1w,2016-03-12T18:06:44.760000Z,United States,US,EarthScope PRIDE PPP-AR kin quality-passing stations,"72 km SSE of Atka, Alaska",6.300000,1,6.009709,3.217592,76.318904,376.240000,6.382794,0.082794,0.082794,pgd_cm>=1; min_stations>=1
pgd_ge_1cm,Station PGD >= 1 cm,AMPLITUDE,crowell_2016_gfast,median,us10007c4w,2016-11-24T18:43:47.710Z,El Salvador,Americas,EarthScope PRIDE PPP-AR kin quality-passing stations,"156 km SSW of Puerto El Triunfo, El Salvador",6.900000,2,7.853959,2.429730,204.395863,339.290000,7.531507,0.631507,0.631507,pgd_cm>=1; min_stations>=1
pgd_ge_1cm,Station PGD >= 1 cm,AMPLITUDE,melgar_2015,median,us10007c4w,2016-11-24T18:43:47.710Z,El Salvador,Americas,EarthScope PRIDE PPP-AR kin quality-passing stations,"156 km SSW of Puerto El Triunfo, El Salvador",6.900000,2,7.853959,2.429730,204.395863,339.290000,7.306729,0.406728,0.406728,pgd_cm>=1; min_stations>=1
pgd_ge_1cm,Station PGD >= 1 cm,AMPLITUDE,ruhl_2019,median,us10007c4w,2016-11-24T18:43:47.710Z,El Salvador,Americas,EarthScope PRIDE PPP-AR kin quality-passing stations,"156 km SSW of Puerto El Triunfo, El Salvador",6.900000,2,7.853959,2.429730,204.395863,339.290000,7.129886,0.229885,0.229885,pgd_cm>=1; min_stations>=1
pgd_ge_1cm,Station PGD >= 1 cm,AMPLITUDE,crowell_2016_gfast,median,us10008mel,2017-05-01T12:31:55.590000Z,United States,US,EarthScope PRIDE PPP-AR kin quality-passing stations,"47 km NW of Mosquito Lake, Alaska",6.200000,4,4.249449,3.448120,157.649446,403.910000,7.066598,0.866598,0.866598,pgd_cm>=1; min_stations>=1
pgd_ge_1cm,Station PGD >= 1 cm,AMPLITUDE,melgar_2015,median,us10008mel,2017-05-01T12:31:55.590000Z,United States,US,EarthScope PRIDE PPP-AR kin quality-passing stations,"47 km NW of Mosquito Lake, Alaska",6.200000,4,4.249449,3.448120,157.649446,403.910000,6.757492,0.557492,0.557492,pgd_cm>=1; min_stations>=1
pgd_ge_1cm,Station PGD >= 1 cm,AMPLITUDE,ruhl_2019,median,us10008mel,2017-05-01T12:31:55.590000Z,United States,US,EarthScope PRIDE PPP-AR kin quality-passing stations,"47 km NW of Mosquito Lake, Alaska",6.200000,4,4.249449,3.448120,157.649446,403.910000,6.533934,0.333934,0.333934,pgd_cm>=1; min_stations>=1
pgd_ge_1cm,Station PGD >= 1 cm,AMPLITUDE,crowell_2016_gfast,median,us10008mgu,2017-05-01T14:18:15.290000Z,United States,US,EarthScope PRIDE PPP-AR kin quality-passing stations,"48 km NW of Mosquito Lake, Alaska",6.300000,4,3.810289,2.338356,158.188678,493.210000,7.009959,0.709959,0.709959,pgd_cm>=1; min_stations>=1
pgd_ge_1cm,Station PGD >= 1 cm,AMPLITUDE,melgar_2015,median,us10008mgu,2017-05-01T14:18:15.290000Z,United States,US,EarthScope PRIDE PPP-AR kin quality-passing stations,"48 km NW of Mosquito Lake, Alaska",6.300000,4,3.810289,2.338356,158.188678,493.210000,6.726522,0.426522,0.426522,pgd_cm>=1; min_stations>=1
pgd_ge_1cm,Station PGD >= 1 cm,AMPLITUDE,ruhl_2019,median,us10008mgu,2017-05-01T14:18:15.290000Z,United States,US,EarthScope PRIDE PPP-AR kin quality-passing stations,"48 km NW of Mosquito Lake, Alaska",6.300000,4,3.810289,2.338356,158.188678,493.210000,6.499362,0.199362,0.199362,pgd_cm>=1; min_stations>=1
pgd_ge_1cm,Station PGD >= 1 cm,AMPLITUDE,crowell_2016_gfast,median,us10008rtu,2017-05-12T10:41:26.710Z,El Salvador,Americas,EarthScope PRIDE PPP-AR kin quality-passing stations,"78 km SSW of Acajutla, El Salvador",6.200000,2,9.520039,1.906675,212.775520,260.790000,7.541158,1.341158,1.341158,pgd_cm>=1; min_stations>=1
pgd_ge_1cm,Station PGD >= 1 cm,AMPLITUDE,melgar_2015,median,us10008rtu,2017-05-12T10:41:26.710Z,El Salvador,Americas,EarthScope PRIDE PPP-AR kin quality-passing stations,"78 km SSW of Acajutla, El Salvador",6.200000,2,9.520039,1.906675,212.775520,260.790000,7.324191,1.124191,1.124191,pgd_cm>=1; min_stations>=1
pgd_ge_1cm,Station PGD >= 1 cm,AMPLITUDE,ruhl_2019,median,us10008rtu,2017-05-12T10:41:26.710Z,El Salvador,Americas,EarthScope PRIDE PPP-AR kin quality-passing stations,"78 km SSW of Acajutla, El Salvador",6.200000,2,9.520039,1.906675,212.775520,260.790000,7.151243,0.951243,0.951243,pgd_cm>=1; min_stations>=1
pgd_ge_1cm,Station PGD >= 1 cm,AMPLITUDE,crowell_2016_gfast,median,us1000ga0z,2018-08-15T21:56:56.310000Z,United States,US,EarthScope PRIDE PPP-AR kin quality-passing stations,"108 km WSW of Adak, Alaska",6.500000,1,3.811771,2.332107,166.055410,31.690000,7.091784,0.591784,0.591784,pgd_cm>=1; min_stations>=1
pgd_ge_1cm,Station PGD >= 1 cm,AMPLITUDE,melgar_2015,median,us1000ga0z,2018-08-15T21:56:56.310000Z,United States,US,EarthScope PRIDE PPP-AR kin quality-passing stations,"108 km WSW of Adak, Alaska",6.500000,1,3.811771,2.332107,166.055410,31.690000,6.771661,0.271661,0.271661,pgd_cm>=1; min_stations>=1
pgd_ge_1cm,Station PGD >= 1 cm,AMPLITUDE,ruhl_2019,median,us1000ga0z,2018-08-15T21:56:56.310000Z,United States,US,EarthScope PRIDE PPP-AR kin quality-passing stations,"108 km WSW of Adak, Alaska",6.500000,1,3.811771,2.332107,166.055410,31.690000,6.549799,0.049799,0.049799,pgd_cm>=1; min_stations>=1
pgd_ge_1cm,Station PGD >= 1 cm,AMPLITUDE,crowell_2016_gfast,median,us1000gc0k,2018-08-17T23:22:24.950Z,Costa Rica,Americas,EarthScope PRIDE PPP-AR kin quality-passing stations,"19 km NNW of Golfito, Costa Rica",6.100000,2,17.386465,2.268689,193.879709,308.050000,7.772887,1.672887,1.672887,pgd_cm>=1; min_stations>=1
pgd_ge_1cm,Station PGD >= 1 cm,AMPLITUDE,melgar_2015,median,us1000gc0k,2018-08-17T23:22:24.950Z,Costa Rica,Americas,EarthScope PRIDE PPP-AR kin quality-passing stations,"19 km NNW of Golfito, Costa Rica",6.100000,2,17.386465,2.268689,193.879709,308.050000,7.682830,1.582830,1.582830,pgd_cm>=1; min_stations>=1
pgd_ge_1cm,Station PGD >= 1 cm,AMPLITUDE,ruhl_2019,median,us1000gc0k,2018-08-17T23:22:24.950Z,Costa Rica,Americas,EarthScope PRIDE PPP-AR kin quality-passing stations,"19 km NNW of Golfito, Costa Rica",6.100000,2,17.386465,2.268689,193.879709,308.050000,7.534147,1.434147,1.434147,pgd_cm>=1; min_stations>=1
pgd_ge_1cm,Station PGD >= 1 cm,AMPLITUDE,crowell_2016_gfast,median,us1000gez7,2018-08-21T21:31:47.600Z,Venezuela,Americas,EarthScope PRIDE PPP-AR kin quality-passing stations,"40 km ENE of Carúpano, Venezuela",7.300000,3,8.124438,2.883420,221.950553,219.400000,7.612771,0.312771,0.312771,pgd_cm>=1; min_stations>=1
pgd_ge_1cm,Station PGD >= 1 cm,AMPLITUDE,melgar_2015,median,us1000gez7,2018-08-21T21:31:47.600Z,Venezuela,Americas,EarthScope PRIDE PPP-AR kin quality-passing stations,"40 km ENE of Carúpano, Venezuela",7.300000,3,8.124438,2.883420,221.950553,219.400000,7.388925,0.088925,0.088925,pgd_cm>=1; min_stations>=1
pgd_ge_1cm,Station PGD >= 1 cm,AMPLITUDE,ruhl_2019,median,us1000gez7,2018-08-21T21:31:47.600Z,Venezuela,Americas,EarthScope PRIDE PPP-AR kin quality-passing stations,"40 km ENE of Carúpano, Venezuela",7.300000,3,8.124438,2.883420,221.950553,219.400000,7.220163,-0.079837,0.079837,pgd_cm>=1; min_stations>=1
pgd_ge_1cm,Station PGD >= 1 cm,AMPLITUDE,crowell_2016_gfast,median,us1000gf8u,2018-08-22T09:31:45.530000Z,United States,US,EarthScope PRIDE PPP-AR kin quality-passing stations,"272 km W of Bandon, Oregon",6.200000,4,2.463987,2.099505,276.510417,371.970000,7.260599,1.060599,1.060599,pgd_cm>=1; min_stations>=1
pgd_ge_1cm,Station PGD >= 1 cm,AMPLITUDE,melgar_2015,median,us1000gf8u,2018-08-22T09:31:45.530000Z,United States,US,EarthScope PRIDE PPP-AR kin quality-passing stations,"272 km W of Bandon, Oregon",6.200000,4,2.463987,2.099505,276.510417,371.970000,6.811665,0.611665,0.611665,pgd_cm>=1; min_stations>=1
pgd_ge_1cm,Station PGD >= 1 cm,AMPLITUDE,ruhl_2019,median,us1000gf8u,2018-08-22T09:31:45.530000Z,United States,US,EarthScope PRIDE PPP-AR kin quality-passing stations,"272 km W of Bandon, Oregon",6.200000,4,2.463987,2.099505,276.510417,371.970000,6.598629,0.398629,0.398629,pgd_cm>=1; min_stations>=1
pgd_ge_1cm,Station PGD >= 1 cm,AMPLITUDE,crowell_2016_gfast,median,us1000gfvg,2018-08-23T03:35:12.270000Z,United States,US,EarthScope PRIDE PPP-AR kin quality-passing stations,"97 km SW of Adak, Alaska",6.300000,1,4.704689,1.821508,263.340571,343.730000,7.494360,1.194360,1.194360,pgd_cm>=1; min_stations>=1
pgd_ge_1cm,Station PGD >= 1 cm,AMPLITUDE,melgar_2015,median,us1000gfvg,2018-08-23T03:35:12.270000Z,United States,US,EarthScope PRIDE PPP-AR kin quality-passing stations,"97 km SW of Adak, Alaska",6.300000,1,4.704689,1.821508,263.340571,343.730000,7.162351,0.862351,0.862351,pgd_cm>=1; min_stations>=1
pgd_ge_1cm,Station PGD >= 1 cm,AMPLITUDE,ruhl_2019,median,us1000gfvg,2018-08-23T03:35:12.270000Z,United States,US,EarthScope PRIDE PPP-AR kin quality-passing stations,"97 km SW of Adak, Alaska",6.300000,1,4.704689,1.821508,263.340571,343.730000,6.977746,0.677746,0.677746,pgd_cm>=1; min_stations>=1
pgd_ge_1cm,Station PGD >= 1 cm,AMPLITUDE,crowell_2016_gfast,median,us200030aq,2015-07-27T04:49:46.400000Z,United States,US,EarthScope PRIDE PPP-AR kin quality-passing stations,"Fox Islands, Aleutian Islands, Alaska",6.900000,1,3.412418,2.893684,82.466269,556.600000,6.624416,-0.275584,0.275584,pgd_cm>=1; min_stations>=1
pgd_ge_1cm,Station PGD >= 1 cm,AMPLITUDE,melgar_2015,median,us200030aq,2015-07-27T04:49:46.400000Z,United States,US,EarthScope PRIDE PPP-AR kin quality-passing stations,"Fox Islands, Aleutian Islands, Alaska",6.900000,1,3.412418,2.893684,82.466269,556.600000,6.347247,-0.552753,0.552753,pgd_cm>=1; min_stations>=1
pgd_ge_1cm,Station PGD >= 1 cm,AMPLITUDE,ruhl_2019,median,us200030aq,2015-07-27T04:49:46.400000Z,United States,US,EarthScope PRIDE PPP-AR kin quality-passing stations,"Fox Islands, Aleutian Islands, Alaska",6.900000,1,3.412418,2.893684,82.466269,556.600000,6.089207,-0.810793,0.810793,pgd_cm>=1; min_stations>=1
pgd_ge_1cm,Station PGD >= 1 cm,AMPLITUDE,crowell_2016_gfast,median,us20003hq5,2015-09-10T10:26:44.810000Z,United States,US,EarthScope PRIDE PPP-AR kin quality-passing stations,"104 km SSW of Nikolski, Alaska",6.000000,1,4.293530,2.135004,109.179477,586.190000,6.880574,0.880574,0.880574,pgd_cm>=1; min_stations>=1
pgd_ge_1cm,Station PGD >= 1 cm,AMPLITUDE,melgar_2015,median,us20003hq5,2015-09-10T10:26:44.810000Z,United States,US,EarthScope PRIDE PPP-AR kin quality-passing stations,"104 km SSW of Nikolski, Alaska",6.000000,1,4.293530,2.135004,109.179477,586.190000,6.616916,0.616916,0.616916,pgd_cm>=1; min_stations>=1
pgd_ge_1cm,Station PGD >= 1 cm,AMPLITUDE,ruhl_2019,median,us20003hq5,2015-09-10T10:26:44.810000Z,United States,US,EarthScope PRIDE PPP-AR kin quality-passing stations,"104 km SSW of Nikolski, Alaska",6.000000,1,4.293530,2.135004,109.179477,586.190000,6.379830,0.379830,0.379830,pgd_cm>=1; min_stations>=1
pgd_ge_1cm,Station PGD >= 1 cm,AMPLITUDE,crowell_2016_gfast,median,us20005axu,2016-03-19T01:35:12.170000Z,United States,US,EarthScope PRIDE PPP-AR kin quality-passing stations,"75 km S of Atka, Alaska",6.000000,1,3.980113,2.314648,79.244937,586.830000,6.663096,0.663096,0.663096,pgd_cm>=1; min_stations>=1
pgd_ge_1cm,Station PGD >= 1 cm,AMPLITUDE,melgar_2015,median,us20005axu,2016-03-19T01:35:12.170000Z,United States,US,EarthScope PRIDE PPP-AR kin quality-passing stations,"75 km S of Atka, Alaska",6.000000,1,3.980113,2.314648,79.244937,586.830000,6.413080,0.413080,0.413080,pgd_cm>=1; min_stations>=1
pgd_ge_1cm,Station PGD >= 1 cm,AMPLITUDE,ruhl_2019,median,us20005axu,2016-03-19T01:35:12.170000Z,United States,US,EarthScope PRIDE PPP-AR kin quality-passing stations,"75 km S of Atka, Alaska",6.000000,1,3.980113,2.314648,79.244937,586.830000,6.159478,0.159478,0.159478,pgd_cm>=1; min_stations>=1
pgd_ge_1cm,Station PGD >= 1 cm,AMPLITUDE,crowell_2016_gfast,median,us200063cy,2016-06-10T03:25:22.920Z,Nicaragua,Americas,EarthScope PRIDE PPP-AR kin quality-passing stations,Nicaragua,6.100000,11,7.423261,2.048292,52.306797,303.080000,6.728684,0.628684,0.628684,pgd_cm>=1; min_stations>=1
pgd_ge_1cm,Station PGD >= 1 cm,AMPLITUDE,melgar_2015,median,us200063cy,2016-06-10T03:25:22.920Z,Nicaragua,Americas,EarthScope PRIDE PPP-AR kin quality-passing stations,Nicaragua,6.100000,11,7.423261,2.048292,52.306797,303.080000,6.559820,0.459820,0.459820,pgd_cm>=1; min_stations>=1
pgd_ge_1cm,Station PGD >= 1 cm,AMPLITUDE,ruhl_2019,median,us200063cy,2016-06-10T03:25:22.920Z,Nicaragua,Americas,EarthScope PRIDE PPP-AR kin quality-passing stations,Nicaragua,6.100000,11,7.423261,2.048292,52.306797,303.080000,6.310923,0.210923,0.210923,pgd_cm>=1; min_stations>=1
pgd_ge_1cm,Station PGD >= 1 cm,AMPLITUDE,crowell_2016_gfast,median,us20007z6r,2016-12-08T14:49:45.910000Z,United States,US,EarthScope PRIDE PPP-AR kin quality-passing stations,"164 km W of Ferndale, California",6.600000,3,3.624210,2.711949,183.119066,439.090000,7.099697,0.499697,0.499697,pgd_cm>=1; min_stations>=1
pgd_ge_1cm,Station PGD >= 1 cm,AMPLITUDE,melgar_2015,median,us20007z6r,2016-12-08T14:49:45.910000Z,United States,US,EarthScope PRIDE PPP-AR kin quality-passing stations,"164 km W of Ferndale, California",6.600000,3,3.624210,2.711949,183.119066,439.090000,6.727371,0.127371,0.127371,pgd_cm>=1; min_stations>=1
pgd_ge_1cm,Station PGD >= 1 cm,AMPLITUDE,ruhl_2019,median,us20007z6r,2016-12-08T14:49:45.910000Z,United States,US,EarthScope PRIDE PPP-AR kin quality-passing stations,"164 km W of Ferndale, California",6.600000,3,3.624210,2.711949,183.119066,439.090000,6.501812,-0.098188,0.098188,pgd_cm>=1; min_stations>=1
pgd_ge_1cm,Station PGD >= 1 cm,AMPLITUDE,crowell_2016_gfast,median,us20009p1a,2017-06-22T12:31:03.490Z,Guatemala,Americas,EarthScope PRIDE PPP-AR kin quality-passing stations,"28 km SW of Puerto San José, Guatemala",6.800000,1,4.965249,2.795652,204.018911,197.510000,7.340874,0.540874,0.540874,pgd_cm>=1; min_stations>=1
pgd_ge_1cm,Station PGD >= 1 cm,AMPLITUDE,melgar_2015,median,us20009p1a,2017-06-22T12:31:03.490Z,Guatemala,Americas,EarthScope PRIDE PPP-AR kin quality-passing stations,"28 km SW of Puerto San José, Guatemala",6.800000,1,4.965249,2.795652,204.018911,197.510000,7.044054,0.244054,0.244054,pgd_cm>=1; min_stations>=1
pgd_ge_1cm,Station PGD >= 1 cm,AMPLITUDE,ruhl_2019,median,us20009p1a,2017-06-22T12:31:03.490Z,Guatemala,Americas,EarthScope PRIDE PPP-AR kin quality-passing stations,"28 km SW of Puerto San José, Guatemala",6.800000,1,4.965249,2.795652,204.018911,197.510000,6.846100,0.046100,0.046100,pgd_cm>=1; min_stations>=1
pgd_ge_1cm,Station PGD >= 1 cm,AMPLITUDE,crowell_2016_gfast,median,us2000ahv0,2017-09-08T04:49:19.180Z,Mexico,Americas,EarthScope PRIDE PPP-AR kin quality-passing stations,"2017 Tehuantepec, Mexico Earthquake",8.200000,2,21.223283,9.889718,264.143158,87.320000,8.086726,-0.113274,0.113274,pgd_cm>=1; min_stations>=1
pgd_ge_1cm,Station PGD >= 1 cm,AMPLITUDE,melgar_2015,median,us2000ahv0,2017-09-08T04:49:19.180Z,Mexico,Americas,EarthScope PRIDE PPP-AR kin quality-passing stations,"2017 Tehuantepec, Mexico Earthquake",8.200000,2,21.223283,9.889718,264.143158,87.320000,7.978285,-0.221715,0.221715,pgd_cm>=1; min_stations>=1
pgd_ge_1cm,Station PGD >= 1 cm,AMPLITUDE,ruhl_2019,median,us2000ahv0,2017-09-08T04:49:19.180Z,Mexico,Americas,EarthScope PRIDE PPP-AR kin quality-passing stations,"2017 Tehuantepec, Mexico Earthquake",8.200000,2,21.223283,9.889718,264.143158,87.320000,7.862347,-0.337653,0.337653,pgd_cm>=1; min_stations>=1
pgd_ge_1cm,Station PGD >= 1 cm,AMPLITUDE,crowell_2016_gfast,median,us2000ar20,2017-09-19T18:14:38.090Z,Mexico,Americas,EarthScope PRIDE PPP-AR kin quality-passing stations,"1 km S of Matzaco, Mexico",7.100000,7,5.827435,2.043669,190.608775,322.910000,7.188289,0.088289,0.088289,pgd_cm>=1; min_stations>=1
pgd_ge_1cm,Station PGD >= 1 cm,AMPLITUDE,melgar_2015,median,us2000ar20,2017-09-19T18:14:38.090Z,Mexico,Americas,EarthScope PRIDE PPP-AR kin quality-passing stations,"1 km S of Matzaco, Mexico",7.100000,7,5.827435,2.043669,190.608775,322.910000,6.964519,-0.135481,0.135481,pgd_cm>=1; min_stations>=1
pgd_ge_1cm,Station PGD >= 1 cm,AMPLITUDE,ruhl_2019,median,us2000ar20,2017-09-19T18:14:38.090Z,Mexico,Americas,EarthScope PRIDE PPP-AR kin quality-passing stations,"1 km S of Matzaco, Mexico",7.100000,7,5.827435,2.043669,190.608775,322.910000,6.749819,-0.350181,0.350181,pgd_cm>=1; min_stations>=1
pgd_ge_1cm,Station PGD >= 1 cm,AMPLITUDE,crowell_2016_gfast,median,us2000atjv,2017-09-23T12:53:01.480Z,Mexico,Americas,EarthScope PRIDE PPP-AR kin quality-passing stations,"7 km NNE of Ixtepec, Mexico",6.100000,3,3.863030,2.964987,186.071908,5.520000,7.133030,1.033030,1.033030,pgd_cm>=1; min_stations>=1
pgd_ge_1cm,Station PGD >= 1 cm,AMPLITUDE,melgar_2015,median,us2000atjv,2017-09-23T12:53:01.480Z,Mexico,Americas,EarthScope PRIDE PPP-AR kin quality-passing stations,"7 km NNE of Ixtepec, Mexico",6.100000,3,3.863030,2.964987,186.071908,5.520000,6.789394,0.689394,0.689394,pgd_cm>=1; min_stations>=1
pgd_ge_1cm,Station PGD >= 1 cm,AMPLITUDE,ruhl_2019,median,us2000atjv,2017-09-23T12:53:01.480Z,Mexico,Americas,EarthScope PRIDE PPP-AR kin quality-passing stations,"7 km NNE of Ixtepec, Mexico",6.100000,3,3.863030,2.964987,186.071908,5.520000,6.570045,0.470045,0.470045,pgd_cm>=1; min_stations>=1
pgd_ge_1cm,Station PGD >= 1 cm,AMPLITUDE,crowell_2016_gfast,median,us2000bmhe,2017-11-13T02:28:23.680Z,Costa Rica,Americas,EarthScope PRIDE PPP-AR kin quality-passing stations,"18 km W of Parrita, Costa Rica",6.500000,3,8.265065,3.076700,246.066784,213.320000,7.807469,1.307469,1.307469,pgd_cm>=1; min_stations>=1
pgd_ge_1cm,Station PGD >= 1 cm,AMPLITUDE,melgar_2015,median,us2000bmhe,2017-11-13T02:28:23.680Z,Costa Rica,Americas,EarthScope PRIDE PPP-AR kin quality-passing stations,"18 km W of Parrita, Costa Rica",6.500000,3,8.265065,3.076700,246.066784,213.320000,7.560555,1.060555,1.060555,pgd_cm>=1; min_stations>=1
pgd_ge_1cm,Station PGD >= 1 cm,AMPLITUDE,ruhl_2019,median,us2000bmhe,2017-11-13T02:28:23.680Z,Costa Rica,Americas,EarthScope PRIDE PPP-AR kin quality-passing stations,"18 km W of Parrita, Costa Rica",6.500000,3,8.265065,3.076700,246.066784,213.320000,7.410982,0.910982,0.910982,pgd_cm>=1; min_stations>=1
pgd_ge_1cm,Station PGD >= 1 cm,AMPLITUDE,crowell_2016_gfast,median,us2000cl83,2018-01-19T16:17:44.720Z,Mexico,Americas,EarthScope PRIDE PPP-AR kin quality-passing stations,"79 km NNE of Loreto, Mexico",6.300000,2,4.961519,3.756752,251.064011,253.780000,7.477348,1.177348,1.177348,pgd_cm>=1; min_stations>=1
pgd_ge_1cm,Station PGD >= 1 cm,AMPLITUDE,melgar_2015,median,us2000cl83,2018-01-19T16:17:44.720Z,Mexico,Americas,EarthScope PRIDE PPP-AR kin quality-passing stations,"79 km NNE of Loreto, Mexico",6.300000,2,4.961519,3.756752,251.064011,253.780000,7.157355,0.857355,0.857355,pgd_cm>=1; min_stations>=1
pgd_ge_1cm,Station PGD >= 1 cm,AMPLITUDE,ruhl_2019,median,us2000cl83,2018-01-19T16:17:44.720Z,Mexico,Americas,EarthScope PRIDE PPP-AR kin quality-passing stations,"79 km NNE of Loreto, Mexico",6.300000,2,4.961519,3.756752,251.064011,253.780000,6.971535,0.671535,0.671535,pgd_cm>=1; min_stations>=1
pgd_ge_1cm,Station PGD >= 1 cm,AMPLITUDE,crowell_2016_gfast,median,us2000d3km,2018-02-16T23:39:39.280Z,Mexico,Americas,EarthScope PRIDE PPP-AR kin quality-passing stations,"4 km S of Pinotepa de Don Luis, Mexico",7.200000,9,6.300302,2.687697,140.889261,345.720000,7.182772,-0.017228,0.017228,pgd_cm>=1; min_stations>=1
pgd_ge_1cm,Station PGD >= 1 cm,AMPLITUDE,melgar_2015,median,us2000d3km,2018-02-16T23:39:39.280Z,Mexico,Americas,EarthScope PRIDE PPP-AR kin quality-passing stations,"4 km S of Pinotepa de Don Luis, Mexico",7.200000,9,6.300302,2.687697,140.889261,345.720000,6.953236,-0.246764,0.246764,pgd_cm>=1; min_stations>=1
pgd_ge_1cm,Station PGD >= 1 cm,AMPLITUDE,ruhl_2019,median,us2000d3km,2018-02-16T23:39:39.280Z,Mexico,Americas,EarthScope PRIDE PPP-AR kin quality-passing stations,"4 km S of Pinotepa de Don Luis, Mexico",7.200000,9,6.300302,2.687697,140.889261,345.720000,6.743625,-0.456375,0.456375,pgd_cm>=1; min_stations>=1
pgd_ge_1cm,Station PGD >= 1 cm,AMPLITUDE,crowell_2016_gfast,median,us2000izcv,2018-12-31T02:35:37.670000Z,United States,US,EarthScope PRIDE PPP-AR kin quality-passing stations,"87 km SE of King Cove, Alaska",6.000000,1,6.084291,2.134184,135.317756,529.330000,7.157085,1.157085,1.157085,pgd_cm>=1; min_stations>=1
pgd_ge_1cm,Station PGD >= 1 cm,AMPLITUDE,melgar_2015,median,us2000izcv,2018-12-31T02:35:37.670000Z,United States,US,EarthScope PRIDE PPP-AR kin quality-passing stations,"87 km SE of King Cove, Alaska",6.000000,1,6.084291,2.134184,135.317756,529.330000,6.931062,0.931062,0.931062,pgd_cm>=1; min_stations>=1
pgd_ge_1cm,Station PGD >= 1 cm,AMPLITUDE,ruhl_2019,median,us2000izcv,2018-12-31T02:35:37.670000Z,United States,US,EarthScope PRIDE PPP-AR kin quality-passing stations,"87 km SE of King Cove, Alaska",6.000000,1,6.084291,2.134184,135.317756,529.330000,6.719317,0.719317,0.719317,pgd_cm>=1; min_stations>=1
pgd_ge_1cm,Station PGD >= 1 cm,AMPLITUDE,crowell_2016_gfast,median,us60003r2r,2019-05-23T08:45:17.746000Z,United States,US,EarthScope PRIDE PPP-AR kin quality-passing stations,"127 km WSW of Adak, Alaska",6.000000,1,5.152252,3.470618,296.662772,45.254000,7.620481,1.620481,1.620481,pgd_cm>=1; min_stations>=1
pgd_ge_1cm,Station PGD >= 1 cm,AMPLITUDE,melgar_2015,median,us60003r2r,2019-05-23T08:45:17.746000Z,United States,US,EarthScope PRIDE PPP-AR kin quality-passing stations,"127 km WSW of Adak, Alaska",6.000000,1,5.152252,3.470618,296.662772,45.254000,7.290727,1.290727,1.290727,pgd_cm>=1; min_stations>=1
pgd_ge_1cm,Station PGD >= 1 cm,AMPLITUDE,ruhl_2019,median,us60003r2r,2019-05-23T08:45:17.746000Z,United States,US,EarthScope PRIDE PPP-AR kin quality-passing stations,"127 km WSW of Adak, Alaska",6.000000,1,5.152252,3.470618,296.662772,45.254000,7.118895,1.118895,1.118895,pgd_cm>=1; min_stations>=1
pgd_ge_1cm,Station PGD >= 1 cm,AMPLITUDE,crowell_2016_gfast,median,us60007djn,2020-01-23T05:53:02.618000Z,United States,US,EarthScope PRIDE PPP-AR kin quality-passing stations,"84 km W of Adak, Alaska",6.200000,3,4.453190,3.390275,207.523077,442.382000,7.305370,1.105370,1.105370,pgd_cm>=1; min_stations>=1
pgd_ge_1cm,Station PGD >= 1 cm,AMPLITUDE,melgar_2015,median,us60007djn,2020-01-23T05:53:02.618000Z,United States,US,EarthScope PRIDE PPP-AR kin quality-passing stations,"84 km W of Adak, Alaska",6.200000,3,4.453190,3.390275,207.523077,442.382000,6.988941,0.788941,0.788941,pgd_cm>=1; min_stations>=1
pgd_ge_1cm,Station PGD >= 1 cm,AMPLITUDE,ruhl_2019,median,us60007djn,2020-01-23T05:53:02.618000Z,United States,US,EarthScope PRIDE PPP-AR kin quality-passing stations,"84 km W of Adak, Alaska",6.200000,3,4.453190,3.390275,207.523077,442.382000,6.786774,0.586774,0.586774,pgd_cm>=1; min_stations>=1
pgd_ge_1cm,Station PGD >= 1 cm,AMPLITUDE,crowell_2016_gfast,median,us60007idc,2020-01-28T19:10:24.918Z,Jamaica,Americas,EarthScope PRIDE PPP-AR kin quality-passing stations,"123 km NNW of Lucea, Jamaica",7.700000,1,6.793916,2.077169,263.894718,207.082000,7.658397,-0.041603,0.041603,pgd_cm>=1; min_stations>=1
pgd_ge_1cm,Station PGD >= 1 cm,AMPLITUDE,melgar_2015,median,us60007idc,2020-01-28T19:10:24.918Z,Jamaica,Americas,EarthScope PRIDE PPP-AR kin quality-passing stations,"123 km NNW of Lucea, Jamaica",7.700000,1,6.793916,2.077169,263.894718,207.082000,7.387494,-0.312506,0.312506,pgd_cm>=1; min_stations>=1
pgd_ge_1cm,Station PGD >= 1 cm,AMPLITUDE,ruhl_2019,median,us60007idc,2020-01-28T19:10:24.918Z,Jamaica,Americas,EarthScope PRIDE PPP-AR kin quality-passing stations,"123 km NNW of Lucea, Jamaica",7.700000,1,6.793916,2.077169,263.894718,207.082000,7.221727,-0.478273,0.478273,pgd_cm>=1; min_stations>=1
pgd_ge_1cm,Station PGD >= 1 cm,AMPLITUDE,crowell_2016_gfast,median,us6000ah9t,2020-06-23T15:29:04.350Z,Mexico,Americas,EarthScope PRIDE PPP-AR kin quality-passing stations,"9 km SE of Santa María Xadani, Mexico",7.400000,6,6.990064,4.402588,120.758990,34.650000,7.252859,-0.147141,0.147141,pgd_cm>=1; min_stations>=1
pgd_ge_1cm,Station PGD >= 1 cm,AMPLITUDE,melgar_2015,median,us6000ah9t,2020-06-23T15:29:04.350Z,Mexico,Americas,EarthScope PRIDE PPP-AR kin quality-passing stations,"9 km SE of Santa María Xadani, Mexico",7.400000,6,6.990064,4.402588,120.758990,34.650000,6.970871,-0.429130,0.429130,pgd_cm>=1; min_stations>=1
pgd_ge_1cm,Station PGD >= 1 cm,AMPLITUDE,ruhl_2019,median,us6000ah9t,2020-06-23T15:29:04.350Z,Mexico,Americas,EarthScope PRIDE PPP-AR kin quality-passing stations,"9 km SE of Santa María Xadani, Mexico",7.400000,6,6.990064,4.402588,120.758990,34.650000,6.762769,-0.637231,0.637231,pgd_cm>=1; min_stations>=1
pgd_ge_1cm,Station PGD >= 1 cm,AMPLITUDE,crowell_2016_gfast,median,us6000b56k,2020-07-28T08:03:43.215000Z,United States,US,EarthScope PRIDE PPP-AR kin quality-passing stations,"75 km SW of Sand Point, Alaska",6.100000,4,3.780557,2.500566,137.137239,211.285000,6.976497,0.876497,0.876497,pgd_cm>=1; min_stations>=1
pgd_ge_1cm,Station PGD >= 1 cm,AMPLITUDE,melgar_2015,median,us6000b56k,2020-07-28T08:03:43.215000Z,United States,US,EarthScope PRIDE PPP-AR kin quality-passing stations,"75 km SW of Sand Point, Alaska",6.100000,4,3.780557,2.500566,137.137239,211.285000,6.661658,0.561658,0.561658,pgd_cm>=1; min_stations>=1
pgd_ge_1cm,Station PGD >= 1 cm,AMPLITUDE,ruhl_2019,median,us6000b56k,2020-07-28T08:03:43.215000Z,United States,US,EarthScope PRIDE PPP-AR kin quality-passing stations,"75 km SW of Sand Point, Alaska",6.100000,4,3.780557,2.500566,137.137239,211.285000,6.430447,0.330447,0.330447,pgd_cm>=1; min_stations>=1
pgd_ge_1cm,Station PGD >= 1 cm,AMPLITUDE,crowell_2016_gfast,median,us6000exs5,2021-07-21T21:15:12.269Z,Panama,Americas,EarthScope PRIDE PPP-AR kin quality-passing stations,"71 km S of Burica, Panama",6.700000,1,3.352894,1.983561,264.427156,378.731000,7.347418,0.647418,0.647418,pgd_cm>=1; min_stations>=1
pgd_ge_1cm,Station PGD >= 1 cm,AMPLITUDE,melgar_2015,median,us6000exs5,2021-07-21T21:15:12.269Z,Panama,Americas,EarthScope PRIDE PPP-AR kin quality-passing stations,"71 km S of Burica, Panama",6.700000,1,3.352894,1.983561,264.427156,378.731000,6.958423,0.258423,0.258423,pgd_cm>=1; min_stations>=1
pgd_ge_1cm,Station PGD >= 1 cm,AMPLITUDE,ruhl_2019,median,us6000exs5,2021-07-21T21:15:12.269Z,Panama,Americas,EarthScope PRIDE PPP-AR kin quality-passing stations,"71 km S of Burica, Panama",6.700000,1,3.352894,1.983561,264.427156,378.731000,6.756844,0.056844,0.056844,pgd_cm>=1; min_stations>=1
pgd_ge_1cm,Station PGD >= 1 cm,AMPLITUDE,crowell_2016_gfast,median,us6000f652,2021-08-14T11:57:43.447000Z,United States,US,EarthScope PRIDE PPP-AR kin quality-passing stations,"125 km SE of Perryville, Alaska",6.900000,1,5.766437,1.445440,131.528481,193.553000,7.116766,0.216766,0.216766,pgd_cm>=1; min_stations>=1
pgd_ge_1cm,Station PGD >= 1 cm,AMPLITUDE,melgar_2015,median,us6000f652,2021-08-14T11:57:43.447000Z,United States,US,EarthScope PRIDE PPP-AR kin quality-passing stations,"125 km SE of Perryville, Alaska",6.900000,1,5.766437,1.445440,131.528481,193.553000,6.884545,-0.015455,0.015455,pgd_cm>=1; min_stations>=1
pgd_ge_1cm,Station PGD >= 1 cm,AMPLITUDE,ruhl_2019,median,us6000f652,2021-08-14T11:57:43.447000Z,United States,US,EarthScope PRIDE PPP-AR kin quality-passing stations,"125 km SE of Perryville, Alaska",6.900000,1,5.766437,1.445440,131.528481,193.553000,6.668985,-0.231015,0.231015,pgd_cm>=1; min_stations>=1
pgd_ge_1cm,Station PGD >= 1 cm,AMPLITUDE,crowell_2016_gfast,median,us6000f65h,2021-08-14T12:29:08.454Z,Haiti,Americas,EarthScope PRIDE PPP-AR kin quality-passing stations,"Nippes, Haiti",7.200000,5,3.781653,2.577033,253.405389,377.546000,7.371871,0.171871,0.171871,pgd_cm>=1; min_stations>=1
pgd_ge_1cm,Station PGD >= 1 cm,AMPLITUDE,melgar_2015,median,us6000f65h,2021-08-14T12:29:08.454Z,Haiti,Americas,EarthScope PRIDE PPP-AR kin quality-passing stations,"Nippes, Haiti",7.200000,5,3.781653,2.577033,253.405389,377.546000,7.007448,-0.192552,0.192552,pgd_cm>=1; min_stations>=1
pgd_ge_1cm,Station PGD >= 1 cm,AMPLITUDE,ruhl_2019,median,us6000f65h,2021-08-14T12:29:08.454Z,Haiti,Americas,EarthScope PRIDE PPP-AR kin quality-passing stations,"Nippes, Haiti",7.200000,5,3.781653,2.577033,253.405389,377.546000,6.809411,-0.390589,0.390589,pgd_cm>=1; min_stations>=1
pgd_ge_1cm,Station PGD >= 1 cm,AMPLITUDE,crowell_2016_gfast,median,us6000hf75,2022-04-21T07:42:46.508Z,Nicaragua,Americas,EarthScope PRIDE PPP-AR kin quality-passing stations,"55 km WSW of Masachapa, Nicaragua",6.600000,15,4.461536,2.479835,245.635416,545.492000,7.442086,0.842086,0.842086,pgd_cm>=1; min_stations>=1
pgd_ge_1cm,Station PGD >= 1 cm,AMPLITUDE,melgar_2015,median,us6000hf75,2022-04-21T07:42:46.508Z,Nicaragua,Americas,EarthScope PRIDE PPP-AR kin quality-passing stations,"55 km WSW of Masachapa, Nicaragua",6.600000,15,4.461536,2.479835,245.635416,545.492000,7.142787,0.542787,0.542787,pgd_cm>=1; min_stations>=1
pgd_ge_1cm,Station PGD >= 1 cm,AMPLITUDE,ruhl_2019,median,us6000hf75,2022-04-21T07:42:46.508Z,Nicaragua,Americas,EarthScope PRIDE PPP-AR kin quality-passing stations,"55 km WSW of Masachapa, Nicaragua",6.600000,15,4.461536,2.479835,245.635416,545.492000,6.955989,0.355989,0.355989,pgd_cm>=1; min_stations>=1
pgd_ge_1cm,Station PGD >= 1 cm,AMPLITUDE,crowell_2016_gfast,median,us6000iv6c,2022-10-20T11:57:12.575Z,Panama,Americas,EarthScope PRIDE PPP-AR kin quality-passing stations,"60 km SSW of Boca Chica, Panama",6.700000,2,4.962879,2.782049,197.004540,356.925000,7.280363,0.580363,0.580363,pgd_cm>=1; min_stations>=1
pgd_ge_1cm,Station PGD >= 1 cm,AMPLITUDE,melgar_2015,median,us6000iv6c,2022-10-20T11:57:12.575Z,Panama,Americas,EarthScope PRIDE PPP-AR kin quality-passing stations,"60 km SSW of Boca Chica, Panama",6.700000,2,4.962879,2.782049,197.004540,356.925000,6.973483,0.273483,0.273483,pgd_cm>=1; min_stations>=1
pgd_ge_1cm,Station PGD >= 1 cm,AMPLITUDE,ruhl_2019,median,us6000iv6c,2022-10-20T11:57:12.575Z,Panama,Americas,EarthScope PRIDE PPP-AR kin quality-passing stations,"60 km SSW of Boca Chica, Panama",6.700000,2,4.962879,2.782049,197.004540,356.925000,6.769270,0.069270,0.069270,pgd_cm>=1; min_stations>=1
pgd_ge_1cm,Station PGD >= 1 cm,AMPLITUDE,crowell_2016_gfast,median,us6000k20g,2023-04-04T22:18:12.640Z,Panama,Americas,EarthScope PRIDE PPP-AR kin quality-passing stations,"73 km S of Boca Chica, Panama",6.300000,4,5.904799,1.884498,225.779732,399.860000,7.484591,1.184591,1.184591,pgd_cm>=1; min_stations>=1
pgd_ge_1cm,Station PGD >= 1 cm,AMPLITUDE,melgar_2015,median,us6000k20g,2023-04-04T22:18:12.640Z,Panama,Americas,EarthScope PRIDE PPP-AR kin quality-passing stations,"73 km S of Boca Chica, Panama",6.300000,4,5.904799,1.884498,225.779732,399.860000,7.206352,0.906352,0.906352,pgd_cm>=1; min_stations>=1
pgd_ge_1cm,Station PGD >= 1 cm,AMPLITUDE,ruhl_2019,median,us6000k20g,2023-04-04T22:18:12.640Z,Panama,Americas,EarthScope PRIDE PPP-AR kin quality-passing stations,"73 km S of Boca Chica, Panama",6.300000,4,5.904799,1.884498,225.779732,399.860000,7.022991,0.722991,0.722991,pgd_cm>=1; min_stations>=1
pgd_ge_1cm,Station PGD >= 1 cm,AMPLITUDE,crowell_2016_gfast,median,us6000kcnb,2023-05-17T23:01:59.919Z,Guatemala,Americas,EarthScope PRIDE PPP-AR kin quality-passing stations,"8 km SE of Canillá, Guatemala",6.400000,2,6.720768,2.936939,331.695871,372.581000,7.806161,1.406161,1.406161,pgd_cm>=1; min_stations>=1
pgd_ge_1cm,Station PGD >= 1 cm,AMPLITUDE,melgar_2015,median,us6000kcnb,2023-05-17T23:01:59.919Z,Guatemala,Americas,EarthScope PRIDE PPP-AR kin quality-passing stations,"8 km SE of Canillá, Guatemala",6.400000,2,6.720768,2.936939,331.695871,372.581000,7.502982,1.102982,1.102982,pgd_cm>=1; min_stations>=1
pgd_ge_1cm,Station PGD >= 1 cm,AMPLITUDE,ruhl_2019,median,us6000kcnb,2023-05-17T23:01:59.919Z,Guatemala,Americas,EarthScope PRIDE PPP-AR kin quality-passing stations,"8 km SE of Canillá, Guatemala",6.400000,2,6.720768,2.936939,331.695871,372.581000,7.351368,0.951367,0.951367,pgd_cm>=1; min_stations>=1
pgd_ge_1cm,Station PGD >= 1 cm,AMPLITUDE,crowell_2016_gfast,median,us6000mzme,2024-05-19T09:35:24.660000Z,United States,US,EarthScope PRIDE PPP-AR kin quality-passing stations,"169 km SW of Nikolski, Alaska",6.000000,1,5.191936,3.585516,173.871350,9.340000,7.252982,1.252982,1.252982,pgd_cm>=1; min_stations>=1
pgd_ge_1cm,Station PGD >= 1 cm,AMPLITUDE,melgar_2015,median,us6000mzme,2024-05-19T09:35:24.660000Z,United States,US,EarthScope PRIDE PPP-AR kin quality-passing stations,"169 km SW of Nikolski, Alaska",6.000000,1,5.191936,3.585516,173.871350,9.340000,6.978843,0.978843,0.978843,pgd_cm>=1; min_stations>=1
pgd_ge_1cm,Station PGD >= 1 cm,AMPLITUDE,ruhl_2019,median,us6000mzme,2024-05-19T09:35:24.660000Z,United States,US,EarthScope PRIDE PPP-AR kin quality-passing stations,"169 km SW of Nikolski, Alaska",6.000000,1,5.191936,3.585516,173.871350,9.340000,6.773682,0.773682,0.773682,pgd_cm>=1; min_stations>=1
pgd_ge_1cm,Station PGD >= 1 cm,AMPLITUDE,crowell_2016_gfast,median,us6000nncs,2024-08-28T21:57:54.957Z,El Salvador,Americas,EarthScope PRIDE PPP-AR kin quality-passing stations,"56 km SSW of La Libertad, El Salvador",6.100000,2,4.735820,2.450645,187.581473,456.543000,7.178727,1.078727,1.078727,pgd_cm>=1; min_stations>=1
pgd_ge_1cm,Station PGD >= 1 cm,AMPLITUDE,melgar_2015,median,us6000nncs,2024-08-28T21:57:54.957Z,El Salvador,Americas,EarthScope PRIDE PPP-AR kin quality-passing stations,"56 km SSW of La Libertad, El Salvador",6.100000,2,4.735820,2.450645,187.581473,456.543000,6.889515,0.789515,0.789515,pgd_cm>=1; min_stations>=1
pgd_ge_1cm,Station PGD >= 1 cm,AMPLITUDE,ruhl_2019,median,us6000nncs,2024-08-28T21:57:54.957Z,El Salvador,Americas,EarthScope PRIDE PPP-AR kin quality-passing stations,"56 km SSW of La Libertad, El Salvador",6.100000,2,4.735820,2.450645,187.581473,456.543000,6.679689,0.579689,0.579689,pgd_cm>=1; min_stations>=1
pgd_ge_1cm,Station PGD >= 1 cm,AMPLITUDE,crowell_2016_gfast,median,us6000nyau,2024-10-12T17:43:44.516Z,Costa Rica,Americas,EarthScope PRIDE PPP-AR kin quality-passing stations,"40 km WNW of Tamarindo, Costa Rica",6.200000,2,4.372020,3.279818,130.403520,385.984000,6.987009,0.787009,0.787009,pgd_cm>=1; min_stations>=1
pgd_ge_1cm,Station PGD >= 1 cm,AMPLITUDE,melgar_2015,median,us6000nyau,2024-10-12T17:43:44.516Z,Costa Rica,Americas,EarthScope PRIDE PPP-AR kin quality-passing stations,"40 km WNW of Tamarindo, Costa Rica",6.200000,2,4.372020,3.279818,130.403520,385.984000,6.709452,0.509451,0.509451,pgd_cm>=1; min_stations>=1
pgd_ge_1cm,Station PGD >= 1 cm,AMPLITUDE,ruhl_2019,median,us6000nyau,2024-10-12T17:43:44.516Z,Costa Rica,Americas,EarthScope PRIDE PPP-AR kin quality-passing stations,"40 km WNW of Tamarindo, Costa Rica",6.200000,2,4.372020,3.279818,130.403520,385.984000,6.480550,0.280550,0.280550,pgd_cm>=1; min_stations>=1
pgd_ge_1cm,Station PGD >= 1 cm,AMPLITUDE,crowell_2016_gfast,median,us6000pi09,2025-01-05T17:18:45.784Z,El Salvador,Americas,EarthScope PRIDE PPP-AR kin quality-passing stations,"56 km SSE of La Libertad, El Salvador",6.200000,1,4.830787,2.326389,249.455911,591.216000,7.467775,1.267775,1.267775,pgd_cm>=1; min_stations>=1
pgd_ge_1cm,Station PGD >= 1 cm,AMPLITUDE,melgar_2015,median,us6000pi09,2025-01-05T17:18:45.784Z,El Salvador,Americas,EarthScope PRIDE PPP-AR kin quality-passing stations,"56 km SSE of La Libertad, El Salvador",6.200000,1,4.830787,2.326389,249.455911,591.216000,7.145925,0.945925,0.945925,pgd_cm>=1; min_stations>=1
pgd_ge_1cm,Station PGD >= 1 cm,AMPLITUDE,ruhl_2019,median,us6000pi09,2025-01-05T17:18:45.784Z,El Salvador,Americas,EarthScope PRIDE PPP-AR kin quality-passing stations,"56 km SSE of La Libertad, El Salvador",6.200000,1,4.830787,2.326389,249.455911,591.216000,6.959129,0.759129,0.759129,pgd_cm>=1; min_stations>=1
pgd_ge_1cm,Station PGD >= 1 cm,AMPLITUDE,crowell_2016_gfast,median,us6000pjig,2025-01-12T08:32:49.944Z,Mexico,Americas,EarthScope PRIDE PPP-AR kin quality-passing stations,"18 km SE of Aquila, Mexico",6.200000,10,5.479973,2.545190,166.797590,329.056000,7.261449,1.061449,1.061449,pgd_cm>=1; min_stations>=1
pgd_ge_1cm,Station PGD >= 1 cm,AMPLITUDE,melgar_2015,median,us6000pjig,2025-01-12T08:32:49.944Z,Mexico,Americas,EarthScope PRIDE PPP-AR kin quality-passing stations,"18 km SE of Aquila, Mexico",6.200000,10,5.479973,2.545190,166.797590,329.056000,6.962408,0.762408,0.762408,pgd_cm>=1; min_stations>=1
pgd_ge_1cm,Station PGD >= 1 cm,AMPLITUDE,ruhl_2019,median,us6000pjig,2025-01-12T08:32:49.944Z,Mexico,Americas,EarthScope PRIDE PPP-AR kin quality-passing stations,"18 km SE of Aquila, Mexico",6.200000,10,5.479973,2.545190,166.797590,329.056000,6.754986,0.554986,0.554986,pgd_cm>=1; min_stations>=1
pgd_ge_1cm,Station PGD >= 1 cm,AMPLITUDE,crowell_2016_gfast,median,us6000r3at,2025-08-23T09:14:22.210Z,El Salvador,Americas,EarthScope PRIDE PPP-AR kin quality-passing stations,"88 km SW of Acajutla, El Salvador",6.000000,1,8.531547,2.238720,160.078243,540.790000,7.408566,1.408566,1.408566,pgd_cm>=1; min_stations>=1
pgd_ge_1cm,Station PGD >= 1 cm,AMPLITUDE,melgar_2015,median,us6000r3at,2025-08-23T09:14:22.210Z,El Salvador,Americas,EarthScope PRIDE PPP-AR kin quality-passing stations,"88 km SW of Acajutla, El Salvador",6.000000,1,8.531547,2.238720,160.078243,540.790000,7.222688,1.222688,1.222688,pgd_cm>=1; min_stations>=1
pgd_ge_1cm,Station PGD >= 1 cm,AMPLITUDE,ruhl_2019,median,us6000r3at,2025-08-23T09:14:22.210Z,El Salvador,Americas,EarthScope PRIDE PPP-AR kin quality-passing stations,"88 km SW of Acajutla, El Salvador",6.000000,1,8.531547,2.238720,160.078243,540.790000,7.035431,1.035431,1.035431,pgd_cm>=1; min_stations>=1
pgd_ge_1cm,Station PGD >= 1 cm,AMPLITUDE,crowell_2016_gfast,median,us6000rjq8,2025-10-27T12:38:40.364Z,Guadeloupe,Americas,EarthScope PRIDE PPP-AR kin quality-passing stations,"164 km E of Beauséjour, Guadeloupe",6.500000,7,5.154125,2.253964,277.307086,144.636000,7.565377,1.065377,1.065377,pgd_cm>=1; min_stations>=1
pgd_ge_1cm,Station PGD >= 1 cm,AMPLITUDE,melgar_2015,median,us6000rjq8,2025-10-27T12:38:40.364Z,Guadeloupe,Americas,EarthScope PRIDE PPP-AR kin quality-passing stations,"164 km E of Beauséjour, Guadeloupe",6.500000,7,5.154125,2.253964,277.307086,144.636000,7.240656,0.740656,0.740656,pgd_cm>=1; min_stations>=1
pgd_ge_1cm,Station PGD >= 1 cm,AMPLITUDE,ruhl_2019,median,us6000rjq8,2025-10-27T12:38:40.364Z,Guadeloupe,Americas,EarthScope PRIDE PPP-AR kin quality-passing stations,"164 km E of Beauséjour, Guadeloupe",6.500000,7,5.154125,2.253964,277.307086,144.636000,7.063442,0.563442,0.563442,pgd_cm>=1; min_stations>=1
pgd_ge_1cm,Station PGD >= 1 cm,AMPLITUDE,crowell_2016_gfast,median,us6000rsy1,2025-12-06T20:41:49.288000Z,United States,US,EarthScope PRIDE PPP-AR kin quality-passing stations,2025 Hubbard Glacier Earthquake,7.000000,1,9.170311,2.379436,255.862088,316.712000,7.768343,0.768343,0.768343,pgd_cm>=1; min_stations>=1
pgd_ge_1cm,Station PGD >= 1 cm,AMPLITUDE,melgar_2015,median,us6000rsy1,2025-12-06T20:41:49.288000Z,United States,US,EarthScope PRIDE PPP-AR kin quality-passing stations,2025 Hubbard Glacier Earthquake,7.000000,1,9.170311,2.379436,255.862088,316.712000,7.550609,0.550609,0.550609,pgd_cm>=1; min_stations>=1
pgd_ge_1cm,Station PGD >= 1 cm,AMPLITUDE,ruhl_2019,median,us6000rsy1,2025-12-06T20:41:49.288000Z,United States,US,EarthScope PRIDE PPP-AR kin quality-passing stations,2025 Hubbard Glacier Earthquake,7.000000,1,9.170311,2.379436,255.862088,316.712000,7.397840,0.397840,0.397840,pgd_cm>=1; min_stations>=1
pgd_ge_1cm,Station PGD >= 1 cm,AMPLITUDE,crowell_2016_gfast,median,us6000sayv,2026-02-23T05:11:48.410000Z,United States,US,EarthScope PRIDE PPP-AR kin quality-passing stations,"96 km SW of Nikolski, Alaska",6.000000,2,2.475931,2.144998,190.719927,300.590000,6.929928,0.929928,0.929928,pgd_cm>=1; min_stations>=1
pgd_ge_1cm,Station PGD >= 1 cm,AMPLITUDE,melgar_2015,median,us6000sayv,2026-02-23T05:11:48.410000Z,United States,US,EarthScope PRIDE PPP-AR kin quality-passing stations,"96 km SW of Nikolski, Alaska",6.000000,2,2.475931,2.144998,190.719927,300.590000,6.534123,0.534123,0.534123,pgd_cm>=1; min_stations>=1
pgd_ge_1cm,Station PGD >= 1 cm,AMPLITUDE,ruhl_2019,median,us6000sayv,2026-02-23T05:11:48.410000Z,United States,US,EarthScope PRIDE PPP-AR kin quality-passing stations,"96 km SW of Nikolski, Alaska",6.000000,2,2.475931,2.144998,190.719927,300.590000,6.296071,0.296071,0.296071,pgd_cm>=1; min_stations>=1
pgd_ge_1cm,Station PGD >= 1 cm,AMPLITUDE,crowell_2016_gfast,median,us6000sy84,2026-05-16T14:50:05.533Z,Antigua and Barbuda,Americas,EarthScope PRIDE PPP-AR kin quality-passing stations,"61 km ESE of Codrington, Antigua and Barbuda",6.000000,12,6.378699,2.155517,131.704420,319.967000,7.180308,1.180308,1.180308,pgd_cm>=1; min_stations>=1
pgd_ge_1cm,Station PGD >= 1 cm,AMPLITUDE,melgar_2015,median,us6000sy84,2026-05-16T14:50:05.533Z,Antigua and Barbuda,Americas,EarthScope PRIDE PPP-AR kin quality-passing stations,"61 km ESE of Codrington, Antigua and Barbuda",6.000000,12,6.378699,2.155517,131.704420,319.967000,7.010727,1.010727,1.010727,pgd_cm>=1; min_stations>=1
pgd_ge_1cm,Station PGD >= 1 cm,AMPLITUDE,ruhl_2019,median,us6000sy84,2026-05-16T14:50:05.533Z,Antigua and Barbuda,Americas,EarthScope PRIDE PPP-AR kin quality-passing stations,"61 km ESE of Codrington, Antigua and Barbuda",6.000000,12,6.378699,2.155517,131.704420,319.967000,6.801926,0.801926,0.801926,pgd_cm>=1; min_stations>=1
pgd_ge_1cm,Station PGD >= 1 cm,AMPLITUDE,crowell_2016_gfast,median,us6000t7zc,2026-06-24T22:04:33.389000Z,Venezuela,Americas,EarthScope PRIDE PPP-AR kin quality-passing stations,"23 km SE of Yumare, Venezuela",7.200000,29,7.193789,2.303159,906.196268,238.611000,8.705089,1.505089,1.505089,pgd_cm>=1; min_stations>=1
pgd_ge_1cm,Station PGD >= 1 cm,AMPLITUDE,melgar_2015,median,us6000t7zc,2026-06-24T22:04:33.389000Z,Venezuela,Americas,EarthScope PRIDE PPP-AR kin quality-passing stations,"23 km SE of Yumare, Venezuela",7.200000,29,7.193789,2.303159,906.196268,238.611000,8.285144,1.085144,1.085144,pgd_cm>=1; min_stations>=1
pgd_ge_1cm,Station PGD >= 1 cm,AMPLITUDE,ruhl_2019,median,us6000t7zc,2026-06-24T22:04:33.389000Z,Venezuela,Americas,EarthScope PRIDE PPP-AR kin quality-passing stations,"23 km SE of Yumare, Venezuela",7.200000,29,7.193789,2.303159,906.196268,238.611000,8.236026,1.036026,1.036026,pgd_cm>=1; min_stations>=1
pgd_ge_1cm,Station PGD >= 1 cm,AMPLITUDE,crowell_2016_gfast,median,us6000t7zp,2026-06-24T22:05:11.566000Z,Venezuela,Americas,EarthScope PRIDE PPP-AR kin quality-passing stations,"28 km SE of Yumare, Venezuela",7.500000,29,7.217659,2.398535,905.580215,206.434000,8.696148,1.196148,1.196148,pgd_cm>=1; min_stations>=1
pgd_ge_1cm,Station PGD >= 1 cm,AMPLITUDE,melgar_2015,median,us6000t7zp,2026-06-24T22:05:11.566000Z,Venezuela,Americas,EarthScope PRIDE PPP-AR kin quality-passing stations,"28 km SE of Yumare, Venezuela",7.500000,29,7.217659,2.398535,905.580215,206.434000,8.276020,0.776020,0.776020,pgd_cm>=1; min_stations>=1
pgd_ge_1cm,Station PGD >= 1 cm,AMPLITUDE,ruhl_2019,median,us6000t7zp,2026-06-24T22:05:11.566000Z,Venezuela,Americas,EarthScope PRIDE PPP-AR kin quality-passing stations,"28 km SE of Yumare, Venezuela",7.500000,29,7.217659,2.398535,905.580215,206.434000,8.225745,0.725745,0.725745,pgd_cm>=1; min_stations>=1
pgd_ge_1cm,Station PGD >= 1 cm,AMPLITUDE,crowell_2016_gfast,median,us70003k3p,2019-05-12T19:24:50.373Z,Panama,Americas,EarthScope PRIDE PPP-AR kin quality-passing stations,"1 km W of Breñón, Panama",6.000000,1,7.676445,1.448265,104.200874,569.627000,7.088872,1.088872,1.088872,pgd_cm>=1; min_stations>=1
pgd_ge_1cm,Station PGD >= 1 cm,AMPLITUDE,melgar_2015,median,us70003k3p,2019-05-12T19:24:50.373Z,Panama,Americas,EarthScope PRIDE PPP-AR kin quality-passing stations,"1 km W of Breñón, Panama",6.000000,1,7.676445,1.448265,104.200874,569.627000,6.921180,0.921180,0.921180,pgd_cm>=1; min_stations>=1
pgd_ge_1cm,Station PGD >= 1 cm,AMPLITUDE,ruhl_2019,median,us70003k3p,2019-05-12T19:24:50.373Z,Panama,Americas,EarthScope PRIDE PPP-AR kin quality-passing stations,"1 km W of Breñón, Panama",6.000000,1,7.676445,1.448265,104.200874,569.627000,6.705893,0.705893,0.705893,pgd_cm>=1; min_stations>=1
pgd_ge_1cm,Station PGD >= 1 cm,AMPLITUDE,crowell_2016_gfast,median,us7000455l,2019-06-26T05:23:51.514Z,Panama,Americas,EarthScope PRIDE PPP-AR kin quality-passing stations,"4 km SE of Aserrío de Gariché, Panama",6.200000,2,11.240696,2.076124,117.626505,99.986000,7.313356,1.113356,1.113356,pgd_cm>=1; min_stations>=1
pgd_ge_1cm,Station PGD >= 1 cm,AMPLITUDE,melgar_2015,median,us7000455l,2019-06-26T05:23:51.514Z,Panama,Americas,EarthScope PRIDE PPP-AR kin quality-passing stations,"4 km SE of Aserrío de Gariché, Panama",6.200000,2,11.240696,2.076124,117.626505,99.986000,7.193993,0.993993,0.993993,pgd_cm>=1; min_stations>=1
pgd_ge_1cm,Station PGD >= 1 cm,AMPLITUDE,ruhl_2019,median,us7000455l,2019-06-26T05:23:51.514Z,Panama,Americas,EarthScope PRIDE PPP-AR kin quality-passing stations,"4 km SE of Aserrío de Gariché, Panama",6.200000,2,11.240696,2.076124,117.626505,99.986000,7.000191,0.800191,0.800191,pgd_cm>=1; min_stations>=1
pgd_ge_1cm,Station PGD >= 1 cm,AMPLITUDE,crowell_2016_gfast,median,us700059qh,2019-08-29T15:07:58.646000Z,United States,US,EarthScope PRIDE PPP-AR kin quality-passing stations,"285 km W of Bandon, Oregon",6.300000,2,2.755439,2.260882,289.470312,228.354000,7.322856,1.022856,1.022856,pgd_cm>=1; min_stations>=1
pgd_ge_1cm,Station PGD >= 1 cm,AMPLITUDE,melgar_2015,median,us700059qh,2019-08-29T15:07:58.646000Z,United States,US,EarthScope PRIDE PPP-AR kin quality-passing stations,"285 km W of Bandon, Oregon",6.300000,2,2.755439,2.260882,289.470312,228.354000,6.890643,0.590643,0.590643,pgd_cm>=1; min_stations>=1
pgd_ge_1cm,Station PGD >= 1 cm,AMPLITUDE,ruhl_2019,median,us700059qh,2019-08-29T15:07:58.646000Z,United States,US,EarthScope PRIDE PPP-AR kin quality-passing stations,"285 km W of Bandon, Oregon",6.300000,2,2.755439,2.260882,289.470312,228.354000,6.684501,0.384501,0.384501,pgd_cm>=1; min_stations>=1
pgd_ge_1cm,Station PGD >= 1 cm,AMPLITUDE,crowell_2016_gfast,median,us70008jr5,2020-03-31T23:52:30.781000Z,United States,US,EarthScope PRIDE PPP-AR kin quality-passing stations,"Stanley, Idaho",6.500000,11,3.752079,2.573552,130.962470,325.219000,6.979206,0.479206,0.479206,pgd_cm>=1; min_stations>=1
pgd_ge_1cm,Station PGD >= 1 cm,AMPLITUDE,melgar_2015,median,us70008jr5,2020-03-31T23:52:30.781000Z,United States,US,EarthScope PRIDE PPP-AR kin quality-passing stations,"Stanley, Idaho",6.500000,11,3.752079,2.573552,130.962470,325.219000,6.706861,0.206861,0.206861,pgd_cm>=1; min_stations>=1
pgd_ge_1cm,Station PGD >= 1 cm,AMPLITUDE,ruhl_2019,median,us70008jr5,2020-03-31T23:52:30.781000Z,United States,US,EarthScope PRIDE PPP-AR kin quality-passing stations,"Stanley, Idaho",6.500000,11,3.752079,2.573552,130.962470,325.219000,6.476143,-0.023857,0.023857,pgd_cm>=1; min_stations>=1
pgd_ge_1cm,Station PGD >= 1 cm,AMPLITUDE,crowell_2016_gfast,median,us7000asx4,2020-07-22T06:16:18.627000Z,United States,US,EarthScope PRIDE PPP-AR kin quality-passing stations,"101 km ESE of Sand Point, Alaska",6.100000,5,22.284104,1.322300,101.866124,311.373000,7.253232,1.153232,1.153232,pgd_cm>=1; min_stations>=1
pgd_ge_1cm,Station PGD >= 1 cm,AMPLITUDE,melgar_2015,median,us7000asx4,2020-07-22T06:16:18.627000Z,United States,US,EarthScope PRIDE PPP-AR kin quality-passing stations,"101 km ESE of Sand Point, Alaska",6.100000,5,22.284104,1.322300,101.866124,311.373000,7.300080,1.200080,1.200080,pgd_cm>=1; min_stations>=1
pgd_ge_1cm,Station PGD >= 1 cm,AMPLITUDE,ruhl_2019,median,us7000asx4,2020-07-22T06:16:18.627000Z,United States,US,EarthScope PRIDE PPP-AR kin quality-passing stations,"101 km ESE of Sand Point, Alaska",6.100000,5,22.284104,1.322300,101.866124,311.373000,7.112787,1.012787,1.012787,pgd_cm>=1; min_stations>=1
pgd_ge_1cm,Station PGD >= 1 cm,AMPLITUDE,crowell_2016_gfast,median,us7000bcbv,2020-08-24T21:51:09.259Z,Costa Rica,Americas,EarthScope PRIDE PPP-AR kin quality-passing stations,"4 km SSW of Jacó, Costa Rica",6.000000,2,9.410502,1.873385,123.673617,490.741000,7.247327,1.247327,1.247327,pgd_cm>=1; min_stations>=1
pgd_ge_1cm,Station PGD >= 1 cm,AMPLITUDE,melgar_2015,median,us7000bcbv,2020-08-24T21:51:09.259Z,Costa Rica,Americas,EarthScope PRIDE PPP-AR kin quality-passing stations,"4 km SSW of Jacó, Costa Rica",6.000000,2,9.410502,1.873385,123.673617,490.741000,7.090314,1.090314,1.090314,pgd_cm>=1; min_stations>=1
pgd_ge_1cm,Station PGD >= 1 cm,AMPLITUDE,ruhl_2019,median,us7000bcbv,2020-08-24T21:51:09.259Z,Costa Rica,Americas,EarthScope PRIDE PPP-AR kin quality-passing stations,"4 km SSW of Jacó, Costa Rica",6.000000,2,9.410502,1.873385,123.673617,490.741000,6.889125,0.889125,0.889125,pgd_cm>=1; min_stations>=1
pgd_ge_1cm,Station PGD >= 1 cm,AMPLITUDE,crowell_2016_gfast,median,us7000clnv,2020-12-01T16:22:39.923000Z,United States,US,EarthScope PRIDE PPP-AR kin quality-passing stations,"46 km ESE of Nikolski, Alaska",6.400000,2,4.731509,2.898855,111.301898,388.077000,6.840561,0.440561,0.440561,pgd_cm>=1; min_stations>=1
pgd_ge_1cm,Station PGD >= 1 cm,AMPLITUDE,melgar_2015,median,us7000clnv,2020-12-01T16:22:39.923000Z,United States,US,EarthScope PRIDE PPP-AR kin quality-passing stations,"46 km ESE of Nikolski, Alaska",6.400000,2,4.731509,2.898855,111.301898,388.077000,6.595575,0.195575,0.195575,pgd_cm>=1; min_stations>=1
pgd_ge_1cm,Station PGD >= 1 cm,AMPLITUDE,ruhl_2019,median,us7000clnv,2020-12-01T16:22:39.923000Z,United States,US,EarthScope PRIDE PPP-AR kin quality-passing stations,"46 km ESE of Nikolski, Alaska",6.400000,2,4.731509,2.898855,111.301898,388.077000,6.357261,-0.042739,0.042739,pgd_cm>=1; min_stations>=1
pgd_ge_1cm,Station PGD >= 1 cm,AMPLITUDE,crowell_2016_gfast,median,us7000e2c6,2021-05-12T08:45:44.539Z,El Salvador,Americas,EarthScope PRIDE PPP-AR kin quality-passing stations,"55 km SW of Acajutla, El Salvador",6.000000,1,2.892905,1.827692,130.769862,51.461000,6.827005,0.827005,0.827005,pgd_cm>=1; min_stations>=1
pgd_ge_1cm,Station PGD >= 1 cm,AMPLITUDE,melgar_2015,median,us7000e2c6,2021-05-12T08:45:44.539Z,El Salvador,Americas,EarthScope PRIDE PPP-AR kin quality-passing stations,"55 km SW of Acajutla, El Salvador",6.000000,1,2.892905,1.827692,130.769862,51.461000,6.484557,0.484557,0.484557,pgd_cm>=1; min_stations>=1
pgd_ge_1cm,Station PGD >= 1 cm,AMPLITUDE,ruhl_2019,median,us7000e2c6,2021-05-12T08:45:44.539Z,El Salvador,Americas,EarthScope PRIDE PPP-AR kin quality-passing stations,"55 km SW of Acajutla, El Salvador",6.000000,1,2.892905,1.827692,130.769862,51.461000,6.238847,0.238847,0.238847,pgd_cm>=1; min_stations>=1
pgd_ge_1cm,Station PGD >= 1 cm,AMPLITUDE,crowell_2016_gfast,median,us7000e2rq,2021-05-13T09:42:12.044Z,Panama,Americas,EarthScope PRIDE PPP-AR kin quality-passing stations,"154 km SSE of Punta de Burica, Panama",6.100000,1,3.776003,1.904287,267.901701,44.956000,7.409154,1.309154,1.309154,pgd_cm>=1; min_stations>=1
pgd_ge_1cm,Station PGD >= 1 cm,AMPLITUDE,melgar_2015,median,us7000e2rq,2021-05-13T09:42:12.044Z,Panama,Americas,EarthScope PRIDE PPP-AR kin quality-passing stations,"154 km SSE of Punta de Burica, Panama",6.100000,1,3.776003,1.904287,267.901701,44.956000,7.038566,0.938566,0.938566,pgd_cm>=1; min_stations>=1
pgd_ge_1cm,Station PGD >= 1 cm,AMPLITUDE,ruhl_2019,median,us7000e2rq,2021-05-13T09:42:12.044Z,Panama,Americas,EarthScope PRIDE PPP-AR kin quality-passing stations,"154 km SSE of Punta de Burica, Panama",6.100000,1,3.776003,1.904287,267.901701,44.956000,6.843864,0.743864,0.743864,pgd_cm>=1; min_stations>=1
pgd_ge_1cm,Station PGD >= 1 cm,AMPLITUDE,crowell_2016_gfast,median,us7000emzy,2021-07-17T20:56:10.107Z,Panama,Americas,EarthScope PRIDE PPP-AR kin quality-passing stations,"135 km S of Burica, Panama",6.100000,1,8.764964,2.140418,283.564210,436.893000,7.824321,1.724321,1.724321,pgd_cm>=1; min_stations>=1
pgd_ge_1cm,Station PGD >= 1 cm,AMPLITUDE,melgar_2015,median,us7000emzy,2021-07-17T20:56:10.107Z,Panama,Americas,EarthScope PRIDE PPP-AR kin quality-passing stations,"135 km S of Burica, Panama",6.100000,1,8.764964,2.140418,283.564210,436.893000,7.588555,1.488555,1.488555,pgd_cm>=1; min_stations>=1
pgd_ge_1cm,Station PGD >= 1 cm,AMPLITUDE,ruhl_2019,median,us7000emzy,2021-07-17T20:56:10.107Z,Panama,Americas,EarthScope PRIDE PPP-AR kin quality-passing stations,"135 km S of Burica, Panama",6.100000,1,8.764964,2.140418,283.564210,436.893000,7.441087,1.341087,1.341087,pgd_cm>=1; min_stations>=1
pgd_ge_1cm,Station PGD >= 1 cm,AMPLITUDE,crowell_2016_gfast,median,us7000f93v,2021-09-08T01:47:47.437Z,Mexico,Americas,EarthScope PRIDE PPP-AR kin quality-passing stations,"Acapulco, Mexico",7.000000,6,4.159590,2.516941,272.839539,97.063000,7.464161,0.464161,0.464161,pgd_cm>=1; min_stations>=1
pgd_ge_1cm,Station PGD >= 1 cm,AMPLITUDE,melgar_2015,median,us7000f93v,2021-09-08T01:47:47.437Z,Mexico,Americas,EarthScope PRIDE PPP-AR kin quality-passing stations,"Acapulco, Mexico",7.000000,6,4.159590,2.516941,272.839539,97.063000,7.104817,0.104817,0.104817,pgd_cm>=1; min_stations>=1
pgd_ge_1cm,Station PGD >= 1 cm,AMPLITUDE,ruhl_2019,median,us7000f93v,2021-09-08T01:47:47.437Z,Mexico,Americas,EarthScope PRIDE PPP-AR kin quality-passing stations,"Acapulco, Mexico",7.000000,6,4.159590,2.516941,272.839539,97.063000,6.916049,-0.083951,0.083951,pgd_cm>=1; min_stations>=1
pgd_ge_1cm,Station PGD >= 1 cm,AMPLITUDE,crowell_2016_gfast,median,us7000fdds,2021-09-22T09:57:07.023Z,Nicaragua,Americas,EarthScope PRIDE PPP-AR kin quality-passing stations,"80 km SW of Jiquilillo, Nicaragua",6.500000,1,3.943323,1.975881,221.003982,500.977000,7.295276,0.795276,0.795276,pgd_cm>=1; min_stations>=1
pgd_ge_1cm,Station PGD >= 1 cm,AMPLITUDE,melgar_2015,median,us7000fdds,2021-09-22T09:57:07.023Z,Nicaragua,Americas,EarthScope PRIDE PPP-AR kin quality-passing stations,"80 km SW of Jiquilillo, Nicaragua",6.500000,1,3.943323,1.975881,221.003982,500.977000,6.952386,0.452386,0.452386,pgd_cm>=1; min_stations>=1
pgd_ge_1cm,Station PGD >= 1 cm,AMPLITUDE,ruhl_2019,median,us7000fdds,2021-09-22T09:57:07.023Z,Nicaragua,Americas,EarthScope PRIDE PPP-AR kin quality-passing stations,"80 km SW of Jiquilillo, Nicaragua",6.500000,1,3.943323,1.975881,221.003982,500.977000,6.748048,0.248048,0.248048,pgd_cm>=1; min_stations>=1
pgd_ge_1cm,Station PGD >= 1 cm,AMPLITUDE,crowell_2016_gfast,median,us7000fskw,2021-11-09T06:25:14.907Z,Nicaragua,Americas,EarthScope PRIDE PPP-AR kin quality-passing stations,"62 km S of Masachapa, Nicaragua",6.300000,3,4.908370,2.619683,186.392113,267.093000,7.114525,0.814525,0.814525,pgd_cm>=1; min_stations>=1
pgd_ge_1cm,Station PGD >= 1 cm,AMPLITUDE,melgar_2015,median,us7000fskw,2021-11-09T06:25:14.907Z,Nicaragua,Americas,EarthScope PRIDE PPP-AR kin quality-passing stations,"62 km S of Masachapa, Nicaragua",6.300000,3,4.908370,2.619683,186.392113,267.093000,6.763215,0.463215,0.463215,pgd_cm>=1; min_stations>=1
pgd_ge_1cm,Station PGD >= 1 cm,AMPLITUDE,ruhl_2019,median,us7000fskw,2021-11-09T06:25:14.907Z,Nicaragua,Americas,EarthScope PRIDE PPP-AR kin quality-passing stations,"62 km S of Masachapa, Nicaragua",6.300000,3,4.908370,2.619683,186.392113,267.093000,6.541808,0.241808,0.241808,pgd_cm>=1; min_stations>=1
pgd_ge_1cm,Station PGD >= 1 cm,AMPLITUDE,crowell_2016_gfast,median,us7000g9nb,2022-01-06T16:25:05.973Z,Nicaragua,Americas,EarthScope PRIDE PPP-AR kin quality-passing stations,near the coast of Nicaragua,6.100000,6,8.473334,1.529498,92.895889,167.527000,7.153415,1.053415,1.053415,pgd_cm>=1; min_stations>=1
pgd_ge_1cm,Station PGD >= 1 cm,AMPLITUDE,melgar_2015,median,us7000g9nb,2022-01-06T16:25:05.973Z,Nicaragua,Americas,EarthScope PRIDE PPP-AR kin quality-passing stations,near the coast of Nicaragua,6.100000,6,8.473334,1.529498,92.895889,167.527000,7.095169,0.995170,0.995170,pgd_cm>=1; min_stations>=1
pgd_ge_1cm,Station PGD >= 1 cm,AMPLITUDE,ruhl_2019,median,us7000g9nb,2022-01-06T16:25:05.973Z,Nicaragua,Americas,EarthScope PRIDE PPP-AR kin quality-passing stations,near the coast of Nicaragua,6.100000,6,8.473334,1.529498,92.895889,167.527000,6.889287,0.789287,0.789287,pgd_cm>=1; min_stations>=1
pgd_ge_1cm,Station PGD >= 1 cm,AMPLITUDE,crowell_2016_gfast,median,us7000gavu,2022-01-11T11:35:43.674000Z,United States,US,EarthScope PRIDE PPP-AR kin quality-passing stations,"100 km SE of Nikolski, Alaska",6.800000,1,5.648230,3.129598,103.879488,531.326000,6.962258,0.162258,0.162258,pgd_cm>=1; min_stations>=1
pgd_ge_1cm,Station PGD >= 1 cm,AMPLITUDE,melgar_2015,median,us7000gavu,2022-01-11T11:35:43.674000Z,United States,US,EarthScope PRIDE PPP-AR kin quality-passing stations,"100 km SE of Nikolski, Alaska",6.800000,1,5.648230,3.129598,103.879488,531.326000,6.746175,-0.053825,0.053825,pgd_cm>=1; min_stations>=1
pgd_ge_1cm,Station PGD >= 1 cm,AMPLITUDE,ruhl_2019,median,us7000gavu,2022-01-11T11:35:43.674000Z,United States,US,EarthScope PRIDE PPP-AR kin quality-passing stations,"100 km SE of Nikolski, Alaska",6.800000,1,5.648230,3.129598,103.879488,531.326000,6.518130,-0.281870,0.281870,pgd_cm>=1; min_stations>=1
pgd_ge_1cm,Station PGD >= 1 cm,AMPLITUDE,crowell_2016_gfast,median,us7000gawk,2022-01-11T12:39:32.454000Z,United States,US,EarthScope PRIDE PPP-AR kin quality-passing stations,"53 km SE of Nikolski, Alaska",6.600000,1,4.652247,3.238753,59.276557,322.546000,6.563129,-0.036871,0.036871,pgd_cm>=1; min_stations>=1
pgd_ge_1cm,Station PGD >= 1 cm,AMPLITUDE,melgar_2015,median,us7000gawk,2022-01-11T12:39:32.454000Z,United States,US,EarthScope PRIDE PPP-AR kin quality-passing stations,"53 km SE of Nikolski, Alaska",6.600000,1,4.652247,3.238753,59.276557,322.546000,6.358463,-0.241537,0.241537,pgd_cm>=1; min_stations>=1
pgd_ge_1cm,Station PGD >= 1 cm,AMPLITUDE,ruhl_2019,median,us7000gawk,2022-01-11T12:39:32.454000Z,United States,US,EarthScope PRIDE PPP-AR kin quality-passing stations,"53 km SE of Nikolski, Alaska",6.600000,1,4.652247,3.238753,59.276557,322.546000,6.099837,-0.500163,0.500163,pgd_cm>=1; min_stations>=1
pgd_ge_1cm,Station PGD >= 1 cm,AMPLITUDE,crowell_2016_gfast,median,us7000ge5q,2022-01-22T05:17:04.896000Z,United States,US,EarthScope PRIDE PPP-AR kin quality-passing stations,"71 km S of Unalaska, Alaska",6.200000,1,5.468994,2.040272,150.911609,351.104000,7.182475,0.982475,0.982475,pgd_cm>=1; min_stations>=1
pgd_ge_1cm,Station PGD >= 1 cm,AMPLITUDE,melgar_2015,median,us7000ge5q,2022-01-22T05:17:04.896000Z,United States,US,EarthScope PRIDE PPP-AR kin quality-passing stations,"71 km S of Unalaska, Alaska",6.200000,1,5.468994,2.040272,150.911609,351.104000,6.929728,0.729728,0.729728,pgd_cm>=1; min_stations>=1
pgd_ge_1cm,Station PGD >= 1 cm,AMPLITUDE,ruhl_2019,median,us7000ge5q,2022-01-22T05:17:04.896000Z,United States,US,EarthScope PRIDE PPP-AR kin quality-passing stations,"71 km S of Unalaska, Alaska",6.200000,1,5.468994,2.040272,150.911609,351.104000,6.719098,0.519098,0.519098,pgd_cm>=1; min_stations>=1
pgd_ge_1cm,Station PGD >= 1 cm,AMPLITUDE,crowell_2016_gfast,median,us7000i9bw,2022-09-19T18:05:08.217Z,Mexico,Americas,EarthScope PRIDE PPP-AR kin quality-passing stations,"35 km SSW of Aguililla, Mexico",7.600000,11,14.105091,6.391013,206.010464,64.783000,7.737085,0.137085,0.137085,pgd_cm>=1; min_stations>=1
pgd_ge_1cm,Station PGD >= 1 cm,AMPLITUDE,melgar_2015,median,us7000i9bw,2022-09-19T18:05:08.217Z,Mexico,Americas,EarthScope PRIDE PPP-AR kin quality-passing stations,"35 km SSW of Aguililla, Mexico",7.600000,11,14.105091,6.391013,206.010464,64.783000,7.618761,0.018761,0.018761,pgd_cm>=1; min_stations>=1
pgd_ge_1cm,Station PGD >= 1 cm,AMPLITUDE,ruhl_2019,median,us7000i9bw,2022-09-19T18:05:08.217Z,Mexico,Americas,EarthScope PRIDE PPP-AR kin quality-passing stations,"35 km SSW of Aguililla, Mexico",7.600000,11,14.105091,6.391013,206.010464,64.783000,7.465457,-0.134543,0.134543,pgd_cm>=1; min_stations>=1
pgd_ge_1cm,Station PGD >= 1 cm,AMPLITUDE,crowell_2016_gfast,median,us7000ia36,2022-09-22T06:16:09.459Z,Mexico,Americas,EarthScope PRIDE PPP-AR kin quality-passing stations,"55 km SSW of Aguililla, Mexico",6.800000,8,5.075503,2.369733,210.665754,195.541000,7.331480,0.531480,0.531480,pgd_cm>=1; min_stations>=1
pgd_ge_1cm,Station PGD >= 1 cm,AMPLITUDE,melgar_2015,median,us7000ia36,2022-09-22T06:16:09.459Z,Mexico,Americas,EarthScope PRIDE PPP-AR kin quality-passing stations,"55 km SSW of Aguililla, Mexico",6.800000,8,5.075503,2.369733,210.665754,195.541000,7.050390,0.250390,0.250390,pgd_cm>=1; min_stations>=1
pgd_ge_1cm,Station PGD >= 1 cm,AMPLITUDE,ruhl_2019,median,us7000ia36,2022-09-22T06:16:09.459Z,Mexico,Americas,EarthScope PRIDE PPP-AR kin quality-passing stations,"55 km SSW of Aguililla, Mexico",6.800000,8,5.075503,2.369733,210.665754,195.541000,6.851797,0.051798,0.051798,pgd_cm>=1; min_stations>=1
pgd_ge_1cm,Station PGD >= 1 cm,AMPLITUDE,crowell_2016_gfast,median,us7000imgl,2022-11-04T10:02:46.346Z,Mexico,Americas,EarthScope PRIDE PPP-AR kin quality-passing stations,"82 km SSW of Bahía de Kino, Mexico",6.100000,1,4.409116,2.110264,166.646307,132.654000,7.155779,1.055779,1.055779,pgd_cm>=1; min_stations>=1
pgd_ge_1cm,Station PGD >= 1 cm,AMPLITUDE,melgar_2015,median,us7000imgl,2022-11-04T10:02:46.346Z,Mexico,Americas,EarthScope PRIDE PPP-AR kin quality-passing stations,"82 km SSW of Bahía de Kino, Mexico",6.100000,1,4.409116,2.110264,166.646307,132.654000,6.859002,0.759002,0.759002,pgd_cm>=1; min_stations>=1
pgd_ge_1cm,Station PGD >= 1 cm,AMPLITUDE,ruhl_2019,median,us7000imgl,2022-11-04T10:02:46.346Z,Mexico,Americas,EarthScope PRIDE PPP-AR kin quality-passing stations,"82 km SSW of Bahía de Kino, Mexico",6.100000,1,4.409116,2.110264,166.646307,132.654000,6.643984,0.543984,0.543984,pgd_cm>=1; min_stations>=1
pgd_ge_1cm,Station PGD >= 1 cm,AMPLITUDE,crowell_2016_gfast,median,us7000irjd,2022-11-22T16:39:05.789Z,Mexico,Americas,EarthScope PRIDE PPP-AR kin quality-passing stations,"28 km SW of Las Brisas, Mexico",6.200000,49,4.775699,3.508220,260.666886,402.211000,7.509168,1.309168,1.309168,pgd_cm>=1; min_stations>=1
pgd_ge_1cm,Station PGD >= 1 cm,AMPLITUDE,melgar_2015,median,us7000irjd,2022-11-22T16:39:05.789Z,Mexico,Americas,EarthScope PRIDE PPP-AR kin quality-passing stations,"28 km SW of Las Brisas, Mexico",6.200000,49,4.775699,3.508220,260.666886,402.211000,7.176937,0.976937,0.976937,pgd_cm>=1; min_stations>=1
pgd_ge_1cm,Station PGD >= 1 cm,AMPLITUDE,ruhl_2019,median,us7000irjd,2022-11-22T16:39:05.789Z,Mexico,Americas,EarthScope PRIDE PPP-AR kin quality-passing stations,"28 km SW of Las Brisas, Mexico",6.200000,49,4.775699,3.508220,260.666886,402.211000,6.994566,0.794566,0.794566,pgd_cm>=1; min_stations>=1
pgd_ge_1cm,Station PGD >= 1 cm,AMPLITUDE,crowell_2016_gfast,median,us7000j5sc,2023-01-20T11:23:40.603Z,Guadeloupe,Americas,EarthScope PRIDE PPP-AR kin quality-passing stations,"40 km WSW of Pointe-Noire, Guadeloupe",6.100000,9,4.846700,2.136091,178.889125,289.397000,7.229342,1.129342,1.129342,pgd_cm>=1; min_stations>=1
pgd_ge_1cm,Station PGD >= 1 cm,AMPLITUDE,melgar_2015,median,us7000j5sc,2023-01-20T11:23:40.603Z,Guadeloupe,Americas,EarthScope PRIDE PPP-AR kin quality-passing stations,"40 km WSW of Pointe-Noire, Guadeloupe",6.100000,9,4.846700,2.136091,178.889125,289.397000,6.943175,0.843175,0.843175,pgd_cm>=1; min_stations>=1
pgd_ge_1cm,Station PGD >= 1 cm,AMPLITUDE,ruhl_2019,median,us7000j5sc,2023-01-20T11:23:40.603Z,Guadeloupe,Americas,EarthScope PRIDE PPP-AR kin quality-passing stations,"40 km WSW of Pointe-Noire, Guadeloupe",6.100000,9,4.846700,2.136091,178.889125,289.397000,6.735316,0.635316,0.635316,pgd_cm>=1; min_stations>=1
pgd_ge_1cm,Station PGD >= 1 cm,AMPLITUDE,crowell_2016_gfast,median,us7000k3n3,2023-05-25T03:05:32.956Z,Panama,Americas,EarthScope PRIDE PPP-AR kin quality-passing stations,"45 km NE of Puerto Obaldía, Panama",6.500000,2,5.264884,2.896308,252.717629,594.544000,7.504877,1.004877,1.004877,pgd_cm>=1; min_stations>=1
pgd_ge_1cm,Station PGD >= 1 cm,AMPLITUDE,melgar_2015,median,us7000k3n3,2023-05-25T03:05:32.956Z,Panama,Americas,EarthScope PRIDE PPP-AR kin quality-passing stations,"45 km NE of Puerto Obaldía, Panama",6.500000,2,5.264884,2.896308,252.717629,594.544000,7.195087,0.695087,0.695087,pgd_cm>=1; min_stations>=1
pgd_ge_1cm,Station PGD >= 1 cm,AMPLITUDE,ruhl_2019,median,us7000k3n3,2023-05-25T03:05:32.956Z,Panama,Americas,EarthScope PRIDE PPP-AR kin quality-passing stations,"45 km NE of Puerto Obaldía, Panama",6.500000,2,5.264884,2.896308,252.717629,594.544000,7.012754,0.512754,0.512754,pgd_cm>=1; min_stations>=1
pgd_ge_1cm,Station PGD >= 1 cm,AMPLITUDE,crowell_2016_gfast,median,us7000keq3,2023-07-10T20:28:26.195Z,Antigua and Barbuda,Americas,EarthScope PRIDE PPP-AR kin quality-passing stations,"278 km NNE of Codrington, Antigua and Barbuda",6.600000,2,6.312576,2.685099,283.751329,401.305000,7.658640,1.058641,1.058641,pgd_cm>=1; min_stations>=1
pgd_ge_1cm,Station PGD >= 1 cm,AMPLITUDE,melgar_2015,median,us7000keq3,2023-07-10T20:28:26.195Z,Antigua and Barbuda,Americas,EarthScope PRIDE PPP-AR kin quality-passing stations,"278 km NNE of Codrington, Antigua and Barbuda",6.600000,2,6.312576,2.685099,283.751329,401.305000,7.360440,0.760440,0.760440,pgd_cm>=1; min_stations>=1
pgd_ge_1cm,Station PGD >= 1 cm,AMPLITUDE,ruhl_2019,median,us7000keq3,2023-07-10T20:28:26.195Z,Antigua and Barbuda,Americas,EarthScope PRIDE PPP-AR kin quality-passing stations,"278 km NNE of Codrington, Antigua and Barbuda",6.600000,2,6.312576,2.685099,283.751329,401.305000,7.193661,0.593661,0.593661,pgd_cm>=1; min_stations>=1
pgd_ge_1cm,Station PGD >= 1 cm,AMPLITUDE,crowell_2016_gfast,median,us7000kfnc,2023-07-14T09:29:00.404Z,Mexico,Americas,EarthScope PRIDE PPP-AR kin quality-passing stations,"Offshore Chiapas, Mexico",6.300000,1,5.251181,2.585196,242.607266,274.596000,7.484871,1.184871,1.184871,pgd_cm>=1; min_stations>=1
pgd_ge_1cm,Station PGD >= 1 cm,AMPLITUDE,melgar_2015,median,us7000kfnc,2023-07-14T09:29:00.404Z,Mexico,Americas,EarthScope PRIDE PPP-AR kin quality-passing stations,"Offshore Chiapas, Mexico",6.300000,1,5.251181,2.585196,242.607266,274.596000,7.179798,0.879798,0.879798,pgd_cm>=1; min_stations>=1
pgd_ge_1cm,Station PGD >= 1 cm,AMPLITUDE,ruhl_2019,median,us7000kfnc,2023-07-14T09:29:00.404Z,Mexico,Americas,EarthScope PRIDE PPP-AR kin quality-passing stations,"Offshore Chiapas, Mexico",6.300000,1,5.251181,2.585196,242.607266,274.596000,6.995377,0.695377,0.695377,pgd_cm>=1; min_stations>=1
pgd_ge_1cm,Station PGD >= 1 cm,AMPLITUDE,crowell_2016_gfast,median,us7000kg30,2023-07-16T06:48:21.158000Z,United States,US,EarthScope PRIDE PPP-AR kin quality-passing stations,"2023 Sand Point, Alaska Earthquake",7.200000,7,4.942155,1.848275,128.631800,64.842000,7.103538,-0.096462,0.096462,pgd_cm>=1; min_stations>=1
pgd_ge_1cm,Station PGD >= 1 cm,AMPLITUDE,melgar_2015,median,us7000kg30,2023-07-16T06:48:21.158000Z,United States,US,EarthScope PRIDE PPP-AR kin quality-passing stations,"2023 Sand Point, Alaska Earthquake",7.200000,7,4.942155,1.848275,128.631800,64.842000,6.861516,-0.338484,0.338484,pgd_cm>=1; min_stations>=1
pgd_ge_1cm,Station PGD >= 1 cm,AMPLITUDE,ruhl_2019,median,us7000kg30,2023-07-16T06:48:21.158000Z,United States,US,EarthScope PRIDE PPP-AR kin quality-passing stations,"2023 Sand Point, Alaska Earthquake",7.200000,7,4.942155,1.848275,128.631800,64.842000,6.644367,-0.555633,0.555633,pgd_cm>=1; min_stations>=1
pgd_ge_1cm,Station PGD >= 1 cm,AMPLITUDE,crowell_2016_gfast,median,us7000kgpb,2023-07-19T00:22:07.656Z,El Salvador,Americas,EarthScope PRIDE PPP-AR kin quality-passing stations,"43 km S of Intipucá, El Salvador",6.500000,2,3.214558,2.905733,175.915406,530.344000,7.053437,0.553437,0.553437,pgd_cm>=1; min_stations>=1
pgd_ge_1cm,Station PGD >= 1 cm,AMPLITUDE,melgar_2015,median,us7000kgpb,2023-07-19T00:22:07.656Z,El Salvador,Americas,EarthScope PRIDE PPP-AR kin quality-passing stations,"43 km S of Intipucá, El Salvador",6.500000,2,3.214558,2.905733,175.915406,530.344000,6.699203,0.199203,0.199203,pgd_cm>=1; min_stations>=1
pgd_ge_1cm,Station PGD >= 1 cm,AMPLITUDE,ruhl_2019,median,us7000kgpb,2023-07-19T00:22:07.656Z,El Salvador,Americas,EarthScope PRIDE PPP-AR kin quality-passing stations,"43 km S of Intipucá, El Salvador",6.500000,2,3.214558,2.905733,175.915406,530.344000,6.472253,-0.027747,0.027747,pgd_cm>=1; min_stations>=1
pgd_ge_1cm,Station PGD >= 1 cm,AMPLITUDE,crowell_2016_gfast,median,us7000luai,2024-01-27T05:52:48.419Z,Guatemala,Americas,EarthScope PRIDE PPP-AR kin quality-passing stations,"15 km W of Taxisco, Guatemala",6.100000,1,6.883081,2.054450,189.617885,185.581000,7.431636,1.331636,1.331636,pgd_cm>=1; min_stations>=1
pgd_ge_1cm,Station PGD >= 1 cm,AMPLITUDE,melgar_2015,median,us7000luai,2024-01-27T05:52:48.419Z,Guatemala,Americas,EarthScope PRIDE PPP-AR kin quality-passing stations,"15 km W of Taxisco, Guatemala",6.100000,1,6.883081,2.054450,189.617885,185.581000,7.195474,1.095474,1.095474,pgd_cm>=1; min_stations>=1
pgd_ge_1cm,Station PGD >= 1 cm,AMPLITUDE,ruhl_2019,median,us7000luai,2024-01-27T05:52:48.419Z,Guatemala,Americas,EarthScope PRIDE PPP-AR kin quality-passing stations,"15 km W of Taxisco, Guatemala",6.100000,1,6.883081,2.054450,189.617885,185.581000,7.008590,0.908590,0.908590,pgd_cm>=1; min_stations>=1
pgd_ge_1cm,Station PGD >= 1 cm,AMPLITUDE,crowell_2016_gfast,median,us7000mu1p,2024-06-23T03:57:58.918Z,Venezuela,Americas,EarthScope PRIDE PPP-AR kin quality-passing stations,"20 km NE of Yaguaraparo, Venezuela",6.000000,1,8.580361,2.714060,206.569575,390.082000,7.585794,1.585794,1.585794,pgd_cm>=1; min_stations>=1
pgd_ge_1cm,Station PGD >= 1 cm,AMPLITUDE,melgar_2015,median,us7000mu1p,2024-06-23T03:57:58.918Z,Venezuela,Americas,EarthScope PRIDE PPP-AR kin quality-passing stations,"20 km NE of Yaguaraparo, Venezuela",6.000000,1,8.580361,2.714060,206.569575,390.082000,7.377803,1.377803,1.377803,pgd_cm>=1; min_stations>=1
pgd_ge_1cm,Station PGD >= 1 cm,AMPLITUDE,ruhl_2019,median,us7000mu1p,2024-06-23T03:57:58.918Z,Venezuela,Americas,EarthScope PRIDE PPP-AR kin quality-passing stations,"20 km NE of Yaguaraparo, Venezuela",6.000000,1,8.580361,2.714060,206.569575,390.082000,7.206884,1.206884,1.206884,pgd_cm>=1; min_stations>=1
pgd_ge_1cm,Station PGD >= 1 cm,AMPLITUDE,crowell_2016_gfast,median,us7000n068,2024-07-19T03:13:47.417000Z,United States,US,EarthScope PRIDE PPP-AR kin quality-passing stations,"168 km SW of Nikolski, Alaska",6.000000,1,5.291125,3.702101,175.253652,520.583000,7.266274,1.266274,1.266274,pgd_cm>=1; min_stations>=1
pgd_ge_1cm,Station PGD >= 1 cm,AMPLITUDE,melgar_2015,median,us7000n068,2024-07-19T03:13:47.417000Z,United States,US,EarthScope PRIDE PPP-AR kin quality-passing stations,"168 km SW of Nikolski, Alaska",6.000000,1,5.291125,3.702101,175.253652,520.583000,6.994481,0.994481,0.994481,pgd_cm>=1; min_stations>=1
pgd_ge_1cm,Station PGD >= 1 cm,AMPLITUDE,ruhl_2019,median,us7000n068,2024-07-19T03:13:47.417000Z,United States,US,EarthScope PRIDE PPP-AR kin quality-passing stations,"168 km SW of Nikolski, Alaska",6.000000,1,5.291125,3.702101,175.253652,520.583000,6.790644,0.790644,0.790644,pgd_cm>=1; min_stations>=1
pgd_ge_1cm,Station PGD >= 1 cm,AMPLITUDE,crowell_2016_gfast,median,us7000n0ka,2024-07-21T02:53:48.910Z,Guatemala,Americas,EarthScope PRIDE PPP-AR kin quality-passing stations,"6 km E of Jalapa, Guatemala",6.200000,1,3.975865,3.085879,304.634335,66.090000,7.523642,1.323642,1.323642,pgd_cm>=1; min_stations>=1
pgd_ge_1cm,Station PGD >= 1 cm,AMPLITUDE,melgar_2015,median,us7000n0ka,2024-07-21T02:53:48.910Z,Guatemala,Americas,EarthScope PRIDE PPP-AR kin quality-passing stations,"6 km E of Jalapa, Guatemala",6.200000,1,3.975865,3.085879,304.634335,66.090000,7.147339,0.947339,0.947339,pgd_cm>=1; min_stations>=1
pgd_ge_1cm,Station PGD >= 1 cm,AMPLITUDE,ruhl_2019,median,us7000n0ka,2024-07-21T02:53:48.910Z,Guatemala,Americas,EarthScope PRIDE PPP-AR kin quality-passing stations,"6 km E of Jalapa, Guatemala",6.200000,1,3.975865,3.085879,304.634335,66.090000,6.963732,0.763732,0.763732,pgd_cm>=1; min_stations>=1
pgd_ge_1cm,Station PGD >= 1 cm,AMPLITUDE,crowell_2016_gfast,median,us7000np33,2024-10-30T20:15:20.095000Z,United States,US,EarthScope PRIDE PPP-AR kin quality-passing stations,"267 km W of Bandon, Oregon",6.000000,6,8.976104,1.482830,283.028384,372.905000,7.801028,1.801028,1.801028,pgd_cm>=1; min_stations>=1
pgd_ge_1cm,Station PGD >= 1 cm,AMPLITUDE,melgar_2015,median,us7000np33,2024-10-30T20:15:20.095000Z,United States,US,EarthScope PRIDE PPP-AR kin quality-passing stations,"267 km W of Bandon, Oregon",6.000000,6,8.976104,1.482830,283.028384,372.905000,7.562374,1.562374,1.562374,pgd_cm>=1; min_stations>=1
pgd_ge_1cm,Station PGD >= 1 cm,AMPLITUDE,ruhl_2019,median,us7000np33,2024-10-30T20:15:20.095000Z,United States,US,EarthScope PRIDE PPP-AR kin quality-passing stations,"267 km W of Bandon, Oregon",6.000000,6,8.976104,1.482830,283.028384,372.905000,7.412289,1.412289,1.412289,pgd_cm>=1; min_stations>=1
pgd_ge_1cm,Station PGD >= 1 cm,AMPLITUDE,crowell_2016_gfast,median,us7000nr0v,2024-11-10T16:49:50.426Z,Cuba,Americas,EarthScope PRIDE PPP-AR kin quality-passing stations,"42 km SSW of Bartolomé Masó, Cuba",6.800000,1,3.970655,2.033393,202.353881,74.574000,7.238866,0.438866,0.438866,pgd_cm>=1; min_stations>=1
pgd_ge_1cm,Station PGD >= 1 cm,AMPLITUDE,melgar_2015,median,us7000nr0v,2024-11-10T16:49:50.426Z,Cuba,Americas,EarthScope PRIDE PPP-AR kin quality-passing stations,"42 km SSW of Bartolomé Masó, Cuba",6.800000,1,3.970655,2.033393,202.353881,74.574000,6.906095,0.106095,0.106095,pgd_cm>=1; min_stations>=1
pgd_ge_1cm,Station PGD >= 1 cm,AMPLITUDE,ruhl_2019,median,us7000nr0v,2024-11-10T16:49:50.426Z,Cuba,Americas,EarthScope PRIDE PPP-AR kin quality-passing stations,"42 km SSW of Bartolomé Masó, Cuba",6.800000,1,3.970655,2.033393,202.353881,74.574000,6.696960,-0.103040,0.103040,pgd_cm>=1; min_stations>=1
pgd_ge_1cm,Station PGD >= 1 cm,AMPLITUDE,crowell_2016_gfast,median,us7000nx3z,2024-12-08T19:57:08.602000Z,United States,US,EarthScope PRIDE PPP-AR kin quality-passing stations,"108 km SSW of Adak, Alaska",6.300000,2,2.909679,3.238430,173.594380,283.398000,6.965677,0.665678,0.665678,pgd_cm>=1; min_stations>=1
pgd_ge_1cm,Station PGD >= 1 cm,AMPLITUDE,melgar_2015,median,us7000nx3z,2024-12-08T19:57:08.602000Z,United States,US,EarthScope PRIDE PPP-AR kin quality-passing stations,"108 km SSW of Adak, Alaska",6.300000,2,2.909679,3.238430,173.594380,283.398000,6.602619,0.302619,0.302619,pgd_cm>=1; min_stations>=1
pgd_ge_1cm,Station PGD >= 1 cm,AMPLITUDE,ruhl_2019,median,us7000nx3z,2024-12-08T19:57:08.602000Z,United States,US,EarthScope PRIDE PPP-AR kin quality-passing stations,"108 km SSW of Adak, Alaska",6.300000,2,2.909679,3.238430,173.594380,283.398000,6.368419,0.068419,0.068419,pgd_cm>=1; min_stations>=1
pgd_ge_1cm,Station PGD >= 1 cm,AMPLITUDE,crowell_2016_gfast,median,us7000pllt,2025-03-21T14:50:51.364Z,Panama,Americas,EarthScope PRIDE PPP-AR kin quality-passing stations,"124 km SSE of Burica, Panama",6.200000,4,5.796515,2.978371,256.061348,305.636000,7.529008,1.329008,1.329008,pgd_cm>=1; min_stations>=1
pgd_ge_1cm,Station PGD >= 1 cm,AMPLITUDE,melgar_2015,median,us7000pllt,2025-03-21T14:50:51.364Z,Panama,Americas,EarthScope PRIDE PPP-AR kin quality-passing stations,"124 km SSE of Burica, Panama",6.200000,4,5.796515,2.978371,256.061348,305.636000,7.279181,1.079181,1.079181,pgd_cm>=1; min_stations>=1
pgd_ge_1cm,Station PGD >= 1 cm,AMPLITUDE,ruhl_2019,median,us7000pllt,2025-03-21T14:50:51.364Z,Panama,Americas,EarthScope PRIDE PPP-AR kin quality-passing stations,"124 km SSE of Burica, Panama",6.200000,4,5.796515,2.978371,256.061348,305.636000,7.104189,0.904189,0.904189,pgd_cm>=1; min_stations>=1
pgd_ge_1cm,Station PGD >= 1 cm,AMPLITUDE,crowell_2016_gfast,median,us7000pllu,2025-03-21T14:53:41.774000Z,United States,US,EarthScope PRIDE PPP-AR kin quality-passing stations,"88 km SSE of Adak, Alaska",6.200000,1,7.924651,1.800777,174.798630,278.226000,7.436529,1.236529,1.236529,pgd_cm>=1; min_stations>=1
pgd_ge_1cm,Station PGD >= 1 cm,AMPLITUDE,melgar_2015,median,us7000pllu,2025-03-21T14:53:41.774000Z,United States,US,EarthScope PRIDE PPP-AR kin quality-passing stations,"88 km SSE of Adak, Alaska",6.200000,1,7.924651,1.800777,174.798630,278.226000,7.230868,1.030868,1.030868,pgd_cm>=1; min_stations>=1
pgd_ge_1cm,Station PGD >= 1 cm,AMPLITUDE,ruhl_2019,median,us7000pllu,2025-03-21T14:53:41.774000Z,United States,US,EarthScope PRIDE PPP-AR kin quality-passing stations,"88 km SSE of Adak, Alaska",6.200000,1,7.924651,1.800777,174.798630,278.226000,7.045561,0.845561,0.845561,pgd_cm>=1; min_stations>=1
pgd_ge_1cm,Station PGD >= 1 cm,AMPLITUDE,crowell_2016_gfast,median,us7000pvtr,2025-04-29T14:53:37.897Z,Americas,Americas,EarthScope PRIDE PPP-AR kin quality-passing stations,Macquarie Island region,6.800000,1,1.555828,3.020086,215.590069,231.103000,6.874813,0.074813,0.074813,pgd_cm>=1; min_stations>=1
pgd_ge_1cm,Station PGD >= 1 cm,AMPLITUDE,melgar_2015,median,us7000pvtr,2025-04-29T14:53:37.897Z,Americas,Americas,EarthScope PRIDE PPP-AR kin quality-passing stations,Macquarie Island region,6.800000,1,1.555828,3.020086,215.590069,231.103000,6.380995,-0.419005,0.419005,pgd_cm>=1; min_stations>=1
pgd_ge_1cm,Station PGD >= 1 cm,AMPLITUDE,ruhl_2019,median,us7000pvtr,2025-04-29T14:53:37.897Z,Americas,Americas,EarthScope PRIDE PPP-AR kin quality-passing stations,Macquarie Island region,6.800000,1,1.555828,3.020086,215.590069,231.103000,6.130056,-0.669944,0.669944,pgd_cm>=1; min_stations>=1
pgd_ge_1cm,Station PGD >= 1 cm,AMPLITUDE,crowell_2016_gfast,median,us7000qclp,2025-07-14T17:16:49.051Z,Panama,Americas,EarthScope PRIDE PPP-AR kin quality-passing stations,"206 km S of Burica, Panama",6.200000,1,5.876742,1.009505,226.898470,487.949000,7.487193,1.287193,1.287193,pgd_cm>=1; min_stations>=1
pgd_ge_1cm,Station PGD >= 1 cm,AMPLITUDE,melgar_2015,median,us7000qclp,2025-07-14T17:16:49.051Z,Panama,Americas,EarthScope PRIDE PPP-AR kin quality-passing stations,"206 km S of Burica, Panama",6.200000,1,5.876742,1.009505,226.898470,487.949000,7.207606,1.007606,1.007606,pgd_cm>=1; min_stations>=1
pgd_ge_1cm,Station PGD >= 1 cm,AMPLITUDE,ruhl_2019,median,us7000qclp,2025-07-14T17:16:49.051Z,Panama,Americas,EarthScope PRIDE PPP-AR kin quality-passing stations,"206 km S of Burica, Panama",6.200000,1,5.876742,1.009505,226.898470,487.949000,7.024431,0.824431,0.824431,pgd_cm>=1; min_stations>=1
pgd_ge_1cm,Station PGD >= 1 cm,AMPLITUDE,crowell_2016_gfast,median,us7000qe51,2025-07-20T22:28:00.041000Z,United States,US,EarthScope PRIDE PPP-AR kin quality-passing stations,"91 km SSE of Sand Point, Alaska",6.200000,6,4.663668,1.573859,129.388852,54.959000,6.960534,0.760534,0.760534,pgd_cm>=1; min_stations>=1
pgd_ge_1cm,Station PGD >= 1 cm,AMPLITUDE,melgar_2015,median,us7000qe51,2025-07-20T22:28:00.041000Z,United States,US,EarthScope PRIDE PPP-AR kin quality-passing stations,"91 km SSE of Sand Point, Alaska",6.200000,6,4.663668,1.573859,129.388852,54.959000,6.665591,0.465591,0.465591,pgd_cm>=1; min_stations>=1
pgd_ge_1cm,Station PGD >= 1 cm,AMPLITUDE,ruhl_2019,median,us7000qe51,2025-07-20T22:28:00.041000Z,United States,US,EarthScope PRIDE PPP-AR kin quality-passing stations,"91 km SSE of Sand Point, Alaska",6.200000,6,4.663668,1.573859,129.388852,54.959000,6.433766,0.233766,0.233766,pgd_cm>=1; min_stations>=1
pgd_ge_1cm,Station PGD >= 1 cm,AMPLITUDE,crowell_2016_gfast,median,us7000rm3k,2026-01-02T13:58:15.741Z,Mexico,Americas,EarthScope PRIDE PPP-AR kin quality-passing stations,"0 km W of San Marcos, Mexico",6.500000,1,2.511135,2.508112,207.017029,242.259000,7.056002,0.556002,0.556002,pgd_cm>=1; min_stations>=1
pgd_ge_1cm,Station PGD >= 1 cm,AMPLITUDE,melgar_2015,median,us7000rm3k,2026-01-02T13:58:15.741Z,Mexico,Americas,EarthScope PRIDE PPP-AR kin quality-passing stations,"0 km W of San Marcos, Mexico",6.500000,1,2.511135,2.508112,207.017029,242.259000,6.645489,0.145489,0.145489,pgd_cm>=1; min_stations>=1
pgd_ge_1cm,Station PGD >= 1 cm,AMPLITUDE,ruhl_2019,median,us7000rm3k,2026-01-02T13:58:15.741Z,Mexico,Americas,EarthScope PRIDE PPP-AR kin quality-passing stations,"0 km W of San Marcos, Mexico",6.500000,1,2.511135,2.508112,207.017029,242.259000,6.415633,-0.084367,0.084367,pgd_cm>=1; min_stations>=1
pgd_ge_1cm,Station PGD >= 1 cm,AMPLITUDE,crowell_2016_gfast,median,us7000rq0d,2026-01-16T03:25:53.034000Z,United States,US,EarthScope PRIDE PPP-AR kin quality-passing stations,off the coast of Oregon,6.000000,1,2.449531,2.118421,298.434588,40.966000,7.292057,1.292057,1.292057,pgd_cm>=1; min_stations>=1
pgd_ge_1cm,Station PGD >= 1 cm,AMPLITUDE,melgar_2015,median,us7000rq0d,2026-01-16T03:25:53.034000Z,United States,US,EarthScope PRIDE PPP-AR kin quality-passing stations,off the coast of Oregon,6.000000,1,2.449531,2.118421,298.434588,40.966000,6.836687,0.836687,0.836687,pgd_cm>=1; min_stations>=1
pgd_ge_1cm,Station PGD >= 1 cm,AMPLITUDE,ruhl_2019,median,us7000rq0d,2026-01-16T03:25:53.034000Z,United States,US,EarthScope PRIDE PPP-AR kin quality-passing stations,off the coast of Oregon,6.000000,1,2.449531,2.118421,298.434588,40.966000,6.626323,0.626323,0.626323,pgd_cm>=1; min_stations>=1
pgd_ge_1cm,Station PGD >= 1 cm,AMPLITUDE,crowell_2016_gfast,median,us7000s8q0,2026-03-30T08:44:13.780Z,Americas,Americas,EarthScope PRIDE PPP-AR kin quality-passing stations,"51 km ENE of Luganville, Vanuatu",7.300000,1,16.657644,3.201283,309.274575,402.220000,8.177943,0.877943,0.877943,pgd_cm>=1; min_stations>=1
pgd_ge_1cm,Station PGD >= 1 cm,AMPLITUDE,melgar_2015,median,us7000s8q0,2026-03-30T08:44:13.780Z,Americas,Americas,EarthScope PRIDE PPP-AR kin quality-passing stations,"51 km ENE of Luganville, Vanuatu",7.300000,1,16.657644,3.201283,309.274575,402.220000,8.041166,0.741166,0.741166,pgd_cm>=1; min_stations>=1
pgd_ge_1cm,Station PGD >= 1 cm,AMPLITUDE,ruhl_2019,median,us7000s8q0,2026-03-30T08:44:13.780Z,Americas,Americas,EarthScope PRIDE PPP-AR kin quality-passing stations,"51 km ENE of Luganville, Vanuatu",7.300000,1,16.657644,3.201283,309.274575,402.220000,7.934269,0.634269,0.634269,pgd_cm>=1; min_stations>=1
pgd_ge_1cm,Station PGD >= 1 cm,AMPLITUDE,crowell_2016_gfast,median,usb000jdt7,2013-08-30T16:25:02.300000Z,United States,US,EarthScope PRIDE PPP-AR kin quality-passing stations,"101 km SW of Atka, Alaska",7.000000,1,7.424635,0.932787,106.691872,4.700000,7.089885,0.089885,0.089885,pgd_cm>=1; min_stations>=1
pgd_ge_1cm,Station PGD >= 1 cm,AMPLITUDE,melgar_2015,median,usb000jdt7,2013-08-30T16:25:02.300000Z,United States,US,EarthScope PRIDE PPP-AR kin quality-passing stations,"101 km SW of Atka, Alaska",7.000000,1,7.424635,0.932787,106.691872,4.700000,6.915072,-0.084928,0.084928,pgd_cm>=1; min_stations>=1
pgd_ge_1cm,Station PGD >= 1 cm,AMPLITUDE,ruhl_2019,median,usb000jdt7,2013-08-30T16:25:02.300000Z,United States,US,EarthScope PRIDE PPP-AR kin quality-passing stations,"101 km SW of Atka, Alaska",7.000000,1,7.424635,0.932787,106.691872,4.700000,6.699587,-0.300413,0.300413,pgd_cm>=1; min_stations>=1
pgd_ge_1cm,Station PGD >= 1 cm,AMPLITUDE,crowell_2016_gfast,median,usb000je9f,2013-08-31T06:38:36.350000Z,United States,US,EarthScope PRIDE PPP-AR kin quality-passing stations,"118 km SSW of Atka, Alaska",6.000000,1,7.038935,1.720472,120.665112,44.650000,7.144818,1.144818,1.144818,pgd_cm>=1; min_stations>=1
pgd_ge_1cm,Station PGD >= 1 cm,AMPLITUDE,melgar_2015,median,usb000je9f,2013-08-31T06:38:36.350000Z,United States,US,EarthScope PRIDE PPP-AR kin quality-passing stations,"118 km SSW of Atka, Alaska",6.000000,1,7.038935,1.720472,120.665112,44.650000,6.951714,0.951714,0.951714,pgd_cm>=1; min_stations>=1
pgd_ge_1cm,Station PGD >= 1 cm,AMPLITUDE,ruhl_2019,median,usb000je9f,2013-08-31T06:38:36.350000Z,United States,US,EarthScope PRIDE PPP-AR kin quality-passing stations,"118 km SSW of Atka, Alaska",6.000000,1,7.038935,1.720472,120.665112,44.650000,6.740250,0.740250,0.740250,pgd_cm>=1; min_stations>=1
pgd_ge_1cm,Station PGD >= 1 cm,AMPLITUDE,crowell_2016_gfast,median,usb000jgju,2013-09-04T02:32:30.600000Z,United States,US,EarthScope PRIDE PPP-AR kin quality-passing stations,"81 km SSW of Atka, Alaska",6.500000,1,4.539174,2.549780,84.550499,177.400000,6.752479,0.252479,0.252479,pgd_cm>=1; min_stations>=1
pgd_ge_1cm,Station PGD >= 1 cm,AMPLITUDE,melgar_2015,median,usb000jgju,2013-09-04T02:32:30.600000Z,United States,US,EarthScope PRIDE PPP-AR kin quality-passing stations,"81 km SSW of Atka, Alaska",6.500000,1,4.539174,2.549780,84.550499,177.400000,6.518052,0.018052,0.018052,pgd_cm>=1; min_stations>=1
pgd_ge_1cm,Station PGD >= 1 cm,AMPLITUDE,ruhl_2019,median,usb000jgju,2013-09-04T02:32:30.600000Z,United States,US,EarthScope PRIDE PPP-AR kin quality-passing stations,"81 km SSW of Atka, Alaska",6.500000,1,4.539174,2.549780,84.550499,177.400000,6.272172,-0.227828,0.227828,pgd_cm>=1; min_stations>=1
pgd_ge_1cm,Station PGD >= 1 cm,AMPLITUDE,crowell_2016_gfast,median,usb000jguz,2013-09-04T06:27:03.560000Z,United States,US,EarthScope PRIDE PPP-AR kin quality-passing stations,"82 km SSW of Atka, Alaska",6.000000,1,3.273423,2.719112,85.328600,123.440000,6.627127,0.627127,0.627127,pgd_cm>=1; min_stations>=1
pgd_ge_1cm,Station PGD >= 1 cm,AMPLITUDE,melgar_2015,median,usb000jguz,2013-09-04T06:27:03.560000Z,United States,US,EarthScope PRIDE PPP-AR kin quality-passing stations,"82 km SSW of Atka, Alaska",6.000000,1,3.273423,2.719112,85.328600,123.440000,6.340737,0.340737,0.340737,pgd_cm>=1; min_stations>=1
pgd_ge_1cm,Station PGD >= 1 cm,AMPLITUDE,ruhl_2019,median,usb000jguz,2013-09-04T06:27:03.560000Z,United States,US,EarthScope PRIDE PPP-AR kin quality-passing stations,"82 km SSW of Atka, Alaska",6.000000,1,3.273423,2.719112,85.328600,123.440000,6.082380,0.082380,0.082380,pgd_cm>=1; min_stations>=1
pgd_ge_1cm,Station PGD >= 1 cm,AMPLITUDE,crowell_2016_gfast,median,usb000rtp6,2014-07-17T11:49:33.930000Z,United States,US,EarthScope PRIDE PPP-AR kin quality-passing stations,"90 km NNW of Yakutat, Alaska",6.000000,2,4.103753,1.960860,125.223872,174.070000,6.941412,0.941412,0.941412,pgd_cm>=1; min_stations>=1
pgd_ge_1cm,Station PGD >= 1 cm,AMPLITUDE,melgar_2015,median,usb000rtp6,2014-07-17T11:49:33.930000Z,United States,US,EarthScope PRIDE PPP-AR kin quality-passing stations,"90 km NNW of Yakutat, Alaska",6.000000,2,4.103753,1.960860,125.223872,174.070000,6.657942,0.657942,0.657942,pgd_cm>=1; min_stations>=1
pgd_ge_1cm,Station PGD >= 1 cm,AMPLITUDE,ruhl_2019,median,usb000rtp6,2014-07-17T11:49:33.930000Z,United States,US,EarthScope PRIDE PPP-AR kin quality-passing stations,"90 km NNW of Yakutat, Alaska",6.000000,2,4.103753,1.960860,125.223872,174.070000,6.424996,0.424996,0.424996,pgd_cm>=1; min_stations>=1
pgd_ge_1cm,Station PGD >= 1 cm,AMPLITUDE,crowell_2016_gfast,median,usb000slwn,2014-10-14T03:51:34.460Z,El Salvador,Americas,EarthScope PRIDE PPP-AR kin quality-passing stations,"74 km S of Intipucá, El Salvador",7.300000,3,9.095983,1.991388,147.072005,48.540000,7.379105,0.079105,0.079105,pgd_cm>=1; min_stations>=1
pgd_ge_1cm,Station PGD >= 1 cm,AMPLITUDE,melgar_2015,median,usb000slwn,2014-10-14T03:51:34.460Z,El Salvador,Americas,EarthScope PRIDE PPP-AR kin quality-passing stations,"74 km S of Intipucá, El Salvador",7.300000,3,9.095983,1.991388,147.072005,48.540000,7.210841,-0.089159,0.089159,pgd_cm>=1; min_stations>=1
pgd_ge_1cm,Station PGD >= 1 cm,AMPLITUDE,ruhl_2019,median,usb000slwn,2014-10-14T03:51:34.460Z,El Salvador,Americas,EarthScope PRIDE PPP-AR kin quality-passing stations,"74 km S of Intipucá, El Salvador",7.300000,3,9.095983,1.991388,147.072005,48.540000,7.021437,-0.278563,0.278563,pgd_cm>=1; min_stations>=1
pgd_ge_1cm,Station PGD >= 1 cm,AMPLITUDE,crowell_2016_gfast,median,usc000juwv,2013-09-15T16:21:37.150000Z,United States,US,EarthScope PRIDE PPP-AR kin quality-passing stations,"77 km SSW of Atka, Alaska",6.100000,1,8.920342,4.356421,82.363350,51.850000,7.006560,0.906560,0.906560,pgd_cm>=1; min_stations>=1
pgd_ge_1cm,Station PGD >= 1 cm,AMPLITUDE,melgar_2015,median,usc000juwv,2013-09-15T16:21:37.150000Z,United States,US,EarthScope PRIDE PPP-AR kin quality-passing stations,"77 km SSW of Atka, Alaska",6.100000,1,8.920342,4.356421,82.363350,51.850000,6.879867,0.779867,0.779867,pgd_cm>=1; min_stations>=1
pgd_ge_1cm,Station PGD >= 1 cm,AMPLITUDE,ruhl_2019,median,usc000juwv,2013-09-15T16:21:37.150000Z,United States,US,EarthScope PRIDE PPP-AR kin quality-passing stations,"77 km SSW of Atka, Alaska",6.100000,1,8.920342,4.356421,82.363350,51.850000,6.659269,0.559269,0.559269,pgd_cm>=1; min_stations>=1
pgd_ge_1cm,Station PGD >= 1 cm,AMPLITUDE,crowell_2016_gfast,median,usc000m1w9,2014-01-13T04:01:03.240000Z,United States,US,EarthScope PRIDE PPP-AR kin quality-passing stations,"61 km N of Hatillo, Puerto Rico",6.400000,2,9.604069,3.514711,100.547211,250.760000,7.156584,0.756584,0.756584,pgd_cm>=1; min_stations>=1
pgd_ge_1cm,Station PGD >= 1 cm,AMPLITUDE,melgar_2015,median,usc000m1w9,2014-01-13T04:01:03.240000Z,United States,US,EarthScope PRIDE PPP-AR kin quality-passing stations,"61 km N of Hatillo, Puerto Rico",6.400000,2,9.604069,3.514711,100.547211,250.760000,7.026625,0.626625,0.626625,pgd_cm>=1; min_stations>=1
pgd_ge_1cm,Station PGD >= 1 cm,AMPLITUDE,ruhl_2019,median,usc000m1w9,2014-01-13T04:01:03.240000Z,United States,US,EarthScope PRIDE PPP-AR kin quality-passing stations,"61 km N of Hatillo, Puerto Rico",6.400000,2,9.604069,3.514711,100.547211,250.760000,6.818599,0.418599,0.418599,pgd_cm>=1; min_stations>=1
pgd_ge_1cm,Station PGD >= 1 cm,AMPLITUDE,crowell_2016_gfast,median,usc000myqq,2014-02-26T21:13:40.110000Z,United States,US,EarthScope PRIDE PPP-AR kin quality-passing stations,"210 km WNW of Nikolski, Alaska",6.100000,2,5.124472,2.011135,341.957950,270.890000,7.707755,1.607755,1.607755,pgd_cm>=1; min_stations>=1
pgd_ge_1cm,Station PGD >= 1 cm,AMPLITUDE,melgar_2015,median,usc000myqq,2014-02-26T21:13:40.110000Z,United States,US,EarthScope PRIDE PPP-AR kin quality-passing stations,"210 km WNW of Nikolski, Alaska",6.100000,2,5.124472,2.011135,341.957950,270.890000,7.355315,1.255316,1.255316,pgd_cm>=1; min_stations>=1
pgd_ge_1cm,Station PGD >= 1 cm,AMPLITUDE,ruhl_2019,median,usc000myqq,2014-02-26T21:13:40.110000Z,United States,US,EarthScope PRIDE PPP-AR kin quality-passing stations,"210 km WNW of Nikolski, Alaska",6.100000,2,5.124472,2.011135,341.957950,270.890000,7.191634,1.091634,1.091634,pgd_cm>=1; min_stations>=1
pgd_ge_1cm,Station PGD >= 1 cm,AMPLITUDE,crowell_2016_gfast,median,usc000p11f,2014-04-02T16:13:26.720Z,Panama,Americas,EarthScope PRIDE PPP-AR kin quality-passing stations,"33 km SSW of Boca Chica, Panama",6.000000,1,7.158561,2.798274,231.130031,185.280000,7.586322,1.586322,1.586322,pgd_cm>=1; min_stations>=1
pgd_ge_1cm,Station PGD >= 1 cm,AMPLITUDE,melgar_2015,median,usc000p11f,2014-04-02T16:13:26.720Z,Panama,Americas,EarthScope PRIDE PPP-AR kin quality-passing stations,"33 km SSW of Boca Chica, Panama",6.000000,1,7.158561,2.798274,231.130031,185.280000,7.337563,1.337563,1.337563,pgd_cm>=1; min_stations>=1
pgd_ge_1cm,Station PGD >= 1 cm,AMPLITUDE,ruhl_2019,median,usc000p11f,2014-04-02T16:13:26.720Z,Panama,Americas,EarthScope PRIDE PPP-AR kin quality-passing stations,"33 km SSW of Boca Chica, Panama",6.000000,1,7.158561,2.798274,231.130031,185.280000,7.165316,1.165316,1.165316,pgd_cm>=1; min_stations>=1
pgd_ge_1cm,Station PGD >= 1 cm,AMPLITUDE,crowell_2016_gfast,median,usc000t4gc,2014-12-07T21:16:35.740Z,Guatemala,Americas,EarthScope PRIDE PPP-AR kin quality-passing stations,"61 km SSW of Nueva Concepción, Guatemala",6.100000,1,6.095982,3.582571,256.611055,563.260000,7.590339,1.490339,1.490339,pgd_cm>=1; min_stations>=1
pgd_ge_1cm,Station PGD >= 1 cm,AMPLITUDE,melgar_2015,median,usc000t4gc,2014-12-07T21:16:35.740Z,Guatemala,Americas,EarthScope PRIDE PPP-AR kin quality-passing stations,"61 km SSW of Nueva Concepción, Guatemala",6.100000,1,6.095982,3.582571,256.611055,563.260000,7.304265,1.204265,1.204265,pgd_cm>=1; min_stations>=1
pgd_ge_1cm,Station PGD >= 1 cm,AMPLITUDE,ruhl_2019,median,usc000t4gc,2014-12-07T21:16:35.740Z,Guatemala,Americas,EarthScope PRIDE PPP-AR kin quality-passing stations,"61 km SSW of Nueva Concepción, Guatemala",6.100000,1,6.095982,3.582571,256.611055,563.260000,7.131066,1.031066,1.031066,pgd_cm>=1; min_stations>=1
pgd_ge_1cm,Station PGD >= 1 cm,AMPLITUDE,crowell_2016_gfast,median,usp000jhpg,2012-04-11T22:41:46.040000Z,United States,US,EarthScope PRIDE PPP-AR kin quality-passing stations,"266 km W of Bandon, Oregon",6.000000,5,3.555323,2.305400,273.933841,281.960000,7.398094,1.398094,1.398094,pgd_cm>=1; min_stations>=1
pgd_ge_1cm,Station PGD >= 1 cm,AMPLITUDE,melgar_2015,median,usp000jhpg,2012-04-11T22:41:46.040000Z,United States,US,EarthScope PRIDE PPP-AR kin quality-passing stations,"266 km W of Bandon, Oregon",6.000000,5,3.555323,2.305400,273.933841,281.960000,7.014980,1.014980,1.014980,pgd_cm>=1; min_stations>=1
pgd_ge_1cm,Station PGD >= 1 cm,AMPLITUDE,ruhl_2019,median,usp000jhpg,2012-04-11T22:41:46.040000Z,United States,US,EarthScope PRIDE PPP-AR kin quality-passing stations,"266 km W of Bandon, Oregon",6.000000,5,3.555323,2.305400,273.933841,281.960000,6.818607,0.818607,0.818607,pgd_cm>=1; min_stations>=1
pgd_ge_1cm,Station PGD >= 1 cm,AMPLITUDE,crowell_2016_gfast,median,usp000jqvm,2012-08-27T04:37:19.430Z,El Salvador,Americas,EarthScope PRIDE PPP-AR kin quality-passing stations,"126 km S of Puerto El Triunfo, El Salvador",7.300000,1,10.509106,2.974180,184.547481,396.570000,7.594251,0.294251,0.294251,pgd_cm>=1; min_stations>=1
pgd_ge_1cm,Station PGD >= 1 cm,AMPLITUDE,melgar_2015,median,usp000jqvm,2012-08-27T04:37:19.430Z,El Salvador,Americas,EarthScope PRIDE PPP-AR kin quality-passing stations,"126 km S of Puerto El Triunfo, El Salvador",7.300000,1,10.509106,2.974180,184.547481,396.570000,7.429846,0.129846,0.129846,pgd_cm>=1; min_stations>=1
pgd_ge_1cm,Station PGD >= 1 cm,AMPLITUDE,ruhl_2019,median,usp000jqvm,2012-08-27T04:37:19.430Z,El Salvador,Americas,EarthScope PRIDE PPP-AR kin quality-passing stations,"126 km S of Puerto El Triunfo, El Salvador",7.300000,1,10.509106,2.974180,184.547481,396.570000,7.261114,-0.038886,0.038886,pgd_cm>=1; min_stations>=1
pgd_ge_1cm,Station PGD >= 1 cm,AMPLITUDE,crowell_2016_gfast,median,usp000jt0h,2012-09-26T23:39:55.110000Z,United States,US,EarthScope PRIDE PPP-AR kin quality-passing stations,"118 km WSW of Adak, Alaska",6.400000,2,5.545770,3.086323,203.414508,242.890000,7.332543,0.932543,0.932543,pgd_cm>=1; min_stations>=1
pgd_ge_1cm,Station PGD >= 1 cm,AMPLITUDE,melgar_2015,median,usp000jt0h,2012-09-26T23:39:55.110000Z,United States,US,EarthScope PRIDE PPP-AR kin quality-passing stations,"118 km WSW of Adak, Alaska",6.400000,2,5.545770,3.086323,203.414508,242.890000,7.060683,0.660683,0.660683,pgd_cm>=1; min_stations>=1
pgd_ge_1cm,Station PGD >= 1 cm,AMPLITUDE,ruhl_2019,median,usp000jt0h,2012-09-26T23:39:55.110000Z,United States,US,EarthScope PRIDE PPP-AR kin quality-passing stations,"118 km WSW of Adak, Alaska",6.400000,2,5.545770,3.086323,203.414508,242.890000,6.864325,0.464325,0.464325,pgd_cm>=1; min_stations>=1
pgd_ge_1cm,Station PGD >= 1 cm,AMPLITUDE,crowell_2016_gfast,median,usp000jwyb,2012-12-14T10:36:01.590000Z,United States,US,EarthScope PRIDE PPP-AR kin quality-passing stations,"279 km SSW of Avalon, California",6.300000,2,5.772533,2.259539,282.097317,341.910000,7.622133,1.322133,1.322133,pgd_cm>=1; min_stations>=1
pgd_ge_1cm,Station PGD >= 1 cm,AMPLITUDE,melgar_2015,median,usp000jwyb,2012-12-14T10:36:01.590000Z,United States,US,EarthScope PRIDE PPP-AR kin quality-passing stations,"279 km SSW of Avalon, California",6.300000,2,5.772533,2.259539,282.097317,341.910000,7.312294,1.012294,1.012294,pgd_cm>=1; min_stations>=1
pgd_ge_1cm,Station PGD >= 1 cm,AMPLITUDE,ruhl_2019,median,usp000jwyb,2012-12-14T10:36:01.590000Z,United States,US,EarthScope PRIDE PPP-AR kin quality-passing stations,"279 km SSW of Avalon, California",6.300000,2,5.772533,2.259539,282.097317,341.910000,7.141445,0.841445,0.841445,pgd_cm>=1; min_stations>=1
pgd_ge_2cm,Station PGD >= 2 cm,AMPLITUDE,crowell_2016_gfast,median,2013p543824,2013-07-21T05:09:30Z,New Zealand,New Zealand,EarthScope PRIDE PPP-AR kin quality-passing stations,20 km east of Seddon,6.500000,33,4.393973,2.623632,102.600889,116.000000,6.805172,0.305172,0.305172,pgd_cm>=2; min_stations>=1
pgd_ge_2cm,Station PGD >= 2 cm,AMPLITUDE,melgar_2015,median,2013p543824,2013-07-21T05:09:30Z,New Zealand,New Zealand,EarthScope PRIDE PPP-AR kin quality-passing stations,20 km east of Seddon,6.500000,33,4.393973,2.623632,102.600889,116.000000,6.538393,0.038393,0.038393,pgd_cm>=2; min_stations>=1
pgd_ge_2cm,Station PGD >= 2 cm,AMPLITUDE,ruhl_2019,median,2013p543824,2013-07-21T05:09:30Z,New Zealand,New Zealand,EarthScope PRIDE PPP-AR kin quality-passing stations,20 km east of Seddon,6.500000,33,4.393973,2.623632,102.600889,116.000000,6.293931,-0.206069,0.206069,pgd_cm>=2; min_stations>=1
pgd_ge_2cm,Station PGD >= 2 cm,AMPLITUDE,crowell_2016_gfast,median,2013p613797,2013-08-16T02:31:05Z,New Zealand,New Zealand,EarthScope PRIDE PPP-AR kin quality-passing stations,5 km south-east of Seddon,6.500000,35,5.241240,3.816498,112.726774,148.000000,6.934499,0.434499,0.434499,pgd_cm>=2; min_stations>=1
pgd_ge_2cm,Station PGD >= 2 cm,AMPLITUDE,melgar_2015,median,2013p613797,2013-08-16T02:31:05Z,New Zealand,New Zealand,EarthScope PRIDE PPP-AR kin quality-passing stations,5 km south-east of Seddon,6.500000,35,5.241240,3.816498,112.726774,148.000000,6.720846,0.220846,0.220846,pgd_cm>=2; min_stations>=1
pgd_ge_2cm,Station PGD >= 2 cm,AMPLITUDE,ruhl_2019,median,2013p613797,2013-08-16T02:31:05Z,New Zealand,New Zealand,EarthScope PRIDE PPP-AR kin quality-passing stations,5 km south-east of Seddon,6.500000,35,5.241240,3.816498,112.726774,148.000000,6.492071,-0.007929,0.007929,pgd_cm>=2; min_stations>=1
pgd_ge_2cm,Station PGD >= 2 cm,AMPLITUDE,crowell_2016_gfast,median,2013p944608,2013-12-16T12:07:24Z,New Zealand,New Zealand,EarthScope PRIDE PPP-AR kin quality-passing stations,120 km west of Tuatapere,6.100000,4,5.036180,3.269722,179.893511,366.500000,7.243288,1.143288,1.143288,pgd_cm>=2; min_stations>=1
pgd_ge_2cm,Station PGD >= 2 cm,AMPLITUDE,melgar_2015,median,2013p944608,2013-12-16T12:07:24Z,New Zealand,New Zealand,EarthScope PRIDE PPP-AR kin quality-passing stations,120 km west of Tuatapere,6.100000,4,5.036180,3.269722,179.893511,366.500000,6.953620,0.853620,0.853620,pgd_cm>=2; min_stations>=1
pgd_ge_2cm,Station PGD >= 2 cm,AMPLITUDE,ruhl_2019,median,2013p944608,2013-12-16T12:07:24Z,New Zealand,New Zealand,EarthScope PRIDE PPP-AR kin quality-passing stations,120 km west of Tuatapere,6.100000,4,5.036180,3.269722,179.893511,366.500000,6.746890,0.646890,0.646890,pgd_cm>=2; min_stations>=1
pgd_ge_2cm,Station PGD >= 2 cm,AMPLITUDE,crowell_2016_gfast,median,2014p051675,2014-01-20T02:52:45Z,New Zealand,New Zealand,EarthScope PRIDE PPP-AR kin quality-passing stations,10 km east of Eketahuna,6.200000,12,4.763396,2.154680,51.660165,251.500000,6.499045,0.299044,0.299044,pgd_cm>=2; min_stations>=1
pgd_ge_2cm,Station PGD >= 2 cm,AMPLITUDE,melgar_2015,median,2014p051675,2014-01-20T02:52:45Z,New Zealand,New Zealand,EarthScope PRIDE PPP-AR kin quality-passing stations,10 km east of Eketahuna,6.200000,12,4.763396,2.154680,51.660165,251.500000,6.304540,0.104540,0.104540,pgd_cm>=2; min_stations>=1
pgd_ge_2cm,Station PGD >= 2 cm,AMPLITUDE,ruhl_2019,median,2014p051675,2014-01-20T02:52:45Z,New Zealand,New Zealand,EarthScope PRIDE PPP-AR kin quality-passing stations,10 km east of Eketahuna,6.200000,12,4.763396,2.154680,51.660165,251.500000,6.041837,-0.158163,0.158163,pgd_cm>=2; min_stations>=1
pgd_ge_2cm,Station PGD >= 2 cm,AMPLITUDE,crowell_2016_gfast,median,2014p770859,2014-10-13T05:13:41Z,New Zealand,New Zealand,EarthScope PRIDE PPP-AR kin quality-passing stations,140 km west of Tuatapere,6.200000,1,4.534810,2.587113,64.798138,554.000000,6.601987,0.401987,0.401987,pgd_cm>=2; min_stations>=1
pgd_ge_2cm,Station PGD >= 2 cm,AMPLITUDE,melgar_2015,median,2014p770859,2014-10-13T05:13:41Z,New Zealand,New Zealand,EarthScope PRIDE PPP-AR kin quality-passing stations,140 km west of Tuatapere,6.200000,1,4.534810,2.587113,64.798138,554.000000,6.387116,0.187116,0.187116,pgd_cm>=2; min_stations>=1
pgd_ge_2cm,Station PGD >= 2 cm,AMPLITUDE,ruhl_2019,median,2014p770859,2014-10-13T05:13:41Z,New Zealand,New Zealand,EarthScope PRIDE PPP-AR kin quality-passing stations,140 km west of Tuatapere,6.200000,1,4.534810,2.587113,64.798138,554.000000,6.130799,-0.069201,0.069201,pgd_cm>=2; min_stations>=1
pgd_ge_2cm,Station PGD >= 2 cm,AMPLITUDE,crowell_2016_gfast,median,2014p864702,2014-11-16T22:33:17Z,New Zealand,New Zealand,EarthScope PRIDE PPP-AR kin quality-passing stations,150 km east of Te Araroa,6.500000,6,6.834760,2.128097,181.739384,158.000000,7.430596,0.930596,0.930596,pgd_cm>=2; min_stations>=1
pgd_ge_2cm,Station PGD >= 2 cm,AMPLITUDE,melgar_2015,median,2014p864702,2014-11-16T22:33:17Z,New Zealand,New Zealand,EarthScope PRIDE PPP-AR kin quality-passing stations,150 km east of Te Araroa,6.500000,6,6.834760,2.128097,181.739384,158.000000,7.192839,0.692839,0.692839,pgd_cm>=2; min_stations>=1
pgd_ge_2cm,Station PGD >= 2 cm,AMPLITUDE,ruhl_2019,median,2014p864702,2014-11-16T22:33:17Z,New Zealand,New Zealand,EarthScope PRIDE PPP-AR kin quality-passing stations,150 km east of Te Araroa,6.500000,6,6.834760,2.128097,181.739384,158.000000,7.005812,0.505812,0.505812,pgd_cm>=2; min_stations>=1
pgd_ge_2cm,Station PGD >= 2 cm,AMPLITUDE,crowell_2016_gfast,median,2015p305812,2015-04-24T03:36:42Z,New Zealand,New Zealand,EarthScope PRIDE PPP-AR kin quality-passing stations,35 km south-east of St Arnaud,6.200000,3,4.565654,4.051393,76.241891,18.000000,6.706572,0.506572,0.506572,pgd_cm>=2; min_stations>=1
pgd_ge_2cm,Station PGD >= 2 cm,AMPLITUDE,melgar_2015,median,2015p305812,2015-04-24T03:36:42Z,New Zealand,New Zealand,EarthScope PRIDE PPP-AR kin quality-passing stations,35 km south-east of St Arnaud,6.200000,3,4.565654,4.051393,76.241891,18.000000,6.493094,0.293094,0.293094,pgd_cm>=2; min_stations>=1
pgd_ge_2cm,Station PGD >= 2 cm,AMPLITUDE,ruhl_2019,median,2015p305812,2015-04-24T03:36:42Z,New Zealand,New Zealand,EarthScope PRIDE PPP-AR kin quality-passing stations,35 km south-east of St Arnaud,6.200000,3,4.565654,4.051393,76.241891,18.000000,6.244721,0.044721,0.044721,pgd_cm>=2; min_stations>=1
pgd_ge_2cm,Station PGD >= 2 cm,AMPLITUDE,crowell_2016_gfast,median,2016p661332,2016-09-01T16:37:55Z,New Zealand,New Zealand,EarthScope PRIDE PPP-AR kin quality-passing stations,120 km north-east of Te Araroa,7.100000,8,5.371069,3.074888,173.572461,189.000000,7.223835,0.123836,0.123836,pgd_cm>=2; min_stations>=1
pgd_ge_2cm,Station PGD >= 2 cm,AMPLITUDE,melgar_2015,median,2016p661332,2016-09-01T16:37:55Z,New Zealand,New Zealand,EarthScope PRIDE PPP-AR kin quality-passing stations,120 km north-east of Te Araroa,7.100000,8,5.371069,3.074888,173.572461,189.000000,6.944877,-0.155123,0.155123,pgd_cm>=2; min_stations>=1
pgd_ge_2cm,Station PGD >= 2 cm,AMPLITUDE,ruhl_2019,median,2016p661332,2016-09-01T16:37:55Z,New Zealand,New Zealand,EarthScope PRIDE PPP-AR kin quality-passing stations,120 km north-east of Te Araroa,7.100000,8,5.371069,3.074888,173.572461,189.000000,6.736597,-0.363403,0.363403,pgd_cm>=2; min_stations>=1
pgd_ge_2cm,Station PGD >= 2 cm,AMPLITUDE,crowell_2016_gfast,median,2016p661400,2016-09-01T17:14:05Z,New Zealand,New Zealand,EarthScope PRIDE PPP-AR kin quality-passing stations,105 km north-east of Te Araroa,6.200000,8,4.106962,2.518449,164.379035,189.000000,7.128296,0.928296,0.928296,pgd_cm>=2; min_stations>=1
pgd_ge_2cm,Station PGD >= 2 cm,AMPLITUDE,melgar_2015,median,2016p661400,2016-09-01T17:14:05Z,New Zealand,New Zealand,EarthScope PRIDE PPP-AR kin quality-passing stations,105 km north-east of Te Araroa,6.200000,8,4.106962,2.518449,164.379035,189.000000,6.804521,0.604521,0.604521,pgd_cm>=2; min_stations>=1
pgd_ge_2cm,Station PGD >= 2 cm,AMPLITUDE,ruhl_2019,median,2016p661400,2016-09-01T17:14:05Z,New Zealand,New Zealand,EarthScope PRIDE PPP-AR kin quality-passing stations,105 km north-east of Te Araroa,6.200000,8,4.106962,2.518449,164.379035,189.000000,6.585737,0.385737,0.385737,pgd_cm>=2; min_stations>=1
pgd_ge_2cm,Station PGD >= 2 cm,AMPLITUDE,crowell_2016_gfast,median,2016p858000,2016-11-13T11:02:56Z,New Zealand,New Zealand,EarthScope PRIDE PPP-AR kin quality-passing stations,15 km north-east of Culverden,7.800000,14,24.146968,13.944506,147.886022,106.000000,7.592933,-0.207067,0.207067,pgd_cm>=2; min_stations>=1
pgd_ge_2cm,Station PGD >= 2 cm,AMPLITUDE,melgar_2015,median,2016p858000,2016-11-13T11:02:56Z,New Zealand,New Zealand,EarthScope PRIDE PPP-AR kin quality-passing stations,15 km north-east of Culverden,7.800000,14,24.146968,13.944506,147.886022,106.000000,7.560875,-0.239125,0.239125,pgd_cm>=2; min_stations>=1
pgd_ge_2cm,Station PGD >= 2 cm,AMPLITUDE,ruhl_2019,median,2016p858000,2016-11-13T11:02:56Z,New Zealand,New Zealand,EarthScope PRIDE PPP-AR kin quality-passing stations,15 km north-east of Culverden,7.800000,14,24.146968,13.944506,147.886022,106.000000,7.386468,-0.413532,0.413532,pgd_cm>=2; min_stations>=1
pgd_ge_2cm,Station PGD >= 2 cm,AMPLITUDE,crowell_2016_gfast,median,2016p858007,2016-11-13T11:05:14Z,New Zealand,New Zealand,EarthScope PRIDE PPP-AR kin quality-passing stations,45 km south-west of Seddon,6.000000,22,12.697283,1.805160,148.467382,4.500000,7.466593,1.466593,1.466593,pgd_cm>=2; min_stations>=1
pgd_ge_2cm,Station PGD >= 2 cm,AMPLITUDE,melgar_2015,median,2016p858007,2016-11-13T11:05:14Z,New Zealand,New Zealand,EarthScope PRIDE PPP-AR kin quality-passing stations,45 km south-west of Seddon,6.000000,22,12.697283,1.805160,148.467382,4.500000,7.383383,1.383383,1.383383,pgd_cm>=2; min_stations>=1
pgd_ge_2cm,Station PGD >= 2 cm,AMPLITUDE,ruhl_2019,median,2016p858007,2016-11-13T11:05:14Z,New Zealand,New Zealand,EarthScope PRIDE PPP-AR kin quality-passing stations,45 km south-west of Seddon,6.000000,22,12.697283,1.805160,148.467382,4.500000,7.204731,1.204731,1.204731,pgd_cm>=2; min_stations>=1
pgd_ge_2cm,Station PGD >= 2 cm,AMPLITUDE,crowell_2016_gfast,median,2016p858021,2016-11-13T11:12:35Z,New Zealand,New Zealand,EarthScope PRIDE PPP-AR kin quality-passing stations,5 km east of Kaikoura,6.000000,20,6.164964,1.406865,162.855379,367.000000,7.312627,1.312627,1.312627,pgd_cm>=2; min_stations>=1
pgd_ge_2cm,Station PGD >= 2 cm,AMPLITUDE,melgar_2015,median,2016p858021,2016-11-13T11:12:35Z,New Zealand,New Zealand,EarthScope PRIDE PPP-AR kin quality-passing stations,5 km east of Kaikoura,6.000000,20,6.164964,1.406865,162.855379,367.000000,7.103324,1.103324,1.103324,pgd_cm>=2; min_stations>=1
pgd_ge_2cm,Station PGD >= 2 cm,AMPLITUDE,ruhl_2019,median,2016p858021,2016-11-13T11:12:35Z,New Zealand,New Zealand,EarthScope PRIDE PPP-AR kin quality-passing stations,5 km east of Kaikoura,6.000000,20,6.164964,1.406865,162.855379,367.000000,6.908145,0.908145,0.908145,pgd_cm>=2; min_stations>=1
pgd_ge_2cm,Station PGD >= 2 cm,AMPLITUDE,crowell_2016_gfast,median,2016p858055,2016-11-13T11:32:07Z,New Zealand,New Zealand,EarthScope PRIDE PPP-AR kin quality-passing stations,15 km north of Kaikoura,6.200000,29,4.464762,2.961341,157.097930,295.000000,7.124169,0.924169,0.924169,pgd_cm>=2; min_stations>=1
pgd_ge_2cm,Station PGD >= 2 cm,AMPLITUDE,melgar_2015,median,2016p858055,2016-11-13T11:32:07Z,New Zealand,New Zealand,EarthScope PRIDE PPP-AR kin quality-passing stations,15 km north of Kaikoura,6.200000,29,4.464762,2.961341,157.097930,295.000000,6.835379,0.635379,0.635379,pgd_cm>=2; min_stations>=1
pgd_ge_2cm,Station PGD >= 2 cm,AMPLITUDE,ruhl_2019,median,2016p858055,2016-11-13T11:32:07Z,New Zealand,New Zealand,EarthScope PRIDE PPP-AR kin quality-passing stations,15 km north of Kaikoura,6.200000,29,4.464762,2.961341,157.097930,295.000000,6.617911,0.417911,0.417911,pgd_cm>=2; min_stations>=1
pgd_ge_2cm,Station PGD >= 2 cm,AMPLITUDE,crowell_2016_gfast,median,2016p858094,2016-11-13T11:52:44Z,New Zealand,New Zealand,EarthScope PRIDE PPP-AR kin quality-passing stations,20 km north of Kaikoura,6.100000,30,3.366494,2.683434,155.602525,256.000000,6.994879,0.894880,0.894880,pgd_cm>=2; min_stations>=1
pgd_ge_2cm,Station PGD >= 2 cm,AMPLITUDE,melgar_2015,median,2016p858094,2016-11-13T11:52:44Z,New Zealand,New Zealand,EarthScope PRIDE PPP-AR kin quality-passing stations,20 km north of Kaikoura,6.100000,30,3.366494,2.683434,155.602525,256.000000,6.662619,0.562619,0.562619,pgd_cm>=2; min_stations>=1
pgd_ge_2cm,Station PGD >= 2 cm,AMPLITUDE,ruhl_2019,median,2016p858094,2016-11-13T11:52:44Z,New Zealand,New Zealand,EarthScope PRIDE PPP-AR kin quality-passing stations,20 km north of Kaikoura,6.100000,30,3.366494,2.683434,155.602525,256.000000,6.431948,0.331948,0.331948,pgd_cm>=2; min_stations>=1
pgd_ge_2cm,Station PGD >= 2 cm,AMPLITUDE,crowell_2016_gfast,median,2016p859524,2016-11-14T00:34:23Z,New Zealand,New Zealand,EarthScope PRIDE PPP-AR kin quality-passing stations,25 km east of Hanmer Springs,6.700000,21,5.389304,3.023112,141.431410,296.000000,7.098035,0.398035,0.398035,pgd_cm>=2; min_stations>=1
pgd_ge_2cm,Station PGD >= 2 cm,AMPLITUDE,melgar_2015,median,2016p859524,2016-11-14T00:34:23Z,New Zealand,New Zealand,EarthScope PRIDE PPP-AR kin quality-passing stations,25 km east of Hanmer Springs,6.700000,21,5.389304,3.023112,141.431410,296.000000,6.872470,0.172470,0.172470,pgd_cm>=2; min_stations>=1
pgd_ge_2cm,Station PGD >= 2 cm,AMPLITUDE,ruhl_2019,median,2016p859524,2016-11-14T00:34:23Z,New Zealand,New Zealand,EarthScope PRIDE PPP-AR kin quality-passing stations,25 km east of Hanmer Springs,6.700000,21,5.389304,3.023112,141.431410,296.000000,6.656757,-0.043243,0.043243,pgd_cm>=2; min_stations>=1
pgd_ge_2cm,Station PGD >= 2 cm,AMPLITUDE,crowell_2016_gfast,median,2021p169083,2021-03-04T13:27:35Z,New Zealand,New Zealand,EarthScope PRIDE PPP-AR kin quality-passing stations,140 km east of Te Araroa,7.200000,12,6.197426,3.133979,201.247349,123.000000,7.375758,0.175758,0.175758,pgd_cm>=2; min_stations>=1
pgd_ge_2cm,Station PGD >= 2 cm,AMPLITUDE,melgar_2015,median,2021p169083,2021-03-04T13:27:35Z,New Zealand,New Zealand,EarthScope PRIDE PPP-AR kin quality-passing stations,140 km east of Te Araroa,7.200000,12,6.197426,3.133979,201.247349,123.000000,7.169688,-0.030312,0.030312,pgd_cm>=2; min_stations>=1
pgd_ge_2cm,Station PGD >= 2 cm,AMPLITUDE,ruhl_2019,median,2021p169083,2021-03-04T13:27:35Z,New Zealand,New Zealand,EarthScope PRIDE PPP-AR kin quality-passing stations,140 km east of Te Araroa,7.200000,12,6.197426,3.133979,201.247349,123.000000,6.981440,-0.218560,0.218560,pgd_cm>=2; min_stations>=1
pgd_ge_2cm,Station PGD >= 2 cm,AMPLITUDE,crowell_2016_gfast,median,2025p224518,2025-03-25T01:43:09Z,New Zealand,New Zealand,EarthScope PRIDE PPP-AR kin quality-passing stations,155 km north-west of Snares Islands,6.800000,3,2.563201,3.141953,200.895715,530.000000,7.122547,0.322547,0.322547,pgd_cm>=2; min_stations>=1
pgd_ge_2cm,Station PGD >= 2 cm,AMPLITUDE,melgar_2015,median,2025p224518,2025-03-25T01:43:09Z,New Zealand,New Zealand,EarthScope PRIDE PPP-AR kin quality-passing stations,155 km north-west of Snares Islands,6.800000,3,2.563201,3.141953,200.895715,530.000000,6.677154,-0.122846,0.122846,pgd_cm>=2; min_stations>=1
pgd_ge_2cm,Station PGD >= 2 cm,AMPLITUDE,ruhl_2019,median,2025p224518,2025-03-25T01:43:09Z,New Zealand,New Zealand,EarthScope PRIDE PPP-AR kin quality-passing stations,155 km north-west of Snares Islands,6.800000,3,2.563201,3.141953,200.895715,530.000000,6.451359,-0.348641,0.348641,pgd_cm>=2; min_stations>=1
pgd_ge_2cm,Station PGD >= 2 cm,AMPLITUDE,crowell_2016_gfast,median,2025p506857,2025-07-07T12:53:41Z,New Zealand,New Zealand,EarthScope PRIDE PPP-AR kin quality-passing stations,120 km north-west of Snares Islands,6.100000,5,2.346700,2.574775,227.873185,204.000000,7.105146,1.005146,1.005146,pgd_cm>=2; min_stations>=1
pgd_ge_2cm,Station PGD >= 2 cm,AMPLITUDE,melgar_2015,median,2025p506857,2025-07-07T12:53:41Z,New Zealand,New Zealand,EarthScope PRIDE PPP-AR kin quality-passing stations,120 km north-west of Snares Islands,6.100000,5,2.346700,2.574775,227.873185,204.000000,6.668006,0.568006,0.568006,pgd_cm>=2; min_stations>=1
pgd_ge_2cm,Station PGD >= 2 cm,AMPLITUDE,ruhl_2019,median,2025p506857,2025-07-07T12:53:41Z,New Zealand,New Zealand,EarthScope PRIDE PPP-AR kin quality-passing stations,120 km north-west of Snares Islands,6.100000,5,2.346700,2.574775,227.873185,204.000000,6.437110,0.337110,0.337110,pgd_cm>=2; min_stations>=1
pgd_ge_2cm,Station PGD >= 2 cm,AMPLITUDE,crowell_2016_gfast,median,ak0138esnzr,2013-01-05T08:58:14.957000Z,United States,US,EarthScope PRIDE PPP-AR kin quality-passing stations,"110 km SW of Edna Bay, Alaska",7.500000,2,23.526045,9.012014,163.348518,51.043000,7.805161,0.305161,0.305161,pgd_cm>=2; min_stations>=1
pgd_ge_2cm,Station PGD >= 2 cm,AMPLITUDE,melgar_2015,median,ak0138esnzr,2013-01-05T08:58:14.957000Z,United States,US,EarthScope PRIDE PPP-AR kin quality-passing stations,"110 km SW of Edna Bay, Alaska",7.500000,2,23.526045,9.012014,163.348518,51.043000,7.778059,0.278059,0.278059,pgd_cm>=2; min_stations>=1
pgd_ge_2cm,Station PGD >= 2 cm,AMPLITUDE,ruhl_2019,median,ak0138esnzr,2013-01-05T08:58:14.957000Z,United States,US,EarthScope PRIDE PPP-AR kin quality-passing stations,"110 km SW of Edna Bay, Alaska",7.500000,2,23.526045,9.012014,163.348518,51.043000,7.633584,0.133584,0.133584,pgd_cm>=2; min_stations>=1
pgd_ge_2cm,Station PGD >= 2 cm,AMPLITUDE,crowell_2016_gfast,median,ak0149guzic1,2014-07-25T10:54:50.417000Z,United States,US,EarthScope PRIDE PPP-AR kin quality-passing stations,"40 km WNW of Elfin Cove, Alaska",6.000000,3,4.420328,3.250116,142.068380,256.583000,6.995212,0.995212,0.995212,pgd_cm>=2; min_stations>=1
pgd_ge_2cm,Station PGD >= 2 cm,AMPLITUDE,melgar_2015,median,ak0149guzic1,2014-07-25T10:54:50.417000Z,United States,US,EarthScope PRIDE PPP-AR kin quality-passing stations,"40 km WNW of Elfin Cove, Alaska",6.000000,3,4.420328,3.250116,142.068380,256.583000,6.655415,0.655415,0.655415,pgd_cm>=2; min_stations>=1
pgd_ge_2cm,Station PGD >= 2 cm,AMPLITUDE,ruhl_2019,median,ak0149guzic1,2014-07-25T10:54:50.417000Z,United States,US,EarthScope PRIDE PPP-AR kin quality-passing stations,"40 km WNW of Elfin Cove, Alaska",6.000000,3,4.420328,3.250116,142.068380,256.583000,6.424071,0.424071,0.424071,pgd_cm>=2; min_stations>=1
pgd_ge_2cm,Station PGD >= 2 cm,AMPLITUDE,crowell_2016_gfast,median,ak014cbigci8,2014-09-25T17:51:17.606000Z,United States,US,EarthScope PRIDE PPP-AR kin quality-passing stations,"22 km WSW of Skwentna, Alaska",6.200000,8,5.880795,3.113456,140.610391,159.394000,7.185227,0.985227,0.985227,pgd_cm>=2; min_stations>=1
pgd_ge_2cm,Station PGD >= 2 cm,AMPLITUDE,melgar_2015,median,ak014cbigci8,2014-09-25T17:51:17.606000Z,United States,US,EarthScope PRIDE PPP-AR kin quality-passing stations,"22 km WSW of Skwentna, Alaska",6.200000,8,5.880795,3.113456,140.610391,159.394000,6.914386,0.714386,0.714386,pgd_cm>=2; min_stations>=1
pgd_ge_2cm,Station PGD >= 2 cm,AMPLITUDE,ruhl_2019,median,ak014cbigci8,2014-09-25T17:51:17.606000Z,United States,US,EarthScope PRIDE PPP-AR kin quality-passing stations,"22 km WSW of Skwentna, Alaska",6.200000,8,5.880795,3.113456,140.610391,159.394000,6.703558,0.503558,0.503558,pgd_cm>=2; min_stations>=1
pgd_ge_2cm,Station PGD >= 2 cm,AMPLITUDE,crowell_2016_gfast,median,ak0156uj8rk3,2015-05-29T07:00:09.634000Z,United States,US,EarthScope PRIDE PPP-AR kin quality-passing stations,"117 km SSE of Ugashik, Alaska",6.800000,5,3.686001,2.807257,150.082964,202.366000,7.033155,0.233155,0.233155,pgd_cm>=2; min_stations>=1
pgd_ge_2cm,Station PGD >= 2 cm,AMPLITUDE,melgar_2015,median,ak0156uj8rk3,2015-05-29T07:00:09.634000Z,United States,US,EarthScope PRIDE PPP-AR kin quality-passing stations,"117 km SSE of Ugashik, Alaska",6.800000,5,3.686001,2.807257,150.082964,202.366000,6.703249,-0.096751,0.096751,pgd_cm>=2; min_stations>=1
pgd_ge_2cm,Station PGD >= 2 cm,AMPLITUDE,ruhl_2019,median,ak0156uj8rk3,2015-05-29T07:00:09.634000Z,United States,US,EarthScope PRIDE PPP-AR kin quality-passing stations,"117 km SSE of Ugashik, Alaska",6.800000,5,3.686001,2.807257,150.082964,202.366000,6.475726,-0.324274,0.324274,pgd_cm>=2; min_stations>=1
pgd_ge_2cm,Station PGD >= 2 cm,AMPLITUDE,crowell_2016_gfast,median,ak0159nc9dk8,2015-07-29T02:35:59.449000Z,United States,US,EarthScope PRIDE PPP-AR kin quality-passing stations,"52 km ENE of Pedro Bay, Alaska",6.400000,24,6.428864,2.933943,140.080694,367.551000,7.262744,0.862744,0.862744,pgd_cm>=2; min_stations>=1
pgd_ge_2cm,Station PGD >= 2 cm,AMPLITUDE,melgar_2015,median,ak0159nc9dk8,2015-07-29T02:35:59.449000Z,United States,US,EarthScope PRIDE PPP-AR kin quality-passing stations,"52 km ENE of Pedro Bay, Alaska",6.400000,24,6.428864,2.933943,140.080694,367.551000,7.045167,0.645167,0.645167,pgd_cm>=2; min_stations>=1
pgd_ge_2cm,Station PGD >= 2 cm,AMPLITUDE,ruhl_2019,median,ak0159nc9dk8,2015-07-29T02:35:59.449000Z,United States,US,EarthScope PRIDE PPP-AR kin quality-passing stations,"52 km ENE of Pedro Bay, Alaska",6.400000,24,6.428864,2.933943,140.080694,367.551000,6.843846,0.443846,0.443846,pgd_cm>=2; min_stations>=1
pgd_ge_2cm,Station PGD >= 2 cm,AMPLITUDE,crowell_2016_gfast,median,ak01613v15nv,2016-01-24T10:30:29.557000Z,United States,US,EarthScope PRIDE PPP-AR kin quality-passing stations,"47 km ESE of Pedro Bay, Alaska",7.100000,17,6.349087,2.058382,150.095796,176.443000,7.214723,0.114723,0.114723,pgd_cm>=2; min_stations>=1
pgd_ge_2cm,Station PGD >= 2 cm,AMPLITUDE,melgar_2015,median,ak01613v15nv,2016-01-24T10:30:29.557000Z,United States,US,EarthScope PRIDE PPP-AR kin quality-passing stations,"47 km ESE of Pedro Bay, Alaska",7.100000,17,6.349087,2.058382,150.095796,176.443000,6.999605,-0.100395,0.100395,pgd_cm>=2; min_stations>=1
pgd_ge_2cm,Station PGD >= 2 cm,AMPLITUDE,ruhl_2019,median,ak01613v15nv,2016-01-24T10:30:29.557000Z,United States,US,EarthScope PRIDE PPP-AR kin quality-passing stations,"47 km ESE of Pedro Bay, Alaska",7.100000,17,6.349087,2.058382,150.095796,176.443000,6.792457,-0.307543,0.307543,pgd_cm>=2; min_stations>=1
pgd_ge_2cm,Station PGD >= 2 cm,AMPLITUDE,crowell_2016_gfast,median,ak01649w95tp,2016-04-02T05:50:00.932000Z,United States,US,EarthScope PRIDE PPP-AR kin quality-passing stations,"42 km E of Port Heiden, Alaska",6.200000,3,5.470256,2.707266,66.776295,508.068000,6.831879,0.631879,0.631879,pgd_cm>=2; min_stations>=1
pgd_ge_2cm,Station PGD >= 2 cm,AMPLITUDE,melgar_2015,median,ak01649w95tp,2016-04-02T05:50:00.932000Z,United States,US,EarthScope PRIDE PPP-AR kin quality-passing stations,"42 km E of Port Heiden, Alaska",6.200000,3,5.470256,2.707266,66.776295,508.068000,6.631302,0.431302,0.431302,pgd_cm>=2; min_stations>=1
pgd_ge_2cm,Station PGD >= 2 cm,AMPLITUDE,ruhl_2019,median,ak01649w95tp,2016-04-02T05:50:00.932000Z,United States,US,EarthScope PRIDE PPP-AR kin quality-passing stations,"42 km E of Port Heiden, Alaska",6.200000,3,5.470256,2.707266,66.776295,508.068000,6.393547,0.193547,0.193547,pgd_cm>=2; min_stations>=1
pgd_ge_2cm,Station PGD >= 2 cm,AMPLITUDE,crowell_2016_gfast,median,ak018aap2cqu,2018-08-12T14:58:53.503000Z,United States,US,EarthScope PRIDE PPP-AR kin quality-passing stations,"89 km SW of Kaktovik, Alaska",6.400000,2,7.591081,3.196667,185.025607,571.497000,7.451199,1.051199,1.051199,pgd_cm>=2; min_stations>=1
pgd_ge_2cm,Station PGD >= 2 cm,AMPLITUDE,melgar_2015,median,ak018aap2cqu,2018-08-12T14:58:53.503000Z,United States,US,EarthScope PRIDE PPP-AR kin quality-passing stations,"89 km SW of Kaktovik, Alaska",6.400000,2,7.591081,3.196667,185.025607,571.497000,7.232306,0.832306,0.832306,pgd_cm>=2; min_stations>=1
pgd_ge_2cm,Station PGD >= 2 cm,AMPLITUDE,ruhl_2019,median,ak018aap2cqu,2018-08-12T14:58:53.503000Z,United States,US,EarthScope PRIDE PPP-AR kin quality-passing stations,"89 km SW of Kaktovik, Alaska",6.400000,2,7.591081,3.196667,185.025607,571.497000,7.047907,0.647907,0.647907,pgd_cm>=2; min_stations>=1
pgd_ge_2cm,Station PGD >= 2 cm,AMPLITUDE,crowell_2016_gfast,median,ak018aasz24z,2018-08-12T21:15:00.999000Z,United States,US,EarthScope PRIDE PPP-AR kin quality-passing stations,"73 km SSW of Kaktovik, Alaska",6.000000,2,10.859319,1.981771,215.380665,145.001000,7.697434,1.697434,1.697434,pgd_cm>=2; min_stations>=1
pgd_ge_2cm,Station PGD >= 2 cm,AMPLITUDE,melgar_2015,median,ak018aasz24z,2018-08-12T21:15:00.999000Z,United States,US,EarthScope PRIDE PPP-AR kin quality-passing stations,"73 km SSW of Kaktovik, Alaska",6.000000,2,10.859319,1.981771,215.380665,145.001000,7.517430,1.517430,1.517430,pgd_cm>=2; min_stations>=1
pgd_ge_2cm,Station PGD >= 2 cm,AMPLITUDE,ruhl_2019,median,ak018aasz24z,2018-08-12T21:15:00.999000Z,United States,US,EarthScope PRIDE PPP-AR kin quality-passing stations,"73 km SSW of Kaktovik, Alaska",6.000000,2,10.859319,1.981771,215.380665,145.001000,7.358713,1.358713,1.358713,pgd_cm>=2; min_stations>=1
pgd_ge_2cm,Station PGD >= 2 cm,AMPLITUDE,crowell_2016_gfast,median,ak0216xu2rod,2021-05-31T06:59:55.581000Z,United States,US,EarthScope PRIDE PPP-AR kin quality-passing stations,"73 km N of Chickaloon, Alaska",6.100000,13,3.186424,2.220186,128.997016,278.419000,6.929549,0.829549,0.829549,pgd_cm>=2; min_stations>=1
pgd_ge_2cm,Station PGD >= 2 cm,AMPLITUDE,melgar_2015,median,ak0216xu2rod,2021-05-31T06:59:55.581000Z,United States,US,EarthScope PRIDE PPP-AR kin quality-passing stations,"73 km N of Chickaloon, Alaska",6.100000,13,3.186424,2.220186,128.997016,278.419000,6.583344,0.483344,0.483344,pgd_cm>=2; min_stations>=1
pgd_ge_2cm,Station PGD >= 2 cm,AMPLITUDE,ruhl_2019,median,ak0216xu2rod,2021-05-31T06:59:55.581000Z,United States,US,EarthScope PRIDE PPP-AR kin quality-passing stations,"73 km N of Chickaloon, Alaska",6.100000,13,3.186424,2.220186,128.997016,278.419000,6.346733,0.246733,0.246733,pgd_cm>=2; min_stations>=1
pgd_ge_2cm,Station PGD >= 2 cm,AMPLITUDE,crowell_2016_gfast,median,ak021d1u1nos,2021-10-11T09:10:25.147000Z,United States,US,EarthScope PRIDE PPP-AR kin quality-passing stations,"112 km E of Chignik, Alaska",6.900000,1,4.247658,2.127646,171.713324,397.853000,7.159418,0.259418,0.259418,pgd_cm>=2; min_stations>=1
pgd_ge_2cm,Station PGD >= 2 cm,AMPLITUDE,melgar_2015,median,ak021d1u1nos,2021-10-11T09:10:25.147000Z,United States,US,EarthScope PRIDE PPP-AR kin quality-passing stations,"112 km E of Chignik, Alaska",6.900000,1,4.247658,2.127646,171.713324,397.853000,6.853737,-0.046263,0.046263,pgd_cm>=2; min_stations>=1
pgd_ge_2cm,Station PGD >= 2 cm,AMPLITUDE,ruhl_2019,median,ak021d1u1nos,2021-10-11T09:10:25.147000Z,United States,US,EarthScope PRIDE PPP-AR kin quality-passing stations,"112 km E of Chignik, Alaska",6.900000,1,4.247658,2.127646,171.713324,397.853000,6.638626,-0.261374,0.261374,pgd_cm>=2; min_stations>=1
pgd_ge_2cm,Station PGD >= 2 cm,AMPLITUDE,crowell_2016_gfast,median,ak2025xjbvhj,2025-11-27T17:11:29.059000Z,United States,US,EarthScope PRIDE PPP-AR kin quality-passing stations,"12 km WNW of Susitna, Alaska",6.000000,5,2.888425,2.085237,124.429892,117.941000,6.849512,0.849512,0.849512,pgd_cm>=2; min_stations>=1
pgd_ge_2cm,Station PGD >= 2 cm,AMPLITUDE,melgar_2015,median,ak2025xjbvhj,2025-11-27T17:11:29.059000Z,United States,US,EarthScope PRIDE PPP-AR kin quality-passing stations,"12 km WNW of Susitna, Alaska",6.000000,5,2.888425,2.085237,124.429892,117.941000,6.475880,0.475880,0.475880,pgd_cm>=2; min_stations>=1
pgd_ge_2cm,Station PGD >= 2 cm,AMPLITUDE,ruhl_2019,median,ak2025xjbvhj,2025-11-27T17:11:29.059000Z,United States,US,EarthScope PRIDE PPP-AR kin quality-passing stations,"12 km WNW of Susitna, Alaska",6.000000,5,2.888425,2.085237,124.429892,117.941000,6.230246,0.230246,0.230246,pgd_cm>=2; min_stations>=1
pgd_ge_2cm,Station PGD >= 2 cm,AMPLITUDE,crowell_2016_gfast,median,hv72748782,2021-10-10T21:48:36.560000Z,United States,US,EarthScope PRIDE PPP-AR kin quality-passing stations,"27 km SSE of Naalehu, Hawaii",6.210000,4,5.043088,1.858640,77.422159,546.440000,6.690914,0.480914,0.480914,pgd_cm>=2; min_stations>=1
pgd_ge_2cm,Station PGD >= 2 cm,AMPLITUDE,melgar_2015,median,hv72748782,2021-10-10T21:48:36.560000Z,United States,US,EarthScope PRIDE PPP-AR kin quality-passing stations,"27 km SSE of Naalehu, Hawaii",6.210000,4,5.043088,1.858640,77.422159,546.440000,6.472074,0.262074,0.262074,pgd_cm>=2; min_stations>=1
pgd_ge_2cm,Station PGD >= 2 cm,AMPLITUDE,ruhl_2019,median,hv72748782,2021-10-10T21:48:36.560000Z,United States,US,EarthScope PRIDE PPP-AR kin quality-passing stations,"27 km SSE of Naalehu, Hawaii",6.210000,4,5.043088,1.858640,77.422159,546.440000,6.222017,0.012017,0.012017,pgd_cm>=2; min_stations>=1
pgd_ge_2cm,Station PGD >= 2 cm,AMPLITUDE,crowell_2016_gfast,median,nc71338066,2010-01-10T00:27:39.320000Z,United States,US,EarthScope PRIDE PPP-AR kin quality-passing stations,"The 2010 Eureka, California Earthquake",6.500000,1,4.461098,2.629883,47.863806,508.680000,6.432775,-0.067225,0.067225,pgd_cm>=2; min_stations>=1
pgd_ge_2cm,Station PGD >= 2 cm,AMPLITUDE,melgar_2015,median,nc71338066,2010-01-10T00:27:39.320000Z,United States,US,EarthScope PRIDE PPP-AR kin quality-passing stations,"The 2010 Eureka, California Earthquake",6.500000,1,4.461098,2.629883,47.863806,508.680000,6.236135,-0.263865,0.263865,pgd_cm>=2; min_stations>=1
pgd_ge_2cm,Station PGD >= 2 cm,AMPLITUDE,ruhl_2019,median,nc71338066,2010-01-10T00:27:39.320000Z,United States,US,EarthScope PRIDE PPP-AR kin quality-passing stations,"The 2010 Eureka, California Earthquake",6.500000,1,4.461098,2.629883,47.863806,508.680000,5.968707,-0.531293,0.531293,pgd_cm>=2; min_stations>=1
pgd_ge_2cm,Station PGD >= 2 cm,AMPLITUDE,crowell_2016_gfast,median,nc73666231,2021-12-20T20:10:31.310000Z,United States,US,EarthScope PRIDE PPP-AR kin quality-passing stations,"7km N of Petrolia, CA",6.200000,4,4.168486,3.055785,33.502648,204.500000,6.225274,0.025273,0.025273,pgd_cm>=2; min_stations>=1
pgd_ge_2cm,Station PGD >= 2 cm,AMPLITUDE,melgar_2015,median,nc73666231,2021-12-20T20:10:31.310000Z,United States,US,EarthScope PRIDE PPP-AR kin quality-passing stations,"7km N of Petrolia, CA",6.200000,4,4.168486,3.055785,33.502648,204.500000,6.040895,-0.159105,0.159105,pgd_cm>=2; min_stations>=1
pgd_ge_2cm,Station PGD >= 2 cm,AMPLITUDE,ruhl_2019,median,nc73666231,2021-12-20T20:10:31.310000Z,United States,US,EarthScope PRIDE PPP-AR kin quality-passing stations,"7km N of Petrolia, CA",6.200000,4,4.168486,3.055785,33.502648,204.500000,5.760452,-0.439548,0.439548,pgd_cm>=2; min_stations>=1
pgd_ge_2cm,Station PGD >= 2 cm,AMPLITUDE,crowell_2016_gfast,median,nc73821036,2022-12-20T10:34:24.770000Z,United States,US,EarthScope PRIDE PPP-AR kin quality-passing stations,"15km WSW of Ferndale, CA",6.400000,56,3.045770,2.673589,116.076411,116.230000,6.746316,0.346316,0.346316,pgd_cm>=2; min_stations>=1
pgd_ge_2cm,Station PGD >= 2 cm,AMPLITUDE,melgar_2015,median,nc73821036,2022-12-20T10:34:24.770000Z,United States,US,EarthScope PRIDE PPP-AR kin quality-passing stations,"15km WSW of Ferndale, CA",6.400000,56,3.045770,2.673589,116.076411,116.230000,6.413792,0.013791,0.013791,pgd_cm>=2; min_stations>=1
pgd_ge_2cm,Station PGD >= 2 cm,AMPLITUDE,ruhl_2019,median,nc73821036,2022-12-20T10:34:24.770000Z,United States,US,EarthScope PRIDE PPP-AR kin quality-passing stations,"15km WSW of Ferndale, CA",6.400000,56,3.045770,2.673589,116.076411,116.230000,6.162825,-0.237176,0.237176,pgd_cm>=2; min_stations>=1
pgd_ge_2cm,Station PGD >= 2 cm,AMPLITUDE,crowell_2016_gfast,median,pr2019267000,2019-09-24T03:23:40.000000Z,United States,US,EarthScope PRIDE PPP-AR kin quality-passing stations,"67 km NNW of San Antonio, Puerto Rico",6.000000,9,6.238574,3.137156,133.485101,465.000000,7.284079,1.284079,1.284079,pgd_cm>=2; min_stations>=1
pgd_ge_2cm,Station PGD >= 2 cm,AMPLITUDE,melgar_2015,median,pr2019267000,2019-09-24T03:23:40.000000Z,United States,US,EarthScope PRIDE PPP-AR kin quality-passing stations,"67 km NNW of San Antonio, Puerto Rico",6.000000,9,6.238574,3.137156,133.485101,465.000000,7.077603,1.077603,1.077603,pgd_cm>=2; min_stations>=1
pgd_ge_2cm,Station PGD >= 2 cm,AMPLITUDE,ruhl_2019,median,pr2019267000,2019-09-24T03:23:40.000000Z,United States,US,EarthScope PRIDE PPP-AR kin quality-passing stations,"67 km NNW of San Antonio, Puerto Rico",6.000000,9,6.238574,3.137156,133.485101,465.000000,6.881144,0.881144,0.881144,pgd_cm>=2; min_stations>=1
pgd_ge_2cm,Station PGD >= 2 cm,AMPLITUDE,crowell_2016_gfast,median,pr2020007007,2020-01-07T08:24:27.370Z,Puerto Rico,Americas,EarthScope PRIDE PPP-AR kin quality-passing stations,"4 km SSE of Indios, Puerto Rico",6.400000,9,9.387620,3.898337,74.765143,391.630000,7.102913,0.702913,0.702913,pgd_cm>=2; min_stations>=1
pgd_ge_2cm,Station PGD >= 2 cm,AMPLITUDE,melgar_2015,median,pr2020007007,2020-01-07T08:24:27.370Z,Puerto Rico,Americas,EarthScope PRIDE PPP-AR kin quality-passing stations,"4 km SSE of Indios, Puerto Rico",6.400000,9,9.387620,3.898337,74.765143,391.630000,7.067454,0.667454,0.667454,pgd_cm>=2; min_stations>=1
pgd_ge_2cm,Station PGD >= 2 cm,AMPLITUDE,ruhl_2019,median,pr2020007007,2020-01-07T08:24:27.370Z,Puerto Rico,Americas,EarthScope PRIDE PPP-AR kin quality-passing stations,"4 km SSE of Indios, Puerto Rico",6.400000,9,9.387620,3.898337,74.765143,391.630000,6.857413,0.457413,0.457413,pgd_cm>=2; min_stations>=1
pgd_ge_2cm,Station PGD >= 2 cm,AMPLITUDE,crowell_2016_gfast,median,us10003vyx,2015-11-09T16:03:46.070000Z,United States,US,EarthScope PRIDE PPP-AR kin quality-passing stations,"99 km SE of Atka, Alaska",6.500000,1,6.300325,2.931911,101.241372,332.930000,6.991025,0.491025,0.491025,pgd_cm>=2; min_stations>=1
pgd_ge_2cm,Station PGD >= 2 cm,AMPLITUDE,melgar_2015,median,us10003vyx,2015-11-09T16:03:46.070000Z,United States,US,EarthScope PRIDE PPP-AR kin quality-passing stations,"99 km SE of Atka, Alaska",6.500000,1,6.300325,2.931911,101.241372,332.930000,6.794276,0.294276,0.294276,pgd_cm>=2; min_stations>=1
pgd_ge_2cm,Station PGD >= 2 cm,AMPLITUDE,ruhl_2019,median,us10003vyx,2015-11-09T16:03:46.070000Z,United States,US,EarthScope PRIDE PPP-AR kin quality-passing stations,"99 km SE of Atka, Alaska",6.500000,1,6.300325,2.931911,101.241372,332.930000,6.569495,0.069495,0.069495,pgd_cm>=2; min_stations>=1
pgd_ge_2cm,Station PGD >= 2 cm,AMPLITUDE,crowell_2016_gfast,median,us100047zq,2015-12-17T19:49:53.050Z,Mexico,Americas,EarthScope PRIDE PPP-AR kin quality-passing stations,"4 km W of Manuel Ávila Camacho (Ponte Duro), Mexico",6.600000,1,6.355543,1.386764,199.126305,460.950000,7.430807,0.830807,0.830807,pgd_cm>=2; min_stations>=1
pgd_ge_2cm,Station PGD >= 2 cm,AMPLITUDE,melgar_2015,median,us100047zq,2015-12-17T19:49:53.050Z,Mexico,Americas,EarthScope PRIDE PPP-AR kin quality-passing stations,"4 km W of Manuel Ávila Camacho (Ponte Duro), Mexico",6.600000,1,6.355543,1.386764,199.126305,460.950000,7.176932,0.576932,0.576932,pgd_cm>=2; min_stations>=1
pgd_ge_2cm,Station PGD >= 2 cm,AMPLITUDE,ruhl_2019,median,us100047zq,2015-12-17T19:49:53.050Z,Mexico,Americas,EarthScope PRIDE PPP-AR kin quality-passing stations,"4 km W of Manuel Ávila Camacho (Ponte Duro), Mexico",6.600000,1,6.355543,1.386764,199.126305,460.950000,6.989296,0.389296,0.389296,pgd_cm>=2; min_stations>=1
pgd_ge_2cm,Station PGD >= 2 cm,AMPLITUDE,crowell_2016_gfast,median,us10004x1w,2016-03-12T18:06:44.760000Z,United States,US,EarthScope PRIDE PPP-AR kin quality-passing stations,"72 km SSE of Atka, Alaska",6.300000,1,6.009709,3.217592,76.318904,376.240000,6.804976,0.504976,0.504976,pgd_cm>=2; min_stations>=1
pgd_ge_2cm,Station PGD >= 2 cm,AMPLITUDE,melgar_2015,median,us10004x1w,2016-03-12T18:06:44.760000Z,United States,US,EarthScope PRIDE PPP-AR kin quality-passing stations,"72 km SSE of Atka, Alaska",6.300000,1,6.009709,3.217592,76.318904,376.240000,6.622046,0.322046,0.322046,pgd_cm>=2; min_stations>=1
pgd_ge_2cm,Station PGD >= 2 cm,AMPLITUDE,ruhl_2019,median,us10004x1w,2016-03-12T18:06:44.760000Z,United States,US,EarthScope PRIDE PPP-AR kin quality-passing stations,"72 km SSE of Atka, Alaska",6.300000,1,6.009709,3.217592,76.318904,376.240000,6.382794,0.082794,0.082794,pgd_cm>=2; min_stations>=1
pgd_ge_2cm,Station PGD >= 2 cm,AMPLITUDE,crowell_2016_gfast,median,us10007c4w,2016-11-24T18:43:47.710Z,El Salvador,Americas,EarthScope PRIDE PPP-AR kin quality-passing stations,"156 km SSW of Puerto El Triunfo, El Salvador",6.900000,2,7.853959,2.429730,204.395863,339.290000,7.531507,0.631507,0.631507,pgd_cm>=2; min_stations>=1
pgd_ge_2cm,Station PGD >= 2 cm,AMPLITUDE,melgar_2015,median,us10007c4w,2016-11-24T18:43:47.710Z,El Salvador,Americas,EarthScope PRIDE PPP-AR kin quality-passing stations,"156 km SSW of Puerto El Triunfo, El Salvador",6.900000,2,7.853959,2.429730,204.395863,339.290000,7.306729,0.406728,0.406728,pgd_cm>=2; min_stations>=1
pgd_ge_2cm,Station PGD >= 2 cm,AMPLITUDE,ruhl_2019,median,us10007c4w,2016-11-24T18:43:47.710Z,El Salvador,Americas,EarthScope PRIDE PPP-AR kin quality-passing stations,"156 km SSW of Puerto El Triunfo, El Salvador",6.900000,2,7.853959,2.429730,204.395863,339.290000,7.129886,0.229885,0.229885,pgd_cm>=2; min_stations>=1
pgd_ge_2cm,Station PGD >= 2 cm,AMPLITUDE,crowell_2016_gfast,median,us10008mel,2017-05-01T12:31:55.590000Z,United States,US,EarthScope PRIDE PPP-AR kin quality-passing stations,"47 km NW of Mosquito Lake, Alaska",6.200000,4,4.249449,3.448120,157.649446,403.910000,7.066598,0.866598,0.866598,pgd_cm>=2; min_stations>=1
pgd_ge_2cm,Station PGD >= 2 cm,AMPLITUDE,melgar_2015,median,us10008mel,2017-05-01T12:31:55.590000Z,United States,US,EarthScope PRIDE PPP-AR kin quality-passing stations,"47 km NW of Mosquito Lake, Alaska",6.200000,4,4.249449,3.448120,157.649446,403.910000,6.757492,0.557492,0.557492,pgd_cm>=2; min_stations>=1
pgd_ge_2cm,Station PGD >= 2 cm,AMPLITUDE,ruhl_2019,median,us10008mel,2017-05-01T12:31:55.590000Z,United States,US,EarthScope PRIDE PPP-AR kin quality-passing stations,"47 km NW of Mosquito Lake, Alaska",6.200000,4,4.249449,3.448120,157.649446,403.910000,6.533934,0.333934,0.333934,pgd_cm>=2; min_stations>=1
pgd_ge_2cm,Station PGD >= 2 cm,AMPLITUDE,crowell_2016_gfast,median,us10008mgu,2017-05-01T14:18:15.290000Z,United States,US,EarthScope PRIDE PPP-AR kin quality-passing stations,"48 km NW of Mosquito Lake, Alaska",6.300000,4,3.810289,2.338356,158.188678,493.210000,7.009959,0.709959,0.709959,pgd_cm>=2; min_stations>=1
pgd_ge_2cm,Station PGD >= 2 cm,AMPLITUDE,melgar_2015,median,us10008mgu,2017-05-01T14:18:15.290000Z,United States,US,EarthScope PRIDE PPP-AR kin quality-passing stations,"48 km NW of Mosquito Lake, Alaska",6.300000,4,3.810289,2.338356,158.188678,493.210000,6.726522,0.426522,0.426522,pgd_cm>=2; min_stations>=1
pgd_ge_2cm,Station PGD >= 2 cm,AMPLITUDE,ruhl_2019,median,us10008mgu,2017-05-01T14:18:15.290000Z,United States,US,EarthScope PRIDE PPP-AR kin quality-passing stations,"48 km NW of Mosquito Lake, Alaska",6.300000,4,3.810289,2.338356,158.188678,493.210000,6.499362,0.199362,0.199362,pgd_cm>=2; min_stations>=1
pgd_ge_2cm,Station PGD >= 2 cm,AMPLITUDE,crowell_2016_gfast,median,us10008rtu,2017-05-12T10:41:26.710Z,El Salvador,Americas,EarthScope PRIDE PPP-AR kin quality-passing stations,"78 km SSW of Acajutla, El Salvador",6.200000,2,9.520039,1.906675,212.775520,260.790000,7.541158,1.341158,1.341158,pgd_cm>=2; min_stations>=1
pgd_ge_2cm,Station PGD >= 2 cm,AMPLITUDE,melgar_2015,median,us10008rtu,2017-05-12T10:41:26.710Z,El Salvador,Americas,EarthScope PRIDE PPP-AR kin quality-passing stations,"78 km SSW of Acajutla, El Salvador",6.200000,2,9.520039,1.906675,212.775520,260.790000,7.324191,1.124191,1.124191,pgd_cm>=2; min_stations>=1
pgd_ge_2cm,Station PGD >= 2 cm,AMPLITUDE,ruhl_2019,median,us10008rtu,2017-05-12T10:41:26.710Z,El Salvador,Americas,EarthScope PRIDE PPP-AR kin quality-passing stations,"78 km SSW of Acajutla, El Salvador",6.200000,2,9.520039,1.906675,212.775520,260.790000,7.151243,0.951243,0.951243,pgd_cm>=2; min_stations>=1
pgd_ge_2cm,Station PGD >= 2 cm,AMPLITUDE,crowell_2016_gfast,median,us1000ga0z,2018-08-15T21:56:56.310000Z,United States,US,EarthScope PRIDE PPP-AR kin quality-passing stations,"108 km WSW of Adak, Alaska",6.500000,1,3.811771,2.332107,166.055410,31.690000,7.091784,0.591784,0.591784,pgd_cm>=2; min_stations>=1
pgd_ge_2cm,Station PGD >= 2 cm,AMPLITUDE,melgar_2015,median,us1000ga0z,2018-08-15T21:56:56.310000Z,United States,US,EarthScope PRIDE PPP-AR kin quality-passing stations,"108 km WSW of Adak, Alaska",6.500000,1,3.811771,2.332107,166.055410,31.690000,6.771661,0.271661,0.271661,pgd_cm>=2; min_stations>=1
pgd_ge_2cm,Station PGD >= 2 cm,AMPLITUDE,ruhl_2019,median,us1000ga0z,2018-08-15T21:56:56.310000Z,United States,US,EarthScope PRIDE PPP-AR kin quality-passing stations,"108 km WSW of Adak, Alaska",6.500000,1,3.811771,2.332107,166.055410,31.690000,6.549799,0.049799,0.049799,pgd_cm>=2; min_stations>=1
pgd_ge_2cm,Station PGD >= 2 cm,AMPLITUDE,crowell_2016_gfast,median,us1000gc0k,2018-08-17T23:22:24.950Z,Costa Rica,Americas,EarthScope PRIDE PPP-AR kin quality-passing stations,"19 km NNW of Golfito, Costa Rica",6.100000,2,17.386465,2.268689,193.879709,308.050000,7.772887,1.672887,1.672887,pgd_cm>=2; min_stations>=1
pgd_ge_2cm,Station PGD >= 2 cm,AMPLITUDE,melgar_2015,median,us1000gc0k,2018-08-17T23:22:24.950Z,Costa Rica,Americas,EarthScope PRIDE PPP-AR kin quality-passing stations,"19 km NNW of Golfito, Costa Rica",6.100000,2,17.386465,2.268689,193.879709,308.050000,7.682830,1.582830,1.582830,pgd_cm>=2; min_stations>=1
pgd_ge_2cm,Station PGD >= 2 cm,AMPLITUDE,ruhl_2019,median,us1000gc0k,2018-08-17T23:22:24.950Z,Costa Rica,Americas,EarthScope PRIDE PPP-AR kin quality-passing stations,"19 km NNW of Golfito, Costa Rica",6.100000,2,17.386465,2.268689,193.879709,308.050000,7.534147,1.434147,1.434147,pgd_cm>=2; min_stations>=1
pgd_ge_2cm,Station PGD >= 2 cm,AMPLITUDE,crowell_2016_gfast,median,us1000gez7,2018-08-21T21:31:47.600Z,Venezuela,Americas,EarthScope PRIDE PPP-AR kin quality-passing stations,"40 km ENE of Carúpano, Venezuela",7.300000,3,8.124438,2.883420,221.950553,219.400000,7.612771,0.312771,0.312771,pgd_cm>=2; min_stations>=1
pgd_ge_2cm,Station PGD >= 2 cm,AMPLITUDE,melgar_2015,median,us1000gez7,2018-08-21T21:31:47.600Z,Venezuela,Americas,EarthScope PRIDE PPP-AR kin quality-passing stations,"40 km ENE of Carúpano, Venezuela",7.300000,3,8.124438,2.883420,221.950553,219.400000,7.388925,0.088925,0.088925,pgd_cm>=2; min_stations>=1
pgd_ge_2cm,Station PGD >= 2 cm,AMPLITUDE,ruhl_2019,median,us1000gez7,2018-08-21T21:31:47.600Z,Venezuela,Americas,EarthScope PRIDE PPP-AR kin quality-passing stations,"40 km ENE of Carúpano, Venezuela",7.300000,3,8.124438,2.883420,221.950553,219.400000,7.220163,-0.079837,0.079837,pgd_cm>=2; min_stations>=1
pgd_ge_2cm,Station PGD >= 2 cm,AMPLITUDE,crowell_2016_gfast,median,us1000gf8u,2018-08-22T09:31:45.530000Z,United States,US,EarthScope PRIDE PPP-AR kin quality-passing stations,"272 km W of Bandon, Oregon",6.200000,4,2.463987,2.099505,276.510417,371.970000,7.260599,1.060599,1.060599,pgd_cm>=2; min_stations>=1
pgd_ge_2cm,Station PGD >= 2 cm,AMPLITUDE,melgar_2015,median,us1000gf8u,2018-08-22T09:31:45.530000Z,United States,US,EarthScope PRIDE PPP-AR kin quality-passing stations,"272 km W of Bandon, Oregon",6.200000,4,2.463987,2.099505,276.510417,371.970000,6.811665,0.611665,0.611665,pgd_cm>=2; min_stations>=1
pgd_ge_2cm,Station PGD >= 2 cm,AMPLITUDE,ruhl_2019,median,us1000gf8u,2018-08-22T09:31:45.530000Z,United States,US,EarthScope PRIDE PPP-AR kin quality-passing stations,"272 km W of Bandon, Oregon",6.200000,4,2.463987,2.099505,276.510417,371.970000,6.598629,0.398629,0.398629,pgd_cm>=2; min_stations>=1
pgd_ge_2cm,Station PGD >= 2 cm,AMPLITUDE,crowell_2016_gfast,median,us1000gfvg,2018-08-23T03:35:12.270000Z,United States,US,EarthScope PRIDE PPP-AR kin quality-passing stations,"97 km SW of Adak, Alaska",6.300000,1,4.704689,1.821508,263.340571,343.730000,7.494360,1.194360,1.194360,pgd_cm>=2; min_stations>=1
pgd_ge_2cm,Station PGD >= 2 cm,AMPLITUDE,melgar_2015,median,us1000gfvg,2018-08-23T03:35:12.270000Z,United States,US,EarthScope PRIDE PPP-AR kin quality-passing stations,"97 km SW of Adak, Alaska",6.300000,1,4.704689,1.821508,263.340571,343.730000,7.162351,0.862351,0.862351,pgd_cm>=2; min_stations>=1
pgd_ge_2cm,Station PGD >= 2 cm,AMPLITUDE,ruhl_2019,median,us1000gfvg,2018-08-23T03:35:12.270000Z,United States,US,EarthScope PRIDE PPP-AR kin quality-passing stations,"97 km SW of Adak, Alaska",6.300000,1,4.704689,1.821508,263.340571,343.730000,6.977746,0.677746,0.677746,pgd_cm>=2; min_stations>=1
pgd_ge_2cm,Station PGD >= 2 cm,AMPLITUDE,crowell_2016_gfast,median,us200030aq,2015-07-27T04:49:46.400000Z,United States,US,EarthScope PRIDE PPP-AR kin quality-passing stations,"Fox Islands, Aleutian Islands, Alaska",6.900000,1,3.412418,2.893684,82.466269,556.600000,6.624416,-0.275584,0.275584,pgd_cm>=2; min_stations>=1
pgd_ge_2cm,Station PGD >= 2 cm,AMPLITUDE,melgar_2015,median,us200030aq,2015-07-27T04:49:46.400000Z,United States,US,EarthScope PRIDE PPP-AR kin quality-passing stations,"Fox Islands, Aleutian Islands, Alaska",6.900000,1,3.412418,2.893684,82.466269,556.600000,6.347247,-0.552753,0.552753,pgd_cm>=2; min_stations>=1
pgd_ge_2cm,Station PGD >= 2 cm,AMPLITUDE,ruhl_2019,median,us200030aq,2015-07-27T04:49:46.400000Z,United States,US,EarthScope PRIDE PPP-AR kin quality-passing stations,"Fox Islands, Aleutian Islands, Alaska",6.900000,1,3.412418,2.893684,82.466269,556.600000,6.089207,-0.810793,0.810793,pgd_cm>=2; min_stations>=1
pgd_ge_2cm,Station PGD >= 2 cm,AMPLITUDE,crowell_2016_gfast,median,us20003hq5,2015-09-10T10:26:44.810000Z,United States,US,EarthScope PRIDE PPP-AR kin quality-passing stations,"104 km SSW of Nikolski, Alaska",6.000000,1,4.293530,2.135004,109.179477,586.190000,6.880574,0.880574,0.880574,pgd_cm>=2; min_stations>=1
pgd_ge_2cm,Station PGD >= 2 cm,AMPLITUDE,melgar_2015,median,us20003hq5,2015-09-10T10:26:44.810000Z,United States,US,EarthScope PRIDE PPP-AR kin quality-passing stations,"104 km SSW of Nikolski, Alaska",6.000000,1,4.293530,2.135004,109.179477,586.190000,6.616916,0.616916,0.616916,pgd_cm>=2; min_stations>=1
pgd_ge_2cm,Station PGD >= 2 cm,AMPLITUDE,ruhl_2019,median,us20003hq5,2015-09-10T10:26:44.810000Z,United States,US,EarthScope PRIDE PPP-AR kin quality-passing stations,"104 km SSW of Nikolski, Alaska",6.000000,1,4.293530,2.135004,109.179477,586.190000,6.379830,0.379830,0.379830,pgd_cm>=2; min_stations>=1
pgd_ge_2cm,Station PGD >= 2 cm,AMPLITUDE,crowell_2016_gfast,median,us20005axu,2016-03-19T01:35:12.170000Z,United States,US,EarthScope PRIDE PPP-AR kin quality-passing stations,"75 km S of Atka, Alaska",6.000000,1,3.980113,2.314648,79.244937,586.830000,6.663096,0.663096,0.663096,pgd_cm>=2; min_stations>=1
pgd_ge_2cm,Station PGD >= 2 cm,AMPLITUDE,melgar_2015,median,us20005axu,2016-03-19T01:35:12.170000Z,United States,US,EarthScope PRIDE PPP-AR kin quality-passing stations,"75 km S of Atka, Alaska",6.000000,1,3.980113,2.314648,79.244937,586.830000,6.413080,0.413080,0.413080,pgd_cm>=2; min_stations>=1
pgd_ge_2cm,Station PGD >= 2 cm,AMPLITUDE,ruhl_2019,median,us20005axu,2016-03-19T01:35:12.170000Z,United States,US,EarthScope PRIDE PPP-AR kin quality-passing stations,"75 km S of Atka, Alaska",6.000000,1,3.980113,2.314648,79.244937,586.830000,6.159478,0.159478,0.159478,pgd_cm>=2; min_stations>=1
pgd_ge_2cm,Station PGD >= 2 cm,AMPLITUDE,crowell_2016_gfast,median,us200063cy,2016-06-10T03:25:22.920Z,Nicaragua,Americas,EarthScope PRIDE PPP-AR kin quality-passing stations,Nicaragua,6.100000,11,7.423261,2.048292,52.306797,303.080000,6.728684,0.628684,0.628684,pgd_cm>=2; min_stations>=1
pgd_ge_2cm,Station PGD >= 2 cm,AMPLITUDE,melgar_2015,median,us200063cy,2016-06-10T03:25:22.920Z,Nicaragua,Americas,EarthScope PRIDE PPP-AR kin quality-passing stations,Nicaragua,6.100000,11,7.423261,2.048292,52.306797,303.080000,6.559820,0.459820,0.459820,pgd_cm>=2; min_stations>=1
pgd_ge_2cm,Station PGD >= 2 cm,AMPLITUDE,ruhl_2019,median,us200063cy,2016-06-10T03:25:22.920Z,Nicaragua,Americas,EarthScope PRIDE PPP-AR kin quality-passing stations,Nicaragua,6.100000,11,7.423261,2.048292,52.306797,303.080000,6.310923,0.210923,0.210923,pgd_cm>=2; min_stations>=1
pgd_ge_2cm,Station PGD >= 2 cm,AMPLITUDE,crowell_2016_gfast,median,us20007z6r,2016-12-08T14:49:45.910000Z,United States,US,EarthScope PRIDE PPP-AR kin quality-passing stations,"164 km W of Ferndale, California",6.600000,3,3.624210,2.711949,183.119066,439.090000,7.099697,0.499697,0.499697,pgd_cm>=2; min_stations>=1
pgd_ge_2cm,Station PGD >= 2 cm,AMPLITUDE,melgar_2015,median,us20007z6r,2016-12-08T14:49:45.910000Z,United States,US,EarthScope PRIDE PPP-AR kin quality-passing stations,"164 km W of Ferndale, California",6.600000,3,3.624210,2.711949,183.119066,439.090000,6.727371,0.127371,0.127371,pgd_cm>=2; min_stations>=1
pgd_ge_2cm,Station PGD >= 2 cm,AMPLITUDE,ruhl_2019,median,us20007z6r,2016-12-08T14:49:45.910000Z,United States,US,EarthScope PRIDE PPP-AR kin quality-passing stations,"164 km W of Ferndale, California",6.600000,3,3.624210,2.711949,183.119066,439.090000,6.501812,-0.098188,0.098188,pgd_cm>=2; min_stations>=1
pgd_ge_2cm,Station PGD >= 2 cm,AMPLITUDE,crowell_2016_gfast,median,us20009p1a,2017-06-22T12:31:03.490Z,Guatemala,Americas,EarthScope PRIDE PPP-AR kin quality-passing stations,"28 km SW of Puerto San José, Guatemala",6.800000,1,4.965249,2.795652,204.018911,197.510000,7.340874,0.540874,0.540874,pgd_cm>=2; min_stations>=1
pgd_ge_2cm,Station PGD >= 2 cm,AMPLITUDE,melgar_2015,median,us20009p1a,2017-06-22T12:31:03.490Z,Guatemala,Americas,EarthScope PRIDE PPP-AR kin quality-passing stations,"28 km SW of Puerto San José, Guatemala",6.800000,1,4.965249,2.795652,204.018911,197.510000,7.044054,0.244054,0.244054,pgd_cm>=2; min_stations>=1
pgd_ge_2cm,Station PGD >= 2 cm,AMPLITUDE,ruhl_2019,median,us20009p1a,2017-06-22T12:31:03.490Z,Guatemala,Americas,EarthScope PRIDE PPP-AR kin quality-passing stations,"28 km SW of Puerto San José, Guatemala",6.800000,1,4.965249,2.795652,204.018911,197.510000,6.846100,0.046100,0.046100,pgd_cm>=2; min_stations>=1
pgd_ge_2cm,Station PGD >= 2 cm,AMPLITUDE,crowell_2016_gfast,median,us2000ahv0,2017-09-08T04:49:19.180Z,Mexico,Americas,EarthScope PRIDE PPP-AR kin quality-passing stations,"2017 Tehuantepec, Mexico Earthquake",8.200000,2,21.223283,9.889718,264.143158,87.320000,8.086726,-0.113274,0.113274,pgd_cm>=2; min_stations>=1
pgd_ge_2cm,Station PGD >= 2 cm,AMPLITUDE,melgar_2015,median,us2000ahv0,2017-09-08T04:49:19.180Z,Mexico,Americas,EarthScope PRIDE PPP-AR kin quality-passing stations,"2017 Tehuantepec, Mexico Earthquake",8.200000,2,21.223283,9.889718,264.143158,87.320000,7.978285,-0.221715,0.221715,pgd_cm>=2; min_stations>=1
pgd_ge_2cm,Station PGD >= 2 cm,AMPLITUDE,ruhl_2019,median,us2000ahv0,2017-09-08T04:49:19.180Z,Mexico,Americas,EarthScope PRIDE PPP-AR kin quality-passing stations,"2017 Tehuantepec, Mexico Earthquake",8.200000,2,21.223283,9.889718,264.143158,87.320000,7.862347,-0.337653,0.337653,pgd_cm>=2; min_stations>=1
pgd_ge_2cm,Station PGD >= 2 cm,AMPLITUDE,crowell_2016_gfast,median,us2000ar20,2017-09-19T18:14:38.090Z,Mexico,Americas,EarthScope PRIDE PPP-AR kin quality-passing stations,"1 km S of Matzaco, Mexico",7.100000,7,5.827435,2.043669,190.608775,322.910000,7.188289,0.088289,0.088289,pgd_cm>=2; min_stations>=1
pgd_ge_2cm,Station PGD >= 2 cm,AMPLITUDE,melgar_2015,median,us2000ar20,2017-09-19T18:14:38.090Z,Mexico,Americas,EarthScope PRIDE PPP-AR kin quality-passing stations,"1 km S of Matzaco, Mexico",7.100000,7,5.827435,2.043669,190.608775,322.910000,6.964519,-0.135481,0.135481,pgd_cm>=2; min_stations>=1
pgd_ge_2cm,Station PGD >= 2 cm,AMPLITUDE,ruhl_2019,median,us2000ar20,2017-09-19T18:14:38.090Z,Mexico,Americas,EarthScope PRIDE PPP-AR kin quality-passing stations,"1 km S of Matzaco, Mexico",7.100000,7,5.827435,2.043669,190.608775,322.910000,6.749819,-0.350181,0.350181,pgd_cm>=2; min_stations>=1
pgd_ge_2cm,Station PGD >= 2 cm,AMPLITUDE,crowell_2016_gfast,median,us2000atjv,2017-09-23T12:53:01.480Z,Mexico,Americas,EarthScope PRIDE PPP-AR kin quality-passing stations,"7 km NNE of Ixtepec, Mexico",6.100000,3,3.863030,2.964987,186.071908,5.520000,7.133030,1.033030,1.033030,pgd_cm>=2; min_stations>=1
pgd_ge_2cm,Station PGD >= 2 cm,AMPLITUDE,melgar_2015,median,us2000atjv,2017-09-23T12:53:01.480Z,Mexico,Americas,EarthScope PRIDE PPP-AR kin quality-passing stations,"7 km NNE of Ixtepec, Mexico",6.100000,3,3.863030,2.964987,186.071908,5.520000,6.789394,0.689394,0.689394,pgd_cm>=2; min_stations>=1
pgd_ge_2cm,Station PGD >= 2 cm,AMPLITUDE,ruhl_2019,median,us2000atjv,2017-09-23T12:53:01.480Z,Mexico,Americas,EarthScope PRIDE PPP-AR kin quality-passing stations,"7 km NNE of Ixtepec, Mexico",6.100000,3,3.863030,2.964987,186.071908,5.520000,6.570045,0.470045,0.470045,pgd_cm>=2; min_stations>=1
pgd_ge_2cm,Station PGD >= 2 cm,AMPLITUDE,crowell_2016_gfast,median,us2000bmhe,2017-11-13T02:28:23.680Z,Costa Rica,Americas,EarthScope PRIDE PPP-AR kin quality-passing stations,"18 km W of Parrita, Costa Rica",6.500000,3,8.265065,3.076700,246.066784,213.320000,7.807469,1.307469,1.307469,pgd_cm>=2; min_stations>=1
pgd_ge_2cm,Station PGD >= 2 cm,AMPLITUDE,melgar_2015,median,us2000bmhe,2017-11-13T02:28:23.680Z,Costa Rica,Americas,EarthScope PRIDE PPP-AR kin quality-passing stations,"18 km W of Parrita, Costa Rica",6.500000,3,8.265065,3.076700,246.066784,213.320000,7.560555,1.060555,1.060555,pgd_cm>=2; min_stations>=1
pgd_ge_2cm,Station PGD >= 2 cm,AMPLITUDE,ruhl_2019,median,us2000bmhe,2017-11-13T02:28:23.680Z,Costa Rica,Americas,EarthScope PRIDE PPP-AR kin quality-passing stations,"18 km W of Parrita, Costa Rica",6.500000,3,8.265065,3.076700,246.066784,213.320000,7.410982,0.910982,0.910982,pgd_cm>=2; min_stations>=1
pgd_ge_2cm,Station PGD >= 2 cm,AMPLITUDE,crowell_2016_gfast,median,us2000cl83,2018-01-19T16:17:44.720Z,Mexico,Americas,EarthScope PRIDE PPP-AR kin quality-passing stations,"79 km NNE of Loreto, Mexico",6.300000,2,4.961519,3.756752,251.064011,253.780000,7.477348,1.177348,1.177348,pgd_cm>=2; min_stations>=1
pgd_ge_2cm,Station PGD >= 2 cm,AMPLITUDE,melgar_2015,median,us2000cl83,2018-01-19T16:17:44.720Z,Mexico,Americas,EarthScope PRIDE PPP-AR kin quality-passing stations,"79 km NNE of Loreto, Mexico",6.300000,2,4.961519,3.756752,251.064011,253.780000,7.157355,0.857355,0.857355,pgd_cm>=2; min_stations>=1
pgd_ge_2cm,Station PGD >= 2 cm,AMPLITUDE,ruhl_2019,median,us2000cl83,2018-01-19T16:17:44.720Z,Mexico,Americas,EarthScope PRIDE PPP-AR kin quality-passing stations,"79 km NNE of Loreto, Mexico",6.300000,2,4.961519,3.756752,251.064011,253.780000,6.971535,0.671535,0.671535,pgd_cm>=2; min_stations>=1
pgd_ge_2cm,Station PGD >= 2 cm,AMPLITUDE,crowell_2016_gfast,median,us2000d3km,2018-02-16T23:39:39.280Z,Mexico,Americas,EarthScope PRIDE PPP-AR kin quality-passing stations,"4 km S of Pinotepa de Don Luis, Mexico",7.200000,9,6.300302,2.687697,140.889261,345.720000,7.182772,-0.017228,0.017228,pgd_cm>=2; min_stations>=1
pgd_ge_2cm,Station PGD >= 2 cm,AMPLITUDE,melgar_2015,median,us2000d3km,2018-02-16T23:39:39.280Z,Mexico,Americas,EarthScope PRIDE PPP-AR kin quality-passing stations,"4 km S of Pinotepa de Don Luis, Mexico",7.200000,9,6.300302,2.687697,140.889261,345.720000,6.953236,-0.246764,0.246764,pgd_cm>=2; min_stations>=1
pgd_ge_2cm,Station PGD >= 2 cm,AMPLITUDE,ruhl_2019,median,us2000d3km,2018-02-16T23:39:39.280Z,Mexico,Americas,EarthScope PRIDE PPP-AR kin quality-passing stations,"4 km S of Pinotepa de Don Luis, Mexico",7.200000,9,6.300302,2.687697,140.889261,345.720000,6.743625,-0.456375,0.456375,pgd_cm>=2; min_stations>=1
pgd_ge_2cm,Station PGD >= 2 cm,AMPLITUDE,crowell_2016_gfast,median,us2000izcv,2018-12-31T02:35:37.670000Z,United States,US,EarthScope PRIDE PPP-AR kin quality-passing stations,"87 km SE of King Cove, Alaska",6.000000,1,6.084291,2.134184,135.317756,529.330000,7.157085,1.157085,1.157085,pgd_cm>=2; min_stations>=1
pgd_ge_2cm,Station PGD >= 2 cm,AMPLITUDE,melgar_2015,median,us2000izcv,2018-12-31T02:35:37.670000Z,United States,US,EarthScope PRIDE PPP-AR kin quality-passing stations,"87 km SE of King Cove, Alaska",6.000000,1,6.084291,2.134184,135.317756,529.330000,6.931062,0.931062,0.931062,pgd_cm>=2; min_stations>=1
pgd_ge_2cm,Station PGD >= 2 cm,AMPLITUDE,ruhl_2019,median,us2000izcv,2018-12-31T02:35:37.670000Z,United States,US,EarthScope PRIDE PPP-AR kin quality-passing stations,"87 km SE of King Cove, Alaska",6.000000,1,6.084291,2.134184,135.317756,529.330000,6.719317,0.719317,0.719317,pgd_cm>=2; min_stations>=1
pgd_ge_2cm,Station PGD >= 2 cm,AMPLITUDE,crowell_2016_gfast,median,us60003r2r,2019-05-23T08:45:17.746000Z,United States,US,EarthScope PRIDE PPP-AR kin quality-passing stations,"127 km WSW of Adak, Alaska",6.000000,1,5.152252,3.470618,296.662772,45.254000,7.620481,1.620481,1.620481,pgd_cm>=2; min_stations>=1
pgd_ge_2cm,Station PGD >= 2 cm,AMPLITUDE,melgar_2015,median,us60003r2r,2019-05-23T08:45:17.746000Z,United States,US,EarthScope PRIDE PPP-AR kin quality-passing stations,"127 km WSW of Adak, Alaska",6.000000,1,5.152252,3.470618,296.662772,45.254000,7.290727,1.290727,1.290727,pgd_cm>=2; min_stations>=1
pgd_ge_2cm,Station PGD >= 2 cm,AMPLITUDE,ruhl_2019,median,us60003r2r,2019-05-23T08:45:17.746000Z,United States,US,EarthScope PRIDE PPP-AR kin quality-passing stations,"127 km WSW of Adak, Alaska",6.000000,1,5.152252,3.470618,296.662772,45.254000,7.118895,1.118895,1.118895,pgd_cm>=2; min_stations>=1
pgd_ge_2cm,Station PGD >= 2 cm,AMPLITUDE,crowell_2016_gfast,median,us60007djn,2020-01-23T05:53:02.618000Z,United States,US,EarthScope PRIDE PPP-AR kin quality-passing stations,"84 km W of Adak, Alaska",6.200000,3,4.453190,3.390275,207.523077,442.382000,7.305370,1.105370,1.105370,pgd_cm>=2; min_stations>=1
pgd_ge_2cm,Station PGD >= 2 cm,AMPLITUDE,melgar_2015,median,us60007djn,2020-01-23T05:53:02.618000Z,United States,US,EarthScope PRIDE PPP-AR kin quality-passing stations,"84 km W of Adak, Alaska",6.200000,3,4.453190,3.390275,207.523077,442.382000,6.988941,0.788941,0.788941,pgd_cm>=2; min_stations>=1
pgd_ge_2cm,Station PGD >= 2 cm,AMPLITUDE,ruhl_2019,median,us60007djn,2020-01-23T05:53:02.618000Z,United States,US,EarthScope PRIDE PPP-AR kin quality-passing stations,"84 km W of Adak, Alaska",6.200000,3,4.453190,3.390275,207.523077,442.382000,6.786774,0.586774,0.586774,pgd_cm>=2; min_stations>=1
pgd_ge_2cm,Station PGD >= 2 cm,AMPLITUDE,crowell_2016_gfast,median,us60007idc,2020-01-28T19:10:24.918Z,Jamaica,Americas,EarthScope PRIDE PPP-AR kin quality-passing stations,"123 km NNW of Lucea, Jamaica",7.700000,1,6.793916,2.077169,263.894718,207.082000,7.658397,-0.041603,0.041603,pgd_cm>=2; min_stations>=1
pgd_ge_2cm,Station PGD >= 2 cm,AMPLITUDE,melgar_2015,median,us60007idc,2020-01-28T19:10:24.918Z,Jamaica,Americas,EarthScope PRIDE PPP-AR kin quality-passing stations,"123 km NNW of Lucea, Jamaica",7.700000,1,6.793916,2.077169,263.894718,207.082000,7.387494,-0.312506,0.312506,pgd_cm>=2; min_stations>=1
pgd_ge_2cm,Station PGD >= 2 cm,AMPLITUDE,ruhl_2019,median,us60007idc,2020-01-28T19:10:24.918Z,Jamaica,Americas,EarthScope PRIDE PPP-AR kin quality-passing stations,"123 km NNW of Lucea, Jamaica",7.700000,1,6.793916,2.077169,263.894718,207.082000,7.221727,-0.478273,0.478273,pgd_cm>=2; min_stations>=1
pgd_ge_2cm,Station PGD >= 2 cm,AMPLITUDE,crowell_2016_gfast,median,us6000ah9t,2020-06-23T15:29:04.350Z,Mexico,Americas,EarthScope PRIDE PPP-AR kin quality-passing stations,"9 km SE of Santa María Xadani, Mexico",7.400000,6,6.990064,4.402588,120.758990,34.650000,7.252859,-0.147141,0.147141,pgd_cm>=2; min_stations>=1
pgd_ge_2cm,Station PGD >= 2 cm,AMPLITUDE,melgar_2015,median,us6000ah9t,2020-06-23T15:29:04.350Z,Mexico,Americas,EarthScope PRIDE PPP-AR kin quality-passing stations,"9 km SE of Santa María Xadani, Mexico",7.400000,6,6.990064,4.402588,120.758990,34.650000,6.970871,-0.429130,0.429130,pgd_cm>=2; min_stations>=1
pgd_ge_2cm,Station PGD >= 2 cm,AMPLITUDE,ruhl_2019,median,us6000ah9t,2020-06-23T15:29:04.350Z,Mexico,Americas,EarthScope PRIDE PPP-AR kin quality-passing stations,"9 km SE of Santa María Xadani, Mexico",7.400000,6,6.990064,4.402588,120.758990,34.650000,6.762769,-0.637231,0.637231,pgd_cm>=2; min_stations>=1
pgd_ge_2cm,Station PGD >= 2 cm,AMPLITUDE,crowell_2016_gfast,median,us6000b56k,2020-07-28T08:03:43.215000Z,United States,US,EarthScope PRIDE PPP-AR kin quality-passing stations,"75 km SW of Sand Point, Alaska",6.100000,4,3.780557,2.500566,137.137239,211.285000,6.976497,0.876497,0.876497,pgd_cm>=2; min_stations>=1
pgd_ge_2cm,Station PGD >= 2 cm,AMPLITUDE,melgar_2015,median,us6000b56k,2020-07-28T08:03:43.215000Z,United States,US,EarthScope PRIDE PPP-AR kin quality-passing stations,"75 km SW of Sand Point, Alaska",6.100000,4,3.780557,2.500566,137.137239,211.285000,6.661658,0.561658,0.561658,pgd_cm>=2; min_stations>=1
pgd_ge_2cm,Station PGD >= 2 cm,AMPLITUDE,ruhl_2019,median,us6000b56k,2020-07-28T08:03:43.215000Z,United States,US,EarthScope PRIDE PPP-AR kin quality-passing stations,"75 km SW of Sand Point, Alaska",6.100000,4,3.780557,2.500566,137.137239,211.285000,6.430447,0.330447,0.330447,pgd_cm>=2; min_stations>=1
pgd_ge_2cm,Station PGD >= 2 cm,AMPLITUDE,crowell_2016_gfast,median,us6000exs5,2021-07-21T21:15:12.269Z,Panama,Americas,EarthScope PRIDE PPP-AR kin quality-passing stations,"71 km S of Burica, Panama",6.700000,1,3.352894,1.983561,264.427156,378.731000,7.347418,0.647418,0.647418,pgd_cm>=2; min_stations>=1
pgd_ge_2cm,Station PGD >= 2 cm,AMPLITUDE,melgar_2015,median,us6000exs5,2021-07-21T21:15:12.269Z,Panama,Americas,EarthScope PRIDE PPP-AR kin quality-passing stations,"71 km S of Burica, Panama",6.700000,1,3.352894,1.983561,264.427156,378.731000,6.958423,0.258423,0.258423,pgd_cm>=2; min_stations>=1
pgd_ge_2cm,Station PGD >= 2 cm,AMPLITUDE,ruhl_2019,median,us6000exs5,2021-07-21T21:15:12.269Z,Panama,Americas,EarthScope PRIDE PPP-AR kin quality-passing stations,"71 km S of Burica, Panama",6.700000,1,3.352894,1.983561,264.427156,378.731000,6.756844,0.056844,0.056844,pgd_cm>=2; min_stations>=1
pgd_ge_2cm,Station PGD >= 2 cm,AMPLITUDE,crowell_2016_gfast,median,us6000f652,2021-08-14T11:57:43.447000Z,United States,US,EarthScope PRIDE PPP-AR kin quality-passing stations,"125 km SE of Perryville, Alaska",6.900000,1,5.766437,1.445440,131.528481,193.553000,7.116766,0.216766,0.216766,pgd_cm>=2; min_stations>=1
pgd_ge_2cm,Station PGD >= 2 cm,AMPLITUDE,melgar_2015,median,us6000f652,2021-08-14T11:57:43.447000Z,United States,US,EarthScope PRIDE PPP-AR kin quality-passing stations,"125 km SE of Perryville, Alaska",6.900000,1,5.766437,1.445440,131.528481,193.553000,6.884545,-0.015455,0.015455,pgd_cm>=2; min_stations>=1
pgd_ge_2cm,Station PGD >= 2 cm,AMPLITUDE,ruhl_2019,median,us6000f652,2021-08-14T11:57:43.447000Z,United States,US,EarthScope PRIDE PPP-AR kin quality-passing stations,"125 km SE of Perryville, Alaska",6.900000,1,5.766437,1.445440,131.528481,193.553000,6.668985,-0.231015,0.231015,pgd_cm>=2; min_stations>=1
pgd_ge_2cm,Station PGD >= 2 cm,AMPLITUDE,crowell_2016_gfast,median,us6000f65h,2021-08-14T12:29:08.454Z,Haiti,Americas,EarthScope PRIDE PPP-AR kin quality-passing stations,"Nippes, Haiti",7.200000,5,3.781653,2.577033,253.405389,377.546000,7.371871,0.171871,0.171871,pgd_cm>=2; min_stations>=1
pgd_ge_2cm,Station PGD >= 2 cm,AMPLITUDE,melgar_2015,median,us6000f65h,2021-08-14T12:29:08.454Z,Haiti,Americas,EarthScope PRIDE PPP-AR kin quality-passing stations,"Nippes, Haiti",7.200000,5,3.781653,2.577033,253.405389,377.546000,7.007448,-0.192552,0.192552,pgd_cm>=2; min_stations>=1
pgd_ge_2cm,Station PGD >= 2 cm,AMPLITUDE,ruhl_2019,median,us6000f65h,2021-08-14T12:29:08.454Z,Haiti,Americas,EarthScope PRIDE PPP-AR kin quality-passing stations,"Nippes, Haiti",7.200000,5,3.781653,2.577033,253.405389,377.546000,6.809411,-0.390589,0.390589,pgd_cm>=2; min_stations>=1
pgd_ge_2cm,Station PGD >= 2 cm,AMPLITUDE,crowell_2016_gfast,median,us6000hf75,2022-04-21T07:42:46.508Z,Nicaragua,Americas,EarthScope PRIDE PPP-AR kin quality-passing stations,"55 km WSW of Masachapa, Nicaragua",6.600000,15,4.461536,2.479835,245.635416,545.492000,7.442086,0.842086,0.842086,pgd_cm>=2; min_stations>=1
pgd_ge_2cm,Station PGD >= 2 cm,AMPLITUDE,melgar_2015,median,us6000hf75,2022-04-21T07:42:46.508Z,Nicaragua,Americas,EarthScope PRIDE PPP-AR kin quality-passing stations,"55 km WSW of Masachapa, Nicaragua",6.600000,15,4.461536,2.479835,245.635416,545.492000,7.142787,0.542787,0.542787,pgd_cm>=2; min_stations>=1
pgd_ge_2cm,Station PGD >= 2 cm,AMPLITUDE,ruhl_2019,median,us6000hf75,2022-04-21T07:42:46.508Z,Nicaragua,Americas,EarthScope PRIDE PPP-AR kin quality-passing stations,"55 km WSW of Masachapa, Nicaragua",6.600000,15,4.461536,2.479835,245.635416,545.492000,6.955989,0.355989,0.355989,pgd_cm>=2; min_stations>=1
pgd_ge_2cm,Station PGD >= 2 cm,AMPLITUDE,crowell_2016_gfast,median,us6000iv6c,2022-10-20T11:57:12.575Z,Panama,Americas,EarthScope PRIDE PPP-AR kin quality-passing stations,"60 km SSW of Boca Chica, Panama",6.700000,2,4.962879,2.782049,197.004540,356.925000,7.280363,0.580363,0.580363,pgd_cm>=2; min_stations>=1
pgd_ge_2cm,Station PGD >= 2 cm,AMPLITUDE,melgar_2015,median,us6000iv6c,2022-10-20T11:57:12.575Z,Panama,Americas,EarthScope PRIDE PPP-AR kin quality-passing stations,"60 km SSW of Boca Chica, Panama",6.700000,2,4.962879,2.782049,197.004540,356.925000,6.973483,0.273483,0.273483,pgd_cm>=2; min_stations>=1
pgd_ge_2cm,Station PGD >= 2 cm,AMPLITUDE,ruhl_2019,median,us6000iv6c,2022-10-20T11:57:12.575Z,Panama,Americas,EarthScope PRIDE PPP-AR kin quality-passing stations,"60 km SSW of Boca Chica, Panama",6.700000,2,4.962879,2.782049,197.004540,356.925000,6.769270,0.069270,0.069270,pgd_cm>=2; min_stations>=1
pgd_ge_2cm,Station PGD >= 2 cm,AMPLITUDE,crowell_2016_gfast,median,us6000k20g,2023-04-04T22:18:12.640Z,Panama,Americas,EarthScope PRIDE PPP-AR kin quality-passing stations,"73 km S of Boca Chica, Panama",6.300000,4,5.904799,1.884498,225.779732,399.860000,7.484591,1.184591,1.184591,pgd_cm>=2; min_stations>=1
pgd_ge_2cm,Station PGD >= 2 cm,AMPLITUDE,melgar_2015,median,us6000k20g,2023-04-04T22:18:12.640Z,Panama,Americas,EarthScope PRIDE PPP-AR kin quality-passing stations,"73 km S of Boca Chica, Panama",6.300000,4,5.904799,1.884498,225.779732,399.860000,7.206352,0.906352,0.906352,pgd_cm>=2; min_stations>=1
pgd_ge_2cm,Station PGD >= 2 cm,AMPLITUDE,ruhl_2019,median,us6000k20g,2023-04-04T22:18:12.640Z,Panama,Americas,EarthScope PRIDE PPP-AR kin quality-passing stations,"73 km S of Boca Chica, Panama",6.300000,4,5.904799,1.884498,225.779732,399.860000,7.022991,0.722991,0.722991,pgd_cm>=2; min_stations>=1
pgd_ge_2cm,Station PGD >= 2 cm,AMPLITUDE,crowell_2016_gfast,median,us6000kcnb,2023-05-17T23:01:59.919Z,Guatemala,Americas,EarthScope PRIDE PPP-AR kin quality-passing stations,"8 km SE of Canillá, Guatemala",6.400000,2,6.720768,2.936939,331.695871,372.581000,7.806161,1.406161,1.406161,pgd_cm>=2; min_stations>=1
pgd_ge_2cm,Station PGD >= 2 cm,AMPLITUDE,melgar_2015,median,us6000kcnb,2023-05-17T23:01:59.919Z,Guatemala,Americas,EarthScope PRIDE PPP-AR kin quality-passing stations,"8 km SE of Canillá, Guatemala",6.400000,2,6.720768,2.936939,331.695871,372.581000,7.502982,1.102982,1.102982,pgd_cm>=2; min_stations>=1
pgd_ge_2cm,Station PGD >= 2 cm,AMPLITUDE,ruhl_2019,median,us6000kcnb,2023-05-17T23:01:59.919Z,Guatemala,Americas,EarthScope PRIDE PPP-AR kin quality-passing stations,"8 km SE of Canillá, Guatemala",6.400000,2,6.720768,2.936939,331.695871,372.581000,7.351368,0.951367,0.951367,pgd_cm>=2; min_stations>=1
pgd_ge_2cm,Station PGD >= 2 cm,AMPLITUDE,crowell_2016_gfast,median,us6000mzme,2024-05-19T09:35:24.660000Z,United States,US,EarthScope PRIDE PPP-AR kin quality-passing stations,"169 km SW of Nikolski, Alaska",6.000000,1,5.191936,3.585516,173.871350,9.340000,7.252982,1.252982,1.252982,pgd_cm>=2; min_stations>=1
pgd_ge_2cm,Station PGD >= 2 cm,AMPLITUDE,melgar_2015,median,us6000mzme,2024-05-19T09:35:24.660000Z,United States,US,EarthScope PRIDE PPP-AR kin quality-passing stations,"169 km SW of Nikolski, Alaska",6.000000,1,5.191936,3.585516,173.871350,9.340000,6.978843,0.978843,0.978843,pgd_cm>=2; min_stations>=1
pgd_ge_2cm,Station PGD >= 2 cm,AMPLITUDE,ruhl_2019,median,us6000mzme,2024-05-19T09:35:24.660000Z,United States,US,EarthScope PRIDE PPP-AR kin quality-passing stations,"169 km SW of Nikolski, Alaska",6.000000,1,5.191936,3.585516,173.871350,9.340000,6.773682,0.773682,0.773682,pgd_cm>=2; min_stations>=1
pgd_ge_2cm,Station PGD >= 2 cm,AMPLITUDE,crowell_2016_gfast,median,us6000nncs,2024-08-28T21:57:54.957Z,El Salvador,Americas,EarthScope PRIDE PPP-AR kin quality-passing stations,"56 km SSW of La Libertad, El Salvador",6.100000,2,4.735820,2.450645,187.581473,456.543000,7.178727,1.078727,1.078727,pgd_cm>=2; min_stations>=1
pgd_ge_2cm,Station PGD >= 2 cm,AMPLITUDE,melgar_2015,median,us6000nncs,2024-08-28T21:57:54.957Z,El Salvador,Americas,EarthScope PRIDE PPP-AR kin quality-passing stations,"56 km SSW of La Libertad, El Salvador",6.100000,2,4.735820,2.450645,187.581473,456.543000,6.889515,0.789515,0.789515,pgd_cm>=2; min_stations>=1
pgd_ge_2cm,Station PGD >= 2 cm,AMPLITUDE,ruhl_2019,median,us6000nncs,2024-08-28T21:57:54.957Z,El Salvador,Americas,EarthScope PRIDE PPP-AR kin quality-passing stations,"56 km SSW of La Libertad, El Salvador",6.100000,2,4.735820,2.450645,187.581473,456.543000,6.679689,0.579689,0.579689,pgd_cm>=2; min_stations>=1
pgd_ge_2cm,Station PGD >= 2 cm,AMPLITUDE,crowell_2016_gfast,median,us6000nyau,2024-10-12T17:43:44.516Z,Costa Rica,Americas,EarthScope PRIDE PPP-AR kin quality-passing stations,"40 km WNW of Tamarindo, Costa Rica",6.200000,2,4.372020,3.279818,130.403520,385.984000,6.987009,0.787009,0.787009,pgd_cm>=2; min_stations>=1
pgd_ge_2cm,Station PGD >= 2 cm,AMPLITUDE,melgar_2015,median,us6000nyau,2024-10-12T17:43:44.516Z,Costa Rica,Americas,EarthScope PRIDE PPP-AR kin quality-passing stations,"40 km WNW of Tamarindo, Costa Rica",6.200000,2,4.372020,3.279818,130.403520,385.984000,6.709452,0.509451,0.509451,pgd_cm>=2; min_stations>=1
pgd_ge_2cm,Station PGD >= 2 cm,AMPLITUDE,ruhl_2019,median,us6000nyau,2024-10-12T17:43:44.516Z,Costa Rica,Americas,EarthScope PRIDE PPP-AR kin quality-passing stations,"40 km WNW of Tamarindo, Costa Rica",6.200000,2,4.372020,3.279818,130.403520,385.984000,6.480550,0.280550,0.280550,pgd_cm>=2; min_stations>=1
pgd_ge_2cm,Station PGD >= 2 cm,AMPLITUDE,crowell_2016_gfast,median,us6000pi09,2025-01-05T17:18:45.784Z,El Salvador,Americas,EarthScope PRIDE PPP-AR kin quality-passing stations,"56 km SSE of La Libertad, El Salvador",6.200000,1,4.830787,2.326389,249.455911,591.216000,7.467775,1.267775,1.267775,pgd_cm>=2; min_stations>=1
pgd_ge_2cm,Station PGD >= 2 cm,AMPLITUDE,melgar_2015,median,us6000pi09,2025-01-05T17:18:45.784Z,El Salvador,Americas,EarthScope PRIDE PPP-AR kin quality-passing stations,"56 km SSE of La Libertad, El Salvador",6.200000,1,4.830787,2.326389,249.455911,591.216000,7.145925,0.945925,0.945925,pgd_cm>=2; min_stations>=1
pgd_ge_2cm,Station PGD >= 2 cm,AMPLITUDE,ruhl_2019,median,us6000pi09,2025-01-05T17:18:45.784Z,El Salvador,Americas,EarthScope PRIDE PPP-AR kin quality-passing stations,"56 km SSE of La Libertad, El Salvador",6.200000,1,4.830787,2.326389,249.455911,591.216000,6.959129,0.759129,0.759129,pgd_cm>=2; min_stations>=1
pgd_ge_2cm,Station PGD >= 2 cm,AMPLITUDE,crowell_2016_gfast,median,us6000pjig,2025-01-12T08:32:49.944Z,Mexico,Americas,EarthScope PRIDE PPP-AR kin quality-passing stations,"18 km SE of Aquila, Mexico",6.200000,10,5.479973,2.545190,166.797590,329.056000,7.261449,1.061449,1.061449,pgd_cm>=2; min_stations>=1
pgd_ge_2cm,Station PGD >= 2 cm,AMPLITUDE,melgar_2015,median,us6000pjig,2025-01-12T08:32:49.944Z,Mexico,Americas,EarthScope PRIDE PPP-AR kin quality-passing stations,"18 km SE of Aquila, Mexico",6.200000,10,5.479973,2.545190,166.797590,329.056000,6.962408,0.762408,0.762408,pgd_cm>=2; min_stations>=1
pgd_ge_2cm,Station PGD >= 2 cm,AMPLITUDE,ruhl_2019,median,us6000pjig,2025-01-12T08:32:49.944Z,Mexico,Americas,EarthScope PRIDE PPP-AR kin quality-passing stations,"18 km SE of Aquila, Mexico",6.200000,10,5.479973,2.545190,166.797590,329.056000,6.754986,0.554986,0.554986,pgd_cm>=2; min_stations>=1
pgd_ge_2cm,Station PGD >= 2 cm,AMPLITUDE,crowell_2016_gfast,median,us6000r3at,2025-08-23T09:14:22.210Z,El Salvador,Americas,EarthScope PRIDE PPP-AR kin quality-passing stations,"88 km SW of Acajutla, El Salvador",6.000000,1,8.531547,2.238720,160.078243,540.790000,7.408566,1.408566,1.408566,pgd_cm>=2; min_stations>=1
pgd_ge_2cm,Station PGD >= 2 cm,AMPLITUDE,melgar_2015,median,us6000r3at,2025-08-23T09:14:22.210Z,El Salvador,Americas,EarthScope PRIDE PPP-AR kin quality-passing stations,"88 km SW of Acajutla, El Salvador",6.000000,1,8.531547,2.238720,160.078243,540.790000,7.222688,1.222688,1.222688,pgd_cm>=2; min_stations>=1
pgd_ge_2cm,Station PGD >= 2 cm,AMPLITUDE,ruhl_2019,median,us6000r3at,2025-08-23T09:14:22.210Z,El Salvador,Americas,EarthScope PRIDE PPP-AR kin quality-passing stations,"88 km SW of Acajutla, El Salvador",6.000000,1,8.531547,2.238720,160.078243,540.790000,7.035431,1.035431,1.035431,pgd_cm>=2; min_stations>=1
pgd_ge_2cm,Station PGD >= 2 cm,AMPLITUDE,crowell_2016_gfast,median,us6000rjq8,2025-10-27T12:38:40.364Z,Guadeloupe,Americas,EarthScope PRIDE PPP-AR kin quality-passing stations,"164 km E of Beauséjour, Guadeloupe",6.500000,7,5.154125,2.253964,277.307086,144.636000,7.565377,1.065377,1.065377,pgd_cm>=2; min_stations>=1
pgd_ge_2cm,Station PGD >= 2 cm,AMPLITUDE,melgar_2015,median,us6000rjq8,2025-10-27T12:38:40.364Z,Guadeloupe,Americas,EarthScope PRIDE PPP-AR kin quality-passing stations,"164 km E of Beauséjour, Guadeloupe",6.500000,7,5.154125,2.253964,277.307086,144.636000,7.240656,0.740656,0.740656,pgd_cm>=2; min_stations>=1
pgd_ge_2cm,Station PGD >= 2 cm,AMPLITUDE,ruhl_2019,median,us6000rjq8,2025-10-27T12:38:40.364Z,Guadeloupe,Americas,EarthScope PRIDE PPP-AR kin quality-passing stations,"164 km E of Beauséjour, Guadeloupe",6.500000,7,5.154125,2.253964,277.307086,144.636000,7.063442,0.563442,0.563442,pgd_cm>=2; min_stations>=1
pgd_ge_2cm,Station PGD >= 2 cm,AMPLITUDE,crowell_2016_gfast,median,us6000rsy1,2025-12-06T20:41:49.288000Z,United States,US,EarthScope PRIDE PPP-AR kin quality-passing stations,2025 Hubbard Glacier Earthquake,7.000000,1,9.170311,2.379436,255.862088,316.712000,7.768343,0.768343,0.768343,pgd_cm>=2; min_stations>=1
pgd_ge_2cm,Station PGD >= 2 cm,AMPLITUDE,melgar_2015,median,us6000rsy1,2025-12-06T20:41:49.288000Z,United States,US,EarthScope PRIDE PPP-AR kin quality-passing stations,2025 Hubbard Glacier Earthquake,7.000000,1,9.170311,2.379436,255.862088,316.712000,7.550609,0.550609,0.550609,pgd_cm>=2; min_stations>=1
pgd_ge_2cm,Station PGD >= 2 cm,AMPLITUDE,ruhl_2019,median,us6000rsy1,2025-12-06T20:41:49.288000Z,United States,US,EarthScope PRIDE PPP-AR kin quality-passing stations,2025 Hubbard Glacier Earthquake,7.000000,1,9.170311,2.379436,255.862088,316.712000,7.397840,0.397840,0.397840,pgd_cm>=2; min_stations>=1
pgd_ge_2cm,Station PGD >= 2 cm,AMPLITUDE,crowell_2016_gfast,median,us6000sayv,2026-02-23T05:11:48.410000Z,United States,US,EarthScope PRIDE PPP-AR kin quality-passing stations,"96 km SW of Nikolski, Alaska",6.000000,2,2.475931,2.144998,190.719927,300.590000,6.929928,0.929928,0.929928,pgd_cm>=2; min_stations>=1
pgd_ge_2cm,Station PGD >= 2 cm,AMPLITUDE,melgar_2015,median,us6000sayv,2026-02-23T05:11:48.410000Z,United States,US,EarthScope PRIDE PPP-AR kin quality-passing stations,"96 km SW of Nikolski, Alaska",6.000000,2,2.475931,2.144998,190.719927,300.590000,6.534123,0.534123,0.534123,pgd_cm>=2; min_stations>=1
pgd_ge_2cm,Station PGD >= 2 cm,AMPLITUDE,ruhl_2019,median,us6000sayv,2026-02-23T05:11:48.410000Z,United States,US,EarthScope PRIDE PPP-AR kin quality-passing stations,"96 km SW of Nikolski, Alaska",6.000000,2,2.475931,2.144998,190.719927,300.590000,6.296071,0.296071,0.296071,pgd_cm>=2; min_stations>=1
pgd_ge_2cm,Station PGD >= 2 cm,AMPLITUDE,crowell_2016_gfast,median,us6000sy84,2026-05-16T14:50:05.533Z,Antigua and Barbuda,Americas,EarthScope PRIDE PPP-AR kin quality-passing stations,"61 km ESE of Codrington, Antigua and Barbuda",6.000000,12,6.378699,2.155517,131.704420,319.967000,7.180308,1.180308,1.180308,pgd_cm>=2; min_stations>=1
pgd_ge_2cm,Station PGD >= 2 cm,AMPLITUDE,melgar_2015,median,us6000sy84,2026-05-16T14:50:05.533Z,Antigua and Barbuda,Americas,EarthScope PRIDE PPP-AR kin quality-passing stations,"61 km ESE of Codrington, Antigua and Barbuda",6.000000,12,6.378699,2.155517,131.704420,319.967000,7.010727,1.010727,1.010727,pgd_cm>=2; min_stations>=1
pgd_ge_2cm,Station PGD >= 2 cm,AMPLITUDE,ruhl_2019,median,us6000sy84,2026-05-16T14:50:05.533Z,Antigua and Barbuda,Americas,EarthScope PRIDE PPP-AR kin quality-passing stations,"61 km ESE of Codrington, Antigua and Barbuda",6.000000,12,6.378699,2.155517,131.704420,319.967000,6.801926,0.801926,0.801926,pgd_cm>=2; min_stations>=1
pgd_ge_2cm,Station PGD >= 2 cm,AMPLITUDE,crowell_2016_gfast,median,us6000t7zc,2026-06-24T22:04:33.389000Z,Venezuela,Americas,EarthScope PRIDE PPP-AR kin quality-passing stations,"23 km SE of Yumare, Venezuela",7.200000,29,7.193789,2.303159,906.196268,238.611000,8.705089,1.505089,1.505089,pgd_cm>=2; min_stations>=1
pgd_ge_2cm,Station PGD >= 2 cm,AMPLITUDE,melgar_2015,median,us6000t7zc,2026-06-24T22:04:33.389000Z,Venezuela,Americas,EarthScope PRIDE PPP-AR kin quality-passing stations,"23 km SE of Yumare, Venezuela",7.200000,29,7.193789,2.303159,906.196268,238.611000,8.285144,1.085144,1.085144,pgd_cm>=2; min_stations>=1
pgd_ge_2cm,Station PGD >= 2 cm,AMPLITUDE,ruhl_2019,median,us6000t7zc,2026-06-24T22:04:33.389000Z,Venezuela,Americas,EarthScope PRIDE PPP-AR kin quality-passing stations,"23 km SE of Yumare, Venezuela",7.200000,29,7.193789,2.303159,906.196268,238.611000,8.236026,1.036026,1.036026,pgd_cm>=2; min_stations>=1
pgd_ge_2cm,Station PGD >= 2 cm,AMPLITUDE,crowell_2016_gfast,median,us6000t7zp,2026-06-24T22:05:11.566000Z,Venezuela,Americas,EarthScope PRIDE PPP-AR kin quality-passing stations,"28 km SE of Yumare, Venezuela",7.500000,29,7.217659,2.398535,905.580215,206.434000,8.696148,1.196148,1.196148,pgd_cm>=2; min_stations>=1
pgd_ge_2cm,Station PGD >= 2 cm,AMPLITUDE,melgar_2015,median,us6000t7zp,2026-06-24T22:05:11.566000Z,Venezuela,Americas,EarthScope PRIDE PPP-AR kin quality-passing stations,"28 km SE of Yumare, Venezuela",7.500000,29,7.217659,2.398535,905.580215,206.434000,8.276020,0.776020,0.776020,pgd_cm>=2; min_stations>=1
pgd_ge_2cm,Station PGD >= 2 cm,AMPLITUDE,ruhl_2019,median,us6000t7zp,2026-06-24T22:05:11.566000Z,Venezuela,Americas,EarthScope PRIDE PPP-AR kin quality-passing stations,"28 km SE of Yumare, Venezuela",7.500000,29,7.217659,2.398535,905.580215,206.434000,8.225745,0.725745,0.725745,pgd_cm>=2; min_stations>=1
pgd_ge_2cm,Station PGD >= 2 cm,AMPLITUDE,crowell_2016_gfast,median,us70003k3p,2019-05-12T19:24:50.373Z,Panama,Americas,EarthScope PRIDE PPP-AR kin quality-passing stations,"1 km W of Breñón, Panama",6.000000,1,7.676445,1.448265,104.200874,569.627000,7.088872,1.088872,1.088872,pgd_cm>=2; min_stations>=1
pgd_ge_2cm,Station PGD >= 2 cm,AMPLITUDE,melgar_2015,median,us70003k3p,2019-05-12T19:24:50.373Z,Panama,Americas,EarthScope PRIDE PPP-AR kin quality-passing stations,"1 km W of Breñón, Panama",6.000000,1,7.676445,1.448265,104.200874,569.627000,6.921180,0.921180,0.921180,pgd_cm>=2; min_stations>=1
pgd_ge_2cm,Station PGD >= 2 cm,AMPLITUDE,ruhl_2019,median,us70003k3p,2019-05-12T19:24:50.373Z,Panama,Americas,EarthScope PRIDE PPP-AR kin quality-passing stations,"1 km W of Breñón, Panama",6.000000,1,7.676445,1.448265,104.200874,569.627000,6.705893,0.705893,0.705893,pgd_cm>=2; min_stations>=1
pgd_ge_2cm,Station PGD >= 2 cm,AMPLITUDE,crowell_2016_gfast,median,us7000455l,2019-06-26T05:23:51.514Z,Panama,Americas,EarthScope PRIDE PPP-AR kin quality-passing stations,"4 km SE of Aserrío de Gariché, Panama",6.200000,2,11.240696,2.076124,117.626505,99.986000,7.313356,1.113356,1.113356,pgd_cm>=2; min_stations>=1
pgd_ge_2cm,Station PGD >= 2 cm,AMPLITUDE,melgar_2015,median,us7000455l,2019-06-26T05:23:51.514Z,Panama,Americas,EarthScope PRIDE PPP-AR kin quality-passing stations,"4 km SE of Aserrío de Gariché, Panama",6.200000,2,11.240696,2.076124,117.626505,99.986000,7.193993,0.993993,0.993993,pgd_cm>=2; min_stations>=1
pgd_ge_2cm,Station PGD >= 2 cm,AMPLITUDE,ruhl_2019,median,us7000455l,2019-06-26T05:23:51.514Z,Panama,Americas,EarthScope PRIDE PPP-AR kin quality-passing stations,"4 km SE of Aserrío de Gariché, Panama",6.200000,2,11.240696,2.076124,117.626505,99.986000,7.000191,0.800191,0.800191,pgd_cm>=2; min_stations>=1
pgd_ge_2cm,Station PGD >= 2 cm,AMPLITUDE,crowell_2016_gfast,median,us700059qh,2019-08-29T15:07:58.646000Z,United States,US,EarthScope PRIDE PPP-AR kin quality-passing stations,"285 km W of Bandon, Oregon",6.300000,2,2.755439,2.260882,289.470312,228.354000,7.322856,1.022856,1.022856,pgd_cm>=2; min_stations>=1
pgd_ge_2cm,Station PGD >= 2 cm,AMPLITUDE,melgar_2015,median,us700059qh,2019-08-29T15:07:58.646000Z,United States,US,EarthScope PRIDE PPP-AR kin quality-passing stations,"285 km W of Bandon, Oregon",6.300000,2,2.755439,2.260882,289.470312,228.354000,6.890643,0.590643,0.590643,pgd_cm>=2; min_stations>=1
pgd_ge_2cm,Station PGD >= 2 cm,AMPLITUDE,ruhl_2019,median,us700059qh,2019-08-29T15:07:58.646000Z,United States,US,EarthScope PRIDE PPP-AR kin quality-passing stations,"285 km W of Bandon, Oregon",6.300000,2,2.755439,2.260882,289.470312,228.354000,6.684501,0.384501,0.384501,pgd_cm>=2; min_stations>=1
pgd_ge_2cm,Station PGD >= 2 cm,AMPLITUDE,crowell_2016_gfast,median,us70008jr5,2020-03-31T23:52:30.781000Z,United States,US,EarthScope PRIDE PPP-AR kin quality-passing stations,"Stanley, Idaho",6.500000,11,3.752079,2.573552,130.962470,325.219000,6.979206,0.479206,0.479206,pgd_cm>=2; min_stations>=1
pgd_ge_2cm,Station PGD >= 2 cm,AMPLITUDE,melgar_2015,median,us70008jr5,2020-03-31T23:52:30.781000Z,United States,US,EarthScope PRIDE PPP-AR kin quality-passing stations,"Stanley, Idaho",6.500000,11,3.752079,2.573552,130.962470,325.219000,6.706861,0.206861,0.206861,pgd_cm>=2; min_stations>=1
pgd_ge_2cm,Station PGD >= 2 cm,AMPLITUDE,ruhl_2019,median,us70008jr5,2020-03-31T23:52:30.781000Z,United States,US,EarthScope PRIDE PPP-AR kin quality-passing stations,"Stanley, Idaho",6.500000,11,3.752079,2.573552,130.962470,325.219000,6.476143,-0.023857,0.023857,pgd_cm>=2; min_stations>=1
pgd_ge_2cm,Station PGD >= 2 cm,AMPLITUDE,crowell_2016_gfast,median,us7000asx4,2020-07-22T06:16:18.627000Z,United States,US,EarthScope PRIDE PPP-AR kin quality-passing stations,"101 km ESE of Sand Point, Alaska",6.100000,5,22.284104,1.322300,101.866124,311.373000,7.253232,1.153232,1.153232,pgd_cm>=2; min_stations>=1
pgd_ge_2cm,Station PGD >= 2 cm,AMPLITUDE,melgar_2015,median,us7000asx4,2020-07-22T06:16:18.627000Z,United States,US,EarthScope PRIDE PPP-AR kin quality-passing stations,"101 km ESE of Sand Point, Alaska",6.100000,5,22.284104,1.322300,101.866124,311.373000,7.300080,1.200080,1.200080,pgd_cm>=2; min_stations>=1
pgd_ge_2cm,Station PGD >= 2 cm,AMPLITUDE,ruhl_2019,median,us7000asx4,2020-07-22T06:16:18.627000Z,United States,US,EarthScope PRIDE PPP-AR kin quality-passing stations,"101 km ESE of Sand Point, Alaska",6.100000,5,22.284104,1.322300,101.866124,311.373000,7.112787,1.012787,1.012787,pgd_cm>=2; min_stations>=1
pgd_ge_2cm,Station PGD >= 2 cm,AMPLITUDE,crowell_2016_gfast,median,us7000bcbv,2020-08-24T21:51:09.259Z,Costa Rica,Americas,EarthScope PRIDE PPP-AR kin quality-passing stations,"4 km SSW of Jacó, Costa Rica",6.000000,2,9.410502,1.873385,123.673617,490.741000,7.247327,1.247327,1.247327,pgd_cm>=2; min_stations>=1
pgd_ge_2cm,Station PGD >= 2 cm,AMPLITUDE,melgar_2015,median,us7000bcbv,2020-08-24T21:51:09.259Z,Costa Rica,Americas,EarthScope PRIDE PPP-AR kin quality-passing stations,"4 km SSW of Jacó, Costa Rica",6.000000,2,9.410502,1.873385,123.673617,490.741000,7.090314,1.090314,1.090314,pgd_cm>=2; min_stations>=1
pgd_ge_2cm,Station PGD >= 2 cm,AMPLITUDE,ruhl_2019,median,us7000bcbv,2020-08-24T21:51:09.259Z,Costa Rica,Americas,EarthScope PRIDE PPP-AR kin quality-passing stations,"4 km SSW of Jacó, Costa Rica",6.000000,2,9.410502,1.873385,123.673617,490.741000,6.889125,0.889125,0.889125,pgd_cm>=2; min_stations>=1
pgd_ge_2cm,Station PGD >= 2 cm,AMPLITUDE,crowell_2016_gfast,median,us7000clnv,2020-12-01T16:22:39.923000Z,United States,US,EarthScope PRIDE PPP-AR kin quality-passing stations,"46 km ESE of Nikolski, Alaska",6.400000,2,4.731509,2.898855,111.301898,388.077000,6.840561,0.440561,0.440561,pgd_cm>=2; min_stations>=1
pgd_ge_2cm,Station PGD >= 2 cm,AMPLITUDE,melgar_2015,median,us7000clnv,2020-12-01T16:22:39.923000Z,United States,US,EarthScope PRIDE PPP-AR kin quality-passing stations,"46 km ESE of Nikolski, Alaska",6.400000,2,4.731509,2.898855,111.301898,388.077000,6.595575,0.195575,0.195575,pgd_cm>=2; min_stations>=1
pgd_ge_2cm,Station PGD >= 2 cm,AMPLITUDE,ruhl_2019,median,us7000clnv,2020-12-01T16:22:39.923000Z,United States,US,EarthScope PRIDE PPP-AR kin quality-passing stations,"46 km ESE of Nikolski, Alaska",6.400000,2,4.731509,2.898855,111.301898,388.077000,6.357261,-0.042739,0.042739,pgd_cm>=2; min_stations>=1
pgd_ge_2cm,Station PGD >= 2 cm,AMPLITUDE,crowell_2016_gfast,median,us7000e2c6,2021-05-12T08:45:44.539Z,El Salvador,Americas,EarthScope PRIDE PPP-AR kin quality-passing stations,"55 km SW of Acajutla, El Salvador",6.000000,1,2.892905,1.827692,130.769862,51.461000,6.827005,0.827005,0.827005,pgd_cm>=2; min_stations>=1
pgd_ge_2cm,Station PGD >= 2 cm,AMPLITUDE,melgar_2015,median,us7000e2c6,2021-05-12T08:45:44.539Z,El Salvador,Americas,EarthScope PRIDE PPP-AR kin quality-passing stations,"55 km SW of Acajutla, El Salvador",6.000000,1,2.892905,1.827692,130.769862,51.461000,6.484557,0.484557,0.484557,pgd_cm>=2; min_stations>=1
pgd_ge_2cm,Station PGD >= 2 cm,AMPLITUDE,ruhl_2019,median,us7000e2c6,2021-05-12T08:45:44.539Z,El Salvador,Americas,EarthScope PRIDE PPP-AR kin quality-passing stations,"55 km SW of Acajutla, El Salvador",6.000000,1,2.892905,1.827692,130.769862,51.461000,6.238847,0.238847,0.238847,pgd_cm>=2; min_stations>=1
pgd_ge_2cm,Station PGD >= 2 cm,AMPLITUDE,crowell_2016_gfast,median,us7000e2rq,2021-05-13T09:42:12.044Z,Panama,Americas,EarthScope PRIDE PPP-AR kin quality-passing stations,"154 km SSE of Punta de Burica, Panama",6.100000,1,3.776003,1.904287,267.901701,44.956000,7.409154,1.309154,1.309154,pgd_cm>=2; min_stations>=1
pgd_ge_2cm,Station PGD >= 2 cm,AMPLITUDE,melgar_2015,median,us7000e2rq,2021-05-13T09:42:12.044Z,Panama,Americas,EarthScope PRIDE PPP-AR kin quality-passing stations,"154 km SSE of Punta de Burica, Panama",6.100000,1,3.776003,1.904287,267.901701,44.956000,7.038566,0.938566,0.938566,pgd_cm>=2; min_stations>=1
pgd_ge_2cm,Station PGD >= 2 cm,AMPLITUDE,ruhl_2019,median,us7000e2rq,2021-05-13T09:42:12.044Z,Panama,Americas,EarthScope PRIDE PPP-AR kin quality-passing stations,"154 km SSE of Punta de Burica, Panama",6.100000,1,3.776003,1.904287,267.901701,44.956000,6.843864,0.743864,0.743864,pgd_cm>=2; min_stations>=1
pgd_ge_2cm,Station PGD >= 2 cm,AMPLITUDE,crowell_2016_gfast,median,us7000emzy,2021-07-17T20:56:10.107Z,Panama,Americas,EarthScope PRIDE PPP-AR kin quality-passing stations,"135 km S of Burica, Panama",6.100000,1,8.764964,2.140418,283.564210,436.893000,7.824321,1.724321,1.724321,pgd_cm>=2; min_stations>=1
pgd_ge_2cm,Station PGD >= 2 cm,AMPLITUDE,melgar_2015,median,us7000emzy,2021-07-17T20:56:10.107Z,Panama,Americas,EarthScope PRIDE PPP-AR kin quality-passing stations,"135 km S of Burica, Panama",6.100000,1,8.764964,2.140418,283.564210,436.893000,7.588555,1.488555,1.488555,pgd_cm>=2; min_stations>=1
pgd_ge_2cm,Station PGD >= 2 cm,AMPLITUDE,ruhl_2019,median,us7000emzy,2021-07-17T20:56:10.107Z,Panama,Americas,EarthScope PRIDE PPP-AR kin quality-passing stations,"135 km S of Burica, Panama",6.100000,1,8.764964,2.140418,283.564210,436.893000,7.441087,1.341087,1.341087,pgd_cm>=2; min_stations>=1
pgd_ge_2cm,Station PGD >= 2 cm,AMPLITUDE,crowell_2016_gfast,median,us7000f93v,2021-09-08T01:47:47.437Z,Mexico,Americas,EarthScope PRIDE PPP-AR kin quality-passing stations,"Acapulco, Mexico",7.000000,6,4.159590,2.516941,272.839539,97.063000,7.464161,0.464161,0.464161,pgd_cm>=2; min_stations>=1
pgd_ge_2cm,Station PGD >= 2 cm,AMPLITUDE,melgar_2015,median,us7000f93v,2021-09-08T01:47:47.437Z,Mexico,Americas,EarthScope PRIDE PPP-AR kin quality-passing stations,"Acapulco, Mexico",7.000000,6,4.159590,2.516941,272.839539,97.063000,7.104817,0.104817,0.104817,pgd_cm>=2; min_stations>=1
pgd_ge_2cm,Station PGD >= 2 cm,AMPLITUDE,ruhl_2019,median,us7000f93v,2021-09-08T01:47:47.437Z,Mexico,Americas,EarthScope PRIDE PPP-AR kin quality-passing stations,"Acapulco, Mexico",7.000000,6,4.159590,2.516941,272.839539,97.063000,6.916049,-0.083951,0.083951,pgd_cm>=2; min_stations>=1
pgd_ge_2cm,Station PGD >= 2 cm,AMPLITUDE,crowell_2016_gfast,median,us7000fdds,2021-09-22T09:57:07.023Z,Nicaragua,Americas,EarthScope PRIDE PPP-AR kin quality-passing stations,"80 km SW of Jiquilillo, Nicaragua",6.500000,1,3.943323,1.975881,221.003982,500.977000,7.295276,0.795276,0.795276,pgd_cm>=2; min_stations>=1
pgd_ge_2cm,Station PGD >= 2 cm,AMPLITUDE,melgar_2015,median,us7000fdds,2021-09-22T09:57:07.023Z,Nicaragua,Americas,EarthScope PRIDE PPP-AR kin quality-passing stations,"80 km SW of Jiquilillo, Nicaragua",6.500000,1,3.943323,1.975881,221.003982,500.977000,6.952386,0.452386,0.452386,pgd_cm>=2; min_stations>=1
pgd_ge_2cm,Station PGD >= 2 cm,AMPLITUDE,ruhl_2019,median,us7000fdds,2021-09-22T09:57:07.023Z,Nicaragua,Americas,EarthScope PRIDE PPP-AR kin quality-passing stations,"80 km SW of Jiquilillo, Nicaragua",6.500000,1,3.943323,1.975881,221.003982,500.977000,6.748048,0.248048,0.248048,pgd_cm>=2; min_stations>=1
pgd_ge_2cm,Station PGD >= 2 cm,AMPLITUDE,crowell_2016_gfast,median,us7000fskw,2021-11-09T06:25:14.907Z,Nicaragua,Americas,EarthScope PRIDE PPP-AR kin quality-passing stations,"62 km S of Masachapa, Nicaragua",6.300000,3,4.908370,2.619683,186.392113,267.093000,7.114525,0.814525,0.814525,pgd_cm>=2; min_stations>=1
pgd_ge_2cm,Station PGD >= 2 cm,AMPLITUDE,melgar_2015,median,us7000fskw,2021-11-09T06:25:14.907Z,Nicaragua,Americas,EarthScope PRIDE PPP-AR kin quality-passing stations,"62 km S of Masachapa, Nicaragua",6.300000,3,4.908370,2.619683,186.392113,267.093000,6.763215,0.463215,0.463215,pgd_cm>=2; min_stations>=1
pgd_ge_2cm,Station PGD >= 2 cm,AMPLITUDE,ruhl_2019,median,us7000fskw,2021-11-09T06:25:14.907Z,Nicaragua,Americas,EarthScope PRIDE PPP-AR kin quality-passing stations,"62 km S of Masachapa, Nicaragua",6.300000,3,4.908370,2.619683,186.392113,267.093000,6.541808,0.241808,0.241808,pgd_cm>=2; min_stations>=1
pgd_ge_2cm,Station PGD >= 2 cm,AMPLITUDE,crowell_2016_gfast,median,us7000g9nb,2022-01-06T16:25:05.973Z,Nicaragua,Americas,EarthScope PRIDE PPP-AR kin quality-passing stations,near the coast of Nicaragua,6.100000,6,8.473334,1.529498,92.895889,167.527000,7.153415,1.053415,1.053415,pgd_cm>=2; min_stations>=1
pgd_ge_2cm,Station PGD >= 2 cm,AMPLITUDE,melgar_2015,median,us7000g9nb,2022-01-06T16:25:05.973Z,Nicaragua,Americas,EarthScope PRIDE PPP-AR kin quality-passing stations,near the coast of Nicaragua,6.100000,6,8.473334,1.529498,92.895889,167.527000,7.095169,0.995170,0.995170,pgd_cm>=2; min_stations>=1
pgd_ge_2cm,Station PGD >= 2 cm,AMPLITUDE,ruhl_2019,median,us7000g9nb,2022-01-06T16:25:05.973Z,Nicaragua,Americas,EarthScope PRIDE PPP-AR kin quality-passing stations,near the coast of Nicaragua,6.100000,6,8.473334,1.529498,92.895889,167.527000,6.889287,0.789287,0.789287,pgd_cm>=2; min_stations>=1
pgd_ge_2cm,Station PGD >= 2 cm,AMPLITUDE,crowell_2016_gfast,median,us7000gavu,2022-01-11T11:35:43.674000Z,United States,US,EarthScope PRIDE PPP-AR kin quality-passing stations,"100 km SE of Nikolski, Alaska",6.800000,1,5.648230,3.129598,103.879488,531.326000,6.962258,0.162258,0.162258,pgd_cm>=2; min_stations>=1
pgd_ge_2cm,Station PGD >= 2 cm,AMPLITUDE,melgar_2015,median,us7000gavu,2022-01-11T11:35:43.674000Z,United States,US,EarthScope PRIDE PPP-AR kin quality-passing stations,"100 km SE of Nikolski, Alaska",6.800000,1,5.648230,3.129598,103.879488,531.326000,6.746175,-0.053825,0.053825,pgd_cm>=2; min_stations>=1
pgd_ge_2cm,Station PGD >= 2 cm,AMPLITUDE,ruhl_2019,median,us7000gavu,2022-01-11T11:35:43.674000Z,United States,US,EarthScope PRIDE PPP-AR kin quality-passing stations,"100 km SE of Nikolski, Alaska",6.800000,1,5.648230,3.129598,103.879488,531.326000,6.518130,-0.281870,0.281870,pgd_cm>=2; min_stations>=1
pgd_ge_2cm,Station PGD >= 2 cm,AMPLITUDE,crowell_2016_gfast,median,us7000gawk,2022-01-11T12:39:32.454000Z,United States,US,EarthScope PRIDE PPP-AR kin quality-passing stations,"53 km SE of Nikolski, Alaska",6.600000,1,4.652247,3.238753,59.276557,322.546000,6.563129,-0.036871,0.036871,pgd_cm>=2; min_stations>=1
pgd_ge_2cm,Station PGD >= 2 cm,AMPLITUDE,melgar_2015,median,us7000gawk,2022-01-11T12:39:32.454000Z,United States,US,EarthScope PRIDE PPP-AR kin quality-passing stations,"53 km SE of Nikolski, Alaska",6.600000,1,4.652247,3.238753,59.276557,322.546000,6.358463,-0.241537,0.241537,pgd_cm>=2; min_stations>=1
pgd_ge_2cm,Station PGD >= 2 cm,AMPLITUDE,ruhl_2019,median,us7000gawk,2022-01-11T12:39:32.454000Z,United States,US,EarthScope PRIDE PPP-AR kin quality-passing stations,"53 km SE of Nikolski, Alaska",6.600000,1,4.652247,3.238753,59.276557,322.546000,6.099837,-0.500163,0.500163,pgd_cm>=2; min_stations>=1
pgd_ge_2cm,Station PGD >= 2 cm,AMPLITUDE,crowell_2016_gfast,median,us7000ge5q,2022-01-22T05:17:04.896000Z,United States,US,EarthScope PRIDE PPP-AR kin quality-passing stations,"71 km S of Unalaska, Alaska",6.200000,1,5.468994,2.040272,150.911609,351.104000,7.182475,0.982475,0.982475,pgd_cm>=2; min_stations>=1
pgd_ge_2cm,Station PGD >= 2 cm,AMPLITUDE,melgar_2015,median,us7000ge5q,2022-01-22T05:17:04.896000Z,United States,US,EarthScope PRIDE PPP-AR kin quality-passing stations,"71 km S of Unalaska, Alaska",6.200000,1,5.468994,2.040272,150.911609,351.104000,6.929728,0.729728,0.729728,pgd_cm>=2; min_stations>=1
pgd_ge_2cm,Station PGD >= 2 cm,AMPLITUDE,ruhl_2019,median,us7000ge5q,2022-01-22T05:17:04.896000Z,United States,US,EarthScope PRIDE PPP-AR kin quality-passing stations,"71 km S of Unalaska, Alaska",6.200000,1,5.468994,2.040272,150.911609,351.104000,6.719098,0.519098,0.519098,pgd_cm>=2; min_stations>=1
pgd_ge_2cm,Station PGD >= 2 cm,AMPLITUDE,crowell_2016_gfast,median,us7000i9bw,2022-09-19T18:05:08.217Z,Mexico,Americas,EarthScope PRIDE PPP-AR kin quality-passing stations,"35 km SSW of Aguililla, Mexico",7.600000,11,14.105091,6.391013,206.010464,64.783000,7.737085,0.137085,0.137085,pgd_cm>=2; min_stations>=1
pgd_ge_2cm,Station PGD >= 2 cm,AMPLITUDE,melgar_2015,median,us7000i9bw,2022-09-19T18:05:08.217Z,Mexico,Americas,EarthScope PRIDE PPP-AR kin quality-passing stations,"35 km SSW of Aguililla, Mexico",7.600000,11,14.105091,6.391013,206.010464,64.783000,7.618761,0.018761,0.018761,pgd_cm>=2; min_stations>=1
pgd_ge_2cm,Station PGD >= 2 cm,AMPLITUDE,ruhl_2019,median,us7000i9bw,2022-09-19T18:05:08.217Z,Mexico,Americas,EarthScope PRIDE PPP-AR kin quality-passing stations,"35 km SSW of Aguililla, Mexico",7.600000,11,14.105091,6.391013,206.010464,64.783000,7.465457,-0.134543,0.134543,pgd_cm>=2; min_stations>=1
pgd_ge_2cm,Station PGD >= 2 cm,AMPLITUDE,crowell_2016_gfast,median,us7000ia36,2022-09-22T06:16:09.459Z,Mexico,Americas,EarthScope PRIDE PPP-AR kin quality-passing stations,"55 km SSW of Aguililla, Mexico",6.800000,8,5.075503,2.369733,210.665754,195.541000,7.331480,0.531480,0.531480,pgd_cm>=2; min_stations>=1
pgd_ge_2cm,Station PGD >= 2 cm,AMPLITUDE,melgar_2015,median,us7000ia36,2022-09-22T06:16:09.459Z,Mexico,Americas,EarthScope PRIDE PPP-AR kin quality-passing stations,"55 km SSW of Aguililla, Mexico",6.800000,8,5.075503,2.369733,210.665754,195.541000,7.050390,0.250390,0.250390,pgd_cm>=2; min_stations>=1
pgd_ge_2cm,Station PGD >= 2 cm,AMPLITUDE,ruhl_2019,median,us7000ia36,2022-09-22T06:16:09.459Z,Mexico,Americas,EarthScope PRIDE PPP-AR kin quality-passing stations,"55 km SSW of Aguililla, Mexico",6.800000,8,5.075503,2.369733,210.665754,195.541000,6.851797,0.051798,0.051798,pgd_cm>=2; min_stations>=1
pgd_ge_2cm,Station PGD >= 2 cm,AMPLITUDE,crowell_2016_gfast,median,us7000imgl,2022-11-04T10:02:46.346Z,Mexico,Americas,EarthScope PRIDE PPP-AR kin quality-passing stations,"82 km SSW of Bahía de Kino, Mexico",6.100000,1,4.409116,2.110264,166.646307,132.654000,7.155779,1.055779,1.055779,pgd_cm>=2; min_stations>=1
pgd_ge_2cm,Station PGD >= 2 cm,AMPLITUDE,melgar_2015,median,us7000imgl,2022-11-04T10:02:46.346Z,Mexico,Americas,EarthScope PRIDE PPP-AR kin quality-passing stations,"82 km SSW of Bahía de Kino, Mexico",6.100000,1,4.409116,2.110264,166.646307,132.654000,6.859002,0.759002,0.759002,pgd_cm>=2; min_stations>=1
pgd_ge_2cm,Station PGD >= 2 cm,AMPLITUDE,ruhl_2019,median,us7000imgl,2022-11-04T10:02:46.346Z,Mexico,Americas,EarthScope PRIDE PPP-AR kin quality-passing stations,"82 km SSW of Bahía de Kino, Mexico",6.100000,1,4.409116,2.110264,166.646307,132.654000,6.643984,0.543984,0.543984,pgd_cm>=2; min_stations>=1
pgd_ge_2cm,Station PGD >= 2 cm,AMPLITUDE,crowell_2016_gfast,median,us7000irjd,2022-11-22T16:39:05.789Z,Mexico,Americas,EarthScope PRIDE PPP-AR kin quality-passing stations,"28 km SW of Las Brisas, Mexico",6.200000,49,4.775699,3.508220,260.666886,402.211000,7.509168,1.309168,1.309168,pgd_cm>=2; min_stations>=1
pgd_ge_2cm,Station PGD >= 2 cm,AMPLITUDE,melgar_2015,median,us7000irjd,2022-11-22T16:39:05.789Z,Mexico,Americas,EarthScope PRIDE PPP-AR kin quality-passing stations,"28 km SW of Las Brisas, Mexico",6.200000,49,4.775699,3.508220,260.666886,402.211000,7.176937,0.976937,0.976937,pgd_cm>=2; min_stations>=1
pgd_ge_2cm,Station PGD >= 2 cm,AMPLITUDE,ruhl_2019,median,us7000irjd,2022-11-22T16:39:05.789Z,Mexico,Americas,EarthScope PRIDE PPP-AR kin quality-passing stations,"28 km SW of Las Brisas, Mexico",6.200000,49,4.775699,3.508220,260.666886,402.211000,6.994566,0.794566,0.794566,pgd_cm>=2; min_stations>=1
pgd_ge_2cm,Station PGD >= 2 cm,AMPLITUDE,crowell_2016_gfast,median,us7000j5sc,2023-01-20T11:23:40.603Z,Guadeloupe,Americas,EarthScope PRIDE PPP-AR kin quality-passing stations,"40 km WSW of Pointe-Noire, Guadeloupe",6.100000,9,4.846700,2.136091,178.889125,289.397000,7.229342,1.129342,1.129342,pgd_cm>=2; min_stations>=1
pgd_ge_2cm,Station PGD >= 2 cm,AMPLITUDE,melgar_2015,median,us7000j5sc,2023-01-20T11:23:40.603Z,Guadeloupe,Americas,EarthScope PRIDE PPP-AR kin quality-passing stations,"40 km WSW of Pointe-Noire, Guadeloupe",6.100000,9,4.846700,2.136091,178.889125,289.397000,6.943175,0.843175,0.843175,pgd_cm>=2; min_stations>=1
pgd_ge_2cm,Station PGD >= 2 cm,AMPLITUDE,ruhl_2019,median,us7000j5sc,2023-01-20T11:23:40.603Z,Guadeloupe,Americas,EarthScope PRIDE PPP-AR kin quality-passing stations,"40 km WSW of Pointe-Noire, Guadeloupe",6.100000,9,4.846700,2.136091,178.889125,289.397000,6.735316,0.635316,0.635316,pgd_cm>=2; min_stations>=1
pgd_ge_2cm,Station PGD >= 2 cm,AMPLITUDE,crowell_2016_gfast,median,us7000k3n3,2023-05-25T03:05:32.956Z,Panama,Americas,EarthScope PRIDE PPP-AR kin quality-passing stations,"45 km NE of Puerto Obaldía, Panama",6.500000,2,5.264884,2.896308,252.717629,594.544000,7.504877,1.004877,1.004877,pgd_cm>=2; min_stations>=1
pgd_ge_2cm,Station PGD >= 2 cm,AMPLITUDE,melgar_2015,median,us7000k3n3,2023-05-25T03:05:32.956Z,Panama,Americas,EarthScope PRIDE PPP-AR kin quality-passing stations,"45 km NE of Puerto Obaldía, Panama",6.500000,2,5.264884,2.896308,252.717629,594.544000,7.195087,0.695087,0.695087,pgd_cm>=2; min_stations>=1
pgd_ge_2cm,Station PGD >= 2 cm,AMPLITUDE,ruhl_2019,median,us7000k3n3,2023-05-25T03:05:32.956Z,Panama,Americas,EarthScope PRIDE PPP-AR kin quality-passing stations,"45 km NE of Puerto Obaldía, Panama",6.500000,2,5.264884,2.896308,252.717629,594.544000,7.012754,0.512754,0.512754,pgd_cm>=2; min_stations>=1
pgd_ge_2cm,Station PGD >= 2 cm,AMPLITUDE,crowell_2016_gfast,median,us7000keq3,2023-07-10T20:28:26.195Z,Antigua and Barbuda,Americas,EarthScope PRIDE PPP-AR kin quality-passing stations,"278 km NNE of Codrington, Antigua and Barbuda",6.600000,2,6.312576,2.685099,283.751329,401.305000,7.658640,1.058641,1.058641,pgd_cm>=2; min_stations>=1
pgd_ge_2cm,Station PGD >= 2 cm,AMPLITUDE,melgar_2015,median,us7000keq3,2023-07-10T20:28:26.195Z,Antigua and Barbuda,Americas,EarthScope PRIDE PPP-AR kin quality-passing stations,"278 km NNE of Codrington, Antigua and Barbuda",6.600000,2,6.312576,2.685099,283.751329,401.305000,7.360440,0.760440,0.760440,pgd_cm>=2; min_stations>=1
pgd_ge_2cm,Station PGD >= 2 cm,AMPLITUDE,ruhl_2019,median,us7000keq3,2023-07-10T20:28:26.195Z,Antigua and Barbuda,Americas,EarthScope PRIDE PPP-AR kin quality-passing stations,"278 km NNE of Codrington, Antigua and Barbuda",6.600000,2,6.312576,2.685099,283.751329,401.305000,7.193661,0.593661,0.593661,pgd_cm>=2; min_stations>=1
pgd_ge_2cm,Station PGD >= 2 cm,AMPLITUDE,crowell_2016_gfast,median,us7000kfnc,2023-07-14T09:29:00.404Z,Mexico,Americas,EarthScope PRIDE PPP-AR kin quality-passing stations,"Offshore Chiapas, Mexico",6.300000,1,5.251181,2.585196,242.607266,274.596000,7.484871,1.184871,1.184871,pgd_cm>=2; min_stations>=1
pgd_ge_2cm,Station PGD >= 2 cm,AMPLITUDE,melgar_2015,median,us7000kfnc,2023-07-14T09:29:00.404Z,Mexico,Americas,EarthScope PRIDE PPP-AR kin quality-passing stations,"Offshore Chiapas, Mexico",6.300000,1,5.251181,2.585196,242.607266,274.596000,7.179798,0.879798,0.879798,pgd_cm>=2; min_stations>=1
pgd_ge_2cm,Station PGD >= 2 cm,AMPLITUDE,ruhl_2019,median,us7000kfnc,2023-07-14T09:29:00.404Z,Mexico,Americas,EarthScope PRIDE PPP-AR kin quality-passing stations,"Offshore Chiapas, Mexico",6.300000,1,5.251181,2.585196,242.607266,274.596000,6.995377,0.695377,0.695377,pgd_cm>=2; min_stations>=1
pgd_ge_2cm,Station PGD >= 2 cm,AMPLITUDE,crowell_2016_gfast,median,us7000kg30,2023-07-16T06:48:21.158000Z,United States,US,EarthScope PRIDE PPP-AR kin quality-passing stations,"2023 Sand Point, Alaska Earthquake",7.200000,7,4.942155,1.848275,128.631800,64.842000,7.103538,-0.096462,0.096462,pgd_cm>=2; min_stations>=1
pgd_ge_2cm,Station PGD >= 2 cm,AMPLITUDE,melgar_2015,median,us7000kg30,2023-07-16T06:48:21.158000Z,United States,US,EarthScope PRIDE PPP-AR kin quality-passing stations,"2023 Sand Point, Alaska Earthquake",7.200000,7,4.942155,1.848275,128.631800,64.842000,6.861516,-0.338484,0.338484,pgd_cm>=2; min_stations>=1
pgd_ge_2cm,Station PGD >= 2 cm,AMPLITUDE,ruhl_2019,median,us7000kg30,2023-07-16T06:48:21.158000Z,United States,US,EarthScope PRIDE PPP-AR kin quality-passing stations,"2023 Sand Point, Alaska Earthquake",7.200000,7,4.942155,1.848275,128.631800,64.842000,6.644367,-0.555633,0.555633,pgd_cm>=2; min_stations>=1
pgd_ge_2cm,Station PGD >= 2 cm,AMPLITUDE,crowell_2016_gfast,median,us7000kgpb,2023-07-19T00:22:07.656Z,El Salvador,Americas,EarthScope PRIDE PPP-AR kin quality-passing stations,"43 km S of Intipucá, El Salvador",6.500000,2,3.214558,2.905733,175.915406,530.344000,7.053437,0.553437,0.553437,pgd_cm>=2; min_stations>=1
pgd_ge_2cm,Station PGD >= 2 cm,AMPLITUDE,melgar_2015,median,us7000kgpb,2023-07-19T00:22:07.656Z,El Salvador,Americas,EarthScope PRIDE PPP-AR kin quality-passing stations,"43 km S of Intipucá, El Salvador",6.500000,2,3.214558,2.905733,175.915406,530.344000,6.699203,0.199203,0.199203,pgd_cm>=2; min_stations>=1
pgd_ge_2cm,Station PGD >= 2 cm,AMPLITUDE,ruhl_2019,median,us7000kgpb,2023-07-19T00:22:07.656Z,El Salvador,Americas,EarthScope PRIDE PPP-AR kin quality-passing stations,"43 km S of Intipucá, El Salvador",6.500000,2,3.214558,2.905733,175.915406,530.344000,6.472253,-0.027747,0.027747,pgd_cm>=2; min_stations>=1
pgd_ge_2cm,Station PGD >= 2 cm,AMPLITUDE,crowell_2016_gfast,median,us7000luai,2024-01-27T05:52:48.419Z,Guatemala,Americas,EarthScope PRIDE PPP-AR kin quality-passing stations,"15 km W of Taxisco, Guatemala",6.100000,1,6.883081,2.054450,189.617885,185.581000,7.431636,1.331636,1.331636,pgd_cm>=2; min_stations>=1
pgd_ge_2cm,Station PGD >= 2 cm,AMPLITUDE,melgar_2015,median,us7000luai,2024-01-27T05:52:48.419Z,Guatemala,Americas,EarthScope PRIDE PPP-AR kin quality-passing stations,"15 km W of Taxisco, Guatemala",6.100000,1,6.883081,2.054450,189.617885,185.581000,7.195474,1.095474,1.095474,pgd_cm>=2; min_stations>=1
pgd_ge_2cm,Station PGD >= 2 cm,AMPLITUDE,ruhl_2019,median,us7000luai,2024-01-27T05:52:48.419Z,Guatemala,Americas,EarthScope PRIDE PPP-AR kin quality-passing stations,"15 km W of Taxisco, Guatemala",6.100000,1,6.883081,2.054450,189.617885,185.581000,7.008590,0.908590,0.908590,pgd_cm>=2; min_stations>=1
pgd_ge_2cm,Station PGD >= 2 cm,AMPLITUDE,crowell_2016_gfast,median,us7000mu1p,2024-06-23T03:57:58.918Z,Venezuela,Americas,EarthScope PRIDE PPP-AR kin quality-passing stations,"20 km NE of Yaguaraparo, Venezuela",6.000000,1,8.580361,2.714060,206.569575,390.082000,7.585794,1.585794,1.585794,pgd_cm>=2; min_stations>=1
pgd_ge_2cm,Station PGD >= 2 cm,AMPLITUDE,melgar_2015,median,us7000mu1p,2024-06-23T03:57:58.918Z,Venezuela,Americas,EarthScope PRIDE PPP-AR kin quality-passing stations,"20 km NE of Yaguaraparo, Venezuela",6.000000,1,8.580361,2.714060,206.569575,390.082000,7.377803,1.377803,1.377803,pgd_cm>=2; min_stations>=1
pgd_ge_2cm,Station PGD >= 2 cm,AMPLITUDE,ruhl_2019,median,us7000mu1p,2024-06-23T03:57:58.918Z,Venezuela,Americas,EarthScope PRIDE PPP-AR kin quality-passing stations,"20 km NE of Yaguaraparo, Venezuela",6.000000,1,8.580361,2.714060,206.569575,390.082000,7.206884,1.206884,1.206884,pgd_cm>=2; min_stations>=1
pgd_ge_2cm,Station PGD >= 2 cm,AMPLITUDE,crowell_2016_gfast,median,us7000n068,2024-07-19T03:13:47.417000Z,United States,US,EarthScope PRIDE PPP-AR kin quality-passing stations,"168 km SW of Nikolski, Alaska",6.000000,1,5.291125,3.702101,175.253652,520.583000,7.266274,1.266274,1.266274,pgd_cm>=2; min_stations>=1
pgd_ge_2cm,Station PGD >= 2 cm,AMPLITUDE,melgar_2015,median,us7000n068,2024-07-19T03:13:47.417000Z,United States,US,EarthScope PRIDE PPP-AR kin quality-passing stations,"168 km SW of Nikolski, Alaska",6.000000,1,5.291125,3.702101,175.253652,520.583000,6.994481,0.994481,0.994481,pgd_cm>=2; min_stations>=1
pgd_ge_2cm,Station PGD >= 2 cm,AMPLITUDE,ruhl_2019,median,us7000n068,2024-07-19T03:13:47.417000Z,United States,US,EarthScope PRIDE PPP-AR kin quality-passing stations,"168 km SW of Nikolski, Alaska",6.000000,1,5.291125,3.702101,175.253652,520.583000,6.790644,0.790644,0.790644,pgd_cm>=2; min_stations>=1
pgd_ge_2cm,Station PGD >= 2 cm,AMPLITUDE,crowell_2016_gfast,median,us7000n0ka,2024-07-21T02:53:48.910Z,Guatemala,Americas,EarthScope PRIDE PPP-AR kin quality-passing stations,"6 km E of Jalapa, Guatemala",6.200000,1,3.975865,3.085879,304.634335,66.090000,7.523642,1.323642,1.323642,pgd_cm>=2; min_stations>=1
pgd_ge_2cm,Station PGD >= 2 cm,AMPLITUDE,melgar_2015,median,us7000n0ka,2024-07-21T02:53:48.910Z,Guatemala,Americas,EarthScope PRIDE PPP-AR kin quality-passing stations,"6 km E of Jalapa, Guatemala",6.200000,1,3.975865,3.085879,304.634335,66.090000,7.147339,0.947339,0.947339,pgd_cm>=2; min_stations>=1
pgd_ge_2cm,Station PGD >= 2 cm,AMPLITUDE,ruhl_2019,median,us7000n0ka,2024-07-21T02:53:48.910Z,Guatemala,Americas,EarthScope PRIDE PPP-AR kin quality-passing stations,"6 km E of Jalapa, Guatemala",6.200000,1,3.975865,3.085879,304.634335,66.090000,6.963732,0.763732,0.763732,pgd_cm>=2; min_stations>=1
pgd_ge_2cm,Station PGD >= 2 cm,AMPLITUDE,crowell_2016_gfast,median,us7000np33,2024-10-30T20:15:20.095000Z,United States,US,EarthScope PRIDE PPP-AR kin quality-passing stations,"267 km W of Bandon, Oregon",6.000000,6,8.976104,1.482830,283.028384,372.905000,7.801028,1.801028,1.801028,pgd_cm>=2; min_stations>=1
pgd_ge_2cm,Station PGD >= 2 cm,AMPLITUDE,melgar_2015,median,us7000np33,2024-10-30T20:15:20.095000Z,United States,US,EarthScope PRIDE PPP-AR kin quality-passing stations,"267 km W of Bandon, Oregon",6.000000,6,8.976104,1.482830,283.028384,372.905000,7.562374,1.562374,1.562374,pgd_cm>=2; min_stations>=1
pgd_ge_2cm,Station PGD >= 2 cm,AMPLITUDE,ruhl_2019,median,us7000np33,2024-10-30T20:15:20.095000Z,United States,US,EarthScope PRIDE PPP-AR kin quality-passing stations,"267 km W of Bandon, Oregon",6.000000,6,8.976104,1.482830,283.028384,372.905000,7.412289,1.412289,1.412289,pgd_cm>=2; min_stations>=1
pgd_ge_2cm,Station PGD >= 2 cm,AMPLITUDE,crowell_2016_gfast,median,us7000nr0v,2024-11-10T16:49:50.426Z,Cuba,Americas,EarthScope PRIDE PPP-AR kin quality-passing stations,"42 km SSW of Bartolomé Masó, Cuba",6.800000,1,3.970655,2.033393,202.353881,74.574000,7.238866,0.438866,0.438866,pgd_cm>=2; min_stations>=1
pgd_ge_2cm,Station PGD >= 2 cm,AMPLITUDE,melgar_2015,median,us7000nr0v,2024-11-10T16:49:50.426Z,Cuba,Americas,EarthScope PRIDE PPP-AR kin quality-passing stations,"42 km SSW of Bartolomé Masó, Cuba",6.800000,1,3.970655,2.033393,202.353881,74.574000,6.906095,0.106095,0.106095,pgd_cm>=2; min_stations>=1
pgd_ge_2cm,Station PGD >= 2 cm,AMPLITUDE,ruhl_2019,median,us7000nr0v,2024-11-10T16:49:50.426Z,Cuba,Americas,EarthScope PRIDE PPP-AR kin quality-passing stations,"42 km SSW of Bartolomé Masó, Cuba",6.800000,1,3.970655,2.033393,202.353881,74.574000,6.696960,-0.103040,0.103040,pgd_cm>=2; min_stations>=1
pgd_ge_2cm,Station PGD >= 2 cm,AMPLITUDE,crowell_2016_gfast,median,us7000nx3z,2024-12-08T19:57:08.602000Z,United States,US,EarthScope PRIDE PPP-AR kin quality-passing stations,"108 km SSW of Adak, Alaska",6.300000,2,2.909679,3.238430,173.594380,283.398000,6.965677,0.665678,0.665678,pgd_cm>=2; min_stations>=1
pgd_ge_2cm,Station PGD >= 2 cm,AMPLITUDE,melgar_2015,median,us7000nx3z,2024-12-08T19:57:08.602000Z,United States,US,EarthScope PRIDE PPP-AR kin quality-passing stations,"108 km SSW of Adak, Alaska",6.300000,2,2.909679,3.238430,173.594380,283.398000,6.602619,0.302619,0.302619,pgd_cm>=2; min_stations>=1
pgd_ge_2cm,Station PGD >= 2 cm,AMPLITUDE,ruhl_2019,median,us7000nx3z,2024-12-08T19:57:08.602000Z,United States,US,EarthScope PRIDE PPP-AR kin quality-passing stations,"108 km SSW of Adak, Alaska",6.300000,2,2.909679,3.238430,173.594380,283.398000,6.368419,0.068419,0.068419,pgd_cm>=2; min_stations>=1
pgd_ge_2cm,Station PGD >= 2 cm,AMPLITUDE,crowell_2016_gfast,median,us7000pllt,2025-03-21T14:50:51.364Z,Panama,Americas,EarthScope PRIDE PPP-AR kin quality-passing stations,"124 km SSE of Burica, Panama",6.200000,4,5.796515,2.978371,256.061348,305.636000,7.529008,1.329008,1.329008,pgd_cm>=2; min_stations>=1
pgd_ge_2cm,Station PGD >= 2 cm,AMPLITUDE,melgar_2015,median,us7000pllt,2025-03-21T14:50:51.364Z,Panama,Americas,EarthScope PRIDE PPP-AR kin quality-passing stations,"124 km SSE of Burica, Panama",6.200000,4,5.796515,2.978371,256.061348,305.636000,7.279181,1.079181,1.079181,pgd_cm>=2; min_stations>=1
pgd_ge_2cm,Station PGD >= 2 cm,AMPLITUDE,ruhl_2019,median,us7000pllt,2025-03-21T14:50:51.364Z,Panama,Americas,EarthScope PRIDE PPP-AR kin quality-passing stations,"124 km SSE of Burica, Panama",6.200000,4,5.796515,2.978371,256.061348,305.636000,7.104189,0.904189,0.904189,pgd_cm>=2; min_stations>=1
pgd_ge_2cm,Station PGD >= 2 cm,AMPLITUDE,crowell_2016_gfast,median,us7000pllu,2025-03-21T14:53:41.774000Z,United States,US,EarthScope PRIDE PPP-AR kin quality-passing stations,"88 km SSE of Adak, Alaska",6.200000,1,7.924651,1.800777,174.798630,278.226000,7.436529,1.236529,1.236529,pgd_cm>=2; min_stations>=1
pgd_ge_2cm,Station PGD >= 2 cm,AMPLITUDE,melgar_2015,median,us7000pllu,2025-03-21T14:53:41.774000Z,United States,US,EarthScope PRIDE PPP-AR kin quality-passing stations,"88 km SSE of Adak, Alaska",6.200000,1,7.924651,1.800777,174.798630,278.226000,7.230868,1.030868,1.030868,pgd_cm>=2; min_stations>=1
pgd_ge_2cm,Station PGD >= 2 cm,AMPLITUDE,ruhl_2019,median,us7000pllu,2025-03-21T14:53:41.774000Z,United States,US,EarthScope PRIDE PPP-AR kin quality-passing stations,"88 km SSE of Adak, Alaska",6.200000,1,7.924651,1.800777,174.798630,278.226000,7.045561,0.845561,0.845561,pgd_cm>=2; min_stations>=1
pgd_ge_2cm,Station PGD >= 2 cm,AMPLITUDE,crowell_2016_gfast,median,us7000qclp,2025-07-14T17:16:49.051Z,Panama,Americas,EarthScope PRIDE PPP-AR kin quality-passing stations,"206 km S of Burica, Panama",6.200000,1,5.876742,1.009505,226.898470,487.949000,7.487193,1.287193,1.287193,pgd_cm>=2; min_stations>=1
pgd_ge_2cm,Station PGD >= 2 cm,AMPLITUDE,melgar_2015,median,us7000qclp,2025-07-14T17:16:49.051Z,Panama,Americas,EarthScope PRIDE PPP-AR kin quality-passing stations,"206 km S of Burica, Panama",6.200000,1,5.876742,1.009505,226.898470,487.949000,7.207606,1.007606,1.007606,pgd_cm>=2; min_stations>=1
pgd_ge_2cm,Station PGD >= 2 cm,AMPLITUDE,ruhl_2019,median,us7000qclp,2025-07-14T17:16:49.051Z,Panama,Americas,EarthScope PRIDE PPP-AR kin quality-passing stations,"206 km S of Burica, Panama",6.200000,1,5.876742,1.009505,226.898470,487.949000,7.024431,0.824431,0.824431,pgd_cm>=2; min_stations>=1
pgd_ge_2cm,Station PGD >= 2 cm,AMPLITUDE,crowell_2016_gfast,median,us7000qe51,2025-07-20T22:28:00.041000Z,United States,US,EarthScope PRIDE PPP-AR kin quality-passing stations,"91 km SSE of Sand Point, Alaska",6.200000,6,4.663668,1.573859,129.388852,54.959000,6.960534,0.760534,0.760534,pgd_cm>=2; min_stations>=1
pgd_ge_2cm,Station PGD >= 2 cm,AMPLITUDE,melgar_2015,median,us7000qe51,2025-07-20T22:28:00.041000Z,United States,US,EarthScope PRIDE PPP-AR kin quality-passing stations,"91 km SSE of Sand Point, Alaska",6.200000,6,4.663668,1.573859,129.388852,54.959000,6.665591,0.465591,0.465591,pgd_cm>=2; min_stations>=1
pgd_ge_2cm,Station PGD >= 2 cm,AMPLITUDE,ruhl_2019,median,us7000qe51,2025-07-20T22:28:00.041000Z,United States,US,EarthScope PRIDE PPP-AR kin quality-passing stations,"91 km SSE of Sand Point, Alaska",6.200000,6,4.663668,1.573859,129.388852,54.959000,6.433766,0.233766,0.233766,pgd_cm>=2; min_stations>=1
pgd_ge_2cm,Station PGD >= 2 cm,AMPLITUDE,crowell_2016_gfast,median,us7000rm3k,2026-01-02T13:58:15.741Z,Mexico,Americas,EarthScope PRIDE PPP-AR kin quality-passing stations,"0 km W of San Marcos, Mexico",6.500000,1,2.511135,2.508112,207.017029,242.259000,7.056002,0.556002,0.556002,pgd_cm>=2; min_stations>=1
pgd_ge_2cm,Station PGD >= 2 cm,AMPLITUDE,melgar_2015,median,us7000rm3k,2026-01-02T13:58:15.741Z,Mexico,Americas,EarthScope PRIDE PPP-AR kin quality-passing stations,"0 km W of San Marcos, Mexico",6.500000,1,2.511135,2.508112,207.017029,242.259000,6.645489,0.145489,0.145489,pgd_cm>=2; min_stations>=1
pgd_ge_2cm,Station PGD >= 2 cm,AMPLITUDE,ruhl_2019,median,us7000rm3k,2026-01-02T13:58:15.741Z,Mexico,Americas,EarthScope PRIDE PPP-AR kin quality-passing stations,"0 km W of San Marcos, Mexico",6.500000,1,2.511135,2.508112,207.017029,242.259000,6.415633,-0.084367,0.084367,pgd_cm>=2; min_stations>=1
pgd_ge_2cm,Station PGD >= 2 cm,AMPLITUDE,crowell_2016_gfast,median,us7000rq0d,2026-01-16T03:25:53.034000Z,United States,US,EarthScope PRIDE PPP-AR kin quality-passing stations,off the coast of Oregon,6.000000,1,2.449531,2.118421,298.434588,40.966000,7.292057,1.292057,1.292057,pgd_cm>=2; min_stations>=1
pgd_ge_2cm,Station PGD >= 2 cm,AMPLITUDE,melgar_2015,median,us7000rq0d,2026-01-16T03:25:53.034000Z,United States,US,EarthScope PRIDE PPP-AR kin quality-passing stations,off the coast of Oregon,6.000000,1,2.449531,2.118421,298.434588,40.966000,6.836687,0.836687,0.836687,pgd_cm>=2; min_stations>=1
pgd_ge_2cm,Station PGD >= 2 cm,AMPLITUDE,ruhl_2019,median,us7000rq0d,2026-01-16T03:25:53.034000Z,United States,US,EarthScope PRIDE PPP-AR kin quality-passing stations,off the coast of Oregon,6.000000,1,2.449531,2.118421,298.434588,40.966000,6.626323,0.626323,0.626323,pgd_cm>=2; min_stations>=1
pgd_ge_2cm,Station PGD >= 2 cm,AMPLITUDE,crowell_2016_gfast,median,us7000s8q0,2026-03-30T08:44:13.780Z,Americas,Americas,EarthScope PRIDE PPP-AR kin quality-passing stations,"51 km ENE of Luganville, Vanuatu",7.300000,1,16.657644,3.201283,309.274575,402.220000,8.177943,0.877943,0.877943,pgd_cm>=2; min_stations>=1
pgd_ge_2cm,Station PGD >= 2 cm,AMPLITUDE,melgar_2015,median,us7000s8q0,2026-03-30T08:44:13.780Z,Americas,Americas,EarthScope PRIDE PPP-AR kin quality-passing stations,"51 km ENE of Luganville, Vanuatu",7.300000,1,16.657644,3.201283,309.274575,402.220000,8.041166,0.741166,0.741166,pgd_cm>=2; min_stations>=1
pgd_ge_2cm,Station PGD >= 2 cm,AMPLITUDE,ruhl_2019,median,us7000s8q0,2026-03-30T08:44:13.780Z,Americas,Americas,EarthScope PRIDE PPP-AR kin quality-passing stations,"51 km ENE of Luganville, Vanuatu",7.300000,1,16.657644,3.201283,309.274575,402.220000,7.934269,0.634269,0.634269,pgd_cm>=2; min_stations>=1
pgd_ge_2cm,Station PGD >= 2 cm,AMPLITUDE,crowell_2016_gfast,median,usb000jdt7,2013-08-30T16:25:02.300000Z,United States,US,EarthScope PRIDE PPP-AR kin quality-passing stations,"101 km SW of Atka, Alaska",7.000000,1,7.424635,0.932787,106.691872,4.700000,7.089885,0.089885,0.089885,pgd_cm>=2; min_stations>=1
pgd_ge_2cm,Station PGD >= 2 cm,AMPLITUDE,melgar_2015,median,usb000jdt7,2013-08-30T16:25:02.300000Z,United States,US,EarthScope PRIDE PPP-AR kin quality-passing stations,"101 km SW of Atka, Alaska",7.000000,1,7.424635,0.932787,106.691872,4.700000,6.915072,-0.084928,0.084928,pgd_cm>=2; min_stations>=1
pgd_ge_2cm,Station PGD >= 2 cm,AMPLITUDE,ruhl_2019,median,usb000jdt7,2013-08-30T16:25:02.300000Z,United States,US,EarthScope PRIDE PPP-AR kin quality-passing stations,"101 km SW of Atka, Alaska",7.000000,1,7.424635,0.932787,106.691872,4.700000,6.699587,-0.300413,0.300413,pgd_cm>=2; min_stations>=1
pgd_ge_2cm,Station PGD >= 2 cm,AMPLITUDE,crowell_2016_gfast,median,usb000je9f,2013-08-31T06:38:36.350000Z,United States,US,EarthScope PRIDE PPP-AR kin quality-passing stations,"118 km SSW of Atka, Alaska",6.000000,1,7.038935,1.720472,120.665112,44.650000,7.144818,1.144818,1.144818,pgd_cm>=2; min_stations>=1
pgd_ge_2cm,Station PGD >= 2 cm,AMPLITUDE,melgar_2015,median,usb000je9f,2013-08-31T06:38:36.350000Z,United States,US,EarthScope PRIDE PPP-AR kin quality-passing stations,"118 km SSW of Atka, Alaska",6.000000,1,7.038935,1.720472,120.665112,44.650000,6.951714,0.951714,0.951714,pgd_cm>=2; min_stations>=1
pgd_ge_2cm,Station PGD >= 2 cm,AMPLITUDE,ruhl_2019,median,usb000je9f,2013-08-31T06:38:36.350000Z,United States,US,EarthScope PRIDE PPP-AR kin quality-passing stations,"118 km SSW of Atka, Alaska",6.000000,1,7.038935,1.720472,120.665112,44.650000,6.740250,0.740250,0.740250,pgd_cm>=2; min_stations>=1
pgd_ge_2cm,Station PGD >= 2 cm,AMPLITUDE,crowell_2016_gfast,median,usb000jgju,2013-09-04T02:32:30.600000Z,United States,US,EarthScope PRIDE PPP-AR kin quality-passing stations,"81 km SSW of Atka, Alaska",6.500000,1,4.539174,2.549780,84.550499,177.400000,6.752479,0.252479,0.252479,pgd_cm>=2; min_stations>=1
pgd_ge_2cm,Station PGD >= 2 cm,AMPLITUDE,melgar_2015,median,usb000jgju,2013-09-04T02:32:30.600000Z,United States,US,EarthScope PRIDE PPP-AR kin quality-passing stations,"81 km SSW of Atka, Alaska",6.500000,1,4.539174,2.549780,84.550499,177.400000,6.518052,0.018052,0.018052,pgd_cm>=2; min_stations>=1
pgd_ge_2cm,Station PGD >= 2 cm,AMPLITUDE,ruhl_2019,median,usb000jgju,2013-09-04T02:32:30.600000Z,United States,US,EarthScope PRIDE PPP-AR kin quality-passing stations,"81 km SSW of Atka, Alaska",6.500000,1,4.539174,2.549780,84.550499,177.400000,6.272172,-0.227828,0.227828,pgd_cm>=2; min_stations>=1
pgd_ge_2cm,Station PGD >= 2 cm,AMPLITUDE,crowell_2016_gfast,median,usb000jguz,2013-09-04T06:27:03.560000Z,United States,US,EarthScope PRIDE PPP-AR kin quality-passing stations,"82 km SSW of Atka, Alaska",6.000000,1,3.273423,2.719112,85.328600,123.440000,6.627127,0.627127,0.627127,pgd_cm>=2; min_stations>=1
pgd_ge_2cm,Station PGD >= 2 cm,AMPLITUDE,melgar_2015,median,usb000jguz,2013-09-04T06:27:03.560000Z,United States,US,EarthScope PRIDE PPP-AR kin quality-passing stations,"82 km SSW of Atka, Alaska",6.000000,1,3.273423,2.719112,85.328600,123.440000,6.340737,0.340737,0.340737,pgd_cm>=2; min_stations>=1
pgd_ge_2cm,Station PGD >= 2 cm,AMPLITUDE,ruhl_2019,median,usb000jguz,2013-09-04T06:27:03.560000Z,United States,US,EarthScope PRIDE PPP-AR kin quality-passing stations,"82 km SSW of Atka, Alaska",6.000000,1,3.273423,2.719112,85.328600,123.440000,6.082380,0.082380,0.082380,pgd_cm>=2; min_stations>=1
pgd_ge_2cm,Station PGD >= 2 cm,AMPLITUDE,crowell_2016_gfast,median,usb000rtp6,2014-07-17T11:49:33.930000Z,United States,US,EarthScope PRIDE PPP-AR kin quality-passing stations,"90 km NNW of Yakutat, Alaska",6.000000,2,4.103753,1.960860,125.223872,174.070000,6.941412,0.941412,0.941412,pgd_cm>=2; min_stations>=1
pgd_ge_2cm,Station PGD >= 2 cm,AMPLITUDE,melgar_2015,median,usb000rtp6,2014-07-17T11:49:33.930000Z,United States,US,EarthScope PRIDE PPP-AR kin quality-passing stations,"90 km NNW of Yakutat, Alaska",6.000000,2,4.103753,1.960860,125.223872,174.070000,6.657942,0.657942,0.657942,pgd_cm>=2; min_stations>=1
pgd_ge_2cm,Station PGD >= 2 cm,AMPLITUDE,ruhl_2019,median,usb000rtp6,2014-07-17T11:49:33.930000Z,United States,US,EarthScope PRIDE PPP-AR kin quality-passing stations,"90 km NNW of Yakutat, Alaska",6.000000,2,4.103753,1.960860,125.223872,174.070000,6.424996,0.424996,0.424996,pgd_cm>=2; min_stations>=1
pgd_ge_2cm,Station PGD >= 2 cm,AMPLITUDE,crowell_2016_gfast,median,usb000slwn,2014-10-14T03:51:34.460Z,El Salvador,Americas,EarthScope PRIDE PPP-AR kin quality-passing stations,"74 km S of Intipucá, El Salvador",7.300000,3,9.095983,1.991388,147.072005,48.540000,7.379105,0.079105,0.079105,pgd_cm>=2; min_stations>=1
pgd_ge_2cm,Station PGD >= 2 cm,AMPLITUDE,melgar_2015,median,usb000slwn,2014-10-14T03:51:34.460Z,El Salvador,Americas,EarthScope PRIDE PPP-AR kin quality-passing stations,"74 km S of Intipucá, El Salvador",7.300000,3,9.095983,1.991388,147.072005,48.540000,7.210841,-0.089159,0.089159,pgd_cm>=2; min_stations>=1
pgd_ge_2cm,Station PGD >= 2 cm,AMPLITUDE,ruhl_2019,median,usb000slwn,2014-10-14T03:51:34.460Z,El Salvador,Americas,EarthScope PRIDE PPP-AR kin quality-passing stations,"74 km S of Intipucá, El Salvador",7.300000,3,9.095983,1.991388,147.072005,48.540000,7.021437,-0.278563,0.278563,pgd_cm>=2; min_stations>=1
pgd_ge_2cm,Station PGD >= 2 cm,AMPLITUDE,crowell_2016_gfast,median,usc000juwv,2013-09-15T16:21:37.150000Z,United States,US,EarthScope PRIDE PPP-AR kin quality-passing stations,"77 km SSW of Atka, Alaska",6.100000,1,8.920342,4.356421,82.363350,51.850000,7.006560,0.906560,0.906560,pgd_cm>=2; min_stations>=1
pgd_ge_2cm,Station PGD >= 2 cm,AMPLITUDE,melgar_2015,median,usc000juwv,2013-09-15T16:21:37.150000Z,United States,US,EarthScope PRIDE PPP-AR kin quality-passing stations,"77 km SSW of Atka, Alaska",6.100000,1,8.920342,4.356421,82.363350,51.850000,6.879867,0.779867,0.779867,pgd_cm>=2; min_stations>=1
pgd_ge_2cm,Station PGD >= 2 cm,AMPLITUDE,ruhl_2019,median,usc000juwv,2013-09-15T16:21:37.150000Z,United States,US,EarthScope PRIDE PPP-AR kin quality-passing stations,"77 km SSW of Atka, Alaska",6.100000,1,8.920342,4.356421,82.363350,51.850000,6.659269,0.559269,0.559269,pgd_cm>=2; min_stations>=1
pgd_ge_2cm,Station PGD >= 2 cm,AMPLITUDE,crowell_2016_gfast,median,usc000m1w9,2014-01-13T04:01:03.240000Z,United States,US,EarthScope PRIDE PPP-AR kin quality-passing stations,"61 km N of Hatillo, Puerto Rico",6.400000,2,9.604069,3.514711,100.547211,250.760000,7.156584,0.756584,0.756584,pgd_cm>=2; min_stations>=1
pgd_ge_2cm,Station PGD >= 2 cm,AMPLITUDE,melgar_2015,median,usc000m1w9,2014-01-13T04:01:03.240000Z,United States,US,EarthScope PRIDE PPP-AR kin quality-passing stations,"61 km N of Hatillo, Puerto Rico",6.400000,2,9.604069,3.514711,100.547211,250.760000,7.026625,0.626625,0.626625,pgd_cm>=2; min_stations>=1
pgd_ge_2cm,Station PGD >= 2 cm,AMPLITUDE,ruhl_2019,median,usc000m1w9,2014-01-13T04:01:03.240000Z,United States,US,EarthScope PRIDE PPP-AR kin quality-passing stations,"61 km N of Hatillo, Puerto Rico",6.400000,2,9.604069,3.514711,100.547211,250.760000,6.818599,0.418599,0.418599,pgd_cm>=2; min_stations>=1
pgd_ge_2cm,Station PGD >= 2 cm,AMPLITUDE,crowell_2016_gfast,median,usc000myqq,2014-02-26T21:13:40.110000Z,United States,US,EarthScope PRIDE PPP-AR kin quality-passing stations,"210 km WNW of Nikolski, Alaska",6.100000,2,5.124472,2.011135,341.957950,270.890000,7.707755,1.607755,1.607755,pgd_cm>=2; min_stations>=1
pgd_ge_2cm,Station PGD >= 2 cm,AMPLITUDE,melgar_2015,median,usc000myqq,2014-02-26T21:13:40.110000Z,United States,US,EarthScope PRIDE PPP-AR kin quality-passing stations,"210 km WNW of Nikolski, Alaska",6.100000,2,5.124472,2.011135,341.957950,270.890000,7.355315,1.255316,1.255316,pgd_cm>=2; min_stations>=1
pgd_ge_2cm,Station PGD >= 2 cm,AMPLITUDE,ruhl_2019,median,usc000myqq,2014-02-26T21:13:40.110000Z,United States,US,EarthScope PRIDE PPP-AR kin quality-passing stations,"210 km WNW of Nikolski, Alaska",6.100000,2,5.124472,2.011135,341.957950,270.890000,7.191634,1.091634,1.091634,pgd_cm>=2; min_stations>=1
pgd_ge_2cm,Station PGD >= 2 cm,AMPLITUDE,crowell_2016_gfast,median,usc000p11f,2014-04-02T16:13:26.720Z,Panama,Americas,EarthScope PRIDE PPP-AR kin quality-passing stations,"33 km SSW of Boca Chica, Panama",6.000000,1,7.158561,2.798274,231.130031,185.280000,7.586322,1.586322,1.586322,pgd_cm>=2; min_stations>=1
pgd_ge_2cm,Station PGD >= 2 cm,AMPLITUDE,melgar_2015,median,usc000p11f,2014-04-02T16:13:26.720Z,Panama,Americas,EarthScope PRIDE PPP-AR kin quality-passing stations,"33 km SSW of Boca Chica, Panama",6.000000,1,7.158561,2.798274,231.130031,185.280000,7.337563,1.337563,1.337563,pgd_cm>=2; min_stations>=1
pgd_ge_2cm,Station PGD >= 2 cm,AMPLITUDE,ruhl_2019,median,usc000p11f,2014-04-02T16:13:26.720Z,Panama,Americas,EarthScope PRIDE PPP-AR kin quality-passing stations,"33 km SSW of Boca Chica, Panama",6.000000,1,7.158561,2.798274,231.130031,185.280000,7.165316,1.165316,1.165316,pgd_cm>=2; min_stations>=1
pgd_ge_2cm,Station PGD >= 2 cm,AMPLITUDE,crowell_2016_gfast,median,usc000t4gc,2014-12-07T21:16:35.740Z,Guatemala,Americas,EarthScope PRIDE PPP-AR kin quality-passing stations,"61 km SSW of Nueva Concepción, Guatemala",6.100000,1,6.095982,3.582571,256.611055,563.260000,7.590339,1.490339,1.490339,pgd_cm>=2; min_stations>=1
pgd_ge_2cm,Station PGD >= 2 cm,AMPLITUDE,melgar_2015,median,usc000t4gc,2014-12-07T21:16:35.740Z,Guatemala,Americas,EarthScope PRIDE PPP-AR kin quality-passing stations,"61 km SSW of Nueva Concepción, Guatemala",6.100000,1,6.095982,3.582571,256.611055,563.260000,7.304265,1.204265,1.204265,pgd_cm>=2; min_stations>=1
pgd_ge_2cm,Station PGD >= 2 cm,AMPLITUDE,ruhl_2019,median,usc000t4gc,2014-12-07T21:16:35.740Z,Guatemala,Americas,EarthScope PRIDE PPP-AR kin quality-passing stations,"61 km SSW of Nueva Concepción, Guatemala",6.100000,1,6.095982,3.582571,256.611055,563.260000,7.131066,1.031066,1.031066,pgd_cm>=2; min_stations>=1
pgd_ge_2cm,Station PGD >= 2 cm,AMPLITUDE,crowell_2016_gfast,median,usp000jhpg,2012-04-11T22:41:46.040000Z,United States,US,EarthScope PRIDE PPP-AR kin quality-passing stations,"266 km W of Bandon, Oregon",6.000000,5,3.555323,2.305400,273.933841,281.960000,7.398094,1.398094,1.398094,pgd_cm>=2; min_stations>=1
pgd_ge_2cm,Station PGD >= 2 cm,AMPLITUDE,melgar_2015,median,usp000jhpg,2012-04-11T22:41:46.040000Z,United States,US,EarthScope PRIDE PPP-AR kin quality-passing stations,"266 km W of Bandon, Oregon",6.000000,5,3.555323,2.305400,273.933841,281.960000,7.014980,1.014980,1.014980,pgd_cm>=2; min_stations>=1
pgd_ge_2cm,Station PGD >= 2 cm,AMPLITUDE,ruhl_2019,median,usp000jhpg,2012-04-11T22:41:46.040000Z,United States,US,EarthScope PRIDE PPP-AR kin quality-passing stations,"266 km W of Bandon, Oregon",6.000000,5,3.555323,2.305400,273.933841,281.960000,6.818607,0.818607,0.818607,pgd_cm>=2; min_stations>=1
pgd_ge_2cm,Station PGD >= 2 cm,AMPLITUDE,crowell_2016_gfast,median,usp000jqvm,2012-08-27T04:37:19.430Z,El Salvador,Americas,EarthScope PRIDE PPP-AR kin quality-passing stations,"126 km S of Puerto El Triunfo, El Salvador",7.300000,1,10.509106,2.974180,184.547481,396.570000,7.594251,0.294251,0.294251,pgd_cm>=2; min_stations>=1
pgd_ge_2cm,Station PGD >= 2 cm,AMPLITUDE,melgar_2015,median,usp000jqvm,2012-08-27T04:37:19.430Z,El Salvador,Americas,EarthScope PRIDE PPP-AR kin quality-passing stations,"126 km S of Puerto El Triunfo, El Salvador",7.300000,1,10.509106,2.974180,184.547481,396.570000,7.429846,0.129846,0.129846,pgd_cm>=2; min_stations>=1
pgd_ge_2cm,Station PGD >= 2 cm,AMPLITUDE,ruhl_2019,median,usp000jqvm,2012-08-27T04:37:19.430Z,El Salvador,Americas,EarthScope PRIDE PPP-AR kin quality-passing stations,"126 km S of Puerto El Triunfo, El Salvador",7.300000,1,10.509106,2.974180,184.547481,396.570000,7.261114,-0.038886,0.038886,pgd_cm>=2; min_stations>=1
pgd_ge_2cm,Station PGD >= 2 cm,AMPLITUDE,crowell_2016_gfast,median,usp000jt0h,2012-09-26T23:39:55.110000Z,United States,US,EarthScope PRIDE PPP-AR kin quality-passing stations,"118 km WSW of Adak, Alaska",6.400000,2,5.545770,3.086323,203.414508,242.890000,7.332543,0.932543,0.932543,pgd_cm>=2; min_stations>=1
pgd_ge_2cm,Station PGD >= 2 cm,AMPLITUDE,melgar_2015,median,usp000jt0h,2012-09-26T23:39:55.110000Z,United States,US,EarthScope PRIDE PPP-AR kin quality-passing stations,"118 km WSW of Adak, Alaska",6.400000,2,5.545770,3.086323,203.414508,242.890000,7.060683,0.660683,0.660683,pgd_cm>=2; min_stations>=1
pgd_ge_2cm,Station PGD >= 2 cm,AMPLITUDE,ruhl_2019,median,usp000jt0h,2012-09-26T23:39:55.110000Z,United States,US,EarthScope PRIDE PPP-AR kin quality-passing stations,"118 km WSW of Adak, Alaska",6.400000,2,5.545770,3.086323,203.414508,242.890000,6.864325,0.464325,0.464325,pgd_cm>=2; min_stations>=1
pgd_ge_2cm,Station PGD >= 2 cm,AMPLITUDE,crowell_2016_gfast,median,usp000jwyb,2012-12-14T10:36:01.590000Z,United States,US,EarthScope PRIDE PPP-AR kin quality-passing stations,"279 km SSW of Avalon, California",6.300000,2,5.772533,2.259539,282.097317,341.910000,7.622133,1.322133,1.322133,pgd_cm>=2; min_stations>=1
pgd_ge_2cm,Station PGD >= 2 cm,AMPLITUDE,melgar_2015,median,usp000jwyb,2012-12-14T10:36:01.590000Z,United States,US,EarthScope PRIDE PPP-AR kin quality-passing stations,"279 km SSW of Avalon, California",6.300000,2,5.772533,2.259539,282.097317,341.910000,7.312294,1.012294,1.012294,pgd_cm>=2; min_stations>=1
pgd_ge_2cm,Station PGD >= 2 cm,AMPLITUDE,ruhl_2019,median,usp000jwyb,2012-12-14T10:36:01.590000Z,United States,US,EarthScope PRIDE PPP-AR kin quality-passing stations,"279 km SSW of Avalon, California",6.300000,2,5.772533,2.259539,282.097317,341.910000,7.141445,0.841445,0.841445,pgd_cm>=2; min_stations>=1
pgd_ge_5cm,Station PGD >= 5 cm,AMPLITUDE,crowell_2016_gfast,median,2013p543824,2013-07-21T05:09:30Z,New Zealand,New Zealand,EarthScope PRIDE PPP-AR kin quality-passing stations,20 km east of Seddon,6.500000,7,5.534910,3.409462,69.460453,61.000000,6.718803,0.218803,0.218803,pgd_cm>=5; min_stations>=1
pgd_ge_5cm,Station PGD >= 5 cm,AMPLITUDE,melgar_2015,median,2013p543824,2013-07-21T05:09:30Z,New Zealand,New Zealand,EarthScope PRIDE PPP-AR kin quality-passing stations,20 km east of Seddon,6.500000,7,5.534910,3.409462,69.460453,61.000000,6.529828,0.029828,0.029828,pgd_cm>=5; min_stations>=1
pgd_ge_5cm,Station PGD >= 5 cm,AMPLITUDE,ruhl_2019,median,2013p543824,2013-07-21T05:09:30Z,New Zealand,New Zealand,EarthScope PRIDE PPP-AR kin quality-passing stations,20 km east of Seddon,6.500000,7,5.534910,3.409462,69.460453,61.000000,6.283608,-0.216392,0.216392,pgd_cm>=5; min_stations>=1
pgd_ge_5cm,Station PGD >= 5 cm,AMPLITUDE,crowell_2016_gfast,median,2013p613797,2013-08-16T02:31:05Z,New Zealand,New Zealand,EarthScope PRIDE PPP-AR kin quality-passing stations,5 km south-east of Seddon,6.500000,20,5.828085,4.316682,91.584131,143.500000,6.924568,0.424568,0.424568,pgd_cm>=5; min_stations>=1
pgd_ge_5cm,Station PGD >= 5 cm,AMPLITUDE,melgar_2015,median,2013p613797,2013-08-16T02:31:05Z,New Zealand,New Zealand,EarthScope PRIDE PPP-AR kin quality-passing stations,5 km south-east of Seddon,6.500000,20,5.828085,4.316682,91.584131,143.500000,6.732919,0.232919,0.232919,pgd_cm>=5; min_stations>=1
pgd_ge_5cm,Station PGD >= 5 cm,AMPLITUDE,ruhl_2019,median,2013p613797,2013-08-16T02:31:05Z,New Zealand,New Zealand,EarthScope PRIDE PPP-AR kin quality-passing stations,5 km south-east of Seddon,6.500000,20,5.828085,4.316682,91.584131,143.500000,6.501474,0.001474,0.001474,pgd_cm>=5; min_stations>=1
pgd_ge_5cm,Station PGD >= 5 cm,AMPLITUDE,crowell_2016_gfast,median,2013p944608,2013-12-16T12:07:24Z,New Zealand,New Zealand,EarthScope PRIDE PPP-AR kin quality-passing stations,120 km west of Tuatapere,6.100000,2,5.631219,3.725632,227.389727,378.000000,7.458009,1.358009,1.358009,pgd_cm>=5; min_stations>=1
pgd_ge_5cm,Station PGD >= 5 cm,AMPLITUDE,melgar_2015,median,2013p944608,2013-12-16T12:07:24Z,New Zealand,New Zealand,EarthScope PRIDE PPP-AR kin quality-passing stations,120 km west of Tuatapere,6.100000,2,5.631219,3.725632,227.389727,378.000000,7.172148,1.072148,1.072148,pgd_cm>=5; min_stations>=1
pgd_ge_5cm,Station PGD >= 5 cm,AMPLITUDE,ruhl_2019,median,2013p944608,2013-12-16T12:07:24Z,New Zealand,New Zealand,EarthScope PRIDE PPP-AR kin quality-passing stations,120 km west of Tuatapere,6.100000,2,5.631219,3.725632,227.389727,378.000000,6.986277,0.886277,0.886277,pgd_cm>=5; min_stations>=1
pgd_ge_5cm,Station PGD >= 5 cm,AMPLITUDE,crowell_2016_gfast,median,2014p051675,2014-01-20T02:52:45Z,New Zealand,New Zealand,EarthScope PRIDE PPP-AR kin quality-passing stations,10 km east of Eketahuna,6.200000,5,8.111097,1.989868,54.600815,169.000000,6.598496,0.398496,0.398496,pgd_cm>=5; min_stations>=1
pgd_ge_5cm,Station PGD >= 5 cm,AMPLITUDE,melgar_2015,median,2014p051675,2014-01-20T02:52:45Z,New Zealand,New Zealand,EarthScope PRIDE PPP-AR kin quality-passing stations,10 km east of Eketahuna,6.200000,5,8.111097,1.989868,54.600815,169.000000,6.503731,0.303731,0.303731,pgd_cm>=5; min_stations>=1
pgd_ge_5cm,Station PGD >= 5 cm,AMPLITUDE,ruhl_2019,median,2014p051675,2014-01-20T02:52:45Z,New Zealand,New Zealand,EarthScope PRIDE PPP-AR kin quality-passing stations,10 km east of Eketahuna,6.200000,5,8.111097,1.989868,54.600815,169.000000,6.252249,0.052249,0.052249,pgd_cm>=5; min_stations>=1
pgd_ge_5cm,Station PGD >= 5 cm,AMPLITUDE,crowell_2016_gfast,median,2014p864702,2014-11-16T22:33:17Z,New Zealand,New Zealand,EarthScope PRIDE PPP-AR kin quality-passing stations,150 km east of Te Araroa,6.500000,6,6.834760,2.128097,181.739384,158.000000,7.430596,0.930596,0.930596,pgd_cm>=5; min_stations>=1
pgd_ge_5cm,Station PGD >= 5 cm,AMPLITUDE,melgar_2015,median,2014p864702,2014-11-16T22:33:17Z,New Zealand,New Zealand,EarthScope PRIDE PPP-AR kin quality-passing stations,150 km east of Te Araroa,6.500000,6,6.834760,2.128097,181.739384,158.000000,7.192839,0.692839,0.692839,pgd_cm>=5; min_stations>=1
pgd_ge_5cm,Station PGD >= 5 cm,AMPLITUDE,ruhl_2019,median,2014p864702,2014-11-16T22:33:17Z,New Zealand,New Zealand,EarthScope PRIDE PPP-AR kin quality-passing stations,150 km east of Te Araroa,6.500000,6,6.834760,2.128097,181.739384,158.000000,7.005812,0.505812,0.505812,pgd_cm>=5; min_stations>=1
pgd_ge_5cm,Station PGD >= 5 cm,AMPLITUDE,crowell_2016_gfast,median,2016p661332,2016-09-01T16:37:55Z,New Zealand,New Zealand,EarthScope PRIDE PPP-AR kin quality-passing stations,120 km north-east of Te Araroa,7.100000,5,5.529747,3.372568,180.929133,125.000000,7.357682,0.257682,0.257682,pgd_cm>=5; min_stations>=1
pgd_ge_5cm,Station PGD >= 5 cm,AMPLITUDE,melgar_2015,median,2016p661332,2016-09-01T16:37:55Z,New Zealand,New Zealand,EarthScope PRIDE PPP-AR kin quality-passing stations,120 km north-east of Te Araroa,7.100000,5,5.529747,3.372568,180.929133,125.000000,7.100128,0.000128,0.000128,pgd_cm>=5; min_stations>=1
pgd_ge_5cm,Station PGD >= 5 cm,AMPLITUDE,ruhl_2019,median,2016p661332,2016-09-01T16:37:55Z,New Zealand,New Zealand,EarthScope PRIDE PPP-AR kin quality-passing stations,120 km north-east of Te Araroa,7.100000,5,5.529747,3.372568,180.929133,125.000000,6.905597,-0.194403,0.194403,pgd_cm>=5; min_stations>=1
pgd_ge_5cm,Station PGD >= 5 cm,AMPLITUDE,crowell_2016_gfast,median,2016p661400,2016-09-01T17:14:05Z,New Zealand,New Zealand,EarthScope PRIDE PPP-AR kin quality-passing stations,105 km north-east of Te Araroa,6.200000,2,5.166384,3.187792,137.836885,189.000000,7.098776,0.898776,0.898776,pgd_cm>=5; min_stations>=1
pgd_ge_5cm,Station PGD >= 5 cm,AMPLITUDE,melgar_2015,median,2016p661400,2016-09-01T17:14:05Z,New Zealand,New Zealand,EarthScope PRIDE PPP-AR kin quality-passing stations,105 km north-east of Te Araroa,6.200000,2,5.166384,3.187792,137.836885,189.000000,6.845066,0.645066,0.645066,pgd_cm>=5; min_stations>=1
pgd_ge_5cm,Station PGD >= 5 cm,AMPLITUDE,ruhl_2019,median,2016p661400,2016-09-01T17:14:05Z,New Zealand,New Zealand,EarthScope PRIDE PPP-AR kin quality-passing stations,105 km north-east of Te Araroa,6.200000,2,5.166384,3.187792,137.836885,189.000000,6.627030,0.427030,0.427030,pgd_cm>=5; min_stations>=1
pgd_ge_5cm,Station PGD >= 5 cm,AMPLITUDE,crowell_2016_gfast,median,2016p858000,2016-11-13T11:02:56Z,New Zealand,New Zealand,EarthScope PRIDE PPP-AR kin quality-passing stations,15 km north-east of Culverden,7.800000,14,24.146968,13.944506,147.886022,106.000000,7.592933,-0.207067,0.207067,pgd_cm>=5; min_stations>=1
pgd_ge_5cm,Station PGD >= 5 cm,AMPLITUDE,melgar_2015,median,2016p858000,2016-11-13T11:02:56Z,New Zealand,New Zealand,EarthScope PRIDE PPP-AR kin quality-passing stations,15 km north-east of Culverden,7.800000,14,24.146968,13.944506,147.886022,106.000000,7.560875,-0.239125,0.239125,pgd_cm>=5; min_stations>=1
pgd_ge_5cm,Station PGD >= 5 cm,AMPLITUDE,ruhl_2019,median,2016p858000,2016-11-13T11:02:56Z,New Zealand,New Zealand,EarthScope PRIDE PPP-AR kin quality-passing stations,15 km north-east of Culverden,7.800000,14,24.146968,13.944506,147.886022,106.000000,7.386468,-0.413532,0.413532,pgd_cm>=5; min_stations>=1
pgd_ge_5cm,Station PGD >= 5 cm,AMPLITUDE,crowell_2016_gfast,median,2016p858007,2016-11-13T11:05:14Z,New Zealand,New Zealand,EarthScope PRIDE PPP-AR kin quality-passing stations,45 km south-west of Seddon,6.000000,22,12.697283,1.805160,148.467382,4.500000,7.466593,1.466593,1.466593,pgd_cm>=5; min_stations>=1
pgd_ge_5cm,Station PGD >= 5 cm,AMPLITUDE,melgar_2015,median,2016p858007,2016-11-13T11:05:14Z,New Zealand,New Zealand,EarthScope PRIDE PPP-AR kin quality-passing stations,45 km south-west of Seddon,6.000000,22,12.697283,1.805160,148.467382,4.500000,7.383383,1.383383,1.383383,pgd_cm>=5; min_stations>=1
pgd_ge_5cm,Station PGD >= 5 cm,AMPLITUDE,ruhl_2019,median,2016p858007,2016-11-13T11:05:14Z,New Zealand,New Zealand,EarthScope PRIDE PPP-AR kin quality-passing stations,45 km south-west of Seddon,6.000000,22,12.697283,1.805160,148.467382,4.500000,7.204731,1.204731,1.204731,pgd_cm>=5; min_stations>=1
pgd_ge_5cm,Station PGD >= 5 cm,AMPLITUDE,crowell_2016_gfast,median,2016p858021,2016-11-13T11:12:35Z,New Zealand,New Zealand,EarthScope PRIDE PPP-AR kin quality-passing stations,5 km east of Kaikoura,6.000000,15,7.609693,1.260167,155.117118,355.000000,7.351824,1.351824,1.351824,pgd_cm>=5; min_stations>=1
pgd_ge_5cm,Station PGD >= 5 cm,AMPLITUDE,melgar_2015,median,2016p858021,2016-11-13T11:12:35Z,New Zealand,New Zealand,EarthScope PRIDE PPP-AR kin quality-passing stations,5 km east of Kaikoura,6.000000,15,7.609693,1.260167,155.117118,355.000000,7.125691,1.125691,1.125691,pgd_cm>=5; min_stations>=1
pgd_ge_5cm,Station PGD >= 5 cm,AMPLITUDE,ruhl_2019,median,2016p858021,2016-11-13T11:12:35Z,New Zealand,New Zealand,EarthScope PRIDE PPP-AR kin quality-passing stations,5 km east of Kaikoura,6.000000,15,7.609693,1.260167,155.117118,355.000000,6.933881,0.933881,0.933881,pgd_cm>=5; min_stations>=1
pgd_ge_5cm,Station PGD >= 5 cm,AMPLITUDE,crowell_2016_gfast,median,2016p858055,2016-11-13T11:32:07Z,New Zealand,New Zealand,EarthScope PRIDE PPP-AR kin quality-passing stations,15 km north of Kaikoura,6.200000,6,6.718694,3.325051,153.066823,289.500000,7.285132,1.085132,1.085132,pgd_cm>=5; min_stations>=1
pgd_ge_5cm,Station PGD >= 5 cm,AMPLITUDE,melgar_2015,median,2016p858055,2016-11-13T11:32:07Z,New Zealand,New Zealand,EarthScope PRIDE PPP-AR kin quality-passing stations,15 km north of Kaikoura,6.200000,6,6.718694,3.325051,153.066823,289.500000,7.059854,0.859853,0.859853,pgd_cm>=5; min_stations>=1
pgd_ge_5cm,Station PGD >= 5 cm,AMPLITUDE,ruhl_2019,median,2016p858055,2016-11-13T11:32:07Z,New Zealand,New Zealand,EarthScope PRIDE PPP-AR kin quality-passing stations,15 km north of Kaikoura,6.200000,6,6.718694,3.325051,153.066823,289.500000,6.859707,0.659707,0.659707,pgd_cm>=5; min_stations>=1
pgd_ge_5cm,Station PGD >= 5 cm,AMPLITUDE,crowell_2016_gfast,median,2016p858094,2016-11-13T11:52:44Z,New Zealand,New Zealand,EarthScope PRIDE PPP-AR kin quality-passing stations,20 km north of Kaikoura,6.100000,5,6.893185,3.621912,170.370883,357.000000,7.450455,1.350455,1.350455,pgd_cm>=5; min_stations>=1
pgd_ge_5cm,Station PGD >= 5 cm,AMPLITUDE,melgar_2015,median,2016p858094,2016-11-13T11:52:44Z,New Zealand,New Zealand,EarthScope PRIDE PPP-AR kin quality-passing stations,20 km north of Kaikoura,6.100000,5,6.893185,3.621912,170.370883,357.000000,7.212035,1.112035,1.112035,pgd_cm>=5; min_stations>=1
pgd_ge_5cm,Station PGD >= 5 cm,AMPLITUDE,ruhl_2019,median,2016p858094,2016-11-13T11:52:44Z,New Zealand,New Zealand,EarthScope PRIDE PPP-AR kin quality-passing stations,20 km north of Kaikoura,6.100000,5,6.893185,3.621912,170.370883,357.000000,7.026871,0.926871,0.926871,pgd_cm>=5; min_stations>=1
pgd_ge_5cm,Station PGD >= 5 cm,AMPLITUDE,crowell_2016_gfast,median,2016p859524,2016-11-14T00:34:23Z,New Zealand,New Zealand,EarthScope PRIDE PPP-AR kin quality-passing stations,25 km east of Hanmer Springs,6.700000,14,5.997541,3.259240,143.052418,386.000000,7.270427,0.570427,0.570427,pgd_cm>=5; min_stations>=1
pgd_ge_5cm,Station PGD >= 5 cm,AMPLITUDE,melgar_2015,median,2016p859524,2016-11-14T00:34:23Z,New Zealand,New Zealand,EarthScope PRIDE PPP-AR kin quality-passing stations,25 km east of Hanmer Springs,6.700000,14,5.997541,3.259240,143.052418,386.000000,7.002296,0.302296,0.302296,pgd_cm>=5; min_stations>=1
pgd_ge_5cm,Station PGD >= 5 cm,AMPLITUDE,ruhl_2019,median,2016p859524,2016-11-14T00:34:23Z,New Zealand,New Zealand,EarthScope PRIDE PPP-AR kin quality-passing stations,25 km east of Hanmer Springs,6.700000,14,5.997541,3.259240,143.052418,386.000000,6.799009,0.099009,0.099009,pgd_cm>=5; min_stations>=1
pgd_ge_5cm,Station PGD >= 5 cm,AMPLITUDE,crowell_2016_gfast,median,2021p169083,2021-03-04T13:27:35Z,New Zealand,New Zealand,EarthScope PRIDE PPP-AR kin quality-passing stations,140 km east of Te Araroa,7.200000,10,6.731639,3.133979,201.247349,254.500000,7.424596,0.224596,0.224596,pgd_cm>=5; min_stations>=1
pgd_ge_5cm,Station PGD >= 5 cm,AMPLITUDE,melgar_2015,median,2021p169083,2021-03-04T13:27:35Z,New Zealand,New Zealand,EarthScope PRIDE PPP-AR kin quality-passing stations,140 km east of Te Araroa,7.200000,10,6.731639,3.133979,201.247349,254.500000,7.189880,-0.010120,0.010120,pgd_cm>=5; min_stations>=1
pgd_ge_5cm,Station PGD >= 5 cm,AMPLITUDE,ruhl_2019,median,2021p169083,2021-03-04T13:27:35Z,New Zealand,New Zealand,EarthScope PRIDE PPP-AR kin quality-passing stations,140 km east of Te Araroa,7.200000,10,6.731639,3.133979,201.247349,254.500000,7.002339,-0.197661,0.197661,pgd_cm>=5; min_stations>=1
pgd_ge_5cm,Station PGD >= 5 cm,AMPLITUDE,crowell_2016_gfast,median,ak0138esnzr,2013-01-05T08:58:14.957000Z,United States,US,EarthScope PRIDE PPP-AR kin quality-passing stations,"110 km SW of Edna Bay, Alaska",7.500000,2,23.526045,9.012014,163.348518,51.043000,7.805161,0.305161,0.305161,pgd_cm>=5; min_stations>=1
pgd_ge_5cm,Station PGD >= 5 cm,AMPLITUDE,melgar_2015,median,ak0138esnzr,2013-01-05T08:58:14.957000Z,United States,US,EarthScope PRIDE PPP-AR kin quality-passing stations,"110 km SW of Edna Bay, Alaska",7.500000,2,23.526045,9.012014,163.348518,51.043000,7.778059,0.278059,0.278059,pgd_cm>=5; min_stations>=1
pgd_ge_5cm,Station PGD >= 5 cm,AMPLITUDE,ruhl_2019,median,ak0138esnzr,2013-01-05T08:58:14.957000Z,United States,US,EarthScope PRIDE PPP-AR kin quality-passing stations,"110 km SW of Edna Bay, Alaska",7.500000,2,23.526045,9.012014,163.348518,51.043000,7.633584,0.133584,0.133584,pgd_cm>=5; min_stations>=1
pgd_ge_5cm,Station PGD >= 5 cm,AMPLITUDE,crowell_2016_gfast,median,ak0149guzic1,2014-07-25T10:54:50.417000Z,United States,US,EarthScope PRIDE PPP-AR kin quality-passing stations,"40 km WNW of Elfin Cove, Alaska",6.000000,1,5.713685,3.305702,142.068380,256.583000,7.161981,1.161981,1.161981,pgd_cm>=5; min_stations>=1
pgd_ge_5cm,Station PGD >= 5 cm,AMPLITUDE,melgar_2015,median,ak0149guzic1,2014-07-25T10:54:50.417000Z,United States,US,EarthScope PRIDE PPP-AR kin quality-passing stations,"40 km WNW of Elfin Cove, Alaska",6.000000,1,5.713685,3.305702,142.068380,256.583000,6.921634,0.921634,0.921634,pgd_cm>=5; min_stations>=1
pgd_ge_5cm,Station PGD >= 5 cm,AMPLITUDE,ruhl_2019,median,ak0149guzic1,2014-07-25T10:54:50.417000Z,United States,US,EarthScope PRIDE PPP-AR kin quality-passing stations,"40 km WNW of Elfin Cove, Alaska",6.000000,1,5.713685,3.305702,142.068380,256.583000,6.709711,0.709711,0.709711,pgd_cm>=5; min_stations>=1
pgd_ge_5cm,Station PGD >= 5 cm,AMPLITUDE,crowell_2016_gfast,median,ak014cbigci8,2014-09-25T17:51:17.606000Z,United States,US,EarthScope PRIDE PPP-AR kin quality-passing stations,"22 km WSW of Skwentna, Alaska",6.200000,7,5.920144,3.713636,133.586402,159.394000,7.145844,0.945844,0.945844,pgd_cm>=5; min_stations>=1
pgd_ge_5cm,Station PGD >= 5 cm,AMPLITUDE,melgar_2015,median,ak014cbigci8,2014-09-25T17:51:17.606000Z,United States,US,EarthScope PRIDE PPP-AR kin quality-passing stations,"22 km WSW of Skwentna, Alaska",6.200000,7,5.920144,3.713636,133.586402,159.394000,6.886387,0.686387,0.686387,pgd_cm>=5; min_stations>=1
pgd_ge_5cm,Station PGD >= 5 cm,AMPLITUDE,ruhl_2019,median,ak014cbigci8,2014-09-25T17:51:17.606000Z,United States,US,EarthScope PRIDE PPP-AR kin quality-passing stations,"22 km WSW of Skwentna, Alaska",6.200000,7,5.920144,3.713636,133.586402,159.394000,6.672191,0.472191,0.472191,pgd_cm>=5; min_stations>=1
pgd_ge_5cm,Station PGD >= 5 cm,AMPLITUDE,crowell_2016_gfast,median,ak0156uj8rk3,2015-05-29T07:00:09.634000Z,United States,US,EarthScope PRIDE PPP-AR kin quality-passing stations,"117 km SSE of Ugashik, Alaska",6.800000,1,5.105389,3.335885,156.389639,202.366000,7.176577,0.376577,0.376577,pgd_cm>=5; min_stations>=1
pgd_ge_5cm,Station PGD >= 5 cm,AMPLITUDE,melgar_2015,median,ak0156uj8rk3,2015-05-29T07:00:09.634000Z,United States,US,EarthScope PRIDE PPP-AR kin quality-passing stations,"117 km SSE of Ugashik, Alaska",6.800000,1,5.105389,3.335885,156.389639,202.366000,6.909478,0.109478,0.109478,pgd_cm>=5; min_stations>=1
pgd_ge_5cm,Station PGD >= 5 cm,AMPLITUDE,ruhl_2019,median,ak0156uj8rk3,2015-05-29T07:00:09.634000Z,United States,US,EarthScope PRIDE PPP-AR kin quality-passing stations,"117 km SSE of Ugashik, Alaska",6.800000,1,5.105389,3.335885,156.389639,202.366000,6.697687,-0.102313,0.102313,pgd_cm>=5; min_stations>=1
pgd_ge_5cm,Station PGD >= 5 cm,AMPLITUDE,crowell_2016_gfast,median,ak0159nc9dk8,2015-07-29T02:35:59.449000Z,United States,US,EarthScope PRIDE PPP-AR kin quality-passing stations,"52 km ENE of Pedro Bay, Alaska",6.400000,20,6.772815,2.949111,140.080694,367.551000,7.274942,0.874942,0.874942,pgd_cm>=5; min_stations>=1
pgd_ge_5cm,Station PGD >= 5 cm,AMPLITUDE,melgar_2015,median,ak0159nc9dk8,2015-07-29T02:35:59.449000Z,United States,US,EarthScope PRIDE PPP-AR kin quality-passing stations,"52 km ENE of Pedro Bay, Alaska",6.400000,20,6.772815,2.949111,140.080694,367.551000,7.069219,0.669219,0.669219,pgd_cm>=5; min_stations>=1
pgd_ge_5cm,Station PGD >= 5 cm,AMPLITUDE,ruhl_2019,median,ak0159nc9dk8,2015-07-29T02:35:59.449000Z,United States,US,EarthScope PRIDE PPP-AR kin quality-passing stations,"52 km ENE of Pedro Bay, Alaska",6.400000,20,6.772815,2.949111,140.080694,367.551000,6.868742,0.468742,0.468742,pgd_cm>=5; min_stations>=1
pgd_ge_5cm,Station PGD >= 5 cm,AMPLITUDE,crowell_2016_gfast,median,ak01613v15nv,2016-01-24T10:30:29.557000Z,United States,US,EarthScope PRIDE PPP-AR kin quality-passing stations,"47 km ESE of Pedro Bay, Alaska",7.100000,17,6.349087,2.058382,150.095796,176.443000,7.214723,0.114723,0.114723,pgd_cm>=5; min_stations>=1
pgd_ge_5cm,Station PGD >= 5 cm,AMPLITUDE,melgar_2015,median,ak01613v15nv,2016-01-24T10:30:29.557000Z,United States,US,EarthScope PRIDE PPP-AR kin quality-passing stations,"47 km ESE of Pedro Bay, Alaska",7.100000,17,6.349087,2.058382,150.095796,176.443000,6.999605,-0.100395,0.100395,pgd_cm>=5; min_stations>=1
pgd_ge_5cm,Station PGD >= 5 cm,AMPLITUDE,ruhl_2019,median,ak01613v15nv,2016-01-24T10:30:29.557000Z,United States,US,EarthScope PRIDE PPP-AR kin quality-passing stations,"47 km ESE of Pedro Bay, Alaska",7.100000,17,6.349087,2.058382,150.095796,176.443000,6.792457,-0.307543,0.307543,pgd_cm>=5; min_stations>=1
pgd_ge_5cm,Station PGD >= 5 cm,AMPLITUDE,crowell_2016_gfast,median,ak01649w95tp,2016-04-02T05:50:00.932000Z,United States,US,EarthScope PRIDE PPP-AR kin quality-passing stations,"42 km E of Port Heiden, Alaska",6.200000,3,5.470256,2.707266,66.776295,508.068000,6.831879,0.631879,0.631879,pgd_cm>=5; min_stations>=1
pgd_ge_5cm,Station PGD >= 5 cm,AMPLITUDE,melgar_2015,median,ak01649w95tp,2016-04-02T05:50:00.932000Z,United States,US,EarthScope PRIDE PPP-AR kin quality-passing stations,"42 km E of Port Heiden, Alaska",6.200000,3,5.470256,2.707266,66.776295,508.068000,6.631302,0.431302,0.431302,pgd_cm>=5; min_stations>=1
pgd_ge_5cm,Station PGD >= 5 cm,AMPLITUDE,ruhl_2019,median,ak01649w95tp,2016-04-02T05:50:00.932000Z,United States,US,EarthScope PRIDE PPP-AR kin quality-passing stations,"42 km E of Port Heiden, Alaska",6.200000,3,5.470256,2.707266,66.776295,508.068000,6.393547,0.193547,0.193547,pgd_cm>=5; min_stations>=1
pgd_ge_5cm,Station PGD >= 5 cm,AMPLITUDE,crowell_2016_gfast,median,ak018aap2cqu,2018-08-12T14:58:53.503000Z,United States,US,EarthScope PRIDE PPP-AR kin quality-passing stations,"89 km SW of Kaktovik, Alaska",6.400000,2,7.591081,3.196667,185.025607,571.497000,7.451199,1.051199,1.051199,pgd_cm>=5; min_stations>=1
pgd_ge_5cm,Station PGD >= 5 cm,AMPLITUDE,melgar_2015,median,ak018aap2cqu,2018-08-12T14:58:53.503000Z,United States,US,EarthScope PRIDE PPP-AR kin quality-passing stations,"89 km SW of Kaktovik, Alaska",6.400000,2,7.591081,3.196667,185.025607,571.497000,7.232306,0.832306,0.832306,pgd_cm>=5; min_stations>=1
pgd_ge_5cm,Station PGD >= 5 cm,AMPLITUDE,ruhl_2019,median,ak018aap2cqu,2018-08-12T14:58:53.503000Z,United States,US,EarthScope PRIDE PPP-AR kin quality-passing stations,"89 km SW of Kaktovik, Alaska",6.400000,2,7.591081,3.196667,185.025607,571.497000,7.047907,0.647907,0.647907,pgd_cm>=5; min_stations>=1
pgd_ge_5cm,Station PGD >= 5 cm,AMPLITUDE,crowell_2016_gfast,median,ak018aasz24z,2018-08-12T21:15:00.999000Z,United States,US,EarthScope PRIDE PPP-AR kin quality-passing stations,"73 km SSW of Kaktovik, Alaska",6.000000,2,10.859319,1.981771,215.380665,145.001000,7.697434,1.697434,1.697434,pgd_cm>=5; min_stations>=1
pgd_ge_5cm,Station PGD >= 5 cm,AMPLITUDE,melgar_2015,median,ak018aasz24z,2018-08-12T21:15:00.999000Z,United States,US,EarthScope PRIDE PPP-AR kin quality-passing stations,"73 km SSW of Kaktovik, Alaska",6.000000,2,10.859319,1.981771,215.380665,145.001000,7.517430,1.517430,1.517430,pgd_cm>=5; min_stations>=1
pgd_ge_5cm,Station PGD >= 5 cm,AMPLITUDE,ruhl_2019,median,ak018aasz24z,2018-08-12T21:15:00.999000Z,United States,US,EarthScope PRIDE PPP-AR kin quality-passing stations,"73 km SSW of Kaktovik, Alaska",6.000000,2,10.859319,1.981771,215.380665,145.001000,7.358713,1.358713,1.358713,pgd_cm>=5; min_stations>=1
pgd_ge_5cm,Station PGD >= 5 cm,AMPLITUDE,crowell_2016_gfast,median,ak0216xu2rod,2021-05-31T06:59:55.581000Z,United States,US,EarthScope PRIDE PPP-AR kin quality-passing stations,"73 km N of Chickaloon, Alaska",6.100000,2,5.730459,2.449612,170.699900,199.419000,7.279988,1.179988,1.179988,pgd_cm>=5; min_stations>=1
pgd_ge_5cm,Station PGD >= 5 cm,AMPLITUDE,melgar_2015,median,ak0216xu2rod,2021-05-31T06:59:55.581000Z,United States,US,EarthScope PRIDE PPP-AR kin quality-passing stations,"73 km N of Chickaloon, Alaska",6.100000,2,5.730459,2.449612,170.699900,199.419000,7.023960,0.923960,0.923960,pgd_cm>=5; min_stations>=1
pgd_ge_5cm,Station PGD >= 5 cm,AMPLITUDE,ruhl_2019,median,ak0216xu2rod,2021-05-31T06:59:55.581000Z,United States,US,EarthScope PRIDE PPP-AR kin quality-passing stations,"73 km N of Chickaloon, Alaska",6.100000,2,5.730459,2.449612,170.699900,199.419000,6.822117,0.722117,0.722117,pgd_cm>=5; min_stations>=1
pgd_ge_5cm,Station PGD >= 5 cm,AMPLITUDE,crowell_2016_gfast,median,ak2025xjbvhj,2025-11-27T17:11:29.059000Z,United States,US,EarthScope PRIDE PPP-AR kin quality-passing stations,"12 km WNW of Susitna, Alaska",6.000000,1,7.098451,2.085237,124.429892,351.941000,7.167693,1.167693,1.167693,pgd_cm>=5; min_stations>=1
pgd_ge_5cm,Station PGD >= 5 cm,AMPLITUDE,melgar_2015,median,ak2025xjbvhj,2025-11-27T17:11:29.059000Z,United States,US,EarthScope PRIDE PPP-AR kin quality-passing stations,"12 km WNW of Susitna, Alaska",6.000000,1,7.098451,2.085237,124.429892,351.941000,6.973428,0.973428,0.973428,pgd_cm>=5; min_stations>=1
pgd_ge_5cm,Station PGD >= 5 cm,AMPLITUDE,ruhl_2019,median,ak2025xjbvhj,2025-11-27T17:11:29.059000Z,United States,US,EarthScope PRIDE PPP-AR kin quality-passing stations,"12 km WNW of Susitna, Alaska",6.000000,1,7.098451,2.085237,124.429892,351.941000,6.763926,0.763926,0.763926,pgd_cm>=5; min_stations>=1
pgd_ge_5cm,Station PGD >= 5 cm,AMPLITUDE,crowell_2016_gfast,median,hv72748782,2021-10-10T21:48:36.560000Z,United States,US,EarthScope PRIDE PPP-AR kin quality-passing stations,"27 km SSE of Naalehu, Hawaii",6.210000,2,6.308643,2.486975,93.585358,571.940000,6.886549,0.676549,0.676549,pgd_cm>=5; min_stations>=1
pgd_ge_5cm,Station PGD >= 5 cm,AMPLITUDE,melgar_2015,median,hv72748782,2021-10-10T21:48:36.560000Z,United States,US,EarthScope PRIDE PPP-AR kin quality-passing stations,"27 km SSE of Naalehu, Hawaii",6.210000,2,6.308643,2.486975,93.585358,571.940000,6.699494,0.489494,0.489494,pgd_cm>=5; min_stations>=1
pgd_ge_5cm,Station PGD >= 5 cm,AMPLITUDE,ruhl_2019,median,hv72748782,2021-10-10T21:48:36.560000Z,United States,US,EarthScope PRIDE PPP-AR kin quality-passing stations,"27 km SSE of Naalehu, Hawaii",6.210000,2,6.308643,2.486975,93.585358,571.940000,6.467310,0.257310,0.257310,pgd_cm>=5; min_stations>=1
pgd_ge_5cm,Station PGD >= 5 cm,AMPLITUDE,crowell_2016_gfast,median,nc73821036,2022-12-20T10:34:24.770000Z,United States,US,EarthScope PRIDE PPP-AR kin quality-passing stations,"15km WSW of Ferndale, CA",6.400000,10,6.099209,5.674521,49.310520,16.730000,6.534010,0.134010,0.134010,pgd_cm>=5; min_stations>=1
pgd_ge_5cm,Station PGD >= 5 cm,AMPLITUDE,melgar_2015,median,nc73821036,2022-12-20T10:34:24.770000Z,United States,US,EarthScope PRIDE PPP-AR kin quality-passing stations,"15km WSW of Ferndale, CA",6.400000,10,6.099209,5.674521,49.310520,16.730000,6.457384,0.057384,0.057384,pgd_cm>=5; min_stations>=1
pgd_ge_5cm,Station PGD >= 5 cm,AMPLITUDE,ruhl_2019,median,nc73821036,2022-12-20T10:34:24.770000Z,United States,US,EarthScope PRIDE PPP-AR kin quality-passing stations,"15km WSW of Ferndale, CA",6.400000,10,6.099209,5.674521,49.310520,16.730000,6.203412,-0.196588,0.196588,pgd_cm>=5; min_stations>=1
pgd_ge_5cm,Station PGD >= 5 cm,AMPLITUDE,crowell_2016_gfast,median,pr2019267000,2019-09-24T03:23:40.000000Z,United States,US,EarthScope PRIDE PPP-AR kin quality-passing stations,"67 km NNW of San Antonio, Puerto Rico",6.000000,9,6.238574,3.137156,133.485101,465.000000,7.284079,1.284079,1.284079,pgd_cm>=5; min_stations>=1
pgd_ge_5cm,Station PGD >= 5 cm,AMPLITUDE,melgar_2015,median,pr2019267000,2019-09-24T03:23:40.000000Z,United States,US,EarthScope PRIDE PPP-AR kin quality-passing stations,"67 km NNW of San Antonio, Puerto Rico",6.000000,9,6.238574,3.137156,133.485101,465.000000,7.077603,1.077603,1.077603,pgd_cm>=5; min_stations>=1
pgd_ge_5cm,Station PGD >= 5 cm,AMPLITUDE,ruhl_2019,median,pr2019267000,2019-09-24T03:23:40.000000Z,United States,US,EarthScope PRIDE PPP-AR kin quality-passing stations,"67 km NNW of San Antonio, Puerto Rico",6.000000,9,6.238574,3.137156,133.485101,465.000000,6.881144,0.881144,0.881144,pgd_cm>=5; min_stations>=1
pgd_ge_5cm,Station PGD >= 5 cm,AMPLITUDE,crowell_2016_gfast,median,pr2020007007,2020-01-07T08:24:27.370Z,Puerto Rico,Americas,EarthScope PRIDE PPP-AR kin quality-passing stations,"4 km SSE of Indios, Puerto Rico",6.400000,8,11.941820,4.070831,70.002318,452.130000,7.129128,0.729127,0.729127,pgd_cm>=5; min_stations>=1
pgd_ge_5cm,Station PGD >= 5 cm,AMPLITUDE,melgar_2015,median,pr2020007007,2020-01-07T08:24:27.370Z,Puerto Rico,Americas,EarthScope PRIDE PPP-AR kin quality-passing stations,"4 km SSE of Indios, Puerto Rico",6.400000,8,11.941820,4.070831,70.002318,452.130000,7.100391,0.700391,0.700391,pgd_cm>=5; min_stations>=1
pgd_ge_5cm,Station PGD >= 5 cm,AMPLITUDE,ruhl_2019,median,pr2020007007,2020-01-07T08:24:27.370Z,Puerto Rico,Americas,EarthScope PRIDE PPP-AR kin quality-passing stations,"4 km SSE of Indios, Puerto Rico",6.400000,8,11.941820,4.070831,70.002318,452.130000,6.893396,0.493396,0.493396,pgd_cm>=5; min_stations>=1
pgd_ge_5cm,Station PGD >= 5 cm,AMPLITUDE,crowell_2016_gfast,median,us10003vyx,2015-11-09T16:03:46.070000Z,United States,US,EarthScope PRIDE PPP-AR kin quality-passing stations,"99 km SE of Atka, Alaska",6.500000,1,6.300325,2.931911,101.241372,332.930000,6.991025,0.491025,0.491025,pgd_cm>=5; min_stations>=1
pgd_ge_5cm,Station PGD >= 5 cm,AMPLITUDE,melgar_2015,median,us10003vyx,2015-11-09T16:03:46.070000Z,United States,US,EarthScope PRIDE PPP-AR kin quality-passing stations,"99 km SE of Atka, Alaska",6.500000,1,6.300325,2.931911,101.241372,332.930000,6.794276,0.294276,0.294276,pgd_cm>=5; min_stations>=1
pgd_ge_5cm,Station PGD >= 5 cm,AMPLITUDE,ruhl_2019,median,us10003vyx,2015-11-09T16:03:46.070000Z,United States,US,EarthScope PRIDE PPP-AR kin quality-passing stations,"99 km SE of Atka, Alaska",6.500000,1,6.300325,2.931911,101.241372,332.930000,6.569495,0.069495,0.069495,pgd_cm>=5; min_stations>=1
pgd_ge_5cm,Station PGD >= 5 cm,AMPLITUDE,crowell_2016_gfast,median,us100047zq,2015-12-17T19:49:53.050Z,Mexico,Americas,EarthScope PRIDE PPP-AR kin quality-passing stations,"4 km W of Manuel Ávila Camacho (Ponte Duro), Mexico",6.600000,1,6.355543,1.386764,199.126305,460.950000,7.430807,0.830807,0.830807,pgd_cm>=5; min_stations>=1
pgd_ge_5cm,Station PGD >= 5 cm,AMPLITUDE,melgar_2015,median,us100047zq,2015-12-17T19:49:53.050Z,Mexico,Americas,EarthScope PRIDE PPP-AR kin quality-passing stations,"4 km W of Manuel Ávila Camacho (Ponte Duro), Mexico",6.600000,1,6.355543,1.386764,199.126305,460.950000,7.176932,0.576932,0.576932,pgd_cm>=5; min_stations>=1
pgd_ge_5cm,Station PGD >= 5 cm,AMPLITUDE,ruhl_2019,median,us100047zq,2015-12-17T19:49:53.050Z,Mexico,Americas,EarthScope PRIDE PPP-AR kin quality-passing stations,"4 km W of Manuel Ávila Camacho (Ponte Duro), Mexico",6.600000,1,6.355543,1.386764,199.126305,460.950000,6.989296,0.389296,0.389296,pgd_cm>=5; min_stations>=1
pgd_ge_5cm,Station PGD >= 5 cm,AMPLITUDE,crowell_2016_gfast,median,us10004x1w,2016-03-12T18:06:44.760000Z,United States,US,EarthScope PRIDE PPP-AR kin quality-passing stations,"72 km SSE of Atka, Alaska",6.300000,1,6.009709,3.217592,76.318904,376.240000,6.804976,0.504976,0.504976,pgd_cm>=5; min_stations>=1
pgd_ge_5cm,Station PGD >= 5 cm,AMPLITUDE,melgar_2015,median,us10004x1w,2016-03-12T18:06:44.760000Z,United States,US,EarthScope PRIDE PPP-AR kin quality-passing stations,"72 km SSE of Atka, Alaska",6.300000,1,6.009709,3.217592,76.318904,376.240000,6.622046,0.322046,0.322046,pgd_cm>=5; min_stations>=1
pgd_ge_5cm,Station PGD >= 5 cm,AMPLITUDE,ruhl_2019,median,us10004x1w,2016-03-12T18:06:44.760000Z,United States,US,EarthScope PRIDE PPP-AR kin quality-passing stations,"72 km SSE of Atka, Alaska",6.300000,1,6.009709,3.217592,76.318904,376.240000,6.382794,0.082794,0.082794,pgd_cm>=5; min_stations>=1
pgd_ge_5cm,Station PGD >= 5 cm,AMPLITUDE,crowell_2016_gfast,median,us10007c4w,2016-11-24T18:43:47.710Z,El Salvador,Americas,EarthScope PRIDE PPP-AR kin quality-passing stations,"156 km SSW of Puerto El Triunfo, El Salvador",6.900000,2,7.853959,2.429730,204.395863,339.290000,7.531507,0.631507,0.631507,pgd_cm>=5; min_stations>=1
pgd_ge_5cm,Station PGD >= 5 cm,AMPLITUDE,melgar_2015,median,us10007c4w,2016-11-24T18:43:47.710Z,El Salvador,Americas,EarthScope PRIDE PPP-AR kin quality-passing stations,"156 km SSW of Puerto El Triunfo, El Salvador",6.900000,2,7.853959,2.429730,204.395863,339.290000,7.306729,0.406728,0.406728,pgd_cm>=5; min_stations>=1
pgd_ge_5cm,Station PGD >= 5 cm,AMPLITUDE,ruhl_2019,median,us10007c4w,2016-11-24T18:43:47.710Z,El Salvador,Americas,EarthScope PRIDE PPP-AR kin quality-passing stations,"156 km SSW of Puerto El Triunfo, El Salvador",6.900000,2,7.853959,2.429730,204.395863,339.290000,7.129886,0.229885,0.229885,pgd_cm>=5; min_stations>=1
pgd_ge_5cm,Station PGD >= 5 cm,AMPLITUDE,crowell_2016_gfast,median,us10008mgu,2017-05-01T14:18:15.290000Z,United States,US,EarthScope PRIDE PPP-AR kin quality-passing stations,"48 km NW of Mosquito Lake, Alaska",6.300000,1,6.185176,1.713065,89.410802,467.710000,6.909030,0.609030,0.609030,pgd_cm>=5; min_stations>=1
pgd_ge_5cm,Station PGD >= 5 cm,AMPLITUDE,melgar_2015,median,us10008mgu,2017-05-01T14:18:15.290000Z,United States,US,EarthScope PRIDE PPP-AR kin quality-passing stations,"48 km NW of Mosquito Lake, Alaska",6.300000,1,6.185176,1.713065,89.410802,467.710000,6.718911,0.418911,0.418911,pgd_cm>=5; min_stations>=1
pgd_ge_5cm,Station PGD >= 5 cm,AMPLITUDE,ruhl_2019,median,us10008mgu,2017-05-01T14:18:15.290000Z,United States,US,EarthScope PRIDE PPP-AR kin quality-passing stations,"48 km NW of Mosquito Lake, Alaska",6.300000,1,6.185176,1.713065,89.410802,467.710000,6.487655,0.187655,0.187655,pgd_cm>=5; min_stations>=1
pgd_ge_5cm,Station PGD >= 5 cm,AMPLITUDE,crowell_2016_gfast,median,us10008rtu,2017-05-12T10:41:26.710Z,El Salvador,Americas,EarthScope PRIDE PPP-AR kin quality-passing stations,"78 km SSW of Acajutla, El Salvador",6.200000,1,14.788174,1.918583,290.669696,516.290000,8.076329,1.876329,1.876329,pgd_cm>=5; min_stations>=1
pgd_ge_5cm,Station PGD >= 5 cm,AMPLITUDE,melgar_2015,median,us10008rtu,2017-05-12T10:41:26.710Z,El Salvador,Americas,EarthScope PRIDE PPP-AR kin quality-passing stations,"78 km SSW of Acajutla, El Salvador",6.200000,1,14.788174,1.918583,290.669696,516.290000,7.925759,1.725759,1.725759,pgd_cm>=5; min_stations>=1
pgd_ge_5cm,Station PGD >= 5 cm,AMPLITUDE,ruhl_2019,median,us10008rtu,2017-05-12T10:41:26.710Z,El Salvador,Americas,EarthScope PRIDE PPP-AR kin quality-passing stations,"78 km SSW of Acajutla, El Salvador",6.200000,1,14.788174,1.918583,290.669696,516.290000,7.807394,1.607394,1.607394,pgd_cm>=5; min_stations>=1
pgd_ge_5cm,Station PGD >= 5 cm,AMPLITUDE,crowell_2016_gfast,median,us1000gc0k,2018-08-17T23:22:24.950Z,Costa Rica,Americas,EarthScope PRIDE PPP-AR kin quality-passing stations,"19 km NNW of Golfito, Costa Rica",6.100000,2,17.386465,2.268689,193.879709,308.050000,7.772887,1.672887,1.672887,pgd_cm>=5; min_stations>=1
pgd_ge_5cm,Station PGD >= 5 cm,AMPLITUDE,melgar_2015,median,us1000gc0k,2018-08-17T23:22:24.950Z,Costa Rica,Americas,EarthScope PRIDE PPP-AR kin quality-passing stations,"19 km NNW of Golfito, Costa Rica",6.100000,2,17.386465,2.268689,193.879709,308.050000,7.682830,1.582830,1.582830,pgd_cm>=5; min_stations>=1
pgd_ge_5cm,Station PGD >= 5 cm,AMPLITUDE,ruhl_2019,median,us1000gc0k,2018-08-17T23:22:24.950Z,Costa Rica,Americas,EarthScope PRIDE PPP-AR kin quality-passing stations,"19 km NNW of Golfito, Costa Rica",6.100000,2,17.386465,2.268689,193.879709,308.050000,7.534147,1.434147,1.434147,pgd_cm>=5; min_stations>=1
pgd_ge_5cm,Station PGD >= 5 cm,AMPLITUDE,crowell_2016_gfast,median,us1000gez7,2018-08-21T21:31:47.600Z,Venezuela,Americas,EarthScope PRIDE PPP-AR kin quality-passing stations,"40 km ENE of Carúpano, Venezuela",7.300000,3,8.124438,2.883420,221.950553,219.400000,7.612771,0.312771,0.312771,pgd_cm>=5; min_stations>=1
pgd_ge_5cm,Station PGD >= 5 cm,AMPLITUDE,melgar_2015,median,us1000gez7,2018-08-21T21:31:47.600Z,Venezuela,Americas,EarthScope PRIDE PPP-AR kin quality-passing stations,"40 km ENE of Carúpano, Venezuela",7.300000,3,8.124438,2.883420,221.950553,219.400000,7.388925,0.088925,0.088925,pgd_cm>=5; min_stations>=1
pgd_ge_5cm,Station PGD >= 5 cm,AMPLITUDE,ruhl_2019,median,us1000gez7,2018-08-21T21:31:47.600Z,Venezuela,Americas,EarthScope PRIDE PPP-AR kin quality-passing stations,"40 km ENE of Carúpano, Venezuela",7.300000,3,8.124438,2.883420,221.950553,219.400000,7.220163,-0.079837,0.079837,pgd_cm>=5; min_stations>=1
pgd_ge_5cm,Station PGD >= 5 cm,AMPLITUDE,crowell_2016_gfast,median,us200063cy,2016-06-10T03:25:22.920Z,Nicaragua,Americas,EarthScope PRIDE PPP-AR kin quality-passing stations,Nicaragua,6.100000,9,9.403159,2.054104,51.539437,303.080000,6.657107,0.557107,0.557107,pgd_cm>=5; min_stations>=1
pgd_ge_5cm,Station PGD >= 5 cm,AMPLITUDE,melgar_2015,median,us200063cy,2016-06-10T03:25:22.920Z,Nicaragua,Americas,EarthScope PRIDE PPP-AR kin quality-passing stations,Nicaragua,6.100000,9,9.403159,2.054104,51.539437,303.080000,6.559820,0.459820,0.459820,pgd_cm>=5; min_stations>=1
pgd_ge_5cm,Station PGD >= 5 cm,AMPLITUDE,ruhl_2019,median,us200063cy,2016-06-10T03:25:22.920Z,Nicaragua,Americas,EarthScope PRIDE PPP-AR kin quality-passing stations,Nicaragua,6.100000,9,9.403159,2.054104,51.539437,303.080000,6.310923,0.210923,0.210923,pgd_cm>=5; min_stations>=1
pgd_ge_5cm,Station PGD >= 5 cm,AMPLITUDE,crowell_2016_gfast,median,us2000ahv0,2017-09-08T04:49:19.180Z,Mexico,Americas,EarthScope PRIDE PPP-AR kin quality-passing stations,"2017 Tehuantepec, Mexico Earthquake",8.200000,2,21.223283,9.889718,264.143158,87.320000,8.086726,-0.113274,0.113274,pgd_cm>=5; min_stations>=1
pgd_ge_5cm,Station PGD >= 5 cm,AMPLITUDE,melgar_2015,median,us2000ahv0,2017-09-08T04:49:19.180Z,Mexico,Americas,EarthScope PRIDE PPP-AR kin quality-passing stations,"2017 Tehuantepec, Mexico Earthquake",8.200000,2,21.223283,9.889718,264.143158,87.320000,7.978285,-0.221715,0.221715,pgd_cm>=5; min_stations>=1
pgd_ge_5cm,Station PGD >= 5 cm,AMPLITUDE,ruhl_2019,median,us2000ahv0,2017-09-08T04:49:19.180Z,Mexico,Americas,EarthScope PRIDE PPP-AR kin quality-passing stations,"2017 Tehuantepec, Mexico Earthquake",8.200000,2,21.223283,9.889718,264.143158,87.320000,7.862347,-0.337653,0.337653,pgd_cm>=5; min_stations>=1
pgd_ge_5cm,Station PGD >= 5 cm,AMPLITUDE,crowell_2016_gfast,median,us2000ar20,2017-09-19T18:14:38.090Z,Mexico,Americas,EarthScope PRIDE PPP-AR kin quality-passing stations,"1 km S of Matzaco, Mexico",7.100000,6,5.851378,2.007980,162.315784,374.910000,7.237281,0.137281,0.137281,pgd_cm>=5; min_stations>=1
pgd_ge_5cm,Station PGD >= 5 cm,AMPLITUDE,melgar_2015,median,us2000ar20,2017-09-19T18:14:38.090Z,Mexico,Americas,EarthScope PRIDE PPP-AR kin quality-passing stations,"1 km S of Matzaco, Mexico",7.100000,6,5.851378,2.007980,162.315784,374.910000,7.035531,-0.064469,0.064469,pgd_cm>=5; min_stations>=1
pgd_ge_5cm,Station PGD >= 5 cm,AMPLITUDE,ruhl_2019,median,us2000ar20,2017-09-19T18:14:38.090Z,Mexico,Americas,EarthScope PRIDE PPP-AR kin quality-passing stations,"1 km S of Matzaco, Mexico",7.100000,6,5.851378,2.007980,162.315784,374.910000,6.831651,-0.268349,0.268349,pgd_cm>=5; min_stations>=1
pgd_ge_5cm,Station PGD >= 5 cm,AMPLITUDE,crowell_2016_gfast,median,us2000atjv,2017-09-23T12:53:01.480Z,Mexico,Americas,EarthScope PRIDE PPP-AR kin quality-passing stations,"7 km NNE of Ixtepec, Mexico",6.100000,1,9.157543,0.974381,228.656773,1.520000,7.686175,1.586175,1.586175,pgd_cm>=5; min_stations>=1
pgd_ge_5cm,Station PGD >= 5 cm,AMPLITUDE,melgar_2015,median,us2000atjv,2017-09-23T12:53:01.480Z,Mexico,Americas,EarthScope PRIDE PPP-AR kin quality-passing stations,"7 km NNE of Ixtepec, Mexico",6.100000,1,9.157543,0.974381,228.656773,1.520000,7.479256,1.379256,1.379256,pgd_cm>=5; min_stations>=1
pgd_ge_5cm,Station PGD >= 5 cm,AMPLITUDE,ruhl_2019,median,us2000atjv,2017-09-23T12:53:01.480Z,Mexico,Americas,EarthScope PRIDE PPP-AR kin quality-passing stations,"7 km NNE of Ixtepec, Mexico",6.100000,1,9.157543,0.974381,228.656773,1.520000,7.318406,1.218406,1.218406,pgd_cm>=5; min_stations>=1
pgd_ge_5cm,Station PGD >= 5 cm,AMPLITUDE,crowell_2016_gfast,median,us2000bmhe,2017-11-13T02:28:23.680Z,Costa Rica,Americas,EarthScope PRIDE PPP-AR kin quality-passing stations,"18 km W of Parrita, Costa Rica",6.500000,2,11.639949,3.064170,266.599104,213.320000,7.881982,1.381982,1.381982,pgd_cm>=5; min_stations>=1
pgd_ge_5cm,Station PGD >= 5 cm,AMPLITUDE,melgar_2015,median,us2000bmhe,2017-11-13T02:28:23.680Z,Costa Rica,Americas,EarthScope PRIDE PPP-AR kin quality-passing stations,"18 km W of Parrita, Costa Rica",6.500000,2,11.639949,3.064170,266.599104,213.320000,7.692585,1.192585,1.192585,pgd_cm>=5; min_stations>=1
pgd_ge_5cm,Station PGD >= 5 cm,AMPLITUDE,ruhl_2019,median,us2000bmhe,2017-11-13T02:28:23.680Z,Costa Rica,Americas,EarthScope PRIDE PPP-AR kin quality-passing stations,"18 km W of Parrita, Costa Rica",6.500000,2,11.639949,3.064170,266.599104,213.320000,7.552343,1.052343,1.052343,pgd_cm>=5; min_stations>=1
pgd_ge_5cm,Station PGD >= 5 cm,AMPLITUDE,crowell_2016_gfast,median,us2000cl83,2018-01-19T16:17:44.720Z,Mexico,Americas,EarthScope PRIDE PPP-AR kin quality-passing stations,"79 km NNE of Loreto, Mexico",6.300000,1,5.719065,4.358480,235.404496,41.280000,7.501096,1.201096,1.201096,pgd_cm>=5; min_stations>=1
pgd_ge_5cm,Station PGD >= 5 cm,AMPLITUDE,melgar_2015,median,us2000cl83,2018-01-19T16:17:44.720Z,Mexico,Americas,EarthScope PRIDE PPP-AR kin quality-passing stations,"79 km NNE of Loreto, Mexico",6.300000,1,5.719065,4.358480,235.404496,41.280000,7.213284,0.913284,0.913284,pgd_cm>=5; min_stations>=1
pgd_ge_5cm,Station PGD >= 5 cm,AMPLITUDE,ruhl_2019,median,us2000cl83,2018-01-19T16:17:44.720Z,Mexico,Americas,EarthScope PRIDE PPP-AR kin quality-passing stations,"79 km NNE of Loreto, Mexico",6.300000,1,5.719065,4.358480,235.404496,41.280000,7.031149,0.731149,0.731149,pgd_cm>=5; min_stations>=1
pgd_ge_5cm,Station PGD >= 5 cm,AMPLITUDE,crowell_2016_gfast,median,us2000d3km,2018-02-16T23:39:39.280Z,Mexico,Americas,EarthScope PRIDE PPP-AR kin quality-passing stations,"4 km S of Pinotepa de Don Luis, Mexico",7.200000,8,6.764311,3.019450,127.116920,345.220000,7.131987,-0.068014,0.068014,pgd_cm>=5; min_stations>=1
pgd_ge_5cm,Station PGD >= 5 cm,AMPLITUDE,melgar_2015,median,us2000d3km,2018-02-16T23:39:39.280Z,Mexico,Americas,EarthScope PRIDE PPP-AR kin quality-passing stations,"4 km S of Pinotepa de Don Luis, Mexico",7.200000,8,6.764311,3.019450,127.116920,345.220000,7.003094,-0.196906,0.196906,pgd_cm>=5; min_stations>=1
pgd_ge_5cm,Station PGD >= 5 cm,AMPLITUDE,ruhl_2019,median,us2000d3km,2018-02-16T23:39:39.280Z,Mexico,Americas,EarthScope PRIDE PPP-AR kin quality-passing stations,"4 km S of Pinotepa de Don Luis, Mexico",7.200000,8,6.764311,3.019450,127.116920,345.220000,6.791374,-0.408626,0.408626,pgd_cm>=5; min_stations>=1
pgd_ge_5cm,Station PGD >= 5 cm,AMPLITUDE,crowell_2016_gfast,median,us2000izcv,2018-12-31T02:35:37.670000Z,United States,US,EarthScope PRIDE PPP-AR kin quality-passing stations,"87 km SE of King Cove, Alaska",6.000000,1,6.084291,2.134184,135.317756,529.330000,7.157085,1.157085,1.157085,pgd_cm>=5; min_stations>=1
pgd_ge_5cm,Station PGD >= 5 cm,AMPLITUDE,melgar_2015,median,us2000izcv,2018-12-31T02:35:37.670000Z,United States,US,EarthScope PRIDE PPP-AR kin quality-passing stations,"87 km SE of King Cove, Alaska",6.000000,1,6.084291,2.134184,135.317756,529.330000,6.931062,0.931062,0.931062,pgd_cm>=5; min_stations>=1
pgd_ge_5cm,Station PGD >= 5 cm,AMPLITUDE,ruhl_2019,median,us2000izcv,2018-12-31T02:35:37.670000Z,United States,US,EarthScope PRIDE PPP-AR kin quality-passing stations,"87 km SE of King Cove, Alaska",6.000000,1,6.084291,2.134184,135.317756,529.330000,6.719317,0.719317,0.719317,pgd_cm>=5; min_stations>=1
pgd_ge_5cm,Station PGD >= 5 cm,AMPLITUDE,crowell_2016_gfast,median,us60003r2r,2019-05-23T08:45:17.746000Z,United States,US,EarthScope PRIDE PPP-AR kin quality-passing stations,"127 km WSW of Adak, Alaska",6.000000,1,5.152252,3.470618,296.662772,45.254000,7.620481,1.620481,1.620481,pgd_cm>=5; min_stations>=1
pgd_ge_5cm,Station PGD >= 5 cm,AMPLITUDE,melgar_2015,median,us60003r2r,2019-05-23T08:45:17.746000Z,United States,US,EarthScope PRIDE PPP-AR kin quality-passing stations,"127 km WSW of Adak, Alaska",6.000000,1,5.152252,3.470618,296.662772,45.254000,7.290727,1.290727,1.290727,pgd_cm>=5; min_stations>=1
pgd_ge_5cm,Station PGD >= 5 cm,AMPLITUDE,ruhl_2019,median,us60003r2r,2019-05-23T08:45:17.746000Z,United States,US,EarthScope PRIDE PPP-AR kin quality-passing stations,"127 km WSW of Adak, Alaska",6.000000,1,5.152252,3.470618,296.662772,45.254000,7.118895,1.118895,1.118895,pgd_cm>=5; min_stations>=1
pgd_ge_5cm,Station PGD >= 5 cm,AMPLITUDE,crowell_2016_gfast,median,us60007djn,2020-01-23T05:53:02.618000Z,United States,US,EarthScope PRIDE PPP-AR kin quality-passing stations,"84 km W of Adak, Alaska",6.200000,1,5.494797,2.928522,250.782455,442.382000,7.528203,1.328203,1.328203,pgd_cm>=5; min_stations>=1
pgd_ge_5cm,Station PGD >= 5 cm,AMPLITUDE,melgar_2015,median,us60007djn,2020-01-23T05:53:02.618000Z,United States,US,EarthScope PRIDE PPP-AR kin quality-passing stations,"84 km W of Adak, Alaska",6.200000,1,5.494797,2.928522,250.782455,442.382000,7.227229,1.027229,1.027229,pgd_cm>=5; min_stations>=1
pgd_ge_5cm,Station PGD >= 5 cm,AMPLITUDE,ruhl_2019,median,us60007djn,2020-01-23T05:53:02.618000Z,United States,US,EarthScope PRIDE PPP-AR kin quality-passing stations,"84 km W of Adak, Alaska",6.200000,1,5.494797,2.928522,250.782455,442.382000,7.047252,0.847252,0.847252,pgd_cm>=5; min_stations>=1
pgd_ge_5cm,Station PGD >= 5 cm,AMPLITUDE,crowell_2016_gfast,median,us60007idc,2020-01-28T19:10:24.918Z,Jamaica,Americas,EarthScope PRIDE PPP-AR kin quality-passing stations,"123 km NNW of Lucea, Jamaica",7.700000,1,6.793916,2.077169,263.894718,207.082000,7.658397,-0.041603,0.041603,pgd_cm>=5; min_stations>=1
pgd_ge_5cm,Station PGD >= 5 cm,AMPLITUDE,melgar_2015,median,us60007idc,2020-01-28T19:10:24.918Z,Jamaica,Americas,EarthScope PRIDE PPP-AR kin quality-passing stations,"123 km NNW of Lucea, Jamaica",7.700000,1,6.793916,2.077169,263.894718,207.082000,7.387494,-0.312506,0.312506,pgd_cm>=5; min_stations>=1
pgd_ge_5cm,Station PGD >= 5 cm,AMPLITUDE,ruhl_2019,median,us60007idc,2020-01-28T19:10:24.918Z,Jamaica,Americas,EarthScope PRIDE PPP-AR kin quality-passing stations,"123 km NNW of Lucea, Jamaica",7.700000,1,6.793916,2.077169,263.894718,207.082000,7.221727,-0.478273,0.478273,pgd_cm>=5; min_stations>=1
pgd_ge_5cm,Station PGD >= 5 cm,AMPLITUDE,crowell_2016_gfast,median,us6000ah9t,2020-06-23T15:29:04.350Z,Mexico,Americas,EarthScope PRIDE PPP-AR kin quality-passing stations,"9 km SE of Santa María Xadani, Mexico",7.400000,5,7.167691,5.366023,115.915432,30.650000,7.156643,-0.243357,0.243357,pgd_cm>=5; min_stations>=1
pgd_ge_5cm,Station PGD >= 5 cm,AMPLITUDE,melgar_2015,median,us6000ah9t,2020-06-23T15:29:04.350Z,Mexico,Americas,EarthScope PRIDE PPP-AR kin quality-passing stations,"9 km SE of Santa María Xadani, Mexico",7.400000,5,7.167691,5.366023,115.915432,30.650000,6.981903,-0.418097,0.418097,pgd_cm>=5; min_stations>=1
pgd_ge_5cm,Station PGD >= 5 cm,AMPLITUDE,ruhl_2019,median,us6000ah9t,2020-06-23T15:29:04.350Z,Mexico,Americas,EarthScope PRIDE PPP-AR kin quality-passing stations,"9 km SE of Santa María Xadani, Mexico",7.400000,5,7.167691,5.366023,115.915432,30.650000,6.765812,-0.634188,0.634188,pgd_cm>=5; min_stations>=1
pgd_ge_5cm,Station PGD >= 5 cm,AMPLITUDE,crowell_2016_gfast,median,us6000b56k,2020-07-28T08:03:43.215000Z,United States,US,EarthScope PRIDE PPP-AR kin quality-passing stations,"75 km SW of Sand Point, Alaska",6.100000,1,6.106939,2.598662,164.919372,111.785000,7.286977,1.186977,1.186977,pgd_cm>=5; min_stations>=1
pgd_ge_5cm,Station PGD >= 5 cm,AMPLITUDE,melgar_2015,median,us6000b56k,2020-07-28T08:03:43.215000Z,United States,US,EarthScope PRIDE PPP-AR kin quality-passing stations,"75 km SW of Sand Point, Alaska",6.100000,1,6.106939,2.598662,164.919372,111.785000,7.044139,0.944139,0.944139,pgd_cm>=5; min_stations>=1
pgd_ge_5cm,Station PGD >= 5 cm,AMPLITUDE,ruhl_2019,median,us6000b56k,2020-07-28T08:03:43.215000Z,United States,US,EarthScope PRIDE PPP-AR kin quality-passing stations,"75 km SW of Sand Point, Alaska",6.100000,1,6.106939,2.598662,164.919372,111.785000,6.843423,0.743423,0.743423,pgd_cm>=5; min_stations>=1
pgd_ge_5cm,Station PGD >= 5 cm,AMPLITUDE,crowell_2016_gfast,median,us6000f652,2021-08-14T11:57:43.447000Z,United States,US,EarthScope PRIDE PPP-AR kin quality-passing stations,"125 km SE of Perryville, Alaska",6.900000,1,5.766437,1.445440,131.528481,193.553000,7.116766,0.216766,0.216766,pgd_cm>=5; min_stations>=1
pgd_ge_5cm,Station PGD >= 5 cm,AMPLITUDE,melgar_2015,median,us6000f652,2021-08-14T11:57:43.447000Z,United States,US,EarthScope PRIDE PPP-AR kin quality-passing stations,"125 km SE of Perryville, Alaska",6.900000,1,5.766437,1.445440,131.528481,193.553000,6.884545,-0.015455,0.015455,pgd_cm>=5; min_stations>=1
pgd_ge_5cm,Station PGD >= 5 cm,AMPLITUDE,ruhl_2019,median,us6000f652,2021-08-14T11:57:43.447000Z,United States,US,EarthScope PRIDE PPP-AR kin quality-passing stations,"125 km SE of Perryville, Alaska",6.900000,1,5.766437,1.445440,131.528481,193.553000,6.668985,-0.231015,0.231015,pgd_cm>=5; min_stations>=1
pgd_ge_5cm,Station PGD >= 5 cm,AMPLITUDE,crowell_2016_gfast,median,us6000f65h,2021-08-14T12:29:08.454Z,Haiti,Americas,EarthScope PRIDE PPP-AR kin quality-passing stations,"Nippes, Haiti",7.200000,1,8.818095,2.876605,281.331782,377.546000,7.821120,0.621120,0.621120,pgd_cm>=5; min_stations>=1
pgd_ge_5cm,Station PGD >= 5 cm,AMPLITUDE,melgar_2015,median,us6000f65h,2021-08-14T12:29:08.454Z,Haiti,Americas,EarthScope PRIDE PPP-AR kin quality-passing stations,"Nippes, Haiti",7.200000,1,8.818095,2.876605,281.331782,377.546000,7.587187,0.387187,0.387187,pgd_cm>=5; min_stations>=1
pgd_ge_5cm,Station PGD >= 5 cm,AMPLITUDE,ruhl_2019,median,us6000f65h,2021-08-14T12:29:08.454Z,Haiti,Americas,EarthScope PRIDE PPP-AR kin quality-passing stations,"Nippes, Haiti",7.200000,1,8.818095,2.876605,281.331782,377.546000,7.439437,0.239437,0.239437,pgd_cm>=5; min_stations>=1
pgd_ge_5cm,Station PGD >= 5 cm,AMPLITUDE,crowell_2016_gfast,median,us6000hf75,2022-04-21T07:42:46.508Z,Nicaragua,Americas,EarthScope PRIDE PPP-AR kin quality-passing stations,"55 km WSW of Masachapa, Nicaragua",6.600000,7,5.855399,2.038850,234.216458,547.492000,7.530500,0.930500,0.930500,pgd_cm>=5; min_stations>=1
pgd_ge_5cm,Station PGD >= 5 cm,AMPLITUDE,melgar_2015,median,us6000hf75,2022-04-21T07:42:46.508Z,Nicaragua,Americas,EarthScope PRIDE PPP-AR kin quality-passing stations,"55 km WSW of Masachapa, Nicaragua",6.600000,7,5.855399,2.038850,234.216458,547.492000,7.273503,0.673503,0.673503,pgd_cm>=5; min_stations>=1
pgd_ge_5cm,Station PGD >= 5 cm,AMPLITUDE,ruhl_2019,median,us6000hf75,2022-04-21T07:42:46.508Z,Nicaragua,Americas,EarthScope PRIDE PPP-AR kin quality-passing stations,"55 km WSW of Masachapa, Nicaragua",6.600000,7,5.855399,2.038850,234.216458,547.492000,7.100029,0.500029,0.500029,pgd_cm>=5; min_stations>=1
pgd_ge_5cm,Station PGD >= 5 cm,AMPLITUDE,crowell_2016_gfast,median,us6000iv6c,2022-10-20T11:57:12.575Z,Panama,Americas,EarthScope PRIDE PPP-AR kin quality-passing stations,"60 km SSW of Boca Chica, Panama",6.700000,1,6.883030,2.692533,186.038172,401.425000,7.418655,0.718655,0.718655,pgd_cm>=5; min_stations>=1
pgd_ge_5cm,Station PGD >= 5 cm,AMPLITUDE,melgar_2015,median,us6000iv6c,2022-10-20T11:57:12.575Z,Panama,Americas,EarthScope PRIDE PPP-AR kin quality-passing stations,"60 km SSW of Boca Chica, Panama",6.700000,1,6.883030,2.692533,186.038172,401.425000,7.184268,0.484268,0.484268,pgd_cm>=5; min_stations>=1
pgd_ge_5cm,Station PGD >= 5 cm,AMPLITUDE,ruhl_2019,median,us6000iv6c,2022-10-20T11:57:12.575Z,Panama,Americas,EarthScope PRIDE PPP-AR kin quality-passing stations,"60 km SSW of Boca Chica, Panama",6.700000,1,6.883030,2.692533,186.038172,401.425000,6.996214,0.296214,0.296214,pgd_cm>=5; min_stations>=1
pgd_ge_5cm,Station PGD >= 5 cm,AMPLITUDE,crowell_2016_gfast,median,us6000k20g,2023-04-04T22:18:12.640Z,Panama,Americas,EarthScope PRIDE PPP-AR kin quality-passing stations,"73 km S of Boca Chica, Panama",6.300000,3,6.047983,1.755812,239.422219,398.360000,7.516252,1.216252,1.216252,pgd_cm>=5; min_stations>=1
pgd_ge_5cm,Station PGD >= 5 cm,AMPLITUDE,melgar_2015,median,us6000k20g,2023-04-04T22:18:12.640Z,Panama,Americas,EarthScope PRIDE PPP-AR kin quality-passing stations,"73 km S of Boca Chica, Panama",6.300000,3,6.047983,1.755812,239.422219,398.360000,7.227943,0.927943,0.927943,pgd_cm>=5; min_stations>=1
pgd_ge_5cm,Station PGD >= 5 cm,AMPLITUDE,ruhl_2019,median,us6000k20g,2023-04-04T22:18:12.640Z,Panama,Americas,EarthScope PRIDE PPP-AR kin quality-passing stations,"73 km S of Boca Chica, Panama",6.300000,3,6.047983,1.755812,239.422219,398.360000,7.047282,0.747282,0.747282,pgd_cm>=5; min_stations>=1
pgd_ge_5cm,Station PGD >= 5 cm,AMPLITUDE,crowell_2016_gfast,median,us6000kcnb,2023-05-17T23:01:59.919Z,Guatemala,Americas,EarthScope PRIDE PPP-AR kin quality-passing stations,"8 km SE of Canillá, Guatemala",6.400000,1,8.449402,2.518113,315.339324,266.081000,7.887838,1.487838,1.487838,pgd_cm>=5; min_stations>=1
pgd_ge_5cm,Station PGD >= 5 cm,AMPLITUDE,melgar_2015,median,us6000kcnb,2023-05-17T23:01:59.919Z,Guatemala,Americas,EarthScope PRIDE PPP-AR kin quality-passing stations,"8 km SE of Canillá, Guatemala",6.400000,1,8.449402,2.518113,315.339324,266.081000,7.634670,1.234670,1.234670,pgd_cm>=5; min_stations>=1
pgd_ge_5cm,Station PGD >= 5 cm,AMPLITUDE,ruhl_2019,median,us6000kcnb,2023-05-17T23:01:59.919Z,Guatemala,Americas,EarthScope PRIDE PPP-AR kin quality-passing stations,"8 km SE of Canillá, Guatemala",6.400000,1,8.449402,2.518113,315.339324,266.081000,7.493424,1.093424,1.093424,pgd_cm>=5; min_stations>=1
pgd_ge_5cm,Station PGD >= 5 cm,AMPLITUDE,crowell_2016_gfast,median,us6000mzme,2024-05-19T09:35:24.660000Z,United States,US,EarthScope PRIDE PPP-AR kin quality-passing stations,"169 km SW of Nikolski, Alaska",6.000000,1,5.191936,3.585516,173.871350,9.340000,7.252982,1.252982,1.252982,pgd_cm>=5; min_stations>=1
pgd_ge_5cm,Station PGD >= 5 cm,AMPLITUDE,melgar_2015,median,us6000mzme,2024-05-19T09:35:24.660000Z,United States,US,EarthScope PRIDE PPP-AR kin quality-passing stations,"169 km SW of Nikolski, Alaska",6.000000,1,5.191936,3.585516,173.871350,9.340000,6.978843,0.978843,0.978843,pgd_cm>=5; min_stations>=1
pgd_ge_5cm,Station PGD >= 5 cm,AMPLITUDE,ruhl_2019,median,us6000mzme,2024-05-19T09:35:24.660000Z,United States,US,EarthScope PRIDE PPP-AR kin quality-passing stations,"169 km SW of Nikolski, Alaska",6.000000,1,5.191936,3.585516,173.871350,9.340000,6.773682,0.773682,0.773682,pgd_cm>=5; min_stations>=1
pgd_ge_5cm,Station PGD >= 5 cm,AMPLITUDE,crowell_2016_gfast,median,us6000nncs,2024-08-28T21:57:54.957Z,El Salvador,Americas,EarthScope PRIDE PPP-AR kin quality-passing stations,"56 km SSW of La Libertad, El Salvador",6.100000,1,5.742726,1.577530,283.160437,548.043000,7.634969,1.534969,1.534969,pgd_cm>=5; min_stations>=1
pgd_ge_5cm,Station PGD >= 5 cm,AMPLITUDE,melgar_2015,median,us6000nncs,2024-08-28T21:57:54.957Z,El Salvador,Americas,EarthScope PRIDE PPP-AR kin quality-passing stations,"56 km SSW of La Libertad, El Salvador",6.100000,1,5.742726,1.577530,283.160437,548.043000,7.328500,1.228500,1.228500,pgd_cm>=5; min_stations>=1
pgd_ge_5cm,Station PGD >= 5 cm,AMPLITUDE,ruhl_2019,median,us6000nncs,2024-08-28T21:57:54.957Z,El Salvador,Americas,EarthScope PRIDE PPP-AR kin quality-passing stations,"56 km SSW of La Libertad, El Salvador",6.100000,1,5.742726,1.577530,283.160437,548.043000,7.159049,1.059049,1.059049,pgd_cm>=5; min_stations>=1
pgd_ge_5cm,Station PGD >= 5 cm,AMPLITUDE,crowell_2016_gfast,median,us6000nyau,2024-10-12T17:43:44.516Z,Costa Rica,Americas,EarthScope PRIDE PPP-AR kin quality-passing stations,"40 km WNW of Tamarindo, Costa Rica",6.200000,1,5.047068,4.234480,114.468725,487.484000,6.975414,0.775414,0.775414,pgd_cm>=5; min_stations>=1
pgd_ge_5cm,Station PGD >= 5 cm,AMPLITUDE,melgar_2015,median,us6000nyau,2024-10-12T17:43:44.516Z,Costa Rica,Americas,EarthScope PRIDE PPP-AR kin quality-passing stations,"40 km WNW of Tamarindo, Costa Rica",6.200000,1,5.047068,4.234480,114.468725,487.484000,6.733557,0.533557,0.533557,pgd_cm>=5; min_stations>=1
pgd_ge_5cm,Station PGD >= 5 cm,AMPLITUDE,ruhl_2019,median,us6000nyau,2024-10-12T17:43:44.516Z,Costa Rica,Americas,EarthScope PRIDE PPP-AR kin quality-passing stations,"40 km WNW of Tamarindo, Costa Rica",6.200000,1,5.047068,4.234480,114.468725,487.484000,6.505421,0.305421,0.305421,pgd_cm>=5; min_stations>=1
pgd_ge_5cm,Station PGD >= 5 cm,AMPLITUDE,crowell_2016_gfast,median,us6000pjig,2025-01-12T08:32:49.944Z,Mexico,Americas,EarthScope PRIDE PPP-AR kin quality-passing stations,"18 km SE of Aquila, Mexico",6.200000,6,6.994402,2.545190,160.255897,295.056000,7.309055,1.109055,1.109055,pgd_cm>=5; min_stations>=1
pgd_ge_5cm,Station PGD >= 5 cm,AMPLITUDE,melgar_2015,median,us6000pjig,2025-01-12T08:32:49.944Z,Mexico,Americas,EarthScope PRIDE PPP-AR kin quality-passing stations,"18 km SE of Aquila, Mexico",6.200000,6,6.994402,2.545190,160.255897,295.056000,7.095185,0.895185,0.895185,pgd_cm>=5; min_stations>=1
pgd_ge_5cm,Station PGD >= 5 cm,AMPLITUDE,ruhl_2019,median,us6000pjig,2025-01-12T08:32:49.944Z,Mexico,Americas,EarthScope PRIDE PPP-AR kin quality-passing stations,"18 km SE of Aquila, Mexico",6.200000,6,6.994402,2.545190,160.255897,295.056000,6.897628,0.697628,0.697628,pgd_cm>=5; min_stations>=1
pgd_ge_5cm,Station PGD >= 5 cm,AMPLITUDE,crowell_2016_gfast,median,us6000r3at,2025-08-23T09:14:22.210Z,El Salvador,Americas,EarthScope PRIDE PPP-AR kin quality-passing stations,"88 km SW of Acajutla, El Salvador",6.000000,1,8.531547,2.238720,160.078243,540.790000,7.408566,1.408566,1.408566,pgd_cm>=5; min_stations>=1
pgd_ge_5cm,Station PGD >= 5 cm,AMPLITUDE,melgar_2015,median,us6000r3at,2025-08-23T09:14:22.210Z,El Salvador,Americas,EarthScope PRIDE PPP-AR kin quality-passing stations,"88 km SW of Acajutla, El Salvador",6.000000,1,8.531547,2.238720,160.078243,540.790000,7.222688,1.222688,1.222688,pgd_cm>=5; min_stations>=1
pgd_ge_5cm,Station PGD >= 5 cm,AMPLITUDE,ruhl_2019,median,us6000r3at,2025-08-23T09:14:22.210Z,El Salvador,Americas,EarthScope PRIDE PPP-AR kin quality-passing stations,"88 km SW of Acajutla, El Salvador",6.000000,1,8.531547,2.238720,160.078243,540.790000,7.035431,1.035431,1.035431,pgd_cm>=5; min_stations>=1
pgd_ge_5cm,Station PGD >= 5 cm,AMPLITUDE,crowell_2016_gfast,median,us6000rjq8,2025-10-27T12:38:40.364Z,Guadeloupe,Americas,EarthScope PRIDE PPP-AR kin quality-passing stations,"164 km E of Beauséjour, Guadeloupe",6.500000,6,7.128186,2.266450,279.832279,132.636000,7.701664,1.201664,1.201664,pgd_cm>=5; min_stations>=1
pgd_ge_5cm,Station PGD >= 5 cm,AMPLITUDE,melgar_2015,median,us6000rjq8,2025-10-27T12:38:40.364Z,Guadeloupe,Americas,EarthScope PRIDE PPP-AR kin quality-passing stations,"164 km E of Beauséjour, Guadeloupe",6.500000,6,7.128186,2.266450,279.832279,132.636000,7.424805,0.924805,0.924805,pgd_cm>=5; min_stations>=1
pgd_ge_5cm,Station PGD >= 5 cm,AMPLITUDE,ruhl_2019,median,us6000rjq8,2025-10-27T12:38:40.364Z,Guadeloupe,Americas,EarthScope PRIDE PPP-AR kin quality-passing stations,"164 km E of Beauséjour, Guadeloupe",6.500000,6,7.128186,2.266450,279.832279,132.636000,7.263280,0.763280,0.763280,pgd_cm>=5; min_stations>=1
pgd_ge_5cm,Station PGD >= 5 cm,AMPLITUDE,crowell_2016_gfast,median,us6000rsy1,2025-12-06T20:41:49.288000Z,United States,US,EarthScope PRIDE PPP-AR kin quality-passing stations,2025 Hubbard Glacier Earthquake,7.000000,1,9.170311,2.379436,255.862088,316.712000,7.768343,0.768343,0.768343,pgd_cm>=5; min_stations>=1
pgd_ge_5cm,Station PGD >= 5 cm,AMPLITUDE,melgar_2015,median,us6000rsy1,2025-12-06T20:41:49.288000Z,United States,US,EarthScope PRIDE PPP-AR kin quality-passing stations,2025 Hubbard Glacier Earthquake,7.000000,1,9.170311,2.379436,255.862088,316.712000,7.550609,0.550609,0.550609,pgd_cm>=5; min_stations>=1
pgd_ge_5cm,Station PGD >= 5 cm,AMPLITUDE,ruhl_2019,median,us6000rsy1,2025-12-06T20:41:49.288000Z,United States,US,EarthScope PRIDE PPP-AR kin quality-passing stations,2025 Hubbard Glacier Earthquake,7.000000,1,9.170311,2.379436,255.862088,316.712000,7.397840,0.397840,0.397840,pgd_cm>=5; min_stations>=1
pgd_ge_5cm,Station PGD >= 5 cm,AMPLITUDE,crowell_2016_gfast,median,us6000sy84,2026-05-16T14:50:05.533Z,Antigua and Barbuda,Americas,EarthScope PRIDE PPP-AR kin quality-passing stations,"61 km ESE of Codrington, Antigua and Barbuda",6.000000,11,6.653458,2.145194,130.589976,321.467000,7.204932,1.204932,1.204932,pgd_cm>=5; min_stations>=1
pgd_ge_5cm,Station PGD >= 5 cm,AMPLITUDE,melgar_2015,median,us6000sy84,2026-05-16T14:50:05.533Z,Antigua and Barbuda,Americas,EarthScope PRIDE PPP-AR kin quality-passing stations,"61 km ESE of Codrington, Antigua and Barbuda",6.000000,11,6.653458,2.145194,130.589976,321.467000,7.017864,1.017864,1.017864,pgd_cm>=5; min_stations>=1
pgd_ge_5cm,Station PGD >= 5 cm,AMPLITUDE,ruhl_2019,median,us6000sy84,2026-05-16T14:50:05.533Z,Antigua and Barbuda,Americas,EarthScope PRIDE PPP-AR kin quality-passing stations,"61 km ESE of Codrington, Antigua and Barbuda",6.000000,11,6.653458,2.145194,130.589976,321.467000,6.806743,0.806743,0.806743,pgd_cm>=5; min_stations>=1
pgd_ge_5cm,Station PGD >= 5 cm,AMPLITUDE,crowell_2016_gfast,median,us6000t7zc,2026-06-24T22:04:33.389000Z,Venezuela,Americas,EarthScope PRIDE PPP-AR kin quality-passing stations,"23 km SE of Yumare, Venezuela",7.200000,25,7.747703,2.476567,906.196268,236.611000,8.737843,1.537843,1.537843,pgd_cm>=5; min_stations>=1
pgd_ge_5cm,Station PGD >= 5 cm,AMPLITUDE,melgar_2015,median,us6000t7zc,2026-06-24T22:04:33.389000Z,Venezuela,Americas,EarthScope PRIDE PPP-AR kin quality-passing stations,"23 km SE of Yumare, Venezuela",7.200000,25,7.747703,2.476567,906.196268,236.611000,8.299245,1.099245,1.099245,pgd_cm>=5; min_stations>=1
pgd_ge_5cm,Station PGD >= 5 cm,AMPLITUDE,ruhl_2019,median,us6000t7zc,2026-06-24T22:04:33.389000Z,Venezuela,Americas,EarthScope PRIDE PPP-AR kin quality-passing stations,"23 km SE of Yumare, Venezuela",7.200000,25,7.747703,2.476567,906.196268,236.611000,8.254447,1.054447,1.054447,pgd_cm>=5; min_stations>=1
pgd_ge_5cm,Station PGD >= 5 cm,AMPLITUDE,crowell_2016_gfast,median,us6000t7zp,2026-06-24T22:05:11.566000Z,Venezuela,Americas,EarthScope PRIDE PPP-AR kin quality-passing stations,"28 km SE of Yumare, Venezuela",7.500000,25,7.360815,2.501857,905.580215,200.434000,8.735300,1.235300,1.235300,pgd_cm>=5; min_stations>=1
pgd_ge_5cm,Station PGD >= 5 cm,AMPLITUDE,melgar_2015,median,us6000t7zp,2026-06-24T22:05:11.566000Z,Venezuela,Americas,EarthScope PRIDE PPP-AR kin quality-passing stations,"28 km SE of Yumare, Venezuela",7.500000,25,7.360815,2.501857,905.580215,200.434000,8.291394,0.791394,0.791394,pgd_cm>=5; min_stations>=1
pgd_ge_5cm,Station PGD >= 5 cm,AMPLITUDE,ruhl_2019,median,us6000t7zp,2026-06-24T22:05:11.566000Z,Venezuela,Americas,EarthScope PRIDE PPP-AR kin quality-passing stations,"28 km SE of Yumare, Venezuela",7.500000,25,7.360815,2.501857,905.580215,200.434000,8.245623,0.745623,0.745623,pgd_cm>=5; min_stations>=1
pgd_ge_5cm,Station PGD >= 5 cm,AMPLITUDE,crowell_2016_gfast,median,us70003k3p,2019-05-12T19:24:50.373Z,Panama,Americas,EarthScope PRIDE PPP-AR kin quality-passing stations,"1 km W of Breñón, Panama",6.000000,1,7.676445,1.448265,104.200874,569.627000,7.088872,1.088872,1.088872,pgd_cm>=5; min_stations>=1
pgd_ge_5cm,Station PGD >= 5 cm,AMPLITUDE,melgar_2015,median,us70003k3p,2019-05-12T19:24:50.373Z,Panama,Americas,EarthScope PRIDE PPP-AR kin quality-passing stations,"1 km W of Breñón, Panama",6.000000,1,7.676445,1.448265,104.200874,569.627000,6.921180,0.921180,0.921180,pgd_cm>=5; min_stations>=1
pgd_ge_5cm,Station PGD >= 5 cm,AMPLITUDE,ruhl_2019,median,us70003k3p,2019-05-12T19:24:50.373Z,Panama,Americas,EarthScope PRIDE PPP-AR kin quality-passing stations,"1 km W of Breñón, Panama",6.000000,1,7.676445,1.448265,104.200874,569.627000,6.705893,0.705893,0.705893,pgd_cm>=5; min_stations>=1
pgd_ge_5cm,Station PGD >= 5 cm,AMPLITUDE,crowell_2016_gfast,median,us7000455l,2019-06-26T05:23:51.514Z,Panama,Americas,EarthScope PRIDE PPP-AR kin quality-passing stations,"4 km SE of Aserrío de Gariché, Panama",6.200000,2,11.240696,2.076124,117.626505,99.986000,7.313356,1.113356,1.113356,pgd_cm>=5; min_stations>=1
pgd_ge_5cm,Station PGD >= 5 cm,AMPLITUDE,melgar_2015,median,us7000455l,2019-06-26T05:23:51.514Z,Panama,Americas,EarthScope PRIDE PPP-AR kin quality-passing stations,"4 km SE of Aserrío de Gariché, Panama",6.200000,2,11.240696,2.076124,117.626505,99.986000,7.193993,0.993993,0.993993,pgd_cm>=5; min_stations>=1
pgd_ge_5cm,Station PGD >= 5 cm,AMPLITUDE,ruhl_2019,median,us7000455l,2019-06-26T05:23:51.514Z,Panama,Americas,EarthScope PRIDE PPP-AR kin quality-passing stations,"4 km SE of Aserrío de Gariché, Panama",6.200000,2,11.240696,2.076124,117.626505,99.986000,7.000191,0.800191,0.800191,pgd_cm>=5; min_stations>=1
pgd_ge_5cm,Station PGD >= 5 cm,AMPLITUDE,crowell_2016_gfast,median,us70008jr5,2020-03-31T23:52:30.781000Z,United States,US,EarthScope PRIDE PPP-AR kin quality-passing stations,"Stanley, Idaho",6.500000,5,6.721146,3.183241,106.281455,324.219000,7.049118,0.549118,0.549118,pgd_cm>=5; min_stations>=1
pgd_ge_5cm,Station PGD >= 5 cm,AMPLITUDE,melgar_2015,median,us70008jr5,2020-03-31T23:52:30.781000Z,United States,US,EarthScope PRIDE PPP-AR kin quality-passing stations,"Stanley, Idaho",6.500000,5,6.721146,3.183241,106.281455,324.219000,6.880079,0.380079,0.380079,pgd_cm>=5; min_stations>=1
pgd_ge_5cm,Station PGD >= 5 cm,AMPLITUDE,ruhl_2019,median,us70008jr5,2020-03-31T23:52:30.781000Z,United States,US,EarthScope PRIDE PPP-AR kin quality-passing stations,"Stanley, Idaho",6.500000,5,6.721146,3.183241,106.281455,324.219000,6.661356,0.161356,0.161356,pgd_cm>=5; min_stations>=1
pgd_ge_5cm,Station PGD >= 5 cm,AMPLITUDE,crowell_2016_gfast,median,us7000asx4,2020-07-22T06:16:18.627000Z,United States,US,EarthScope PRIDE PPP-AR kin quality-passing stations,"101 km ESE of Sand Point, Alaska",6.100000,5,22.284104,1.322300,101.866124,311.373000,7.253232,1.153232,1.153232,pgd_cm>=5; min_stations>=1
pgd_ge_5cm,Station PGD >= 5 cm,AMPLITUDE,melgar_2015,median,us7000asx4,2020-07-22T06:16:18.627000Z,United States,US,EarthScope PRIDE PPP-AR kin quality-passing stations,"101 km ESE of Sand Point, Alaska",6.100000,5,22.284104,1.322300,101.866124,311.373000,7.300080,1.200080,1.200080,pgd_cm>=5; min_stations>=1
pgd_ge_5cm,Station PGD >= 5 cm,AMPLITUDE,ruhl_2019,median,us7000asx4,2020-07-22T06:16:18.627000Z,United States,US,EarthScope PRIDE PPP-AR kin quality-passing stations,"101 km ESE of Sand Point, Alaska",6.100000,5,22.284104,1.322300,101.866124,311.373000,7.112787,1.012787,1.012787,pgd_cm>=5; min_stations>=1
pgd_ge_5cm,Station PGD >= 5 cm,AMPLITUDE,crowell_2016_gfast,median,us7000bcbv,2020-08-24T21:51:09.259Z,Costa Rica,Americas,EarthScope PRIDE PPP-AR kin quality-passing stations,"4 km SSW of Jacó, Costa Rica",6.000000,2,9.410502,1.873385,123.673617,490.741000,7.247327,1.247327,1.247327,pgd_cm>=5; min_stations>=1
pgd_ge_5cm,Station PGD >= 5 cm,AMPLITUDE,melgar_2015,median,us7000bcbv,2020-08-24T21:51:09.259Z,Costa Rica,Americas,EarthScope PRIDE PPP-AR kin quality-passing stations,"4 km SSW of Jacó, Costa Rica",6.000000,2,9.410502,1.873385,123.673617,490.741000,7.090314,1.090314,1.090314,pgd_cm>=5; min_stations>=1
pgd_ge_5cm,Station PGD >= 5 cm,AMPLITUDE,ruhl_2019,median,us7000bcbv,2020-08-24T21:51:09.259Z,Costa Rica,Americas,EarthScope PRIDE PPP-AR kin quality-passing stations,"4 km SSW of Jacó, Costa Rica",6.000000,2,9.410502,1.873385,123.673617,490.741000,6.889125,0.889125,0.889125,pgd_cm>=5; min_stations>=1
pgd_ge_5cm,Station PGD >= 5 cm,AMPLITUDE,crowell_2016_gfast,median,us7000clnv,2020-12-01T16:22:39.923000Z,United States,US,EarthScope PRIDE PPP-AR kin quality-passing stations,"46 km ESE of Nikolski, Alaska",6.400000,1,5.686009,3.179374,52.966357,497.077000,6.579475,0.179475,0.179475,pgd_cm>=5; min_stations>=1
pgd_ge_5cm,Station PGD >= 5 cm,AMPLITUDE,melgar_2015,median,us7000clnv,2020-12-01T16:22:39.923000Z,United States,US,EarthScope PRIDE PPP-AR kin quality-passing stations,"46 km ESE of Nikolski, Alaska",6.400000,1,5.686009,3.179374,52.966357,497.077000,6.413156,0.013156,0.013156,pgd_cm>=5; min_stations>=1
pgd_ge_5cm,Station PGD >= 5 cm,AMPLITUDE,ruhl_2019,median,us7000clnv,2020-12-01T16:22:39.923000Z,United States,US,EarthScope PRIDE PPP-AR kin quality-passing stations,"46 km ESE of Nikolski, Alaska",6.400000,1,5.686009,3.179374,52.966357,497.077000,6.157687,-0.242313,0.242313,pgd_cm>=5; min_stations>=1
pgd_ge_5cm,Station PGD >= 5 cm,AMPLITUDE,crowell_2016_gfast,median,us7000emzy,2021-07-17T20:56:10.107Z,Panama,Americas,EarthScope PRIDE PPP-AR kin quality-passing stations,"135 km S of Burica, Panama",6.100000,1,8.764964,2.140418,283.564210,436.893000,7.824321,1.724321,1.724321,pgd_cm>=5; min_stations>=1
pgd_ge_5cm,Station PGD >= 5 cm,AMPLITUDE,melgar_2015,median,us7000emzy,2021-07-17T20:56:10.107Z,Panama,Americas,EarthScope PRIDE PPP-AR kin quality-passing stations,"135 km S of Burica, Panama",6.100000,1,8.764964,2.140418,283.564210,436.893000,7.588555,1.488555,1.488555,pgd_cm>=5; min_stations>=1
pgd_ge_5cm,Station PGD >= 5 cm,AMPLITUDE,ruhl_2019,median,us7000emzy,2021-07-17T20:56:10.107Z,Panama,Americas,EarthScope PRIDE PPP-AR kin quality-passing stations,"135 km S of Burica, Panama",6.100000,1,8.764964,2.140418,283.564210,436.893000,7.441087,1.341087,1.341087,pgd_cm>=5; min_stations>=1
pgd_ge_5cm,Station PGD >= 5 cm,AMPLITUDE,crowell_2016_gfast,median,us7000f93v,2021-09-08T01:47:47.437Z,Mexico,Americas,EarthScope PRIDE PPP-AR kin quality-passing stations,"Acapulco, Mexico",7.000000,2,5.559119,3.310272,281.249438,293.063000,7.612824,0.612824,0.612824,pgd_cm>=5; min_stations>=1
pgd_ge_5cm,Station PGD >= 5 cm,AMPLITUDE,melgar_2015,median,us7000f93v,2021-09-08T01:47:47.437Z,Mexico,Americas,EarthScope PRIDE PPP-AR kin quality-passing stations,"Acapulco, Mexico",7.000000,2,5.559119,3.310272,281.249438,293.063000,7.300923,0.300923,0.300923,pgd_cm>=5; min_stations>=1
pgd_ge_5cm,Station PGD >= 5 cm,AMPLITUDE,ruhl_2019,median,us7000f93v,2021-09-08T01:47:47.437Z,Mexico,Americas,EarthScope PRIDE PPP-AR kin quality-passing stations,"Acapulco, Mexico",7.000000,2,5.559119,3.310272,281.249438,293.063000,7.128994,0.128994,0.128994,pgd_cm>=5; min_stations>=1
pgd_ge_5cm,Station PGD >= 5 cm,AMPLITUDE,crowell_2016_gfast,median,us7000fskw,2021-11-09T06:25:14.907Z,Nicaragua,Americas,EarthScope PRIDE PPP-AR kin quality-passing stations,"62 km S of Masachapa, Nicaragua",6.300000,1,9.001939,3.012829,188.735675,267.093000,7.543517,1.243517,1.243517,pgd_cm>=5; min_stations>=1
pgd_ge_5cm,Station PGD >= 5 cm,AMPLITUDE,melgar_2015,median,us7000fskw,2021-11-09T06:25:14.907Z,Nicaragua,Americas,EarthScope PRIDE PPP-AR kin quality-passing stations,"62 km S of Masachapa, Nicaragua",6.300000,1,9.001939,3.012829,188.735675,267.093000,7.351753,1.051753,1.051753,pgd_cm>=5; min_stations>=1
pgd_ge_5cm,Station PGD >= 5 cm,AMPLITUDE,ruhl_2019,median,us7000fskw,2021-11-09T06:25:14.907Z,Nicaragua,Americas,EarthScope PRIDE PPP-AR kin quality-passing stations,"62 km S of Masachapa, Nicaragua",6.300000,1,9.001939,3.012829,188.735675,267.093000,7.177213,0.877213,0.877213,pgd_cm>=5; min_stations>=1
pgd_ge_5cm,Station PGD >= 5 cm,AMPLITUDE,crowell_2016_gfast,median,us7000g9nb,2022-01-06T16:25:05.973Z,Nicaragua,Americas,EarthScope PRIDE PPP-AR kin quality-passing stations,near the coast of Nicaragua,6.100000,6,8.473334,1.529498,92.895889,167.527000,7.153415,1.053415,1.053415,pgd_cm>=5; min_stations>=1
pgd_ge_5cm,Station PGD >= 5 cm,AMPLITUDE,melgar_2015,median,us7000g9nb,2022-01-06T16:25:05.973Z,Nicaragua,Americas,EarthScope PRIDE PPP-AR kin quality-passing stations,near the coast of Nicaragua,6.100000,6,8.473334,1.529498,92.895889,167.527000,7.095169,0.995170,0.995170,pgd_cm>=5; min_stations>=1
pgd_ge_5cm,Station PGD >= 5 cm,AMPLITUDE,ruhl_2019,median,us7000g9nb,2022-01-06T16:25:05.973Z,Nicaragua,Americas,EarthScope PRIDE PPP-AR kin quality-passing stations,near the coast of Nicaragua,6.100000,6,8.473334,1.529498,92.895889,167.527000,6.889287,0.789287,0.789287,pgd_cm>=5; min_stations>=1
pgd_ge_5cm,Station PGD >= 5 cm,AMPLITUDE,crowell_2016_gfast,median,us7000gavu,2022-01-11T11:35:43.674000Z,United States,US,EarthScope PRIDE PPP-AR kin quality-passing stations,"100 km SE of Nikolski, Alaska",6.800000,1,5.648230,3.129598,103.879488,531.326000,6.962258,0.162258,0.162258,pgd_cm>=5; min_stations>=1
pgd_ge_5cm,Station PGD >= 5 cm,AMPLITUDE,melgar_2015,median,us7000gavu,2022-01-11T11:35:43.674000Z,United States,US,EarthScope PRIDE PPP-AR kin quality-passing stations,"100 km SE of Nikolski, Alaska",6.800000,1,5.648230,3.129598,103.879488,531.326000,6.746175,-0.053825,0.053825,pgd_cm>=5; min_stations>=1
pgd_ge_5cm,Station PGD >= 5 cm,AMPLITUDE,ruhl_2019,median,us7000gavu,2022-01-11T11:35:43.674000Z,United States,US,EarthScope PRIDE PPP-AR kin quality-passing stations,"100 km SE of Nikolski, Alaska",6.800000,1,5.648230,3.129598,103.879488,531.326000,6.518130,-0.281870,0.281870,pgd_cm>=5; min_stations>=1
pgd_ge_5cm,Station PGD >= 5 cm,AMPLITUDE,crowell_2016_gfast,median,us7000ge5q,2022-01-22T05:17:04.896000Z,United States,US,EarthScope PRIDE PPP-AR kin quality-passing stations,"71 km S of Unalaska, Alaska",6.200000,1,5.468994,2.040272,150.911609,351.104000,7.182475,0.982475,0.982475,pgd_cm>=5; min_stations>=1
pgd_ge_5cm,Station PGD >= 5 cm,AMPLITUDE,melgar_2015,median,us7000ge5q,2022-01-22T05:17:04.896000Z,United States,US,EarthScope PRIDE PPP-AR kin quality-passing stations,"71 km S of Unalaska, Alaska",6.200000,1,5.468994,2.040272,150.911609,351.104000,6.929728,0.729728,0.729728,pgd_cm>=5; min_stations>=1
pgd_ge_5cm,Station PGD >= 5 cm,AMPLITUDE,ruhl_2019,median,us7000ge5q,2022-01-22T05:17:04.896000Z,United States,US,EarthScope PRIDE PPP-AR kin quality-passing stations,"71 km S of Unalaska, Alaska",6.200000,1,5.468994,2.040272,150.911609,351.104000,6.719098,0.519098,0.519098,pgd_cm>=5; min_stations>=1
pgd_ge_5cm,Station PGD >= 5 cm,AMPLITUDE,crowell_2016_gfast,median,us7000i9bw,2022-09-19T18:05:08.217Z,Mexico,Americas,EarthScope PRIDE PPP-AR kin quality-passing stations,"35 km SSW of Aguililla, Mexico",7.600000,10,14.388120,7.670303,204.363964,64.783000,7.767267,0.167267,0.167267,pgd_cm>=5; min_stations>=1
pgd_ge_5cm,Station PGD >= 5 cm,AMPLITUDE,melgar_2015,median,us7000i9bw,2022-09-19T18:05:08.217Z,Mexico,Americas,EarthScope PRIDE PPP-AR kin quality-passing stations,"35 km SSW of Aguililla, Mexico",7.600000,10,14.388120,7.670303,204.363964,64.783000,7.630705,0.030705,0.030705,pgd_cm>=5; min_stations>=1
pgd_ge_5cm,Station PGD >= 5 cm,AMPLITUDE,ruhl_2019,median,us7000i9bw,2022-09-19T18:05:08.217Z,Mexico,Americas,EarthScope PRIDE PPP-AR kin quality-passing stations,"35 km SSW of Aguililla, Mexico",7.600000,10,14.388120,7.670303,204.363964,64.783000,7.481239,-0.118761,0.118761,pgd_cm>=5; min_stations>=1
pgd_ge_5cm,Station PGD >= 5 cm,AMPLITUDE,crowell_2016_gfast,median,us7000ia36,2022-09-22T06:16:09.459Z,Mexico,Americas,EarthScope PRIDE PPP-AR kin quality-passing stations,"55 km SSW of Aguililla, Mexico",6.800000,5,6.291947,2.634947,203.127004,193.541000,7.401452,0.601452,0.601452,pgd_cm>=5; min_stations>=1
pgd_ge_5cm,Station PGD >= 5 cm,AMPLITUDE,melgar_2015,median,us7000ia36,2022-09-22T06:16:09.459Z,Mexico,Americas,EarthScope PRIDE PPP-AR kin quality-passing stations,"55 km SSW of Aguililla, Mexico",6.800000,5,6.291947,2.634947,203.127004,193.541000,7.103515,0.303515,0.303515,pgd_cm>=5; min_stations>=1
pgd_ge_5cm,Station PGD >= 5 cm,AMPLITUDE,ruhl_2019,median,us7000ia36,2022-09-22T06:16:09.459Z,Mexico,Americas,EarthScope PRIDE PPP-AR kin quality-passing stations,"55 km SSW of Aguililla, Mexico",6.800000,5,6.291947,2.634947,203.127004,193.541000,6.911286,0.111286,0.111286,pgd_cm>=5; min_stations>=1
pgd_ge_5cm,Station PGD >= 5 cm,AMPLITUDE,crowell_2016_gfast,median,us7000irjd,2022-11-22T16:39:05.789Z,Mexico,Americas,EarthScope PRIDE PPP-AR kin quality-passing stations,"28 km SW of Las Brisas, Mexico",6.200000,20,5.854546,3.697690,249.334616,364.711000,7.569731,1.369731,1.369731,pgd_cm>=5; min_stations>=1
pgd_ge_5cm,Station PGD >= 5 cm,AMPLITUDE,melgar_2015,median,us7000irjd,2022-11-22T16:39:05.789Z,Mexico,Americas,EarthScope PRIDE PPP-AR kin quality-passing stations,"28 km SW of Las Brisas, Mexico",6.200000,20,5.854546,3.697690,249.334616,364.711000,7.284000,1.084000,1.084000,pgd_cm>=5; min_stations>=1
pgd_ge_5cm,Station PGD >= 5 cm,AMPLITUDE,ruhl_2019,median,us7000irjd,2022-11-22T16:39:05.789Z,Mexico,Americas,EarthScope PRIDE PPP-AR kin quality-passing stations,"28 km SW of Las Brisas, Mexico",6.200000,20,5.854546,3.697690,249.334616,364.711000,7.109712,0.909712,0.909712,pgd_cm>=5; min_stations>=1
pgd_ge_5cm,Station PGD >= 5 cm,AMPLITUDE,crowell_2016_gfast,median,us7000j5sc,2023-01-20T11:23:40.603Z,Guadeloupe,Americas,EarthScope PRIDE PPP-AR kin quality-passing stations,"40 km WSW of Pointe-Noire, Guadeloupe",6.100000,3,5.462307,1.878544,178.889125,298.397000,7.293480,1.193480,1.193480,pgd_cm>=5; min_stations>=1
pgd_ge_5cm,Station PGD >= 5 cm,AMPLITUDE,melgar_2015,median,us7000j5sc,2023-01-20T11:23:40.603Z,Guadeloupe,Americas,EarthScope PRIDE PPP-AR kin quality-passing stations,"40 km WSW of Pointe-Noire, Guadeloupe",6.100000,3,5.462307,1.878544,178.889125,298.397000,7.024957,0.924957,0.924957,pgd_cm>=5; min_stations>=1
pgd_ge_5cm,Station PGD >= 5 cm,AMPLITUDE,ruhl_2019,median,us7000j5sc,2023-01-20T11:23:40.603Z,Guadeloupe,Americas,EarthScope PRIDE PPP-AR kin quality-passing stations,"40 km WSW of Pointe-Noire, Guadeloupe",6.100000,3,5.462307,1.878544,178.889125,298.397000,6.823776,0.723776,0.723776,pgd_cm>=5; min_stations>=1
pgd_ge_5cm,Station PGD >= 5 cm,AMPLITUDE,crowell_2016_gfast,median,us7000k3n3,2023-05-25T03:05:32.956Z,Panama,Americas,EarthScope PRIDE PPP-AR kin quality-passing stations,"45 km NE of Puerto Obaldía, Panama",6.500000,1,6.045072,3.308566,288.939597,592.044000,7.672590,1.172590,1.172590,pgd_cm>=5; min_stations>=1
pgd_ge_5cm,Station PGD >= 5 cm,AMPLITUDE,melgar_2015,median,us7000k3n3,2023-05-25T03:05:32.956Z,Panama,Americas,EarthScope PRIDE PPP-AR kin quality-passing stations,"45 km NE of Puerto Obaldía, Panama",6.500000,1,6.045072,3.308566,288.939597,592.044000,7.372544,0.872544,0.872544,pgd_cm>=5; min_stations>=1
pgd_ge_5cm,Station PGD >= 5 cm,AMPLITUDE,ruhl_2019,median,us7000k3n3,2023-05-25T03:05:32.956Z,Panama,Americas,EarthScope PRIDE PPP-AR kin quality-passing stations,"45 km NE of Puerto Obaldía, Panama",6.500000,1,6.045072,3.308566,288.939597,592.044000,7.207182,0.707182,0.707182,pgd_cm>=5; min_stations>=1
pgd_ge_5cm,Station PGD >= 5 cm,AMPLITUDE,crowell_2016_gfast,median,us7000keq3,2023-07-10T20:28:26.195Z,Antigua and Barbuda,Americas,EarthScope PRIDE PPP-AR kin quality-passing stations,"278 km NNE of Codrington, Antigua and Barbuda",6.600000,1,8.137604,2.079142,276.195050,234.805000,7.771741,1.171741,1.171741,pgd_cm>=5; min_stations>=1
pgd_ge_5cm,Station PGD >= 5 cm,AMPLITUDE,melgar_2015,median,us7000keq3,2023-07-10T20:28:26.195Z,Antigua and Barbuda,Americas,EarthScope PRIDE PPP-AR kin quality-passing stations,"278 km NNE of Codrington, Antigua and Barbuda",6.600000,1,8.137604,2.079142,276.195050,234.805000,7.526271,0.926271,0.926271,pgd_cm>=5; min_stations>=1
pgd_ge_5cm,Station PGD >= 5 cm,AMPLITUDE,ruhl_2019,median,us7000keq3,2023-07-10T20:28:26.195Z,Antigua and Barbuda,Americas,EarthScope PRIDE PPP-AR kin quality-passing stations,"278 km NNE of Codrington, Antigua and Barbuda",6.600000,1,8.137604,2.079142,276.195050,234.805000,7.373010,0.773010,0.773010,pgd_cm>=5; min_stations>=1
pgd_ge_5cm,Station PGD >= 5 cm,AMPLITUDE,crowell_2016_gfast,median,us7000kfnc,2023-07-14T09:29:00.404Z,Mexico,Americas,EarthScope PRIDE PPP-AR kin quality-passing stations,"Offshore Chiapas, Mexico",6.300000,1,5.251181,2.585196,242.607266,274.596000,7.484871,1.184871,1.184871,pgd_cm>=5; min_stations>=1
pgd_ge_5cm,Station PGD >= 5 cm,AMPLITUDE,melgar_2015,median,us7000kfnc,2023-07-14T09:29:00.404Z,Mexico,Americas,EarthScope PRIDE PPP-AR kin quality-passing stations,"Offshore Chiapas, Mexico",6.300000,1,5.251181,2.585196,242.607266,274.596000,7.179798,0.879798,0.879798,pgd_cm>=5; min_stations>=1
pgd_ge_5cm,Station PGD >= 5 cm,AMPLITUDE,ruhl_2019,median,us7000kfnc,2023-07-14T09:29:00.404Z,Mexico,Americas,EarthScope PRIDE PPP-AR kin quality-passing stations,"Offshore Chiapas, Mexico",6.300000,1,5.251181,2.585196,242.607266,274.596000,6.995377,0.695377,0.695377,pgd_cm>=5; min_stations>=1
pgd_ge_5cm,Station PGD >= 5 cm,AMPLITUDE,crowell_2016_gfast,median,us7000kg30,2023-07-16T06:48:21.158000Z,United States,US,EarthScope PRIDE PPP-AR kin quality-passing stations,"2023 Sand Point, Alaska Earthquake",7.200000,3,5.926736,1.848275,128.631800,34.842000,7.103538,-0.096462,0.096462,pgd_cm>=5; min_stations>=1
pgd_ge_5cm,Station PGD >= 5 cm,AMPLITUDE,melgar_2015,median,us7000kg30,2023-07-16T06:48:21.158000Z,United States,US,EarthScope PRIDE PPP-AR kin quality-passing stations,"2023 Sand Point, Alaska Earthquake",7.200000,3,5.926736,1.848275,128.631800,34.842000,6.861516,-0.338484,0.338484,pgd_cm>=5; min_stations>=1
pgd_ge_5cm,Station PGD >= 5 cm,AMPLITUDE,ruhl_2019,median,us7000kg30,2023-07-16T06:48:21.158000Z,United States,US,EarthScope PRIDE PPP-AR kin quality-passing stations,"2023 Sand Point, Alaska Earthquake",7.200000,3,5.926736,1.848275,128.631800,34.842000,6.644367,-0.555633,0.555633,pgd_cm>=5; min_stations>=1
pgd_ge_5cm,Station PGD >= 5 cm,AMPLITUDE,crowell_2016_gfast,median,us7000luai,2024-01-27T05:52:48.419Z,Guatemala,Americas,EarthScope PRIDE PPP-AR kin quality-passing stations,"15 km W of Taxisco, Guatemala",6.100000,1,6.883081,2.054450,189.617885,185.581000,7.431636,1.331636,1.331636,pgd_cm>=5; min_stations>=1
pgd_ge_5cm,Station PGD >= 5 cm,AMPLITUDE,melgar_2015,median,us7000luai,2024-01-27T05:52:48.419Z,Guatemala,Americas,EarthScope PRIDE PPP-AR kin quality-passing stations,"15 km W of Taxisco, Guatemala",6.100000,1,6.883081,2.054450,189.617885,185.581000,7.195474,1.095474,1.095474,pgd_cm>=5; min_stations>=1
pgd_ge_5cm,Station PGD >= 5 cm,AMPLITUDE,ruhl_2019,median,us7000luai,2024-01-27T05:52:48.419Z,Guatemala,Americas,EarthScope PRIDE PPP-AR kin quality-passing stations,"15 km W of Taxisco, Guatemala",6.100000,1,6.883081,2.054450,189.617885,185.581000,7.008590,0.908590,0.908590,pgd_cm>=5; min_stations>=1
pgd_ge_5cm,Station PGD >= 5 cm,AMPLITUDE,crowell_2016_gfast,median,us7000mu1p,2024-06-23T03:57:58.918Z,Venezuela,Americas,EarthScope PRIDE PPP-AR kin quality-passing stations,"20 km NE of Yaguaraparo, Venezuela",6.000000,1,8.580361,2.714060,206.569575,390.082000,7.585794,1.585794,1.585794,pgd_cm>=5; min_stations>=1
pgd_ge_5cm,Station PGD >= 5 cm,AMPLITUDE,melgar_2015,median,us7000mu1p,2024-06-23T03:57:58.918Z,Venezuela,Americas,EarthScope PRIDE PPP-AR kin quality-passing stations,"20 km NE of Yaguaraparo, Venezuela",6.000000,1,8.580361,2.714060,206.569575,390.082000,7.377803,1.377803,1.377803,pgd_cm>=5; min_stations>=1
pgd_ge_5cm,Station PGD >= 5 cm,AMPLITUDE,ruhl_2019,median,us7000mu1p,2024-06-23T03:57:58.918Z,Venezuela,Americas,EarthScope PRIDE PPP-AR kin quality-passing stations,"20 km NE of Yaguaraparo, Venezuela",6.000000,1,8.580361,2.714060,206.569575,390.082000,7.206884,1.206884,1.206884,pgd_cm>=5; min_stations>=1
pgd_ge_5cm,Station PGD >= 5 cm,AMPLITUDE,crowell_2016_gfast,median,us7000n068,2024-07-19T03:13:47.417000Z,United States,US,EarthScope PRIDE PPP-AR kin quality-passing stations,"168 km SW of Nikolski, Alaska",6.000000,1,5.291125,3.702101,175.253652,520.583000,7.266274,1.266274,1.266274,pgd_cm>=5; min_stations>=1
pgd_ge_5cm,Station PGD >= 5 cm,AMPLITUDE,melgar_2015,median,us7000n068,2024-07-19T03:13:47.417000Z,United States,US,EarthScope PRIDE PPP-AR kin quality-passing stations,"168 km SW of Nikolski, Alaska",6.000000,1,5.291125,3.702101,175.253652,520.583000,6.994481,0.994481,0.994481,pgd_cm>=5; min_stations>=1
pgd_ge_5cm,Station PGD >= 5 cm,AMPLITUDE,ruhl_2019,median,us7000n068,2024-07-19T03:13:47.417000Z,United States,US,EarthScope PRIDE PPP-AR kin quality-passing stations,"168 km SW of Nikolski, Alaska",6.000000,1,5.291125,3.702101,175.253652,520.583000,6.790644,0.790644,0.790644,pgd_cm>=5; min_stations>=1
pgd_ge_5cm,Station PGD >= 5 cm,AMPLITUDE,crowell_2016_gfast,median,us7000np33,2024-10-30T20:15:20.095000Z,United States,US,EarthScope PRIDE PPP-AR kin quality-passing stations,"267 km W of Bandon, Oregon",6.000000,5,11.733099,1.390795,274.307338,330.905000,7.909694,1.909694,1.909694,pgd_cm>=5; min_stations>=1
pgd_ge_5cm,Station PGD >= 5 cm,AMPLITUDE,melgar_2015,median,us7000np33,2024-10-30T20:15:20.095000Z,United States,US,EarthScope PRIDE PPP-AR kin quality-passing stations,"267 km W of Bandon, Oregon",6.000000,5,11.733099,1.390795,274.307338,330.905000,7.728715,1.728715,1.728715,pgd_cm>=5; min_stations>=1
pgd_ge_5cm,Station PGD >= 5 cm,AMPLITUDE,ruhl_2019,median,us7000np33,2024-10-30T20:15:20.095000Z,United States,US,EarthScope PRIDE PPP-AR kin quality-passing stations,"267 km W of Bandon, Oregon",6.000000,5,11.733099,1.390795,274.307338,330.905000,7.591738,1.591738,1.591738,pgd_cm>=5; min_stations>=1
pgd_ge_5cm,Station PGD >= 5 cm,AMPLITUDE,crowell_2016_gfast,median,us7000pllt,2025-03-21T14:50:51.364Z,Panama,Americas,EarthScope PRIDE PPP-AR kin quality-passing stations,"124 km SSE of Burica, Panama",6.200000,3,6.516172,3.058948,257.653132,306.636000,7.545509,1.345509,1.345509,pgd_cm>=5; min_stations>=1
pgd_ge_5cm,Station PGD >= 5 cm,AMPLITUDE,melgar_2015,median,us7000pllt,2025-03-21T14:50:51.364Z,Panama,Americas,EarthScope PRIDE PPP-AR kin quality-passing stations,"124 km SSE of Burica, Panama",6.200000,3,6.516172,3.058948,257.653132,306.636000,7.362841,1.162841,1.162841,pgd_cm>=5; min_stations>=1
pgd_ge_5cm,Station PGD >= 5 cm,AMPLITUDE,ruhl_2019,median,us7000pllt,2025-03-21T14:50:51.364Z,Panama,Americas,EarthScope PRIDE PPP-AR kin quality-passing stations,"124 km SSE of Burica, Panama",6.200000,3,6.516172,3.058948,257.653132,306.636000,7.195037,0.995037,0.995037,pgd_cm>=5; min_stations>=1
pgd_ge_5cm,Station PGD >= 5 cm,AMPLITUDE,crowell_2016_gfast,median,us7000pllu,2025-03-21T14:53:41.774000Z,United States,US,EarthScope PRIDE PPP-AR kin quality-passing stations,"88 km SSE of Adak, Alaska",6.200000,1,7.924651,1.800777,174.798630,278.226000,7.436529,1.236529,1.236529,pgd_cm>=5; min_stations>=1
pgd_ge_5cm,Station PGD >= 5 cm,AMPLITUDE,melgar_2015,median,us7000pllu,2025-03-21T14:53:41.774000Z,United States,US,EarthScope PRIDE PPP-AR kin quality-passing stations,"88 km SSE of Adak, Alaska",6.200000,1,7.924651,1.800777,174.798630,278.226000,7.230868,1.030868,1.030868,pgd_cm>=5; min_stations>=1
pgd_ge_5cm,Station PGD >= 5 cm,AMPLITUDE,ruhl_2019,median,us7000pllu,2025-03-21T14:53:41.774000Z,United States,US,EarthScope PRIDE PPP-AR kin quality-passing stations,"88 km SSE of Adak, Alaska",6.200000,1,7.924651,1.800777,174.798630,278.226000,7.045561,0.845561,0.845561,pgd_cm>=5; min_stations>=1
pgd_ge_5cm,Station PGD >= 5 cm,AMPLITUDE,crowell_2016_gfast,median,us7000qclp,2025-07-14T17:16:49.051Z,Panama,Americas,EarthScope PRIDE PPP-AR kin quality-passing stations,"206 km S of Burica, Panama",6.200000,1,5.876742,1.009505,226.898470,487.949000,7.487193,1.287193,1.287193,pgd_cm>=5; min_stations>=1
pgd_ge_5cm,Station PGD >= 5 cm,AMPLITUDE,melgar_2015,median,us7000qclp,2025-07-14T17:16:49.051Z,Panama,Americas,EarthScope PRIDE PPP-AR kin quality-passing stations,"206 km S of Burica, Panama",6.200000,1,5.876742,1.009505,226.898470,487.949000,7.207606,1.007606,1.007606,pgd_cm>=5; min_stations>=1
pgd_ge_5cm,Station PGD >= 5 cm,AMPLITUDE,ruhl_2019,median,us7000qclp,2025-07-14T17:16:49.051Z,Panama,Americas,EarthScope PRIDE PPP-AR kin quality-passing stations,"206 km S of Burica, Panama",6.200000,1,5.876742,1.009505,226.898470,487.949000,7.024431,0.824431,0.824431,pgd_cm>=5; min_stations>=1
pgd_ge_5cm,Station PGD >= 5 cm,AMPLITUDE,crowell_2016_gfast,median,us7000qe51,2025-07-20T22:28:00.041000Z,United States,US,EarthScope PRIDE PPP-AR kin quality-passing stations,"91 km SSE of Sand Point, Alaska",6.200000,1,6.042591,1.334866,158.237156,53.959000,7.255295,1.055295,1.055295,pgd_cm>=5; min_stations>=1
pgd_ge_5cm,Station PGD >= 5 cm,AMPLITUDE,melgar_2015,median,us7000qe51,2025-07-20T22:28:00.041000Z,United States,US,EarthScope PRIDE PPP-AR kin quality-passing stations,"91 km SSE of Sand Point, Alaska",6.200000,1,6.042591,1.334866,158.237156,53.959000,7.014466,0.814466,0.814466,pgd_cm>=5; min_stations>=1
pgd_ge_5cm,Station PGD >= 5 cm,AMPLITUDE,ruhl_2019,median,us7000qe51,2025-07-20T22:28:00.041000Z,United States,US,EarthScope PRIDE PPP-AR kin quality-passing stations,"91 km SSE of Sand Point, Alaska",6.200000,1,6.042591,1.334866,158.237156,53.959000,6.810928,0.610928,0.610928,pgd_cm>=5; min_stations>=1
pgd_ge_5cm,Station PGD >= 5 cm,AMPLITUDE,crowell_2016_gfast,median,us7000s8q0,2026-03-30T08:44:13.780Z,Americas,Americas,EarthScope PRIDE PPP-AR kin quality-passing stations,"51 km ENE of Luganville, Vanuatu",7.300000,1,16.657644,3.201283,309.274575,402.220000,8.177943,0.877943,0.877943,pgd_cm>=5; min_stations>=1
pgd_ge_5cm,Station PGD >= 5 cm,AMPLITUDE,melgar_2015,median,us7000s8q0,2026-03-30T08:44:13.780Z,Americas,Americas,EarthScope PRIDE PPP-AR kin quality-passing stations,"51 km ENE of Luganville, Vanuatu",7.300000,1,16.657644,3.201283,309.274575,402.220000,8.041166,0.741166,0.741166,pgd_cm>=5; min_stations>=1
pgd_ge_5cm,Station PGD >= 5 cm,AMPLITUDE,ruhl_2019,median,us7000s8q0,2026-03-30T08:44:13.780Z,Americas,Americas,EarthScope PRIDE PPP-AR kin quality-passing stations,"51 km ENE of Luganville, Vanuatu",7.300000,1,16.657644,3.201283,309.274575,402.220000,7.934269,0.634269,0.634269,pgd_cm>=5; min_stations>=1
pgd_ge_5cm,Station PGD >= 5 cm,AMPLITUDE,crowell_2016_gfast,median,usb000jdt7,2013-08-30T16:25:02.300000Z,United States,US,EarthScope PRIDE PPP-AR kin quality-passing stations,"101 km SW of Atka, Alaska",7.000000,1,7.424635,0.932787,106.691872,4.700000,7.089885,0.089885,0.089885,pgd_cm>=5; min_stations>=1
pgd_ge_5cm,Station PGD >= 5 cm,AMPLITUDE,melgar_2015,median,usb000jdt7,2013-08-30T16:25:02.300000Z,United States,US,EarthScope PRIDE PPP-AR kin quality-passing stations,"101 km SW of Atka, Alaska",7.000000,1,7.424635,0.932787,106.691872,4.700000,6.915072,-0.084928,0.084928,pgd_cm>=5; min_stations>=1
pgd_ge_5cm,Station PGD >= 5 cm,AMPLITUDE,ruhl_2019,median,usb000jdt7,2013-08-30T16:25:02.300000Z,United States,US,EarthScope PRIDE PPP-AR kin quality-passing stations,"101 km SW of Atka, Alaska",7.000000,1,7.424635,0.932787,106.691872,4.700000,6.699587,-0.300413,0.300413,pgd_cm>=5; min_stations>=1
pgd_ge_5cm,Station PGD >= 5 cm,AMPLITUDE,crowell_2016_gfast,median,usb000je9f,2013-08-31T06:38:36.350000Z,United States,US,EarthScope PRIDE PPP-AR kin quality-passing stations,"118 km SSW of Atka, Alaska",6.000000,1,7.038935,1.720472,120.665112,44.650000,7.144818,1.144818,1.144818,pgd_cm>=5; min_stations>=1
pgd_ge_5cm,Station PGD >= 5 cm,AMPLITUDE,melgar_2015,median,usb000je9f,2013-08-31T06:38:36.350000Z,United States,US,EarthScope PRIDE PPP-AR kin quality-passing stations,"118 km SSW of Atka, Alaska",6.000000,1,7.038935,1.720472,120.665112,44.650000,6.951714,0.951714,0.951714,pgd_cm>=5; min_stations>=1
pgd_ge_5cm,Station PGD >= 5 cm,AMPLITUDE,ruhl_2019,median,usb000je9f,2013-08-31T06:38:36.350000Z,United States,US,EarthScope PRIDE PPP-AR kin quality-passing stations,"118 km SSW of Atka, Alaska",6.000000,1,7.038935,1.720472,120.665112,44.650000,6.740250,0.740250,0.740250,pgd_cm>=5; min_stations>=1
pgd_ge_5cm,Station PGD >= 5 cm,AMPLITUDE,crowell_2016_gfast,median,usb000slwn,2014-10-14T03:51:34.460Z,El Salvador,Americas,EarthScope PRIDE PPP-AR kin quality-passing stations,"74 km S of Intipucá, El Salvador",7.300000,2,10.575872,1.734541,138.303327,307.040000,7.395931,0.095931,0.095931,pgd_cm>=5; min_stations>=1
pgd_ge_5cm,Station PGD >= 5 cm,AMPLITUDE,melgar_2015,median,usb000slwn,2014-10-14T03:51:34.460Z,El Salvador,Americas,EarthScope PRIDE PPP-AR kin quality-passing stations,"74 km S of Intipucá, El Salvador",7.300000,2,10.575872,1.734541,138.303327,307.040000,7.255495,-0.044505,0.044505,pgd_cm>=5; min_stations>=1
pgd_ge_5cm,Station PGD >= 5 cm,AMPLITUDE,ruhl_2019,median,usb000slwn,2014-10-14T03:51:34.460Z,El Salvador,Americas,EarthScope PRIDE PPP-AR kin quality-passing stations,"74 km S of Intipucá, El Salvador",7.300000,2,10.575872,1.734541,138.303327,307.040000,7.068542,-0.231458,0.231458,pgd_cm>=5; min_stations>=1
pgd_ge_5cm,Station PGD >= 5 cm,AMPLITUDE,crowell_2016_gfast,median,usc000juwv,2013-09-15T16:21:37.150000Z,United States,US,EarthScope PRIDE PPP-AR kin quality-passing stations,"77 km SSW of Atka, Alaska",6.100000,1,8.920342,4.356421,82.363350,51.850000,7.006560,0.906560,0.906560,pgd_cm>=5; min_stations>=1
pgd_ge_5cm,Station PGD >= 5 cm,AMPLITUDE,melgar_2015,median,usc000juwv,2013-09-15T16:21:37.150000Z,United States,US,EarthScope PRIDE PPP-AR kin quality-passing stations,"77 km SSW of Atka, Alaska",6.100000,1,8.920342,4.356421,82.363350,51.850000,6.879867,0.779867,0.779867,pgd_cm>=5; min_stations>=1
pgd_ge_5cm,Station PGD >= 5 cm,AMPLITUDE,ruhl_2019,median,usc000juwv,2013-09-15T16:21:37.150000Z,United States,US,EarthScope PRIDE PPP-AR kin quality-passing stations,"77 km SSW of Atka, Alaska",6.100000,1,8.920342,4.356421,82.363350,51.850000,6.659269,0.559269,0.559269,pgd_cm>=5; min_stations>=1
pgd_ge_5cm,Station PGD >= 5 cm,AMPLITUDE,crowell_2016_gfast,median,usc000m1w9,2014-01-13T04:01:03.240000Z,United States,US,EarthScope PRIDE PPP-AR kin quality-passing stations,"61 km N of Hatillo, Puerto Rico",6.400000,2,9.604069,3.514711,100.547211,250.760000,7.156584,0.756584,0.756584,pgd_cm>=5; min_stations>=1
pgd_ge_5cm,Station PGD >= 5 cm,AMPLITUDE,melgar_2015,median,usc000m1w9,2014-01-13T04:01:03.240000Z,United States,US,EarthScope PRIDE PPP-AR kin quality-passing stations,"61 km N of Hatillo, Puerto Rico",6.400000,2,9.604069,3.514711,100.547211,250.760000,7.026625,0.626625,0.626625,pgd_cm>=5; min_stations>=1
pgd_ge_5cm,Station PGD >= 5 cm,AMPLITUDE,ruhl_2019,median,usc000m1w9,2014-01-13T04:01:03.240000Z,United States,US,EarthScope PRIDE PPP-AR kin quality-passing stations,"61 km N of Hatillo, Puerto Rico",6.400000,2,9.604069,3.514711,100.547211,250.760000,6.818599,0.418599,0.418599,pgd_cm>=5; min_stations>=1
pgd_ge_5cm,Station PGD >= 5 cm,AMPLITUDE,crowell_2016_gfast,median,usc000myqq,2014-02-26T21:13:40.110000Z,United States,US,EarthScope PRIDE PPP-AR kin quality-passing stations,"210 km WNW of Nikolski, Alaska",6.100000,1,6.439588,1.996504,346.178341,436.890000,7.836021,1.736021,1.736021,pgd_cm>=5; min_stations>=1
pgd_ge_5cm,Station PGD >= 5 cm,AMPLITUDE,melgar_2015,median,usc000myqq,2014-02-26T21:13:40.110000Z,United States,US,EarthScope PRIDE PPP-AR kin quality-passing stations,"210 km WNW of Nikolski, Alaska",6.100000,1,6.439588,1.996504,346.178341,436.890000,7.526607,1.426607,1.426607,pgd_cm>=5; min_stations>=1
pgd_ge_5cm,Station PGD >= 5 cm,AMPLITUDE,ruhl_2019,median,usc000myqq,2014-02-26T21:13:40.110000Z,United States,US,EarthScope PRIDE PPP-AR kin quality-passing stations,"210 km WNW of Nikolski, Alaska",6.100000,1,6.439588,1.996504,346.178341,436.890000,7.378038,1.278038,1.278038,pgd_cm>=5; min_stations>=1
pgd_ge_5cm,Station PGD >= 5 cm,AMPLITUDE,crowell_2016_gfast,median,usc000p11f,2014-04-02T16:13:26.720Z,Panama,Americas,EarthScope PRIDE PPP-AR kin quality-passing stations,"33 km SSW of Boca Chica, Panama",6.000000,1,7.158561,2.798274,231.130031,185.280000,7.586322,1.586322,1.586322,pgd_cm>=5; min_stations>=1
pgd_ge_5cm,Station PGD >= 5 cm,AMPLITUDE,melgar_2015,median,usc000p11f,2014-04-02T16:13:26.720Z,Panama,Americas,EarthScope PRIDE PPP-AR kin quality-passing stations,"33 km SSW of Boca Chica, Panama",6.000000,1,7.158561,2.798274,231.130031,185.280000,7.337563,1.337563,1.337563,pgd_cm>=5; min_stations>=1
pgd_ge_5cm,Station PGD >= 5 cm,AMPLITUDE,ruhl_2019,median,usc000p11f,2014-04-02T16:13:26.720Z,Panama,Americas,EarthScope PRIDE PPP-AR kin quality-passing stations,"33 km SSW of Boca Chica, Panama",6.000000,1,7.158561,2.798274,231.130031,185.280000,7.165316,1.165316,1.165316,pgd_cm>=5; min_stations>=1
pgd_ge_5cm,Station PGD >= 5 cm,AMPLITUDE,crowell_2016_gfast,median,usc000t4gc,2014-12-07T21:16:35.740Z,Guatemala,Americas,EarthScope PRIDE PPP-AR kin quality-passing stations,"61 km SSW of Nueva Concepción, Guatemala",6.100000,1,6.095982,3.582571,256.611055,563.260000,7.590339,1.490339,1.490339,pgd_cm>=5; min_stations>=1
pgd_ge_5cm,Station PGD >= 5 cm,AMPLITUDE,melgar_2015,median,usc000t4gc,2014-12-07T21:16:35.740Z,Guatemala,Americas,EarthScope PRIDE PPP-AR kin quality-passing stations,"61 km SSW of Nueva Concepción, Guatemala",6.100000,1,6.095982,3.582571,256.611055,563.260000,7.304265,1.204265,1.204265,pgd_cm>=5; min_stations>=1
pgd_ge_5cm,Station PGD >= 5 cm,AMPLITUDE,ruhl_2019,median,usc000t4gc,2014-12-07T21:16:35.740Z,Guatemala,Americas,EarthScope PRIDE PPP-AR kin quality-passing stations,"61 km SSW of Nueva Concepción, Guatemala",6.100000,1,6.095982,3.582571,256.611055,563.260000,7.131066,1.031066,1.031066,pgd_cm>=5; min_stations>=1
pgd_ge_5cm,Station PGD >= 5 cm,AMPLITUDE,crowell_2016_gfast,median,usp000jhpg,2012-04-11T22:41:46.040000Z,United States,US,EarthScope PRIDE PPP-AR kin quality-passing stations,"266 km W of Bandon, Oregon",6.000000,1,8.514353,2.622052,294.697606,254.960000,7.840178,1.840178,1.840178,pgd_cm>=5; min_stations>=1
pgd_ge_5cm,Station PGD >= 5 cm,AMPLITUDE,melgar_2015,median,usp000jhpg,2012-04-11T22:41:46.040000Z,United States,US,EarthScope PRIDE PPP-AR kin quality-passing stations,"266 km W of Bandon, Oregon",6.000000,1,8.514353,2.622052,294.697606,254.960000,7.595517,1.595517,1.595517,pgd_cm>=5; min_stations>=1
pgd_ge_5cm,Station PGD >= 5 cm,AMPLITUDE,ruhl_2019,median,usp000jhpg,2012-04-11T22:41:46.040000Z,United States,US,EarthScope PRIDE PPP-AR kin quality-passing stations,"266 km W of Bandon, Oregon",6.000000,1,8.514353,2.622052,294.697606,254.960000,7.449456,1.449456,1.449456,pgd_cm>=5; min_stations>=1
pgd_ge_5cm,Station PGD >= 5 cm,AMPLITUDE,crowell_2016_gfast,median,usp000jqvm,2012-08-27T04:37:19.430Z,El Salvador,Americas,EarthScope PRIDE PPP-AR kin quality-passing stations,"126 km S of Puerto El Triunfo, El Salvador",7.300000,1,10.509106,2.974180,184.547481,396.570000,7.594251,0.294251,0.294251,pgd_cm>=5; min_stations>=1
pgd_ge_5cm,Station PGD >= 5 cm,AMPLITUDE,melgar_2015,median,usp000jqvm,2012-08-27T04:37:19.430Z,El Salvador,Americas,EarthScope PRIDE PPP-AR kin quality-passing stations,"126 km S of Puerto El Triunfo, El Salvador",7.300000,1,10.509106,2.974180,184.547481,396.570000,7.429846,0.129846,0.129846,pgd_cm>=5; min_stations>=1
pgd_ge_5cm,Station PGD >= 5 cm,AMPLITUDE,ruhl_2019,median,usp000jqvm,2012-08-27T04:37:19.430Z,El Salvador,Americas,EarthScope PRIDE PPP-AR kin quality-passing stations,"126 km S of Puerto El Triunfo, El Salvador",7.300000,1,10.509106,2.974180,184.547481,396.570000,7.261114,-0.038886,0.038886,pgd_cm>=5; min_stations>=1
pgd_ge_5cm,Station PGD >= 5 cm,AMPLITUDE,crowell_2016_gfast,median,usp000jt0h,2012-09-26T23:39:55.110000Z,United States,US,EarthScope PRIDE PPP-AR kin quality-passing stations,"118 km WSW of Adak, Alaska",6.400000,2,5.545770,3.086323,203.414508,242.890000,7.332543,0.932543,0.932543,pgd_cm>=5; min_stations>=1
pgd_ge_5cm,Station PGD >= 5 cm,AMPLITUDE,melgar_2015,median,usp000jt0h,2012-09-26T23:39:55.110000Z,United States,US,EarthScope PRIDE PPP-AR kin quality-passing stations,"118 km WSW of Adak, Alaska",6.400000,2,5.545770,3.086323,203.414508,242.890000,7.060683,0.660683,0.660683,pgd_cm>=5; min_stations>=1
pgd_ge_5cm,Station PGD >= 5 cm,AMPLITUDE,ruhl_2019,median,usp000jt0h,2012-09-26T23:39:55.110000Z,United States,US,EarthScope PRIDE PPP-AR kin quality-passing stations,"118 km WSW of Adak, Alaska",6.400000,2,5.545770,3.086323,203.414508,242.890000,6.864325,0.464325,0.464325,pgd_cm>=5; min_stations>=1
pgd_ge_5cm,Station PGD >= 5 cm,AMPLITUDE,crowell_2016_gfast,median,usp000jwyb,2012-12-14T10:36:01.590000Z,United States,US,EarthScope PRIDE PPP-AR kin quality-passing stations,"279 km SSW of Avalon, California",6.300000,1,7.121018,2.368612,287.635924,357.410000,7.742333,1.442333,1.442333,pgd_cm>=5; min_stations>=1
pgd_ge_5cm,Station PGD >= 5 cm,AMPLITUDE,melgar_2015,median,usp000jwyb,2012-12-14T10:36:01.590000Z,United States,US,EarthScope PRIDE PPP-AR kin quality-passing stations,"279 km SSW of Avalon, California",6.300000,1,7.121018,2.368612,287.635924,357.410000,7.470247,1.170247,1.170247,pgd_cm>=5; min_stations>=1
pgd_ge_5cm,Station PGD >= 5 cm,AMPLITUDE,ruhl_2019,median,usp000jwyb,2012-12-14T10:36:01.590000Z,United States,US,EarthScope PRIDE PPP-AR kin quality-passing stations,"279 km SSW of Avalon, California",6.300000,1,7.121018,2.368612,287.635924,357.410000,7.313070,1.013070,1.013070,pgd_cm>=5; min_stations>=1
snr_ge_3,Station PGD SNR >= 3,SNR,crowell_2016_gfast,median,2013p543824,2013-07-21T05:09:30Z,New Zealand,New Zealand,EarthScope PRIDE PPP-AR kin quality-passing stations,20 km east of Seddon,6.500000,12,4.919833,3.515299,63.674999,49.000000,6.612872,0.112872,0.112872,pgd_snr>=3; min_stations>=1
snr_ge_3,Station PGD SNR >= 3,SNR,melgar_2015,median,2013p543824,2013-07-21T05:09:30Z,New Zealand,New Zealand,EarthScope PRIDE PPP-AR kin quality-passing stations,20 km east of Seddon,6.500000,12,4.919833,3.515299,63.674999,49.000000,6.472559,-0.027441,0.027441,pgd_snr>=3; min_stations>=1
snr_ge_3,Station PGD SNR >= 3,SNR,ruhl_2019,median,2013p543824,2013-07-21T05:09:30Z,New Zealand,New Zealand,EarthScope PRIDE PPP-AR kin quality-passing stations,20 km east of Seddon,6.500000,12,4.919833,3.515299,63.674999,49.000000,6.218039,-0.281961,0.281961,pgd_snr>=3; min_stations>=1
snr_ge_3,Station PGD SNR >= 3,SNR,crowell_2016_gfast,median,2013p613797,2013-08-16T02:31:05Z,New Zealand,New Zealand,EarthScope PRIDE PPP-AR kin quality-passing stations,5 km south-east of Seddon,6.500000,29,5.291276,3.972196,102.374097,141.000000,6.893488,0.393488,0.393488,pgd_snr>=3; min_stations>=1
snr_ge_3,Station PGD SNR >= 3,SNR,melgar_2015,median,2013p613797,2013-08-16T02:31:05Z,New Zealand,New Zealand,EarthScope PRIDE PPP-AR kin quality-passing stations,5 km south-east of Seddon,6.500000,29,5.291276,3.972196,102.374097,141.000000,6.674104,0.174104,0.174104,pgd_snr>=3; min_stations>=1
snr_ge_3,Station PGD SNR >= 3,SNR,ruhl_2019,median,2013p613797,2013-08-16T02:31:05Z,New Zealand,New Zealand,EarthScope PRIDE PPP-AR kin quality-passing stations,5 km south-east of Seddon,6.500000,29,5.291276,3.972196,102.374097,141.000000,6.438990,-0.061010,0.061010,pgd_snr>=3; min_stations>=1
snr_ge_3,Station PGD SNR >= 3,SNR,crowell_2016_gfast,median,2013p944608,2013-12-16T12:07:24Z,New Zealand,New Zealand,EarthScope PRIDE PPP-AR kin quality-passing stations,120 km west of Tuatapere,6.100000,4,5.036180,3.269722,179.893511,366.500000,7.243288,1.143288,1.143288,pgd_snr>=3; min_stations>=1
snr_ge_3,Station PGD SNR >= 3,SNR,melgar_2015,median,2013p944608,2013-12-16T12:07:24Z,New Zealand,New Zealand,EarthScope PRIDE PPP-AR kin quality-passing stations,120 km west of Tuatapere,6.100000,4,5.036180,3.269722,179.893511,366.500000,6.953620,0.853620,0.853620,pgd_snr>=3; min_stations>=1
snr_ge_3,Station PGD SNR >= 3,SNR,ruhl_2019,median,2013p944608,2013-12-16T12:07:24Z,New Zealand,New Zealand,EarthScope PRIDE PPP-AR kin quality-passing stations,120 km west of Tuatapere,6.100000,4,5.036180,3.269722,179.893511,366.500000,6.746890,0.646890,0.646890,pgd_snr>=3; min_stations>=1
snr_ge_3,Station PGD SNR >= 3,SNR,crowell_2016_gfast,median,2014p051675,2014-01-20T02:52:45Z,New Zealand,New Zealand,EarthScope PRIDE PPP-AR kin quality-passing stations,10 km east of Eketahuna,6.200000,1,4.637437,3.690456,43.960888,15.000000,6.403154,0.203154,0.203154,pgd_snr>=3; min_stations>=1
snr_ge_3,Station PGD SNR >= 3,SNR,melgar_2015,median,2014p051675,2014-01-20T02:52:45Z,New Zealand,New Zealand,EarthScope PRIDE PPP-AR kin quality-passing stations,10 km east of Eketahuna,6.200000,1,4.637437,3.690456,43.960888,15.000000,6.217904,0.017904,0.017904,pgd_snr>=3; min_stations>=1
snr_ge_3,Station PGD SNR >= 3,SNR,ruhl_2019,median,2014p051675,2014-01-20T02:52:45Z,New Zealand,New Zealand,EarthScope PRIDE PPP-AR kin quality-passing stations,10 km east of Eketahuna,6.200000,1,4.637437,3.690456,43.960888,15.000000,5.949071,-0.250929,0.250929,pgd_snr>=3; min_stations>=1
snr_ge_3,Station PGD SNR >= 3,SNR,crowell_2016_gfast,median,2014p864702,2014-11-16T22:33:17Z,New Zealand,New Zealand,EarthScope PRIDE PPP-AR kin quality-passing stations,150 km east of Te Araroa,6.500000,2,6.447016,3.076242,187.772552,270.500000,7.394250,0.894250,0.894250,pgd_snr>=3; min_stations>=1
snr_ge_3,Station PGD SNR >= 3,SNR,melgar_2015,median,2014p864702,2014-11-16T22:33:17Z,New Zealand,New Zealand,EarthScope PRIDE PPP-AR kin quality-passing stations,150 km east of Te Araroa,6.500000,2,6.447016,3.076242,187.772552,270.500000,7.147524,0.647524,0.647524,pgd_snr>=3; min_stations>=1
snr_ge_3,Station PGD SNR >= 3,SNR,ruhl_2019,median,2014p864702,2014-11-16T22:33:17Z,New Zealand,New Zealand,EarthScope PRIDE PPP-AR kin quality-passing stations,150 km east of Te Araroa,6.500000,2,6.447016,3.076242,187.772552,270.500000,6.956724,0.456724,0.456724,pgd_snr>=3; min_stations>=1
snr_ge_3,Station PGD SNR >= 3,SNR,crowell_2016_gfast,median,2015p305812,2015-04-24T03:36:42Z,New Zealand,New Zealand,EarthScope PRIDE PPP-AR kin quality-passing stations,35 km south-east of St Arnaud,6.200000,2,4.720818,4.055832,188.635311,230.000000,7.144194,0.944194,0.944194,pgd_snr>=3; min_stations>=1
snr_ge_3,Station PGD SNR >= 3,SNR,melgar_2015,median,2015p305812,2015-04-24T03:36:42Z,New Zealand,New Zealand,EarthScope PRIDE PPP-AR kin quality-passing stations,35 km south-east of St Arnaud,6.200000,2,4.720818,4.055832,188.635311,230.000000,6.861237,0.661237,0.661237,pgd_snr>=3; min_stations>=1
snr_ge_3,Station PGD SNR >= 3,SNR,ruhl_2019,median,2015p305812,2015-04-24T03:36:42Z,New Zealand,New Zealand,EarthScope PRIDE PPP-AR kin quality-passing stations,35 km south-east of St Arnaud,6.200000,2,4.720818,4.055832,188.635311,230.000000,6.648705,0.448704,0.448704,pgd_snr>=3; min_stations>=1
snr_ge_3,Station PGD SNR >= 3,SNR,crowell_2016_gfast,median,2016p661332,2016-09-01T16:37:55Z,New Zealand,New Zealand,EarthScope PRIDE PPP-AR kin quality-passing stations,120 km north-east of Te Araroa,7.100000,6,5.503240,3.234344,184.799904,127.000000,7.332584,0.232584,0.232584,pgd_snr>=3; min_stations>=1
snr_ge_3,Station PGD SNR >= 3,SNR,melgar_2015,median,2016p661332,2016-09-01T16:37:55Z,New Zealand,New Zealand,EarthScope PRIDE PPP-AR kin quality-passing stations,120 km north-east of Te Araroa,7.100000,6,5.503240,3.234344,184.799904,127.000000,7.054982,-0.045018,0.045018,pgd_snr>=3; min_stations>=1
snr_ge_3,Station PGD SNR >= 3,SNR,ruhl_2019,median,2016p661332,2016-09-01T16:37:55Z,New Zealand,New Zealand,EarthScope PRIDE PPP-AR kin quality-passing stations,120 km north-east of Te Araroa,7.100000,6,5.503240,3.234344,184.799904,127.000000,6.857151,-0.242849,0.242849,pgd_snr>=3; min_stations>=1
snr_ge_3,Station PGD SNR >= 3,SNR,crowell_2016_gfast,median,2016p661400,2016-09-01T17:14:05Z,New Zealand,New Zealand,EarthScope PRIDE PPP-AR kin quality-passing stations,105 km north-east of Te Araroa,6.200000,2,5.166384,3.187792,137.836885,189.000000,7.098776,0.898776,0.898776,pgd_snr>=3; min_stations>=1
snr_ge_3,Station PGD SNR >= 3,SNR,melgar_2015,median,2016p661400,2016-09-01T17:14:05Z,New Zealand,New Zealand,EarthScope PRIDE PPP-AR kin quality-passing stations,105 km north-east of Te Araroa,6.200000,2,5.166384,3.187792,137.836885,189.000000,6.845066,0.645066,0.645066,pgd_snr>=3; min_stations>=1
snr_ge_3,Station PGD SNR >= 3,SNR,ruhl_2019,median,2016p661400,2016-09-01T17:14:05Z,New Zealand,New Zealand,EarthScope PRIDE PPP-AR kin quality-passing stations,105 km north-east of Te Araroa,6.200000,2,5.166384,3.187792,137.836885,189.000000,6.627030,0.427030,0.427030,pgd_snr>=3; min_stations>=1
snr_ge_3,Station PGD SNR >= 3,SNR,crowell_2016_gfast,median,2016p858000,2016-11-13T11:02:56Z,New Zealand,New Zealand,EarthScope PRIDE PPP-AR kin quality-passing stations,15 km north-east of Culverden,7.800000,14,24.146968,13.944506,147.886022,106.000000,7.592933,-0.207067,0.207067,pgd_snr>=3; min_stations>=1
snr_ge_3,Station PGD SNR >= 3,SNR,melgar_2015,median,2016p858000,2016-11-13T11:02:56Z,New Zealand,New Zealand,EarthScope PRIDE PPP-AR kin quality-passing stations,15 km north-east of Culverden,7.800000,14,24.146968,13.944506,147.886022,106.000000,7.560875,-0.239125,0.239125,pgd_snr>=3; min_stations>=1
snr_ge_3,Station PGD SNR >= 3,SNR,ruhl_2019,median,2016p858000,2016-11-13T11:02:56Z,New Zealand,New Zealand,EarthScope PRIDE PPP-AR kin quality-passing stations,15 km north-east of Culverden,7.800000,14,24.146968,13.944506,147.886022,106.000000,7.386468,-0.413532,0.413532,pgd_snr>=3; min_stations>=1
snr_ge_3,Station PGD SNR >= 3,SNR,crowell_2016_gfast,median,2016p858007,2016-11-13T11:05:14Z,New Zealand,New Zealand,EarthScope PRIDE PPP-AR kin quality-passing stations,45 km south-west of Seddon,6.000000,2,26.481691,5.578345,186.640510,2.500000,7.980408,1.980408,1.980408,pgd_snr>=3; min_stations>=1
snr_ge_3,Station PGD SNR >= 3,SNR,melgar_2015,median,2016p858007,2016-11-13T11:05:14Z,New Zealand,New Zealand,EarthScope PRIDE PPP-AR kin quality-passing stations,45 km south-west of Seddon,6.000000,2,26.481691,5.578345,186.640510,2.500000,7.960073,1.960073,1.960073,pgd_snr>=3; min_stations>=1
snr_ge_3,Station PGD SNR >= 3,SNR,ruhl_2019,median,2016p858007,2016-11-13T11:05:14Z,New Zealand,New Zealand,EarthScope PRIDE PPP-AR kin quality-passing stations,45 km south-west of Seddon,6.000000,2,26.481691,5.578345,186.640510,2.500000,7.833476,1.833476,1.833476,pgd_snr>=3; min_stations>=1
snr_ge_3,Station PGD SNR >= 3,SNR,crowell_2016_gfast,median,2016p858055,2016-11-13T11:32:07Z,New Zealand,New Zealand,EarthScope PRIDE PPP-AR kin quality-passing stations,15 km north of Kaikoura,6.200000,12,4.756423,3.325051,144.312828,295.000000,7.170704,0.970703,0.970703,pgd_snr>=3; min_stations>=1
snr_ge_3,Station PGD SNR >= 3,SNR,melgar_2015,median,2016p858055,2016-11-13T11:32:07Z,New Zealand,New Zealand,EarthScope PRIDE PPP-AR kin quality-passing stations,15 km north of Kaikoura,6.200000,12,4.756423,3.325051,144.312828,295.000000,6.854183,0.654183,0.654183,pgd_snr>=3; min_stations>=1
snr_ge_3,Station PGD SNR >= 3,SNR,ruhl_2019,median,2016p858055,2016-11-13T11:32:07Z,New Zealand,New Zealand,EarthScope PRIDE PPP-AR kin quality-passing stations,15 km north of Kaikoura,6.200000,12,4.756423,3.325051,144.312828,295.000000,6.639571,0.439571,0.439571,pgd_snr>=3; min_stations>=1
snr_ge_3,Station PGD SNR >= 3,SNR,crowell_2016_gfast,median,2016p858094,2016-11-13T11:52:44Z,New Zealand,New Zealand,EarthScope PRIDE PPP-AR kin quality-passing stations,20 km north of Kaikoura,6.100000,11,4.373111,3.405475,157.216817,283.000000,7.137114,1.037114,1.037114,pgd_snr>=3; min_stations>=1
snr_ge_3,Station PGD SNR >= 3,SNR,melgar_2015,median,2016p858094,2016-11-13T11:52:44Z,New Zealand,New Zealand,EarthScope PRIDE PPP-AR kin quality-passing stations,20 km north of Kaikoura,6.100000,11,4.373111,3.405475,157.216817,283.000000,6.825661,0.725661,0.725661,pgd_snr>=3; min_stations>=1
snr_ge_3,Station PGD SNR >= 3,SNR,ruhl_2019,median,2016p858094,2016-11-13T11:52:44Z,New Zealand,New Zealand,EarthScope PRIDE PPP-AR kin quality-passing stations,20 km north of Kaikoura,6.100000,11,4.373111,3.405475,157.216817,283.000000,6.608269,0.508269,0.508269,pgd_snr>=3; min_stations>=1
snr_ge_3,Station PGD SNR >= 3,SNR,crowell_2016_gfast,median,2016p859524,2016-11-14T00:34:23Z,New Zealand,New Zealand,EarthScope PRIDE PPP-AR kin quality-passing stations,25 km east of Hanmer Springs,6.700000,11,5.731195,3.938712,141.431410,476.000000,7.174917,0.474917,0.474917,pgd_snr>=3; min_stations>=1
snr_ge_3,Station PGD SNR >= 3,SNR,melgar_2015,median,2016p859524,2016-11-14T00:34:23Z,New Zealand,New Zealand,EarthScope PRIDE PPP-AR kin quality-passing stations,25 km east of Hanmer Springs,6.700000,11,5.731195,3.938712,141.431410,476.000000,6.933474,0.233474,0.233474,pgd_snr>=3; min_stations>=1
snr_ge_3,Station PGD SNR >= 3,SNR,ruhl_2019,median,2016p859524,2016-11-14T00:34:23Z,New Zealand,New Zealand,EarthScope PRIDE PPP-AR kin quality-passing stations,25 km east of Hanmer Springs,6.700000,11,5.731195,3.938712,141.431410,476.000000,6.722656,0.022656,0.022656,pgd_snr>=3; min_stations>=1
snr_ge_3,Station PGD SNR >= 3,SNR,crowell_2016_gfast,median,2021p169083,2021-03-04T13:27:35Z,New Zealand,New Zealand,EarthScope PRIDE PPP-AR kin quality-passing stations,140 km east of Te Araroa,7.200000,7,6.650211,3.279507,194.245675,405.000000,7.368823,0.168823,0.168823,pgd_snr>=3; min_stations>=1
snr_ge_3,Station PGD SNR >= 3,SNR,melgar_2015,median,2021p169083,2021-03-04T13:27:35Z,New Zealand,New Zealand,EarthScope PRIDE PPP-AR kin quality-passing stations,140 km east of Te Araroa,7.200000,7,6.650211,3.279507,194.245675,405.000000,7.081614,-0.118386,0.118386,pgd_snr>=3; min_stations>=1
snr_ge_3,Station PGD SNR >= 3,SNR,ruhl_2019,median,2021p169083,2021-03-04T13:27:35Z,New Zealand,New Zealand,EarthScope PRIDE PPP-AR kin quality-passing stations,140 km east of Te Araroa,7.200000,7,6.650211,3.279507,194.245675,405.000000,6.886719,-0.313281,0.313281,pgd_snr>=3; min_stations>=1
snr_ge_3,Station PGD SNR >= 3,SNR,crowell_2016_gfast,median,2025p224518,2025-03-25T01:43:09Z,New Zealand,New Zealand,EarthScope PRIDE PPP-AR kin quality-passing stations,155 km north-west of Snares Islands,6.800000,2,2.958808,3.360650,151.759364,331.000000,6.897702,0.097702,0.097702,pgd_snr>=3; min_stations>=1
snr_ge_3,Station PGD SNR >= 3,SNR,melgar_2015,median,2025p224518,2025-03-25T01:43:09Z,New Zealand,New Zealand,EarthScope PRIDE PPP-AR kin quality-passing stations,155 km north-west of Snares Islands,6.800000,2,2.958808,3.360650,151.759364,331.000000,6.547690,-0.252310,0.252310,pgd_snr>=3; min_stations>=1
snr_ge_3,Station PGD SNR >= 3,SNR,ruhl_2019,median,2025p224518,2025-03-25T01:43:09Z,New Zealand,New Zealand,EarthScope PRIDE PPP-AR kin quality-passing stations,155 km north-west of Snares Islands,6.800000,2,2.958808,3.360650,151.759364,331.000000,6.308396,-0.491604,0.491604,pgd_snr>=3; min_stations>=1
snr_ge_3,Station PGD SNR >= 3,SNR,crowell_2016_gfast,median,2025p506857,2025-07-07T12:53:41Z,New Zealand,New Zealand,EarthScope PRIDE PPP-AR kin quality-passing stations,120 km north-west of Snares Islands,6.100000,2,2.381921,3.286796,235.906759,361.000000,7.117398,1.017398,1.017398,pgd_snr>=3; min_stations>=1
snr_ge_3,Station PGD SNR >= 3,SNR,melgar_2015,median,2025p506857,2025-07-07T12:53:41Z,New Zealand,New Zealand,EarthScope PRIDE PPP-AR kin quality-passing stations,120 km north-west of Snares Islands,6.100000,2,2.381921,3.286796,235.906759,361.000000,6.683583,0.583583,0.583583,pgd_snr>=3; min_stations>=1
snr_ge_3,Station PGD SNR >= 3,SNR,ruhl_2019,median,2025p506857,2025-07-07T12:53:41Z,New Zealand,New Zealand,EarthScope PRIDE PPP-AR kin quality-passing stations,120 km north-west of Snares Islands,6.100000,2,2.381921,3.286796,235.906759,361.000000,6.457963,0.357964,0.357964,pgd_snr>=3; min_stations>=1
snr_ge_3,Station PGD SNR >= 3,SNR,crowell_2016_gfast,median,ak0138esnzr,2013-01-05T08:58:14.957000Z,United States,US,EarthScope PRIDE PPP-AR kin quality-passing stations,"110 km SW of Edna Bay, Alaska",7.500000,2,23.526045,9.012014,163.348518,51.043000,7.805161,0.305161,0.305161,pgd_snr>=3; min_stations>=1
snr_ge_3,Station PGD SNR >= 3,SNR,melgar_2015,median,ak0138esnzr,2013-01-05T08:58:14.957000Z,United States,US,EarthScope PRIDE PPP-AR kin quality-passing stations,"110 km SW of Edna Bay, Alaska",7.500000,2,23.526045,9.012014,163.348518,51.043000,7.778059,0.278059,0.278059,pgd_snr>=3; min_stations>=1
snr_ge_3,Station PGD SNR >= 3,SNR,ruhl_2019,median,ak0138esnzr,2013-01-05T08:58:14.957000Z,United States,US,EarthScope PRIDE PPP-AR kin quality-passing stations,"110 km SW of Edna Bay, Alaska",7.500000,2,23.526045,9.012014,163.348518,51.043000,7.633584,0.133584,0.133584,pgd_snr>=3; min_stations>=1
snr_ge_3,Station PGD SNR >= 3,SNR,crowell_2016_gfast,median,ak0149guzic1,2014-07-25T10:54:50.417000Z,United States,US,EarthScope PRIDE PPP-AR kin quality-passing stations,"40 km WNW of Elfin Cove, Alaska",6.000000,3,4.420328,3.250116,142.068380,256.583000,6.995212,0.995212,0.995212,pgd_snr>=3; min_stations>=1
snr_ge_3,Station PGD SNR >= 3,SNR,melgar_2015,median,ak0149guzic1,2014-07-25T10:54:50.417000Z,United States,US,EarthScope PRIDE PPP-AR kin quality-passing stations,"40 km WNW of Elfin Cove, Alaska",6.000000,3,4.420328,3.250116,142.068380,256.583000,6.655415,0.655415,0.655415,pgd_snr>=3; min_stations>=1
snr_ge_3,Station PGD SNR >= 3,SNR,ruhl_2019,median,ak0149guzic1,2014-07-25T10:54:50.417000Z,United States,US,EarthScope PRIDE PPP-AR kin quality-passing stations,"40 km WNW of Elfin Cove, Alaska",6.000000,3,4.420328,3.250116,142.068380,256.583000,6.424071,0.424071,0.424071,pgd_snr>=3; min_stations>=1
snr_ge_3,Station PGD SNR >= 3,SNR,crowell_2016_gfast,median,ak014cbigci8,2014-09-25T17:51:17.606000Z,United States,US,EarthScope PRIDE PPP-AR kin quality-passing stations,"22 km WSW of Skwentna, Alaska",6.200000,4,5.972682,3.867654,126.644068,159.394000,7.137236,0.937236,0.937236,pgd_snr>=3; min_stations>=1
snr_ge_3,Station PGD SNR >= 3,SNR,melgar_2015,median,ak014cbigci8,2014-09-25T17:51:17.606000Z,United States,US,EarthScope PRIDE PPP-AR kin quality-passing stations,"22 km WSW of Skwentna, Alaska",6.200000,4,5.972682,3.867654,126.644068,159.394000,6.925740,0.725740,0.725740,pgd_snr>=3; min_stations>=1
snr_ge_3,Station PGD SNR >= 3,SNR,ruhl_2019,median,ak014cbigci8,2014-09-25T17:51:17.606000Z,United States,US,EarthScope PRIDE PPP-AR kin quality-passing stations,"22 km WSW of Skwentna, Alaska",6.200000,4,5.972682,3.867654,126.644068,159.394000,6.712917,0.512917,0.512917,pgd_snr>=3; min_stations>=1
snr_ge_3,Station PGD SNR >= 3,SNR,crowell_2016_gfast,median,ak0156uj8rk3,2015-05-29T07:00:09.634000Z,United States,US,EarthScope PRIDE PPP-AR kin quality-passing stations,"117 km SSE of Ugashik, Alaska",6.800000,2,4.308400,3.234172,158.175374,229.366000,7.104866,0.304866,0.304866,pgd_snr>=3; min_stations>=1
snr_ge_3,Station PGD SNR >= 3,SNR,melgar_2015,median,ak0156uj8rk3,2015-05-29T07:00:09.634000Z,United States,US,EarthScope PRIDE PPP-AR kin quality-passing stations,"117 km SSE of Ugashik, Alaska",6.800000,2,4.308400,3.234172,158.175374,229.366000,6.806363,0.006363,0.006363,pgd_snr>=3; min_stations>=1
snr_ge_3,Station PGD SNR >= 3,SNR,ruhl_2019,median,ak0156uj8rk3,2015-05-29T07:00:09.634000Z,United States,US,EarthScope PRIDE PPP-AR kin quality-passing stations,"117 km SSE of Ugashik, Alaska",6.800000,2,4.308400,3.234172,158.175374,229.366000,6.586707,-0.213293,0.213293,pgd_snr>=3; min_stations>=1
snr_ge_3,Station PGD SNR >= 3,SNR,crowell_2016_gfast,median,ak0159nc9dk8,2015-07-29T02:35:59.449000Z,United States,US,EarthScope PRIDE PPP-AR kin quality-passing stations,"52 km ENE of Pedro Bay, Alaska",6.400000,11,6.716919,3.635199,138.893477,368.551000,7.263867,0.863867,0.863867,pgd_snr>=3; min_stations>=1
snr_ge_3,Station PGD SNR >= 3,SNR,melgar_2015,median,ak0159nc9dk8,2015-07-29T02:35:59.449000Z,United States,US,EarthScope PRIDE PPP-AR kin quality-passing stations,"52 km ENE of Pedro Bay, Alaska",6.400000,11,6.716919,3.635199,138.893477,368.551000,7.031652,0.631652,0.631652,pgd_snr>=3; min_stations>=1
snr_ge_3,Station PGD SNR >= 3,SNR,ruhl_2019,median,ak0159nc9dk8,2015-07-29T02:35:59.449000Z,United States,US,EarthScope PRIDE PPP-AR kin quality-passing stations,"52 km ENE of Pedro Bay, Alaska",6.400000,11,6.716919,3.635199,138.893477,368.551000,6.827406,0.427406,0.427406,pgd_snr>=3; min_stations>=1
snr_ge_3,Station PGD SNR >= 3,SNR,crowell_2016_gfast,median,ak01613v15nv,2016-01-24T10:30:29.557000Z,United States,US,EarthScope PRIDE PPP-AR kin quality-passing stations,"47 km ESE of Pedro Bay, Alaska",7.100000,2,11.201640,4.447339,174.960694,46.443000,7.572010,0.472010,0.472010,pgd_snr>=3; min_stations>=1
snr_ge_3,Station PGD SNR >= 3,SNR,melgar_2015,median,ak01613v15nv,2016-01-24T10:30:29.557000Z,United States,US,EarthScope PRIDE PPP-AR kin quality-passing stations,"47 km ESE of Pedro Bay, Alaska",7.100000,2,11.201640,4.447339,174.960694,46.443000,7.422944,0.322944,0.322944,pgd_snr>=3; min_stations>=1
snr_ge_3,Station PGD SNR >= 3,SNR,ruhl_2019,median,ak01613v15nv,2016-01-24T10:30:29.557000Z,United States,US,EarthScope PRIDE PPP-AR kin quality-passing stations,"47 km ESE of Pedro Bay, Alaska",7.100000,2,11.201640,4.447339,174.960694,46.443000,7.252890,0.152890,0.152890,pgd_snr>=3; min_stations>=1
snr_ge_3,Station PGD SNR >= 3,SNR,crowell_2016_gfast,median,ak01649w95tp,2016-04-02T05:50:00.932000Z,United States,US,EarthScope PRIDE PPP-AR kin quality-passing stations,"42 km E of Port Heiden, Alaska",6.200000,1,7.819533,3.337812,66.776295,508.068000,6.831879,0.631879,0.631879,pgd_snr>=3; min_stations>=1
snr_ge_3,Station PGD SNR >= 3,SNR,melgar_2015,median,ak01649w95tp,2016-04-02T05:50:00.932000Z,United States,US,EarthScope PRIDE PPP-AR kin quality-passing stations,"42 km E of Port Heiden, Alaska",6.200000,1,7.819533,3.337812,66.776295,508.068000,6.699153,0.499153,0.499153,pgd_snr>=3; min_stations>=1
snr_ge_3,Station PGD SNR >= 3,SNR,ruhl_2019,median,ak01649w95tp,2016-04-02T05:50:00.932000Z,United States,US,EarthScope PRIDE PPP-AR kin quality-passing stations,"42 km E of Port Heiden, Alaska",6.200000,1,7.819533,3.337812,66.776295,508.068000,6.464251,0.264251,0.264251,pgd_snr>=3; min_stations>=1
snr_ge_3,Station PGD SNR >= 3,SNR,crowell_2016_gfast,median,ak018aap2cqu,2018-08-12T14:58:53.503000Z,United States,US,EarthScope PRIDE PPP-AR kin quality-passing stations,"89 km SW of Kaktovik, Alaska",6.400000,1,6.681444,3.568539,201.216287,564.497000,7.459534,1.059534,1.059534,pgd_snr>=3; min_stations>=1
snr_ge_3,Station PGD SNR >= 3,SNR,melgar_2015,median,ak018aap2cqu,2018-08-12T14:58:53.503000Z,United States,US,EarthScope PRIDE PPP-AR kin quality-passing stations,"89 km SW of Kaktovik, Alaska",6.400000,1,6.681444,3.568539,201.216287,564.497000,7.212879,0.812879,0.812879,pgd_snr>=3; min_stations>=1
snr_ge_3,Station PGD SNR >= 3,SNR,ruhl_2019,median,ak018aap2cqu,2018-08-12T14:58:53.503000Z,United States,US,EarthScope PRIDE PPP-AR kin quality-passing stations,"89 km SW of Kaktovik, Alaska",6.400000,1,6.681444,3.568539,201.216287,564.497000,7.028280,0.628280,0.628280,pgd_snr>=3; min_stations>=1
snr_ge_3,Station PGD SNR >= 3,SNR,crowell_2016_gfast,median,ak0216xu2rod,2021-05-31T06:59:55.581000Z,United States,US,EarthScope PRIDE PPP-AR kin quality-passing stations,"73 km N of Chickaloon, Alaska",6.100000,3,4.007917,3.408947,128.823126,294.419000,6.952969,0.852969,0.852969,pgd_snr>=3; min_stations>=1
snr_ge_3,Station PGD SNR >= 3,SNR,melgar_2015,median,ak0216xu2rod,2021-05-31T06:59:55.581000Z,United States,US,EarthScope PRIDE PPP-AR kin quality-passing stations,"73 km N of Chickaloon, Alaska",6.100000,3,4.007917,3.408947,128.823126,294.419000,6.664170,0.564170,0.564170,pgd_snr>=3; min_stations>=1
snr_ge_3,Station PGD SNR >= 3,SNR,ruhl_2019,median,ak0216xu2rod,2021-05-31T06:59:55.581000Z,United States,US,EarthScope PRIDE PPP-AR kin quality-passing stations,"73 km N of Chickaloon, Alaska",6.100000,3,4.007917,3.408947,128.823126,294.419000,6.431851,0.331851,0.331851,pgd_snr>=3; min_stations>=1
snr_ge_3,Station PGD SNR >= 3,SNR,crowell_2016_gfast,median,nc73666231,2021-12-20T20:10:31.310000Z,United States,US,EarthScope PRIDE PPP-AR kin quality-passing stations,"7km N of Petrolia, CA",6.200000,2,4.331285,4.143287,30.812016,261.000000,6.198749,-0.001251,0.001251,pgd_snr>=3; min_stations>=1
snr_ge_3,Station PGD SNR >= 3,SNR,melgar_2015,median,nc73666231,2021-12-20T20:10:31.310000Z,United States,US,EarthScope PRIDE PPP-AR kin quality-passing stations,"7km N of Petrolia, CA",6.200000,2,4.331285,4.143287,30.812016,261.000000,6.024982,-0.175018,0.175018,pgd_snr>=3; min_stations>=1
snr_ge_3,Station PGD SNR >= 3,SNR,ruhl_2019,median,nc73666231,2021-12-20T20:10:31.310000Z,United States,US,EarthScope PRIDE PPP-AR kin quality-passing stations,"7km N of Petrolia, CA",6.200000,2,4.331285,4.143287,30.812016,261.000000,5.743487,-0.456513,0.456513,pgd_snr>=3; min_stations>=1
snr_ge_3,Station PGD SNR >= 3,SNR,crowell_2016_gfast,median,nc73821036,2022-12-20T10:34:24.770000Z,United States,US,EarthScope PRIDE PPP-AR kin quality-passing stations,"15km WSW of Ferndale, CA",6.400000,16,5.066218,5.146327,55.904421,20.230000,6.562824,0.162824,0.162824,pgd_snr>=3; min_stations>=1
snr_ge_3,Station PGD SNR >= 3,SNR,melgar_2015,median,nc73821036,2022-12-20T10:34:24.770000Z,United States,US,EarthScope PRIDE PPP-AR kin quality-passing stations,"15km WSW of Ferndale, CA",6.400000,16,5.066218,5.146327,55.904421,20.230000,6.344188,-0.055812,0.055812,pgd_snr>=3; min_stations>=1
snr_ge_3,Station PGD SNR >= 3,SNR,ruhl_2019,median,nc73821036,2022-12-20T10:34:24.770000Z,United States,US,EarthScope PRIDE PPP-AR kin quality-passing stations,"15km WSW of Ferndale, CA",6.400000,16,5.066218,5.146327,55.904421,20.230000,6.083896,-0.316104,0.316104,pgd_snr>=3; min_stations>=1
snr_ge_3,Station PGD SNR >= 3,SNR,crowell_2016_gfast,median,pr2019267000,2019-09-24T03:23:40.000000Z,United States,US,EarthScope PRIDE PPP-AR kin quality-passing stations,"67 km NNW of San Antonio, Puerto Rico",6.000000,5,8.948017,4.220390,128.449849,564.000000,7.233071,1.233071,1.233071,pgd_snr>=3; min_stations>=1
snr_ge_3,Station PGD SNR >= 3,SNR,melgar_2015,median,pr2019267000,2019-09-24T03:23:40.000000Z,United States,US,EarthScope PRIDE PPP-AR kin quality-passing stations,"67 km NNW of San Antonio, Puerto Rico",6.000000,5,8.948017,4.220390,128.449849,564.000000,7.111686,1.111686,1.111686,pgd_snr>=3; min_stations>=1
snr_ge_3,Station PGD SNR >= 3,SNR,ruhl_2019,median,pr2019267000,2019-09-24T03:23:40.000000Z,United States,US,EarthScope PRIDE PPP-AR kin quality-passing stations,"67 km NNW of San Antonio, Puerto Rico",6.000000,5,8.948017,4.220390,128.449849,564.000000,6.913419,0.913419,0.913419,pgd_snr>=3; min_stations>=1
snr_ge_3,Station PGD SNR >= 3,SNR,crowell_2016_gfast,median,pr2020007007,2020-01-07T08:24:27.370Z,Puerto Rico,Americas,EarthScope PRIDE PPP-AR kin quality-passing stations,"4 km SSE of Indios, Puerto Rico",6.400000,6,14.994345,4.354312,55.583054,512.630000,7.023993,0.623993,0.623993,pgd_snr>=3; min_stations>=1
snr_ge_3,Station PGD SNR >= 3,SNR,melgar_2015,median,pr2020007007,2020-01-07T08:24:27.370Z,Puerto Rico,Americas,EarthScope PRIDE PPP-AR kin quality-passing stations,"4 km SSE of Indios, Puerto Rico",6.400000,6,14.994345,4.354312,55.583054,512.630000,7.024355,0.624355,0.624355,pgd_snr>=3; min_stations>=1
snr_ge_3,Station PGD SNR >= 3,SNR,ruhl_2019,median,pr2020007007,2020-01-07T08:24:27.370Z,Puerto Rico,Americas,EarthScope PRIDE PPP-AR kin quality-passing stations,"4 km SSE of Indios, Puerto Rico",6.400000,6,14.994345,4.354312,55.583054,512.630000,6.809641,0.409641,0.409641,pgd_snr>=3; min_stations>=1
snr_ge_3,Station PGD SNR >= 3,SNR,crowell_2016_gfast,median,us10004x1w,2016-03-12T18:06:44.760000Z,United States,US,EarthScope PRIDE PPP-AR kin quality-passing stations,"72 km SSE of Atka, Alaska",6.300000,1,6.009709,3.217592,76.318904,376.240000,6.804976,0.504976,0.504976,pgd_snr>=3; min_stations>=1
snr_ge_3,Station PGD SNR >= 3,SNR,melgar_2015,median,us10004x1w,2016-03-12T18:06:44.760000Z,United States,US,EarthScope PRIDE PPP-AR kin quality-passing stations,"72 km SSE of Atka, Alaska",6.300000,1,6.009709,3.217592,76.318904,376.240000,6.622046,0.322046,0.322046,pgd_snr>=3; min_stations>=1
snr_ge_3,Station PGD SNR >= 3,SNR,ruhl_2019,median,us10004x1w,2016-03-12T18:06:44.760000Z,United States,US,EarthScope PRIDE PPP-AR kin quality-passing stations,"72 km SSE of Atka, Alaska",6.300000,1,6.009709,3.217592,76.318904,376.240000,6.382794,0.082794,0.082794,pgd_snr>=3; min_stations>=1
snr_ge_3,Station PGD SNR >= 3,SNR,crowell_2016_gfast,median,us10007c4w,2016-11-24T18:43:47.710Z,El Salvador,Americas,EarthScope PRIDE PPP-AR kin quality-passing stations,"156 km SSW of Puerto El Triunfo, El Salvador",6.900000,1,9.388535,3.378641,200.423627,454.290000,7.603462,0.703462,0.703462,pgd_snr>=3; min_stations>=1
snr_ge_3,Station PGD SNR >= 3,SNR,melgar_2015,median,us10007c4w,2016-11-24T18:43:47.710Z,El Salvador,Americas,EarthScope PRIDE PPP-AR kin quality-passing stations,"156 km SSW of Puerto El Triunfo, El Salvador",6.900000,1,9.388535,3.378641,200.423627,454.290000,7.413092,0.513092,0.513092,pgd_snr>=3; min_stations>=1
snr_ge_3,Station PGD SNR >= 3,SNR,ruhl_2019,median,us10007c4w,2016-11-24T18:43:47.710Z,El Salvador,Americas,EarthScope PRIDE PPP-AR kin quality-passing stations,"156 km SSW of Puerto El Triunfo, El Salvador",6.900000,1,9.388535,3.378641,200.423627,454.290000,7.244478,0.344478,0.344478,pgd_snr>=3; min_stations>=1
snr_ge_3,Station PGD SNR >= 3,SNR,crowell_2016_gfast,median,us10008mel,2017-05-01T12:31:55.590000Z,United States,US,EarthScope PRIDE PPP-AR kin quality-passing stations,"47 km NW of Mosquito Lake, Alaska",6.200000,3,4.617532,3.863769,180.691926,597.410000,7.094176,0.894176,0.894176,pgd_snr>=3; min_stations>=1
snr_ge_3,Station PGD SNR >= 3,SNR,melgar_2015,median,us10008mel,2017-05-01T12:31:55.590000Z,United States,US,EarthScope PRIDE PPP-AR kin quality-passing stations,"47 km NW of Mosquito Lake, Alaska",6.200000,3,4.617532,3.863769,180.691926,597.410000,6.769101,0.569101,0.569101,pgd_snr>=3; min_stations>=1
snr_ge_3,Station PGD SNR >= 3,SNR,ruhl_2019,median,us10008mel,2017-05-01T12:31:55.590000Z,United States,US,EarthScope PRIDE PPP-AR kin quality-passing stations,"47 km NW of Mosquito Lake, Alaska",6.200000,3,4.617532,3.863769,180.691926,597.410000,6.545062,0.345062,0.345062,pgd_snr>=3; min_stations>=1
snr_ge_3,Station PGD SNR >= 3,SNR,crowell_2016_gfast,median,us10008mgu,2017-05-01T14:18:15.290000Z,United States,US,EarthScope PRIDE PPP-AR kin quality-passing stations,"48 km NW of Mosquito Lake, Alaska",6.300000,1,2.882187,3.450694,134.997710,457.710000,6.844797,0.544797,0.544797,pgd_snr>=3; min_stations>=1
snr_ge_3,Station PGD SNR >= 3,SNR,melgar_2015,median,us10008mgu,2017-05-01T14:18:15.290000Z,United States,US,EarthScope PRIDE PPP-AR kin quality-passing stations,"48 km NW of Mosquito Lake, Alaska",6.300000,1,2.882187,3.450694,134.997710,457.710000,6.498838,0.198838,0.198838,pgd_snr>=3; min_stations>=1
snr_ge_3,Station PGD SNR >= 3,SNR,ruhl_2019,median,us10008mgu,2017-05-01T14:18:15.290000Z,United States,US,EarthScope PRIDE PPP-AR kin quality-passing stations,"48 km NW of Mosquito Lake, Alaska",6.300000,1,2.882187,3.450694,134.997710,457.710000,6.254400,-0.045600,0.045600,pgd_snr>=3; min_stations>=1
snr_ge_3,Station PGD SNR >= 3,SNR,crowell_2016_gfast,median,us1000gf8u,2018-08-22T09:31:45.530000Z,United States,US,EarthScope PRIDE PPP-AR kin quality-passing stations,"272 km W of Bandon, Oregon",6.200000,1,3.117916,3.510160,280.204498,372.470000,7.355632,1.155632,1.155632,pgd_snr>=3; min_stations>=1
snr_ge_3,Station PGD SNR >= 3,SNR,melgar_2015,median,us1000gf8u,2018-08-22T09:31:45.530000Z,United States,US,EarthScope PRIDE PPP-AR kin quality-passing stations,"272 km W of Bandon, Oregon",6.200000,1,3.117916,3.510160,280.204498,372.470000,6.948009,0.748009,0.748009,pgd_snr>=3; min_stations>=1
snr_ge_3,Station PGD SNR >= 3,SNR,ruhl_2019,median,us1000gf8u,2018-08-22T09:31:45.530000Z,United States,US,EarthScope PRIDE PPP-AR kin quality-passing stations,"272 km W of Bandon, Oregon",6.200000,1,3.117916,3.510160,280.204498,372.470000,6.746301,0.546301,0.546301,pgd_snr>=3; min_stations>=1
snr_ge_3,Station PGD SNR >= 3,SNR,crowell_2016_gfast,median,us200063cy,2016-06-10T03:25:22.920Z,Nicaragua,Americas,EarthScope PRIDE PPP-AR kin quality-passing stations,Nicaragua,6.100000,1,10.403158,3.812051,52.306797,307.080000,6.804426,0.704426,0.704426,pgd_snr>=3; min_stations>=1
snr_ge_3,Station PGD SNR >= 3,SNR,melgar_2015,median,us200063cy,2016-06-10T03:25:22.920Z,Nicaragua,Americas,EarthScope PRIDE PPP-AR kin quality-passing stations,Nicaragua,6.100000,1,10.403158,3.812051,52.306797,307.080000,6.731172,0.631172,0.631172,pgd_snr>=3; min_stations>=1
snr_ge_3,Station PGD SNR >= 3,SNR,ruhl_2019,median,us200063cy,2016-06-10T03:25:22.920Z,Nicaragua,Americas,EarthScope PRIDE PPP-AR kin quality-passing stations,Nicaragua,6.100000,1,10.403158,3.812051,52.306797,307.080000,6.496586,0.396586,0.396586,pgd_snr>=3; min_stations>=1
snr_ge_3,Station PGD SNR >= 3,SNR,crowell_2016_gfast,median,us20007z6r,2016-12-08T14:49:45.910000Z,United States,US,EarthScope PRIDE PPP-AR kin quality-passing stations,"164 km W of Ferndale, California",6.600000,1,4.487772,3.966158,183.119066,582.090000,7.225055,0.625055,0.625055,pgd_snr>=3; min_stations>=1
snr_ge_3,Station PGD SNR >= 3,SNR,melgar_2015,median,us20007z6r,2016-12-08T14:49:45.910000Z,United States,US,EarthScope PRIDE PPP-AR kin quality-passing stations,"164 km W of Ferndale, California",6.600000,1,4.487772,3.966158,183.119066,582.090000,6.922192,0.322192,0.322192,pgd_snr>=3; min_stations>=1
snr_ge_3,Station PGD SNR >= 3,SNR,ruhl_2019,median,us20007z6r,2016-12-08T14:49:45.910000Z,United States,US,EarthScope PRIDE PPP-AR kin quality-passing stations,"164 km W of Ferndale, California",6.600000,1,4.487772,3.966158,183.119066,582.090000,6.713183,0.113183,0.113183,pgd_snr>=3; min_stations>=1
snr_ge_3,Station PGD SNR >= 3,SNR,crowell_2016_gfast,median,us2000ahv0,2017-09-08T04:49:19.180Z,Mexico,Americas,EarthScope PRIDE PPP-AR kin quality-passing stations,"2017 Tehuantepec, Mexico Earthquake",8.200000,2,21.223283,9.889718,264.143158,87.320000,8.086726,-0.113274,0.113274,pgd_snr>=3; min_stations>=1
snr_ge_3,Station PGD SNR >= 3,SNR,melgar_2015,median,us2000ahv0,2017-09-08T04:49:19.180Z,Mexico,Americas,EarthScope PRIDE PPP-AR kin quality-passing stations,"2017 Tehuantepec, Mexico Earthquake",8.200000,2,21.223283,9.889718,264.143158,87.320000,7.978285,-0.221715,0.221715,pgd_snr>=3; min_stations>=1
snr_ge_3,Station PGD SNR >= 3,SNR,ruhl_2019,median,us2000ahv0,2017-09-08T04:49:19.180Z,Mexico,Americas,EarthScope PRIDE PPP-AR kin quality-passing stations,"2017 Tehuantepec, Mexico Earthquake",8.200000,2,21.223283,9.889718,264.143158,87.320000,7.862347,-0.337653,0.337653,pgd_snr>=3; min_stations>=1
snr_ge_3,Station PGD SNR >= 3,SNR,crowell_2016_gfast,median,us2000ar20,2017-09-19T18:14:38.090Z,Mexico,Americas,EarthScope PRIDE PPP-AR kin quality-passing stations,"1 km S of Matzaco, Mexico",7.100000,2,5.932381,4.210819,98.387596,306.410000,6.934183,-0.165817,0.165817,pgd_snr>=3; min_stations>=1
snr_ge_3,Station PGD SNR >= 3,SNR,melgar_2015,median,us2000ar20,2017-09-19T18:14:38.090Z,Mexico,Americas,EarthScope PRIDE PPP-AR kin quality-passing stations,"1 km S of Matzaco, Mexico",7.100000,2,5.932381,4.210819,98.387596,306.410000,6.731850,-0.368150,0.368150,pgd_snr>=3; min_stations>=1
snr_ge_3,Station PGD SNR >= 3,SNR,ruhl_2019,median,us2000ar20,2017-09-19T18:14:38.090Z,Mexico,Americas,EarthScope PRIDE PPP-AR kin quality-passing stations,"1 km S of Matzaco, Mexico",7.100000,2,5.932381,4.210819,98.387596,306.410000,6.502462,-0.597538,0.597538,pgd_snr>=3; min_stations>=1
snr_ge_3,Station PGD SNR >= 3,SNR,crowell_2016_gfast,median,us2000atjv,2017-09-23T12:53:01.480Z,Mexico,Americas,EarthScope PRIDE PPP-AR kin quality-passing stations,"7 km NNE of Ixtepec, Mexico",6.100000,1,3.531416,3.399983,186.071908,533.520000,7.133030,1.033030,1.033030,pgd_snr>=3; min_stations>=1
snr_ge_3,Station PGD SNR >= 3,SNR,melgar_2015,median,us2000atjv,2017-09-23T12:53:01.480Z,Mexico,Americas,EarthScope PRIDE PPP-AR kin quality-passing stations,"7 km NNE of Ixtepec, Mexico",6.100000,1,3.531416,3.399983,186.071908,533.520000,6.789394,0.689394,0.689394,pgd_snr>=3; min_stations>=1
snr_ge_3,Station PGD SNR >= 3,SNR,ruhl_2019,median,us2000atjv,2017-09-23T12:53:01.480Z,Mexico,Americas,EarthScope PRIDE PPP-AR kin quality-passing stations,"7 km NNE of Ixtepec, Mexico",6.100000,1,3.531416,3.399983,186.071908,533.520000,6.570045,0.470045,0.470045,pgd_snr>=3; min_stations>=1
snr_ge_3,Station PGD SNR >= 3,SNR,crowell_2016_gfast,median,us2000bmhe,2017-11-13T02:28:23.680Z,Costa Rica,Americas,EarthScope PRIDE PPP-AR kin quality-passing stations,"18 km W of Parrita, Costa Rica",6.500000,3,8.265065,3.076700,246.066784,213.320000,7.807469,1.307469,1.307469,pgd_snr>=3; min_stations>=1
snr_ge_3,Station PGD SNR >= 3,SNR,melgar_2015,median,us2000bmhe,2017-11-13T02:28:23.680Z,Costa Rica,Americas,EarthScope PRIDE PPP-AR kin quality-passing stations,"18 km W of Parrita, Costa Rica",6.500000,3,8.265065,3.076700,246.066784,213.320000,7.560555,1.060555,1.060555,pgd_snr>=3; min_stations>=1
snr_ge_3,Station PGD SNR >= 3,SNR,ruhl_2019,median,us2000bmhe,2017-11-13T02:28:23.680Z,Costa Rica,Americas,EarthScope PRIDE PPP-AR kin quality-passing stations,"18 km W of Parrita, Costa Rica",6.500000,3,8.265065,3.076700,246.066784,213.320000,7.410982,0.910982,0.910982,pgd_snr>=3; min_stations>=1
snr_ge_3,Station PGD SNR >= 3,SNR,crowell_2016_gfast,median,us2000cl83,2018-01-19T16:17:44.720Z,Mexico,Americas,EarthScope PRIDE PPP-AR kin quality-passing stations,"79 km NNE of Loreto, Mexico",6.300000,2,4.961519,3.756752,251.064011,253.780000,7.477348,1.177348,1.177348,pgd_snr>=3; min_stations>=1
snr_ge_3,Station PGD SNR >= 3,SNR,melgar_2015,median,us2000cl83,2018-01-19T16:17:44.720Z,Mexico,Americas,EarthScope PRIDE PPP-AR kin quality-passing stations,"79 km NNE of Loreto, Mexico",6.300000,2,4.961519,3.756752,251.064011,253.780000,7.157355,0.857355,0.857355,pgd_snr>=3; min_stations>=1
snr_ge_3,Station PGD SNR >= 3,SNR,ruhl_2019,median,us2000cl83,2018-01-19T16:17:44.720Z,Mexico,Americas,EarthScope PRIDE PPP-AR kin quality-passing stations,"79 km NNE of Loreto, Mexico",6.300000,2,4.961519,3.756752,251.064011,253.780000,6.971535,0.671535,0.671535,pgd_snr>=3; min_stations>=1
snr_ge_3,Station PGD SNR >= 3,SNR,crowell_2016_gfast,median,us2000d3km,2018-02-16T23:39:39.280Z,Mexico,Americas,EarthScope PRIDE PPP-AR kin quality-passing stations,"4 km S of Pinotepa de Don Luis, Mexico",7.200000,4,6.191454,3.751820,127.116920,265.720000,7.111708,-0.088292,0.088292,pgd_snr>=3; min_stations>=1
snr_ge_3,Station PGD SNR >= 3,SNR,melgar_2015,median,us2000d3km,2018-02-16T23:39:39.280Z,Mexico,Americas,EarthScope PRIDE PPP-AR kin quality-passing stations,"4 km S of Pinotepa de Don Luis, Mexico",7.200000,4,6.191454,3.751820,127.116920,265.720000,7.003094,-0.196906,0.196906,pgd_snr>=3; min_stations>=1
snr_ge_3,Station PGD SNR >= 3,SNR,ruhl_2019,median,us2000d3km,2018-02-16T23:39:39.280Z,Mexico,Americas,EarthScope PRIDE PPP-AR kin quality-passing stations,"4 km S of Pinotepa de Don Luis, Mexico",7.200000,4,6.191454,3.751820,127.116920,265.720000,6.791374,-0.408626,0.408626,pgd_snr>=3; min_stations>=1
snr_ge_3,Station PGD SNR >= 3,SNR,crowell_2016_gfast,median,us60003r2r,2019-05-23T08:45:17.746000Z,United States,US,EarthScope PRIDE PPP-AR kin quality-passing stations,"127 km WSW of Adak, Alaska",6.000000,1,5.152252,3.470618,296.662772,45.254000,7.620481,1.620481,1.620481,pgd_snr>=3; min_stations>=1
snr_ge_3,Station PGD SNR >= 3,SNR,melgar_2015,median,us60003r2r,2019-05-23T08:45:17.746000Z,United States,US,EarthScope PRIDE PPP-AR kin quality-passing stations,"127 km WSW of Adak, Alaska",6.000000,1,5.152252,3.470618,296.662772,45.254000,7.290727,1.290727,1.290727,pgd_snr>=3; min_stations>=1
snr_ge_3,Station PGD SNR >= 3,SNR,ruhl_2019,median,us60003r2r,2019-05-23T08:45:17.746000Z,United States,US,EarthScope PRIDE PPP-AR kin quality-passing stations,"127 km WSW of Adak, Alaska",6.000000,1,5.152252,3.470618,296.662772,45.254000,7.118895,1.118895,1.118895,pgd_snr>=3; min_stations>=1
snr_ge_3,Station PGD SNR >= 3,SNR,crowell_2016_gfast,median,us60007djn,2020-01-23T05:53:02.618000Z,United States,US,EarthScope PRIDE PPP-AR kin quality-passing stations,"84 km W of Adak, Alaska",6.200000,2,4.171646,3.467907,145.481241,305.382000,6.994338,0.794338,0.794338,pgd_snr>=3; min_stations>=1
snr_ge_3,Station PGD SNR >= 3,SNR,melgar_2015,median,us60007djn,2020-01-23T05:53:02.618000Z,United States,US,EarthScope PRIDE PPP-AR kin quality-passing stations,"84 km W of Adak, Alaska",6.200000,2,4.171646,3.467907,145.481241,305.382000,6.707335,0.507335,0.507335,pgd_snr>=3; min_stations>=1
snr_ge_3,Station PGD SNR >= 3,SNR,ruhl_2019,median,us60007djn,2020-01-23T05:53:02.618000Z,United States,US,EarthScope PRIDE PPP-AR kin quality-passing stations,"84 km W of Adak, Alaska",6.200000,2,4.171646,3.467907,145.481241,305.382000,6.480020,0.280020,0.280020,pgd_snr>=3; min_stations>=1
snr_ge_3,Station PGD SNR >= 3,SNR,crowell_2016_gfast,median,us6000ah9t,2020-06-23T15:29:04.350Z,Mexico,Americas,EarthScope PRIDE PPP-AR kin quality-passing stations,"9 km SE of Santa María Xadani, Mexico",7.400000,5,7.167691,5.366023,115.915432,30.650000,7.349075,-0.050925,0.050925,pgd_snr>=3; min_stations>=1
snr_ge_3,Station PGD SNR >= 3,SNR,melgar_2015,median,us6000ah9t,2020-06-23T15:29:04.350Z,Mexico,Americas,EarthScope PRIDE PPP-AR kin quality-passing stations,"9 km SE of Santa María Xadani, Mexico",7.400000,5,7.167691,5.366023,115.915432,30.650000,6.981903,-0.418097,0.418097,pgd_snr>=3; min_stations>=1
snr_ge_3,Station PGD SNR >= 3,SNR,ruhl_2019,median,us6000ah9t,2020-06-23T15:29:04.350Z,Mexico,Americas,EarthScope PRIDE PPP-AR kin quality-passing stations,"9 km SE of Santa María Xadani, Mexico",7.400000,5,7.167691,5.366023,115.915432,30.650000,6.765812,-0.634188,0.634188,pgd_snr>=3; min_stations>=1
snr_ge_3,Station PGD SNR >= 3,SNR,crowell_2016_gfast,median,us6000kcnb,2023-05-17T23:01:59.919Z,Guatemala,Americas,EarthScope PRIDE PPP-AR kin quality-passing stations,"8 km SE of Canillá, Guatemala",6.400000,1,4.992134,3.355764,348.052418,479.081000,7.724483,1.324483,1.324483,pgd_snr>=3; min_stations>=1
snr_ge_3,Station PGD SNR >= 3,SNR,melgar_2015,median,us6000kcnb,2023-05-17T23:01:59.919Z,Guatemala,Americas,EarthScope PRIDE PPP-AR kin quality-passing stations,"8 km SE of Canillá, Guatemala",6.400000,1,4.992134,3.355764,348.052418,479.081000,7.371295,0.971295,0.971295,pgd_snr>=3; min_stations>=1
snr_ge_3,Station PGD SNR >= 3,SNR,ruhl_2019,median,us6000kcnb,2023-05-17T23:01:59.919Z,Guatemala,Americas,EarthScope PRIDE PPP-AR kin quality-passing stations,"8 km SE of Canillá, Guatemala",6.400000,1,4.992134,3.355764,348.052418,479.081000,7.209311,0.809311,0.809311,pgd_snr>=3; min_stations>=1
snr_ge_3,Station PGD SNR >= 3,SNR,crowell_2016_gfast,median,us6000mzme,2024-05-19T09:35:24.660000Z,United States,US,EarthScope PRIDE PPP-AR kin quality-passing stations,"169 km SW of Nikolski, Alaska",6.000000,1,5.191936,3.585516,173.871350,9.340000,7.252982,1.252982,1.252982,pgd_snr>=3; min_stations>=1
snr_ge_3,Station PGD SNR >= 3,SNR,melgar_2015,median,us6000mzme,2024-05-19T09:35:24.660000Z,United States,US,EarthScope PRIDE PPP-AR kin quality-passing stations,"169 km SW of Nikolski, Alaska",6.000000,1,5.191936,3.585516,173.871350,9.340000,6.978843,0.978843,0.978843,pgd_snr>=3; min_stations>=1
snr_ge_3,Station PGD SNR >= 3,SNR,ruhl_2019,median,us6000mzme,2024-05-19T09:35:24.660000Z,United States,US,EarthScope PRIDE PPP-AR kin quality-passing stations,"169 km SW of Nikolski, Alaska",6.000000,1,5.191936,3.585516,173.871350,9.340000,6.773682,0.773682,0.773682,pgd_snr>=3; min_stations>=1
snr_ge_3,Station PGD SNR >= 3,SNR,crowell_2016_gfast,median,us6000nncs,2024-08-28T21:57:54.957Z,El Salvador,Americas,EarthScope PRIDE PPP-AR kin quality-passing stations,"56 km SSW of La Libertad, El Salvador",6.100000,1,3.728914,3.323759,92.002508,365.043000,6.722485,0.622485,0.622485,pgd_snr>=3; min_stations>=1
snr_ge_3,Station PGD SNR >= 3,SNR,melgar_2015,median,us6000nncs,2024-08-28T21:57:54.957Z,El Salvador,Americas,EarthScope PRIDE PPP-AR kin quality-passing stations,"56 km SSW of La Libertad, El Salvador",6.100000,1,3.728914,3.323759,92.002508,365.043000,6.450529,0.350529,0.350529,pgd_snr>=3; min_stations>=1
snr_ge_3,Station PGD SNR >= 3,SNR,ruhl_2019,median,us6000nncs,2024-08-28T21:57:54.957Z,El Salvador,Americas,EarthScope PRIDE PPP-AR kin quality-passing stations,"56 km SSW of La Libertad, El Salvador",6.100000,1,3.728914,3.323759,92.002508,365.043000,6.200329,0.100329,0.100329,pgd_snr>=3; min_stations>=1
snr_ge_3,Station PGD SNR >= 3,SNR,crowell_2016_gfast,median,us6000nyau,2024-10-12T17:43:44.516Z,Costa Rica,Americas,EarthScope PRIDE PPP-AR kin quality-passing stations,"40 km WNW of Tamarindo, Costa Rica",6.200000,1,5.047068,4.234480,114.468725,487.484000,6.975414,0.775414,0.775414,pgd_snr>=3; min_stations>=1
snr_ge_3,Station PGD SNR >= 3,SNR,melgar_2015,median,us6000nyau,2024-10-12T17:43:44.516Z,Costa Rica,Americas,EarthScope PRIDE PPP-AR kin quality-passing stations,"40 km WNW of Tamarindo, Costa Rica",6.200000,1,5.047068,4.234480,114.468725,487.484000,6.733557,0.533557,0.533557,pgd_snr>=3; min_stations>=1
snr_ge_3,Station PGD SNR >= 3,SNR,ruhl_2019,median,us6000nyau,2024-10-12T17:43:44.516Z,Costa Rica,Americas,EarthScope PRIDE PPP-AR kin quality-passing stations,"40 km WNW of Tamarindo, Costa Rica",6.200000,1,5.047068,4.234480,114.468725,487.484000,6.505421,0.305421,0.305421,pgd_snr>=3; min_stations>=1
snr_ge_3,Station PGD SNR >= 3,SNR,crowell_2016_gfast,median,us6000pjig,2025-01-12T08:32:49.944Z,Mexico,Americas,EarthScope PRIDE PPP-AR kin quality-passing stations,"18 km SE of Aquila, Mexico",6.200000,4,4.891243,3.464663,173.652595,481.556000,7.270473,1.070473,1.070473,pgd_snr>=3; min_stations>=1
snr_ge_3,Station PGD SNR >= 3,SNR,melgar_2015,median,us6000pjig,2025-01-12T08:32:49.944Z,Mexico,Americas,EarthScope PRIDE PPP-AR kin quality-passing stations,"18 km SE of Aquila, Mexico",6.200000,4,4.891243,3.464663,173.652595,481.556000,6.980206,0.780206,0.780206,pgd_snr>=3; min_stations>=1
snr_ge_3,Station PGD SNR >= 3,SNR,ruhl_2019,median,us6000pjig,2025-01-12T08:32:49.944Z,Mexico,Americas,EarthScope PRIDE PPP-AR kin quality-passing stations,"18 km SE of Aquila, Mexico",6.200000,4,4.891243,3.464663,173.652595,481.556000,6.776048,0.576048,0.576048,pgd_snr>=3; min_stations>=1
snr_ge_3,Station PGD SNR >= 3,SNR,crowell_2016_gfast,median,us6000rjq8,2025-10-27T12:38:40.364Z,Guadeloupe,Americas,EarthScope PRIDE PPP-AR kin quality-passing stations,"164 km E of Beauséjour, Guadeloupe",6.500000,1,13.178945,3.012044,284.020631,65.636000,8.007196,1.507196,1.507196,pgd_snr>=3; min_stations>=1
snr_ge_3,Station PGD SNR >= 3,SNR,melgar_2015,median,us6000rjq8,2025-10-27T12:38:40.364Z,Guadeloupe,Americas,EarthScope PRIDE PPP-AR kin quality-passing stations,"164 km E of Beauséjour, Guadeloupe",6.500000,1,13.178945,3.012044,284.020631,65.636000,7.839617,1.339617,1.339617,pgd_snr>=3; min_stations>=1
snr_ge_3,Station PGD SNR >= 3,SNR,ruhl_2019,median,us6000rjq8,2025-10-27T12:38:40.364Z,Guadeloupe,Americas,EarthScope PRIDE PPP-AR kin quality-passing stations,"164 km E of Beauséjour, Guadeloupe",6.500000,1,13.178945,3.012044,284.020631,65.636000,7.713388,1.213388,1.213388,pgd_snr>=3; min_stations>=1
snr_ge_3,Station PGD SNR >= 3,SNR,crowell_2016_gfast,median,us6000sy84,2026-05-16T14:50:05.533Z,Antigua and Barbuda,Americas,EarthScope PRIDE PPP-AR kin quality-passing stations,"61 km ESE of Codrington, Antigua and Barbuda",6.000000,1,8.046117,3.391038,127.042689,322.467000,7.232724,1.232724,1.232724,pgd_snr>=3; min_stations>=1
snr_ge_3,Station PGD SNR >= 3,SNR,melgar_2015,median,us6000sy84,2026-05-16T14:50:05.533Z,Antigua and Barbuda,Americas,EarthScope PRIDE PPP-AR kin quality-passing stations,"61 km ESE of Codrington, Antigua and Barbuda",6.000000,1,8.046117,3.391038,127.042689,322.467000,7.056831,1.056831,1.056831,pgd_snr>=3; min_stations>=1
snr_ge_3,Station PGD SNR >= 3,SNR,ruhl_2019,median,us6000sy84,2026-05-16T14:50:05.533Z,Antigua and Barbuda,Americas,EarthScope PRIDE PPP-AR kin quality-passing stations,"61 km ESE of Codrington, Antigua and Barbuda",6.000000,1,8.046117,3.391038,127.042689,322.467000,6.853813,0.853813,0.853813,pgd_snr>=3; min_stations>=1
snr_ge_3,Station PGD SNR >= 3,SNR,crowell_2016_gfast,median,us6000t7zc,2026-06-24T22:04:33.389000Z,Venezuela,Americas,EarthScope PRIDE PPP-AR kin quality-passing stations,"23 km SE of Yumare, Venezuela",7.200000,10,7.181870,3.713910,904.793621,205.111000,8.675684,1.475684,1.475684,pgd_snr>=3; min_stations>=1
snr_ge_3,Station PGD SNR >= 3,SNR,melgar_2015,median,us6000t7zc,2026-06-24T22:04:33.389000Z,Venezuela,Americas,EarthScope PRIDE PPP-AR kin quality-passing stations,"23 km SE of Yumare, Venezuela",7.200000,10,7.181870,3.713910,904.793621,205.111000,8.263818,1.063818,1.063818,pgd_snr>=3; min_stations>=1
snr_ge_3,Station PGD SNR >= 3,SNR,ruhl_2019,median,us6000t7zc,2026-06-24T22:04:33.389000Z,Venezuela,Americas,EarthScope PRIDE PPP-AR kin quality-passing stations,"23 km SE of Yumare, Venezuela",7.200000,10,7.181870,3.713910,904.793621,205.111000,8.211113,1.011113,1.011113,pgd_snr>=3; min_stations>=1
snr_ge_3,Station PGD SNR >= 3,SNR,crowell_2016_gfast,median,us6000t7zp,2026-06-24T22:05:11.566000Z,Venezuela,Americas,EarthScope PRIDE PPP-AR kin quality-passing stations,"28 km SE of Yumare, Venezuela",7.500000,10,7.173573,3.695886,903.711829,166.934000,8.672539,1.172539,1.172539,pgd_snr>=3; min_stations>=1
snr_ge_3,Station PGD SNR >= 3,SNR,melgar_2015,median,us6000t7zp,2026-06-24T22:05:11.566000Z,Venezuela,Americas,EarthScope PRIDE PPP-AR kin quality-passing stations,"28 km SE of Yumare, Venezuela",7.500000,10,7.173573,3.695886,903.711829,166.934000,8.259070,0.759070,0.759070,pgd_snr>=3; min_stations>=1
snr_ge_3,Station PGD SNR >= 3,SNR,ruhl_2019,median,us6000t7zp,2026-06-24T22:05:11.566000Z,Venezuela,Americas,EarthScope PRIDE PPP-AR kin quality-passing stations,"28 km SE of Yumare, Venezuela",7.500000,10,7.173573,3.695886,903.711829,166.934000,8.205925,0.705925,0.705925,pgd_snr>=3; min_stations>=1
snr_ge_3,Station PGD SNR >= 3,SNR,crowell_2016_gfast,median,us70008jr5,2020-03-31T23:52:30.781000Z,United States,US,EarthScope PRIDE PPP-AR kin quality-passing stations,"Stanley, Idaho",6.500000,4,6.746356,3.700814,174.870485,324.719000,7.249177,0.749177,0.749177,pgd_snr>=3; min_stations>=1
snr_ge_3,Station PGD SNR >= 3,SNR,melgar_2015,median,us70008jr5,2020-03-31T23:52:30.781000Z,United States,US,EarthScope PRIDE PPP-AR kin quality-passing stations,"Stanley, Idaho",6.500000,4,6.746356,3.700814,174.870485,324.719000,7.042707,0.542707,0.542707,pgd_snr>=3; min_stations>=1
snr_ge_3,Station PGD SNR >= 3,SNR,ruhl_2019,median,us70008jr5,2020-03-31T23:52:30.781000Z,United States,US,EarthScope PRIDE PPP-AR kin quality-passing stations,"Stanley, Idaho",6.500000,4,6.746356,3.700814,174.870485,324.719000,6.840602,0.340602,0.340602,pgd_snr>=3; min_stations>=1
snr_ge_3,Station PGD SNR >= 3,SNR,crowell_2016_gfast,median,us7000clnv,2020-12-01T16:22:39.923000Z,United States,US,EarthScope PRIDE PPP-AR kin quality-passing stations,"46 km ESE of Nikolski, Alaska",6.400000,1,5.686009,3.179374,52.966357,497.077000,6.579475,0.179475,0.179475,pgd_snr>=3; min_stations>=1
snr_ge_3,Station PGD SNR >= 3,SNR,melgar_2015,median,us7000clnv,2020-12-01T16:22:39.923000Z,United States,US,EarthScope PRIDE PPP-AR kin quality-passing stations,"46 km ESE of Nikolski, Alaska",6.400000,1,5.686009,3.179374,52.966357,497.077000,6.413156,0.013156,0.013156,pgd_snr>=3; min_stations>=1
snr_ge_3,Station PGD SNR >= 3,SNR,ruhl_2019,median,us7000clnv,2020-12-01T16:22:39.923000Z,United States,US,EarthScope PRIDE PPP-AR kin quality-passing stations,"46 km ESE of Nikolski, Alaska",6.400000,1,5.686009,3.179374,52.966357,497.077000,6.157687,-0.242313,0.242313,pgd_snr>=3; min_stations>=1
snr_ge_3,Station PGD SNR >= 3,SNR,crowell_2016_gfast,median,us7000f93v,2021-09-08T01:47:47.437Z,Mexico,Americas,EarthScope PRIDE PPP-AR kin quality-passing stations,"Acapulco, Mexico",7.000000,2,4.519501,3.838811,271.489257,91.563000,7.469704,0.469704,0.469704,pgd_snr>=3; min_stations>=1
snr_ge_3,Station PGD SNR >= 3,SNR,melgar_2015,median,us7000f93v,2021-09-08T01:47:47.437Z,Mexico,Americas,EarthScope PRIDE PPP-AR kin quality-passing stations,"Acapulco, Mexico",7.000000,2,4.519501,3.838811,271.489257,91.563000,7.116987,0.116987,0.116987,pgd_snr>=3; min_stations>=1
snr_ge_3,Station PGD SNR >= 3,SNR,ruhl_2019,median,us7000f93v,2021-09-08T01:47:47.437Z,Mexico,Americas,EarthScope PRIDE PPP-AR kin quality-passing stations,"Acapulco, Mexico",7.000000,2,4.519501,3.838811,271.489257,91.563000,6.929021,-0.070979,0.070979,pgd_snr>=3; min_stations>=1
snr_ge_3,Station PGD SNR >= 3,SNR,crowell_2016_gfast,median,us7000fskw,2021-11-09T06:25:14.907Z,Nicaragua,Americas,EarthScope PRIDE PPP-AR kin quality-passing stations,"62 km S of Masachapa, Nicaragua",6.300000,1,9.001939,3.012829,188.735675,267.093000,7.543517,1.243517,1.243517,pgd_snr>=3; min_stations>=1
snr_ge_3,Station PGD SNR >= 3,SNR,melgar_2015,median,us7000fskw,2021-11-09T06:25:14.907Z,Nicaragua,Americas,EarthScope PRIDE PPP-AR kin quality-passing stations,"62 km S of Masachapa, Nicaragua",6.300000,1,9.001939,3.012829,188.735675,267.093000,7.351753,1.051753,1.051753,pgd_snr>=3; min_stations>=1
snr_ge_3,Station PGD SNR >= 3,SNR,ruhl_2019,median,us7000fskw,2021-11-09T06:25:14.907Z,Nicaragua,Americas,EarthScope PRIDE PPP-AR kin quality-passing stations,"62 km S of Masachapa, Nicaragua",6.300000,1,9.001939,3.012829,188.735675,267.093000,7.177213,0.877213,0.877213,pgd_snr>=3; min_stations>=1
snr_ge_3,Station PGD SNR >= 3,SNR,crowell_2016_gfast,median,us7000gavu,2022-01-11T11:35:43.674000Z,United States,US,EarthScope PRIDE PPP-AR kin quality-passing stations,"100 km SE of Nikolski, Alaska",6.800000,1,5.648230,3.129598,103.879488,531.326000,6.962258,0.162258,0.162258,pgd_snr>=3; min_stations>=1
snr_ge_3,Station PGD SNR >= 3,SNR,melgar_2015,median,us7000gavu,2022-01-11T11:35:43.674000Z,United States,US,EarthScope PRIDE PPP-AR kin quality-passing stations,"100 km SE of Nikolski, Alaska",6.800000,1,5.648230,3.129598,103.879488,531.326000,6.746175,-0.053825,0.053825,pgd_snr>=3; min_stations>=1
snr_ge_3,Station PGD SNR >= 3,SNR,ruhl_2019,median,us7000gavu,2022-01-11T11:35:43.674000Z,United States,US,EarthScope PRIDE PPP-AR kin quality-passing stations,"100 km SE of Nikolski, Alaska",6.800000,1,5.648230,3.129598,103.879488,531.326000,6.518130,-0.281870,0.281870,pgd_snr>=3; min_stations>=1
snr_ge_3,Station PGD SNR >= 3,SNR,crowell_2016_gfast,median,us7000gawk,2022-01-11T12:39:32.454000Z,United States,US,EarthScope PRIDE PPP-AR kin quality-passing stations,"53 km SE of Nikolski, Alaska",6.600000,1,4.652247,3.238753,59.276557,322.546000,6.563129,-0.036871,0.036871,pgd_snr>=3; min_stations>=1
snr_ge_3,Station PGD SNR >= 3,SNR,melgar_2015,median,us7000gawk,2022-01-11T12:39:32.454000Z,United States,US,EarthScope PRIDE PPP-AR kin quality-passing stations,"53 km SE of Nikolski, Alaska",6.600000,1,4.652247,3.238753,59.276557,322.546000,6.358463,-0.241537,0.241537,pgd_snr>=3; min_stations>=1
snr_ge_3,Station PGD SNR >= 3,SNR,ruhl_2019,median,us7000gawk,2022-01-11T12:39:32.454000Z,United States,US,EarthScope PRIDE PPP-AR kin quality-passing stations,"53 km SE of Nikolski, Alaska",6.600000,1,4.652247,3.238753,59.276557,322.546000,6.099837,-0.500163,0.500163,pgd_snr>=3; min_stations>=1
snr_ge_3,Station PGD SNR >= 3,SNR,crowell_2016_gfast,median,us7000i9bw,2022-09-19T18:05:08.217Z,Mexico,Americas,EarthScope PRIDE PPP-AR kin quality-passing stations,"35 km SSW of Aguililla, Mexico",7.600000,9,14.671149,8.949593,206.010464,64.783000,7.797449,0.197449,0.197449,pgd_snr>=3; min_stations>=1
snr_ge_3,Station PGD SNR >= 3,SNR,melgar_2015,median,us7000i9bw,2022-09-19T18:05:08.217Z,Mexico,Americas,EarthScope PRIDE PPP-AR kin quality-passing stations,"35 km SSW of Aguililla, Mexico",7.600000,9,14.671149,8.949593,206.010464,64.783000,7.642648,0.042648,0.042648,pgd_snr>=3; min_stations>=1
snr_ge_3,Station PGD SNR >= 3,SNR,ruhl_2019,median,us7000i9bw,2022-09-19T18:05:08.217Z,Mexico,Americas,EarthScope PRIDE PPP-AR kin quality-passing stations,"35 km SSW of Aguililla, Mexico",7.600000,9,14.671149,8.949593,206.010464,64.783000,7.497021,-0.102979,0.102979,pgd_snr>=3; min_stations>=1
snr_ge_3,Station PGD SNR >= 3,SNR,crowell_2016_gfast,median,us7000ia36,2022-09-22T06:16:09.459Z,Mexico,Americas,EarthScope PRIDE PPP-AR kin quality-passing stations,"55 km SSW of Aguililla, Mexico",6.800000,1,6.566498,3.400415,218.331966,529.541000,7.508622,0.708622,0.708622,pgd_snr>=3; min_stations>=1
snr_ge_3,Station PGD SNR >= 3,SNR,melgar_2015,median,us7000ia36,2022-09-22T06:16:09.459Z,Mexico,Americas,EarthScope PRIDE PPP-AR kin quality-passing stations,"55 km SSW of Aguililla, Mexico",6.800000,1,6.566498,3.400415,218.331966,529.541000,7.251202,0.451202,0.451202,pgd_snr>=3; min_stations>=1
snr_ge_3,Station PGD SNR >= 3,SNR,ruhl_2019,median,us7000ia36,2022-09-22T06:16:09.459Z,Mexico,Americas,EarthScope PRIDE PPP-AR kin quality-passing stations,"55 km SSW of Aguililla, Mexico",6.800000,1,6.566498,3.400415,218.331966,529.541000,7.070970,0.270970,0.270970,pgd_snr>=3; min_stations>=1
snr_ge_3,Station PGD SNR >= 3,SNR,crowell_2016_gfast,median,us7000irjd,2022-11-22T16:39:05.789Z,Mexico,Americas,EarthScope PRIDE PPP-AR kin quality-passing stations,"28 km SW of Las Brisas, Mexico",6.200000,34,4.941676,3.807886,254.021415,326.711000,7.510478,1.310478,1.310478,pgd_snr>=3; min_stations>=1
snr_ge_3,Station PGD SNR >= 3,SNR,melgar_2015,median,us7000irjd,2022-11-22T16:39:05.789Z,Mexico,Americas,EarthScope PRIDE PPP-AR kin quality-passing stations,"28 km SW of Las Brisas, Mexico",6.200000,34,4.941676,3.807886,254.021415,326.711000,7.179742,0.979742,0.979742,pgd_snr>=3; min_stations>=1
snr_ge_3,Station PGD SNR >= 3,SNR,ruhl_2019,median,us7000irjd,2022-11-22T16:39:05.789Z,Mexico,Americas,EarthScope PRIDE PPP-AR kin quality-passing stations,"28 km SW of Las Brisas, Mexico",6.200000,34,4.941676,3.807886,254.021415,326.711000,6.997542,0.797542,0.797542,pgd_snr>=3; min_stations>=1
snr_ge_3,Station PGD SNR >= 3,SNR,crowell_2016_gfast,median,us7000j5sc,2023-01-20T11:23:40.603Z,Guadeloupe,Americas,EarthScope PRIDE PPP-AR kin quality-passing stations,"40 km WSW of Pointe-Noire, Guadeloupe",6.100000,2,4.777333,3.443998,187.115969,590.897000,7.260918,1.160919,1.160919,pgd_snr>=3; min_stations>=1
snr_ge_3,Station PGD SNR >= 3,SNR,melgar_2015,median,us7000j5sc,2023-01-20T11:23:40.603Z,Guadeloupe,Americas,EarthScope PRIDE PPP-AR kin quality-passing stations,"40 km WSW of Pointe-Noire, Guadeloupe",6.100000,2,4.777333,3.443998,187.115969,590.897000,6.964511,0.864511,0.864511,pgd_snr>=3; min_stations>=1
snr_ge_3,Station PGD SNR >= 3,SNR,ruhl_2019,median,us7000j5sc,2023-01-20T11:23:40.603Z,Guadeloupe,Americas,EarthScope PRIDE PPP-AR kin quality-passing stations,"40 km WSW of Pointe-Noire, Guadeloupe",6.100000,2,4.777333,3.443998,187.115969,590.897000,6.759068,0.659069,0.659069,pgd_snr>=3; min_stations>=1
snr_ge_3,Station PGD SNR >= 3,SNR,crowell_2016_gfast,median,us7000k3n3,2023-05-25T03:05:32.956Z,Panama,Americas,EarthScope PRIDE PPP-AR kin quality-passing stations,"45 km NE of Puerto Obaldía, Panama",6.500000,1,6.045072,3.308566,288.939597,592.044000,7.672590,1.172590,1.172590,pgd_snr>=3; min_stations>=1
snr_ge_3,Station PGD SNR >= 3,SNR,melgar_2015,median,us7000k3n3,2023-05-25T03:05:32.956Z,Panama,Americas,EarthScope PRIDE PPP-AR kin quality-passing stations,"45 km NE of Puerto Obaldía, Panama",6.500000,1,6.045072,3.308566,288.939597,592.044000,7.372544,0.872544,0.872544,pgd_snr>=3; min_stations>=1
snr_ge_3,Station PGD SNR >= 3,SNR,ruhl_2019,median,us7000k3n3,2023-05-25T03:05:32.956Z,Panama,Americas,EarthScope PRIDE PPP-AR kin quality-passing stations,"45 km NE of Puerto Obaldía, Panama",6.500000,1,6.045072,3.308566,288.939597,592.044000,7.207182,0.707182,0.707182,pgd_snr>=3; min_stations>=1
snr_ge_3,Station PGD SNR >= 3,SNR,crowell_2016_gfast,median,us7000keq3,2023-07-10T20:28:26.195Z,Antigua and Barbuda,Americas,EarthScope PRIDE PPP-AR kin quality-passing stations,"278 km NNE of Codrington, Antigua and Barbuda",6.600000,1,4.487549,3.291055,291.307609,567.805000,7.545540,0.945540,0.945540,pgd_snr>=3; min_stations>=1
snr_ge_3,Station PGD SNR >= 3,SNR,melgar_2015,median,us7000keq3,2023-07-10T20:28:26.195Z,Antigua and Barbuda,Americas,EarthScope PRIDE PPP-AR kin quality-passing stations,"278 km NNE of Codrington, Antigua and Barbuda",6.600000,1,4.487549,3.291055,291.307609,567.805000,7.194609,0.594609,0.594609,pgd_snr>=3; min_stations>=1
snr_ge_3,Station PGD SNR >= 3,SNR,ruhl_2019,median,us7000keq3,2023-07-10T20:28:26.195Z,Antigua and Barbuda,Americas,EarthScope PRIDE PPP-AR kin quality-passing stations,"278 km NNE of Codrington, Antigua and Barbuda",6.600000,1,4.487549,3.291055,291.307609,567.805000,7.014311,0.414311,0.414311,pgd_snr>=3; min_stations>=1
snr_ge_3,Station PGD SNR >= 3,SNR,crowell_2016_gfast,median,us7000kg30,2023-07-16T06:48:21.158000Z,United States,US,EarthScope PRIDE PPP-AR kin quality-passing stations,"2023 Sand Point, Alaska Earthquake",7.200000,2,5.434445,4.553589,146.164059,47.842000,7.140845,-0.059156,0.059156,pgd_snr>=3; min_stations>=1
snr_ge_3,Station PGD SNR >= 3,SNR,melgar_2015,median,us7000kg30,2023-07-16T06:48:21.158000Z,United States,US,EarthScope PRIDE PPP-AR kin quality-passing stations,"2023 Sand Point, Alaska Earthquake",7.200000,2,5.434445,4.553589,146.164059,47.842000,6.890910,-0.309090,0.309090,pgd_snr>=3; min_stations>=1
snr_ge_3,Station PGD SNR >= 3,SNR,ruhl_2019,median,us7000kg30,2023-07-16T06:48:21.158000Z,United States,US,EarthScope PRIDE PPP-AR kin quality-passing stations,"2023 Sand Point, Alaska Earthquake",7.200000,2,5.434445,4.553589,146.164059,47.842000,6.676919,-0.523081,0.523081,pgd_snr>=3; min_stations>=1
snr_ge_3,Station PGD SNR >= 3,SNR,crowell_2016_gfast,median,us7000kgpb,2023-07-19T00:22:07.656Z,El Salvador,Americas,EarthScope PRIDE PPP-AR kin quality-passing stations,"43 km S of Intipucá, El Salvador",6.500000,1,2.870784,3.222949,166.018369,579.344000,6.971504,0.471504,0.471504,pgd_snr>=3; min_stations>=1
snr_ge_3,Station PGD SNR >= 3,SNR,melgar_2015,median,us7000kgpb,2023-07-19T00:22:07.656Z,El Salvador,Americas,EarthScope PRIDE PPP-AR kin quality-passing stations,"43 km S of Intipucá, El Salvador",6.500000,1,2.870784,3.222949,166.018369,579.344000,6.605291,0.105291,0.105291,pgd_snr>=3; min_stations>=1
snr_ge_3,Station PGD SNR >= 3,SNR,ruhl_2019,median,us7000kgpb,2023-07-19T00:22:07.656Z,El Salvador,Americas,EarthScope PRIDE PPP-AR kin quality-passing stations,"43 km S of Intipucá, El Salvador",6.500000,1,2.870784,3.222949,166.018369,579.344000,6.370462,-0.129538,0.129538,pgd_snr>=3; min_stations>=1
snr_ge_3,Station PGD SNR >= 3,SNR,crowell_2016_gfast,median,us7000n068,2024-07-19T03:13:47.417000Z,United States,US,EarthScope PRIDE PPP-AR kin quality-passing stations,"168 km SW of Nikolski, Alaska",6.000000,1,5.291125,3.702101,175.253652,520.583000,7.266274,1.266274,1.266274,pgd_snr>=3; min_stations>=1
snr_ge_3,Station PGD SNR >= 3,SNR,melgar_2015,median,us7000n068,2024-07-19T03:13:47.417000Z,United States,US,EarthScope PRIDE PPP-AR kin quality-passing stations,"168 km SW of Nikolski, Alaska",6.000000,1,5.291125,3.702101,175.253652,520.583000,6.994481,0.994481,0.994481,pgd_snr>=3; min_stations>=1
snr_ge_3,Station PGD SNR >= 3,SNR,ruhl_2019,median,us7000n068,2024-07-19T03:13:47.417000Z,United States,US,EarthScope PRIDE PPP-AR kin quality-passing stations,"168 km SW of Nikolski, Alaska",6.000000,1,5.291125,3.702101,175.253652,520.583000,6.790644,0.790644,0.790644,pgd_snr>=3; min_stations>=1
snr_ge_3,Station PGD SNR >= 3,SNR,crowell_2016_gfast,median,us7000n0ka,2024-07-21T02:53:48.910Z,Guatemala,Americas,EarthScope PRIDE PPP-AR kin quality-passing stations,"6 km E of Jalapa, Guatemala",6.200000,1,3.975865,3.085879,304.634335,66.090000,7.523642,1.323642,1.323642,pgd_snr>=3; min_stations>=1
snr_ge_3,Station PGD SNR >= 3,SNR,melgar_2015,median,us7000n0ka,2024-07-21T02:53:48.910Z,Guatemala,Americas,EarthScope PRIDE PPP-AR kin quality-passing stations,"6 km E of Jalapa, Guatemala",6.200000,1,3.975865,3.085879,304.634335,66.090000,7.147339,0.947339,0.947339,pgd_snr>=3; min_stations>=1
snr_ge_3,Station PGD SNR >= 3,SNR,ruhl_2019,median,us7000n0ka,2024-07-21T02:53:48.910Z,Guatemala,Americas,EarthScope PRIDE PPP-AR kin quality-passing stations,"6 km E of Jalapa, Guatemala",6.200000,1,3.975865,3.085879,304.634335,66.090000,6.963732,0.763732,0.763732,pgd_snr>=3; min_stations>=1
snr_ge_3,Station PGD SNR >= 3,SNR,crowell_2016_gfast,median,us7000nx3z,2024-12-08T19:57:08.602000Z,United States,US,EarthScope PRIDE PPP-AR kin quality-passing stations,"108 km SSW of Adak, Alaska",6.300000,1,2.914155,3.998831,239.272014,340.398000,7.217064,0.917064,0.917064,pgd_snr>=3; min_stations>=1
snr_ge_3,Station PGD SNR >= 3,SNR,melgar_2015,median,us7000nx3z,2024-12-08T19:57:08.602000Z,United States,US,EarthScope PRIDE PPP-AR kin quality-passing stations,"108 km SSW of Adak, Alaska",6.300000,1,2.914155,3.998831,239.272014,340.398000,6.815674,0.515674,0.515674,pgd_snr>=3; min_stations>=1
snr_ge_3,Station PGD SNR >= 3,SNR,ruhl_2019,median,us7000nx3z,2024-12-08T19:57:08.602000Z,United States,US,EarthScope PRIDE PPP-AR kin quality-passing stations,"108 km SSW of Adak, Alaska",6.300000,1,2.914155,3.998831,239.272014,340.398000,6.601073,0.301073,0.301073,pgd_snr>=3; min_stations>=1
snr_ge_3,Station PGD SNR >= 3,SNR,crowell_2016_gfast,median,us7000pllt,2025-03-21T14:50:51.364Z,Panama,Americas,EarthScope PRIDE PPP-AR kin quality-passing stations,"124 km SSE of Burica, Panama",6.200000,2,10.319743,4.181577,203.717434,323.636000,7.593176,1.393175,1.393175,pgd_snr>=3; min_stations>=1
snr_ge_3,Station PGD SNR >= 3,SNR,melgar_2015,median,us7000pllt,2025-03-21T14:50:51.364Z,Panama,Americas,EarthScope PRIDE PPP-AR kin quality-passing stations,"124 km SSE of Burica, Panama",6.200000,2,10.319743,4.181577,203.717434,323.636000,7.406646,1.206646,1.206646,pgd_snr>=3; min_stations>=1
snr_ge_3,Station PGD SNR >= 3,SNR,ruhl_2019,median,us7000pllt,2025-03-21T14:50:51.364Z,Panama,Americas,EarthScope PRIDE PPP-AR kin quality-passing stations,"124 km SSE of Burica, Panama",6.200000,2,10.319743,4.181577,203.717434,323.636000,7.236985,1.036985,1.036985,pgd_snr>=3; min_stations>=1
snr_ge_3,Station PGD SNR >= 3,SNR,crowell_2016_gfast,median,us7000pvtr,2025-04-29T14:53:37.897Z,Americas,Americas,EarthScope PRIDE PPP-AR kin quality-passing stations,Macquarie Island region,6.800000,1,1.555828,3.020086,215.590069,231.103000,6.874813,0.074813,0.074813,pgd_snr>=3; min_stations>=1
snr_ge_3,Station PGD SNR >= 3,SNR,melgar_2015,median,us7000pvtr,2025-04-29T14:53:37.897Z,Americas,Americas,EarthScope PRIDE PPP-AR kin quality-passing stations,Macquarie Island region,6.800000,1,1.555828,3.020086,215.590069,231.103000,6.380995,-0.419005,0.419005,pgd_snr>=3; min_stations>=1
snr_ge_3,Station PGD SNR >= 3,SNR,ruhl_2019,median,us7000pvtr,2025-04-29T14:53:37.897Z,Americas,Americas,EarthScope PRIDE PPP-AR kin quality-passing stations,Macquarie Island region,6.800000,1,1.555828,3.020086,215.590069,231.103000,6.130056,-0.669944,0.669944,pgd_snr>=3; min_stations>=1
snr_ge_3,Station PGD SNR >= 3,SNR,crowell_2016_gfast,median,us7000qe51,2025-07-20T22:28:00.041000Z,United States,US,EarthScope PRIDE PPP-AR kin quality-passing stations,"91 km SSE of Sand Point, Alaska",6.200000,1,4.566717,3.335370,100.540549,55.959000,6.856380,0.656380,0.656380,pgd_snr>=3; min_stations>=1
snr_ge_3,Station PGD SNR >= 3,SNR,melgar_2015,median,us7000qe51,2025-07-20T22:28:00.041000Z,United States,US,EarthScope PRIDE PPP-AR kin quality-passing stations,"91 km SSE of Sand Point, Alaska",6.200000,1,4.566717,3.335370,100.540549,55.959000,6.609260,0.409260,0.409260,pgd_snr>=3; min_stations>=1
snr_ge_3,Station PGD SNR >= 3,SNR,ruhl_2019,median,us7000qe51,2025-07-20T22:28:00.041000Z,United States,US,EarthScope PRIDE PPP-AR kin quality-passing stations,"91 km SSE of Sand Point, Alaska",6.200000,1,4.566717,3.335370,100.540549,55.959000,6.371025,0.171025,0.171025,pgd_snr>=3; min_stations>=1
snr_ge_3,Station PGD SNR >= 3,SNR,crowell_2016_gfast,median,us7000s8q0,2026-03-30T08:44:13.780Z,Americas,Americas,EarthScope PRIDE PPP-AR kin quality-passing stations,"51 km ENE of Luganville, Vanuatu",7.300000,1,16.657644,3.201283,309.274575,402.220000,8.177943,0.877943,0.877943,pgd_snr>=3; min_stations>=1
snr_ge_3,Station PGD SNR >= 3,SNR,melgar_2015,median,us7000s8q0,2026-03-30T08:44:13.780Z,Americas,Americas,EarthScope PRIDE PPP-AR kin quality-passing stations,"51 km ENE of Luganville, Vanuatu",7.300000,1,16.657644,3.201283,309.274575,402.220000,8.041166,0.741166,0.741166,pgd_snr>=3; min_stations>=1
snr_ge_3,Station PGD SNR >= 3,SNR,ruhl_2019,median,us7000s8q0,2026-03-30T08:44:13.780Z,Americas,Americas,EarthScope PRIDE PPP-AR kin quality-passing stations,"51 km ENE of Luganville, Vanuatu",7.300000,1,16.657644,3.201283,309.274575,402.220000,7.934269,0.634269,0.634269,pgd_snr>=3; min_stations>=1
snr_ge_3,Station PGD SNR >= 3,SNR,crowell_2016_gfast,median,usc000juwv,2013-09-15T16:21:37.150000Z,United States,US,EarthScope PRIDE PPP-AR kin quality-passing stations,"77 km SSW of Atka, Alaska",6.100000,1,8.920342,4.356421,82.363350,51.850000,7.006560,0.906560,0.906560,pgd_snr>=3; min_stations>=1
snr_ge_3,Station PGD SNR >= 3,SNR,melgar_2015,median,usc000juwv,2013-09-15T16:21:37.150000Z,United States,US,EarthScope PRIDE PPP-AR kin quality-passing stations,"77 km SSW of Atka, Alaska",6.100000,1,8.920342,4.356421,82.363350,51.850000,6.879867,0.779867,0.779867,pgd_snr>=3; min_stations>=1
snr_ge_3,Station PGD SNR >= 3,SNR,ruhl_2019,median,usc000juwv,2013-09-15T16:21:37.150000Z,United States,US,EarthScope PRIDE PPP-AR kin quality-passing stations,"77 km SSW of Atka, Alaska",6.100000,1,8.920342,4.356421,82.363350,51.850000,6.659269,0.559269,0.559269,pgd_snr>=3; min_stations>=1
snr_ge_3,Station PGD SNR >= 3,SNR,crowell_2016_gfast,median,usc000m1w9,2014-01-13T04:01:03.240000Z,United States,US,EarthScope PRIDE PPP-AR kin quality-passing stations,"61 km N of Hatillo, Puerto Rico",6.400000,2,9.604069,3.514711,100.547211,250.760000,7.156584,0.756584,0.756584,pgd_snr>=3; min_stations>=1
snr_ge_3,Station PGD SNR >= 3,SNR,melgar_2015,median,usc000m1w9,2014-01-13T04:01:03.240000Z,United States,US,EarthScope PRIDE PPP-AR kin quality-passing stations,"61 km N of Hatillo, Puerto Rico",6.400000,2,9.604069,3.514711,100.547211,250.760000,7.026625,0.626625,0.626625,pgd_snr>=3; min_stations>=1
snr_ge_3,Station PGD SNR >= 3,SNR,ruhl_2019,median,usc000m1w9,2014-01-13T04:01:03.240000Z,United States,US,EarthScope PRIDE PPP-AR kin quality-passing stations,"61 km N of Hatillo, Puerto Rico",6.400000,2,9.604069,3.514711,100.547211,250.760000,6.818599,0.418599,0.418599,pgd_snr>=3; min_stations>=1
snr_ge_3,Station PGD SNR >= 3,SNR,crowell_2016_gfast,median,usc000t4gc,2014-12-07T21:16:35.740Z,Guatemala,Americas,EarthScope PRIDE PPP-AR kin quality-passing stations,"61 km SSW of Nueva Concepción, Guatemala",6.100000,1,6.095982,3.582571,256.611055,563.260000,7.590339,1.490339,1.490339,pgd_snr>=3; min_stations>=1
snr_ge_3,Station PGD SNR >= 3,SNR,melgar_2015,median,usc000t4gc,2014-12-07T21:16:35.740Z,Guatemala,Americas,EarthScope PRIDE PPP-AR kin quality-passing stations,"61 km SSW of Nueva Concepción, Guatemala",6.100000,1,6.095982,3.582571,256.611055,563.260000,7.304265,1.204265,1.204265,pgd_snr>=3; min_stations>=1
snr_ge_3,Station PGD SNR >= 3,SNR,ruhl_2019,median,usc000t4gc,2014-12-07T21:16:35.740Z,Guatemala,Americas,EarthScope PRIDE PPP-AR kin quality-passing stations,"61 km SSW of Nueva Concepción, Guatemala",6.100000,1,6.095982,3.582571,256.611055,563.260000,7.131066,1.031066,1.031066,pgd_snr>=3; min_stations>=1
snr_ge_3,Station PGD SNR >= 3,SNR,crowell_2016_gfast,median,usp000jhpg,2012-04-11T22:41:46.040000Z,United States,US,EarthScope PRIDE PPP-AR kin quality-passing stations,"266 km W of Bandon, Oregon",6.000000,1,4.799729,3.824915,266.930908,285.960000,7.512834,1.512834,1.512834,pgd_snr>=3; min_stations>=1
snr_ge_3,Station PGD SNR >= 3,SNR,melgar_2015,median,usp000jhpg,2012-04-11T22:41:46.040000Z,United States,US,EarthScope PRIDE PPP-AR kin quality-passing stations,"266 km W of Bandon, Oregon",6.000000,1,4.799729,3.824915,266.930908,285.960000,7.182710,1.182710,1.182710,pgd_snr>=3; min_stations>=1
snr_ge_3,Station PGD SNR >= 3,SNR,ruhl_2019,median,usp000jhpg,2012-04-11T22:41:46.040000Z,United States,US,EarthScope PRIDE PPP-AR kin quality-passing stations,"266 km W of Bandon, Oregon",6.000000,1,4.799729,3.824915,266.930908,285.960000,7.000018,1.000018,1.000018,pgd_snr>=3; min_stations>=1
snr_ge_3,Station PGD SNR >= 3,SNR,crowell_2016_gfast,median,usp000jt0h,2012-09-26T23:39:55.110000Z,United States,US,EarthScope PRIDE PPP-AR kin quality-passing stations,"118 km WSW of Adak, Alaska",6.400000,1,5.581711,3.387881,117.523240,242.890000,7.032936,0.632936,0.632936,pgd_snr>=3; min_stations>=1
snr_ge_3,Station PGD SNR >= 3,SNR,melgar_2015,median,usp000jt0h,2012-09-26T23:39:55.110000Z,United States,US,EarthScope PRIDE PPP-AR kin quality-passing stations,"118 km WSW of Adak, Alaska",6.400000,1,5.581711,3.387881,117.523240,242.890000,6.804954,0.404954,0.404954,pgd_snr>=3; min_stations>=1
snr_ge_3,Station PGD SNR >= 3,SNR,ruhl_2019,median,usp000jt0h,2012-09-26T23:39:55.110000Z,United States,US,EarthScope PRIDE PPP-AR kin quality-passing stations,"118 km WSW of Adak, Alaska",6.400000,1,5.581711,3.387881,117.523240,242.890000,6.582331,0.182331,0.182331,pgd_snr>=3; min_stations>=1
snr_ge_5,Station PGD SNR >= 5,SNR,crowell_2016_gfast,median,2013p543824,2013-07-21T05:09:30Z,New Zealand,New Zealand,EarthScope PRIDE PPP-AR kin quality-passing stations,20 km east of Seddon,6.500000,3,10.422463,8.685430,32.476995,14.000000,6.543490,0.043490,0.043490,pgd_snr>=5; min_stations>=1
snr_ge_5,Station PGD SNR >= 5,SNR,melgar_2015,median,2013p543824,2013-07-21T05:09:30Z,New Zealand,New Zealand,EarthScope PRIDE PPP-AR kin quality-passing stations,20 km east of Seddon,6.500000,3,10.422463,8.685430,32.476995,14.000000,6.442310,-0.057690,0.057690,pgd_snr>=5; min_stations>=1
snr_ge_5,Station PGD SNR >= 5,SNR,ruhl_2019,median,2013p543824,2013-07-21T05:09:30Z,New Zealand,New Zealand,EarthScope PRIDE PPP-AR kin quality-passing stations,20 km east of Seddon,6.500000,3,10.422463,8.685430,32.476995,14.000000,6.185335,-0.314665,0.314665,pgd_snr>=5; min_stations>=1
snr_ge_5,Station PGD SNR >= 5,SNR,crowell_2016_gfast,median,2013p613797,2013-08-16T02:31:05Z,New Zealand,New Zealand,EarthScope PRIDE PPP-AR kin quality-passing stations,5 km south-east of Seddon,6.500000,5,9.631916,7.786988,90.855088,44.000000,6.870279,0.370279,0.370279,pgd_snr>=5; min_stations>=1
snr_ge_5,Station PGD SNR >= 5,SNR,melgar_2015,median,2013p613797,2013-08-16T02:31:05Z,New Zealand,New Zealand,EarthScope PRIDE PPP-AR kin quality-passing stations,5 km south-east of Seddon,6.500000,5,9.631916,7.786988,90.855088,44.000000,6.655133,0.155133,0.155133,pgd_snr>=5; min_stations>=1
snr_ge_5,Station PGD SNR >= 5,SNR,ruhl_2019,median,2013p613797,2013-08-16T02:31:05Z,New Zealand,New Zealand,EarthScope PRIDE PPP-AR kin quality-passing stations,5 km south-east of Seddon,6.500000,5,9.631916,7.786988,90.855088,44.000000,6.419577,-0.080423,0.080423,pgd_snr>=5; min_stations>=1
snr_ge_5,Station PGD SNR >= 5,SNR,crowell_2016_gfast,median,2016p858000,2016-11-13T11:02:56Z,New Zealand,New Zealand,EarthScope PRIDE PPP-AR kin quality-passing stations,15 km north-east of Culverden,7.800000,13,25.514455,14.176963,149.592057,106.000000,7.669939,-0.130061,0.130061,pgd_snr>=5; min_stations>=1
snr_ge_5,Station PGD SNR >= 5,SNR,melgar_2015,median,2016p858000,2016-11-13T11:02:56Z,New Zealand,New Zealand,EarthScope PRIDE PPP-AR kin quality-passing stations,15 km north-east of Culverden,7.800000,13,25.514455,14.176963,149.592057,106.000000,7.569314,-0.230686,0.230686,pgd_snr>=5; min_stations>=1
snr_ge_5,Station PGD SNR >= 5,SNR,ruhl_2019,median,2016p858000,2016-11-13T11:02:56Z,New Zealand,New Zealand,EarthScope PRIDE PPP-AR kin quality-passing stations,15 km north-east of Culverden,7.800000,13,25.514455,14.176963,149.592057,106.000000,7.409742,-0.390258,0.390258,pgd_snr>=5; min_stations>=1
snr_ge_5,Station PGD SNR >= 5,SNR,crowell_2016_gfast,median,2016p858007,2016-11-13T11:05:14Z,New Zealand,New Zealand,EarthScope PRIDE PPP-AR kin quality-passing stations,45 km south-west of Seddon,6.000000,2,26.481691,5.578345,186.640510,2.500000,7.980408,1.980408,1.980408,pgd_snr>=5; min_stations>=1
snr_ge_5,Station PGD SNR >= 5,SNR,melgar_2015,median,2016p858007,2016-11-13T11:05:14Z,New Zealand,New Zealand,EarthScope PRIDE PPP-AR kin quality-passing stations,45 km south-west of Seddon,6.000000,2,26.481691,5.578345,186.640510,2.500000,7.960073,1.960073,1.960073,pgd_snr>=5; min_stations>=1
snr_ge_5,Station PGD SNR >= 5,SNR,ruhl_2019,median,2016p858007,2016-11-13T11:05:14Z,New Zealand,New Zealand,EarthScope PRIDE PPP-AR kin quality-passing stations,45 km south-west of Seddon,6.000000,2,26.481691,5.578345,186.640510,2.500000,7.833476,1.833476,1.833476,pgd_snr>=5; min_stations>=1
snr_ge_5,Station PGD SNR >= 5,SNR,crowell_2016_gfast,median,2016p858094,2016-11-13T11:52:44Z,New Zealand,New Zealand,EarthScope PRIDE PPP-AR kin quality-passing stations,20 km north of Kaikoura,6.100000,1,17.600301,5.167056,170.370883,357.000000,7.758107,1.658107,1.658107,pgd_snr>=5; min_stations>=1
snr_ge_5,Station PGD SNR >= 5,SNR,melgar_2015,median,2016p858094,2016-11-13T11:52:44Z,New Zealand,New Zealand,EarthScope PRIDE PPP-AR kin quality-passing stations,20 km north of Kaikoura,6.100000,1,17.600301,5.167056,170.370883,357.000000,7.684712,1.584712,1.584712,pgd_snr>=5; min_stations>=1
snr_ge_5,Station PGD SNR >= 5,SNR,ruhl_2019,median,2016p858094,2016-11-13T11:52:44Z,New Zealand,New Zealand,EarthScope PRIDE PPP-AR kin quality-passing stations,20 km north of Kaikoura,6.100000,1,17.600301,5.167056,170.370883,357.000000,7.534521,1.434521,1.434521,pgd_snr>=5; min_stations>=1
snr_ge_5,Station PGD SNR >= 5,SNR,crowell_2016_gfast,median,2016p859524,2016-11-14T00:34:23Z,New Zealand,New Zealand,EarthScope PRIDE PPP-AR kin quality-passing stations,25 km east of Hanmer Springs,6.700000,3,10.229156,8.046856,33.142332,477.000000,6.507200,-0.192800,0.192800,pgd_snr>=5; min_stations>=1
snr_ge_5,Station PGD SNR >= 5,SNR,melgar_2015,median,2016p859524,2016-11-14T00:34:23Z,New Zealand,New Zealand,EarthScope PRIDE PPP-AR kin quality-passing stations,25 km east of Hanmer Springs,6.700000,3,10.229156,8.046856,33.142332,477.000000,6.461817,-0.238183,0.238183,pgd_snr>=5; min_stations>=1
snr_ge_5,Station PGD SNR >= 5,SNR,ruhl_2019,median,2016p859524,2016-11-14T00:34:23Z,New Zealand,New Zealand,EarthScope PRIDE PPP-AR kin quality-passing stations,25 km east of Hanmer Springs,6.700000,3,10.229156,8.046856,33.142332,477.000000,6.206922,-0.493078,0.493078,pgd_snr>=5; min_stations>=1
snr_ge_5,Station PGD SNR >= 5,SNR,crowell_2016_gfast,median,ak0138esnzr,2013-01-05T08:58:14.957000Z,United States,US,EarthScope PRIDE PPP-AR kin quality-passing stations,"110 km SW of Edna Bay, Alaska",7.500000,2,23.526045,9.012014,163.348518,51.043000,7.805161,0.305161,0.305161,pgd_snr>=5; min_stations>=1
snr_ge_5,Station PGD SNR >= 5,SNR,melgar_2015,median,ak0138esnzr,2013-01-05T08:58:14.957000Z,United States,US,EarthScope PRIDE PPP-AR kin quality-passing stations,"110 km SW of Edna Bay, Alaska",7.500000,2,23.526045,9.012014,163.348518,51.043000,7.778059,0.278059,0.278059,pgd_snr>=5; min_stations>=1
snr_ge_5,Station PGD SNR >= 5,SNR,ruhl_2019,median,ak0138esnzr,2013-01-05T08:58:14.957000Z,United States,US,EarthScope PRIDE PPP-AR kin quality-passing stations,"110 km SW of Edna Bay, Alaska",7.500000,2,23.526045,9.012014,163.348518,51.043000,7.633584,0.133584,0.133584,pgd_snr>=5; min_stations>=1
snr_ge_5,Station PGD SNR >= 5,SNR,crowell_2016_gfast,median,ak01613v15nv,2016-01-24T10:30:29.557000Z,United States,US,EarthScope PRIDE PPP-AR kin quality-passing stations,"47 km ESE of Pedro Bay, Alaska",7.100000,1,12.485452,5.342141,208.500139,54.443000,7.754625,0.654625,0.654625,pgd_snr>=5; min_stations>=1
snr_ge_5,Station PGD SNR >= 5,SNR,melgar_2015,median,ak01613v15nv,2016-01-24T10:30:29.557000Z,United States,US,EarthScope PRIDE PPP-AR kin quality-passing stations,"47 km ESE of Pedro Bay, Alaska",7.100000,1,12.485452,5.342141,208.500139,54.443000,7.607542,0.507542,0.507542,pgd_snr>=5; min_stations>=1
snr_ge_5,Station PGD SNR >= 5,SNR,ruhl_2019,median,ak01613v15nv,2016-01-24T10:30:29.557000Z,United States,US,EarthScope PRIDE PPP-AR kin quality-passing stations,"47 km ESE of Pedro Bay, Alaska",7.100000,1,12.485452,5.342141,208.500139,54.443000,7.455305,0.355305,0.355305,pgd_snr>=5; min_stations>=1
snr_ge_5,Station PGD SNR >= 5,SNR,crowell_2016_gfast,median,nc73821036,2022-12-20T10:34:24.770000Z,United States,US,EarthScope PRIDE PPP-AR kin quality-passing stations,"15km WSW of Ferndale, CA",6.400000,9,6.169546,5.805079,49.288159,16.230000,6.522556,0.122556,0.122556,pgd_snr>=5; min_stations>=1
snr_ge_5,Station PGD SNR >= 5,SNR,melgar_2015,median,nc73821036,2022-12-20T10:34:24.770000Z,United States,US,EarthScope PRIDE PPP-AR kin quality-passing stations,"15km WSW of Ferndale, CA",6.400000,9,6.169546,5.805079,49.288159,16.230000,6.357807,-0.042193,0.042193,pgd_snr>=5; min_stations>=1
snr_ge_5,Station PGD SNR >= 5,SNR,ruhl_2019,median,nc73821036,2022-12-20T10:34:24.770000Z,United States,US,EarthScope PRIDE PPP-AR kin quality-passing stations,"15km WSW of Ferndale, CA",6.400000,9,6.169546,5.805079,49.288159,16.230000,6.098403,-0.301597,0.301597,pgd_snr>=5; min_stations>=1
snr_ge_5,Station PGD SNR >= 5,SNR,crowell_2016_gfast,median,pr2019267000,2019-09-24T03:23:40.000000Z,United States,US,EarthScope PRIDE PPP-AR kin quality-passing stations,"67 km NNW of San Antonio, Puerto Rico",6.000000,1,10.941677,6.216113,183.050353,323.000000,7.605836,1.605836,1.605836,pgd_snr>=5; min_stations>=1
snr_ge_5,Station PGD SNR >= 5,SNR,melgar_2015,median,pr2019267000,2019-09-24T03:23:40.000000Z,United States,US,EarthScope PRIDE PPP-AR kin quality-passing stations,"67 km NNW of San Antonio, Puerto Rico",6.000000,1,10.941677,6.216113,183.050353,323.000000,7.448752,1.448752,1.448752,pgd_snr>=5; min_stations>=1
snr_ge_5,Station PGD SNR >= 5,SNR,ruhl_2019,median,pr2019267000,2019-09-24T03:23:40.000000Z,United States,US,EarthScope PRIDE PPP-AR kin quality-passing stations,"67 km NNW of San Antonio, Puerto Rico",6.000000,1,10.941677,6.216113,183.050353,323.000000,7.281371,1.281371,1.281371,pgd_snr>=5; min_stations>=1
snr_ge_5,Station PGD SNR >= 5,SNR,crowell_2016_gfast,median,pr2020007007,2020-01-07T08:24:27.370Z,Puerto Rico,Americas,EarthScope PRIDE PPP-AR kin quality-passing stations,"4 km SSE of Indios, Puerto Rico",6.400000,1,5.948395,5.056500,28.438158,391.630000,6.276069,-0.123931,0.123931,pgd_snr>=5; min_stations>=1
snr_ge_5,Station PGD SNR >= 5,SNR,melgar_2015,median,pr2020007007,2020-01-07T08:24:27.370Z,Puerto Rico,Americas,EarthScope PRIDE PPP-AR kin quality-passing stations,"4 km SSE of Indios, Puerto Rico",6.400000,1,5.948395,5.056500,28.438158,391.630000,6.153871,-0.246129,0.246129,pgd_snr>=5; min_stations>=1
snr_ge_5,Station PGD SNR >= 5,SNR,ruhl_2019,median,pr2020007007,2020-01-07T08:24:27.370Z,Puerto Rico,Americas,EarthScope PRIDE PPP-AR kin quality-passing stations,"4 km SSE of Indios, Puerto Rico",6.400000,1,5.948395,5.056500,28.438158,391.630000,5.880095,-0.519905,0.519905,pgd_snr>=5; min_stations>=1
snr_ge_5,Station PGD SNR >= 5,SNR,crowell_2016_gfast,median,us2000ahv0,2017-09-08T04:49:19.180Z,Mexico,Americas,EarthScope PRIDE PPP-AR kin quality-passing stations,"2017 Tehuantepec, Mexico Earthquake",8.200000,1,32.636912,16.072608,291.585803,70.820000,8.432259,0.232259,0.232259,pgd_snr>=5; min_stations>=1
snr_ge_5,Station PGD SNR >= 5,SNR,melgar_2015,median,us2000ahv0,2017-09-08T04:49:19.180Z,Mexico,Americas,EarthScope PRIDE PPP-AR kin quality-passing stations,"2017 Tehuantepec, Mexico Earthquake",8.200000,1,32.636912,16.072608,291.585803,70.820000,8.414241,0.214241,0.214241,pgd_snr>=5; min_stations>=1
snr_ge_5,Station PGD SNR >= 5,SNR,ruhl_2019,median,us2000ahv0,2017-09-08T04:49:19.180Z,Mexico,Americas,EarthScope PRIDE PPP-AR kin quality-passing stations,"2017 Tehuantepec, Mexico Earthquake",8.200000,1,32.636912,16.072608,291.585803,70.820000,8.337377,0.137377,0.137377,pgd_snr>=5; min_stations>=1
snr_ge_5,Station PGD SNR >= 5,SNR,crowell_2016_gfast,median,us2000ar20,2017-09-19T18:14:38.090Z,Mexico,Americas,EarthScope PRIDE PPP-AR kin quality-passing stations,"1 km S of Matzaco, Mexico",7.100000,1,6.037326,5.225264,122.450082,40.910000,7.090780,-0.009220,0.009220,pgd_snr>=5; min_stations>=1
snr_ge_5,Station PGD SNR >= 5,SNR,melgar_2015,median,us2000ar20,2017-09-19T18:14:38.090Z,Mexico,Americas,EarthScope PRIDE PPP-AR kin quality-passing stations,"1 km S of Matzaco, Mexico",7.100000,1,6.037326,5.225264,122.450082,40.910000,6.871931,-0.228069,0.228069,pgd_snr>=5; min_stations>=1
snr_ge_5,Station PGD SNR >= 5,SNR,ruhl_2019,median,us2000ar20,2017-09-19T18:14:38.090Z,Mexico,Americas,EarthScope PRIDE PPP-AR kin quality-passing stations,"1 km S of Matzaco, Mexico",7.100000,1,6.037326,5.225264,122.450082,40.910000,6.654686,-0.445314,0.445314,pgd_snr>=5; min_stations>=1
snr_ge_5,Station PGD SNR >= 5,SNR,crowell_2016_gfast,median,us2000d3km,2018-02-16T23:39:39.280Z,Mexico,Americas,EarthScope PRIDE PPP-AR kin quality-passing stations,"4 km S of Pinotepa de Don Luis, Mexico",7.200000,1,20.402757,11.584916,48.531856,13.720000,7.019625,-0.180375,0.180375,pgd_snr>=5; min_stations>=1
snr_ge_5,Station PGD SNR >= 5,SNR,melgar_2015,median,us2000d3km,2018-02-16T23:39:39.280Z,Mexico,Americas,EarthScope PRIDE PPP-AR kin quality-passing stations,"4 km S of Pinotepa de Don Luis, Mexico",7.200000,1,20.402757,11.584916,48.531856,13.720000,7.053284,-0.146716,0.146716,pgd_snr>=5; min_stations>=1
snr_ge_5,Station PGD SNR >= 5,SNR,ruhl_2019,median,us2000d3km,2018-02-16T23:39:39.280Z,Mexico,Americas,EarthScope PRIDE PPP-AR kin quality-passing stations,"4 km S of Pinotepa de Don Luis, Mexico",7.200000,1,20.402757,11.584916,48.531856,13.720000,6.839124,-0.360876,0.360876,pgd_snr>=5; min_stations>=1
snr_ge_5,Station PGD SNR >= 5,SNR,crowell_2016_gfast,median,us6000ah9t,2020-06-23T15:29:04.350Z,Mexico,Americas,EarthScope PRIDE PPP-AR kin quality-passing stations,"9 km SE of Santa María Xadani, Mexico",7.400000,3,13.721356,6.990455,63.755222,20.650000,7.349075,-0.050925,0.050925,pgd_snr>=5; min_stations>=1
snr_ge_5,Station PGD SNR >= 5,SNR,melgar_2015,median,us6000ah9t,2020-06-23T15:29:04.350Z,Mexico,Americas,EarthScope PRIDE PPP-AR kin quality-passing stations,"9 km SE of Santa María Xadani, Mexico",7.400000,3,13.721356,6.990455,63.755222,20.650000,7.291732,-0.108268,0.108268,pgd_snr>=5; min_stations>=1
snr_ge_5,Station PGD SNR >= 5,SNR,ruhl_2019,median,us6000ah9t,2020-06-23T15:29:04.350Z,Mexico,Americas,EarthScope PRIDE PPP-AR kin quality-passing stations,"9 km SE of Santa María Xadani, Mexico",7.400000,3,13.721356,6.990455,63.755222,20.650000,7.114463,-0.285537,0.285537,pgd_snr>=5; min_stations>=1
snr_ge_5,Station PGD SNR >= 5,SNR,crowell_2016_gfast,median,us6000pjig,2025-01-12T08:32:49.944Z,Mexico,Americas,EarthScope PRIDE PPP-AR kin quality-passing stations,"18 km SE of Aquila, Mexico",6.200000,1,4.758414,5.134219,212.253739,516.056000,7.349374,1.149374,1.149374,pgd_snr>=5; min_stations>=1
snr_ge_5,Station PGD SNR >= 5,SNR,melgar_2015,median,us6000pjig,2025-01-12T08:32:49.944Z,Mexico,Americas,EarthScope PRIDE PPP-AR kin quality-passing stations,"18 km SE of Aquila, Mexico",6.200000,1,4.758414,5.134219,212.253739,516.056000,7.041610,0.841610,0.841610,pgd_snr>=5; min_stations>=1
snr_ge_5,Station PGD SNR >= 5,SNR,ruhl_2019,median,us6000pjig,2025-01-12T08:32:49.944Z,Mexico,Americas,EarthScope PRIDE PPP-AR kin quality-passing stations,"18 km SE of Aquila, Mexico",6.200000,1,4.758414,5.134219,212.253739,516.056000,6.843986,0.643986,0.643986,pgd_snr>=5; min_stations>=1
snr_ge_5,Station PGD SNR >= 5,SNR,crowell_2016_gfast,median,us7000i9bw,2022-09-19T18:05:08.217Z,Mexico,Americas,EarthScope PRIDE PPP-AR kin quality-passing stations,"35 km SSW of Aguililla, Mexico",7.600000,7,14.885191,10.009816,206.010464,64.783000,7.811197,0.211197,0.211197,pgd_snr>=5; min_stations>=1
snr_ge_5,Station PGD SNR >= 5,SNR,melgar_2015,median,us7000i9bw,2022-09-19T18:05:08.217Z,Mexico,Americas,EarthScope PRIDE PPP-AR kin quality-passing stations,"35 km SSW of Aguililla, Mexico",7.600000,7,14.885191,10.009816,206.010464,64.783000,7.642648,0.042648,0.042648,pgd_snr>=5; min_stations>=1
snr_ge_5,Station PGD SNR >= 5,SNR,ruhl_2019,median,us7000i9bw,2022-09-19T18:05:08.217Z,Mexico,Americas,EarthScope PRIDE PPP-AR kin quality-passing stations,"35 km SSW of Aguililla, Mexico",7.600000,7,14.885191,10.009816,206.010464,64.783000,7.497021,-0.102979,0.102979,pgd_snr>=5; min_stations>=1
snr_ge_5,Station PGD SNR >= 5,SNR,crowell_2016_gfast,median,us7000irjd,2022-11-22T16:39:05.789Z,Mexico,Americas,EarthScope PRIDE PPP-AR kin quality-passing stations,"28 km SW of Las Brisas, Mexico",6.200000,3,7.029651,5.287191,227.529858,89.211000,7.501093,1.301093,1.301093,pgd_snr>=5; min_stations>=1
snr_ge_5,Station PGD SNR >= 5,SNR,melgar_2015,median,us7000irjd,2022-11-22T16:39:05.789Z,Mexico,Americas,EarthScope PRIDE PPP-AR kin quality-passing stations,"28 km SW of Las Brisas, Mexico",6.200000,3,7.029651,5.287191,227.529858,89.211000,7.211782,1.011782,1.011782,pgd_snr>=5; min_stations>=1
snr_ge_5,Station PGD SNR >= 5,SNR,ruhl_2019,median,us7000irjd,2022-11-22T16:39:05.789Z,Mexico,Americas,EarthScope PRIDE PPP-AR kin quality-passing stations,"28 km SW of Las Brisas, Mexico",6.200000,3,7.029651,5.287191,227.529858,89.211000,7.029588,0.829588,0.829588,pgd_snr>=5; min_stations>=1
snr_ge_5,Station PGD SNR >= 5,SNR,crowell_2016_gfast,median,us7000kg30,2023-07-16T06:48:21.158000Z,United States,US,EarthScope PRIDE PPP-AR kin quality-passing stations,"2023 Sand Point, Alaska Earthquake",7.200000,1,5.926736,5.228403,110.791463,30.842000,7.021164,-0.178836,0.178836,pgd_snr>=5; min_stations>=1
snr_ge_5,Station PGD SNR >= 5,SNR,melgar_2015,median,us7000kg30,2023-07-16T06:48:21.158000Z,United States,US,EarthScope PRIDE PPP-AR kin quality-passing stations,"2023 Sand Point, Alaska Earthquake",7.200000,1,5.926736,5.228403,110.791463,30.842000,6.807557,-0.392443,0.392443,pgd_snr>=5; min_stations>=1
snr_ge_5,Station PGD SNR >= 5,SNR,ruhl_2019,median,us7000kg30,2023-07-16T06:48:21.158000Z,United States,US,EarthScope PRIDE PPP-AR kin quality-passing stations,"2023 Sand Point, Alaska Earthquake",7.200000,1,5.926736,5.228403,110.791463,30.842000,6.584574,-0.615426,0.615426,pgd_snr>=5; min_stations>=1
snr_ge_5,Station PGD SNR >= 5,SNR,crowell_2016_gfast,median,us7000pllt,2025-03-21T14:50:51.364Z,Panama,Americas,EarthScope PRIDE PPP-AR kin quality-passing stations,"124 km SSE of Burica, Panama",6.200000,1,14.123315,5.304207,143.208568,128.636000,7.545509,1.345509,1.345509,pgd_snr>=5; min_stations>=1
snr_ge_5,Station PGD SNR >= 5,SNR,melgar_2015,median,us7000pllt,2025-03-21T14:50:51.364Z,Panama,Americas,EarthScope PRIDE PPP-AR kin quality-passing stations,"124 km SSE of Burica, Panama",6.200000,1,14.123315,5.304207,143.208568,128.636000,7.450451,1.250451,1.250451,pgd_snr>=5; min_stations>=1
snr_ge_5,Station PGD SNR >= 5,SNR,ruhl_2019,median,us7000pllt,2025-03-21T14:50:51.364Z,Panama,Americas,EarthScope PRIDE PPP-AR kin quality-passing stations,"124 km SSE of Burica, Panama",6.200000,1,14.123315,5.304207,143.208568,128.636000,7.278934,1.078934,1.078934,pgd_snr>=5; min_stations>=1
dist_le_300km,Station distance <= 300 km,DISTANCE,crowell_2016_gfast,median,2013p543824,2013-07-21T05:09:30Z,New Zealand,New Zealand,EarthScope PRIDE PPP-AR kin quality-passing stations,20 km east of Seddon,6.500000,33,4.393973,2.623632,102.600889,116.000000,6.805172,0.305172,0.305172,distance_km<=300; min_stations>=1
dist_le_300km,Station distance <= 300 km,DISTANCE,melgar_2015,median,2013p543824,2013-07-21T05:09:30Z,New Zealand,New Zealand,EarthScope PRIDE PPP-AR kin quality-passing stations,20 km east of Seddon,6.500000,33,4.393973,2.623632,102.600889,116.000000,6.538393,0.038393,0.038393,distance_km<=300; min_stations>=1
dist_le_300km,Station distance <= 300 km,DISTANCE,ruhl_2019,median,2013p543824,2013-07-21T05:09:30Z,New Zealand,New Zealand,EarthScope PRIDE PPP-AR kin quality-passing stations,20 km east of Seddon,6.500000,33,4.393973,2.623632,102.600889,116.000000,6.293931,-0.206069,0.206069,distance_km<=300; min_stations>=1
dist_le_300km,Station distance <= 300 km,DISTANCE,crowell_2016_gfast,median,2013p613797,2013-08-16T02:31:05Z,New Zealand,New Zealand,EarthScope PRIDE PPP-AR kin quality-passing stations,5 km south-east of Seddon,6.500000,35,5.241240,3.816498,112.726774,148.000000,6.934499,0.434499,0.434499,distance_km<=300; min_stations>=1
dist_le_300km,Station distance <= 300 km,DISTANCE,melgar_2015,median,2013p613797,2013-08-16T02:31:05Z,New Zealand,New Zealand,EarthScope PRIDE PPP-AR kin quality-passing stations,5 km south-east of Seddon,6.500000,35,5.241240,3.816498,112.726774,148.000000,6.720846,0.220846,0.220846,distance_km<=300; min_stations>=1
dist_le_300km,Station distance <= 300 km,DISTANCE,ruhl_2019,median,2013p613797,2013-08-16T02:31:05Z,New Zealand,New Zealand,EarthScope PRIDE PPP-AR kin quality-passing stations,5 km south-east of Seddon,6.500000,35,5.241240,3.816498,112.726774,148.000000,6.492071,-0.007929,0.007929,distance_km<=300; min_stations>=1
dist_le_300km,Station distance <= 300 km,DISTANCE,crowell_2016_gfast,median,2013p944608,2013-12-16T12:07:24Z,New Zealand,New Zealand,EarthScope PRIDE PPP-AR kin quality-passing stations,120 km west of Tuatapere,6.100000,4,5.036180,3.269722,179.893511,366.500000,7.243288,1.143288,1.143288,distance_km<=300; min_stations>=1
dist_le_300km,Station distance <= 300 km,DISTANCE,melgar_2015,median,2013p944608,2013-12-16T12:07:24Z,New Zealand,New Zealand,EarthScope PRIDE PPP-AR kin quality-passing stations,120 km west of Tuatapere,6.100000,4,5.036180,3.269722,179.893511,366.500000,6.953620,0.853620,0.853620,distance_km<=300; min_stations>=1
dist_le_300km,Station distance <= 300 km,DISTANCE,ruhl_2019,median,2013p944608,2013-12-16T12:07:24Z,New Zealand,New Zealand,EarthScope PRIDE PPP-AR kin quality-passing stations,120 km west of Tuatapere,6.100000,4,5.036180,3.269722,179.893511,366.500000,6.746890,0.646890,0.646890,distance_km<=300; min_stations>=1
dist_le_300km,Station distance <= 300 km,DISTANCE,crowell_2016_gfast,median,2014p051675,2014-01-20T02:52:45Z,New Zealand,New Zealand,EarthScope PRIDE PPP-AR kin quality-passing stations,10 km east of Eketahuna,6.200000,12,4.763396,2.154680,51.660165,251.500000,6.499045,0.299044,0.299044,distance_km<=300; min_stations>=1
dist_le_300km,Station distance <= 300 km,DISTANCE,melgar_2015,median,2014p051675,2014-01-20T02:52:45Z,New Zealand,New Zealand,EarthScope PRIDE PPP-AR kin quality-passing stations,10 km east of Eketahuna,6.200000,12,4.763396,2.154680,51.660165,251.500000,6.304540,0.104540,0.104540,distance_km<=300; min_stations>=1
dist_le_300km,Station distance <= 300 km,DISTANCE,ruhl_2019,median,2014p051675,2014-01-20T02:52:45Z,New Zealand,New Zealand,EarthScope PRIDE PPP-AR kin quality-passing stations,10 km east of Eketahuna,6.200000,12,4.763396,2.154680,51.660165,251.500000,6.041837,-0.158163,0.158163,distance_km<=300; min_stations>=1
dist_le_300km,Station distance <= 300 km,DISTANCE,crowell_2016_gfast,median,2014p770859,2014-10-13T05:13:41Z,New Zealand,New Zealand,EarthScope PRIDE PPP-AR kin quality-passing stations,140 km west of Tuatapere,6.200000,1,4.534810,2.587113,64.798138,554.000000,6.601987,0.401987,0.401987,distance_km<=300; min_stations>=1
dist_le_300km,Station distance <= 300 km,DISTANCE,melgar_2015,median,2014p770859,2014-10-13T05:13:41Z,New Zealand,New Zealand,EarthScope PRIDE PPP-AR kin quality-passing stations,140 km west of Tuatapere,6.200000,1,4.534810,2.587113,64.798138,554.000000,6.387116,0.187116,0.187116,distance_km<=300; min_stations>=1
dist_le_300km,Station distance <= 300 km,DISTANCE,ruhl_2019,median,2014p770859,2014-10-13T05:13:41Z,New Zealand,New Zealand,EarthScope PRIDE PPP-AR kin quality-passing stations,140 km west of Tuatapere,6.200000,1,4.534810,2.587113,64.798138,554.000000,6.130799,-0.069201,0.069201,distance_km<=300; min_stations>=1
dist_le_300km,Station distance <= 300 km,DISTANCE,crowell_2016_gfast,median,2014p864702,2014-11-16T22:33:17Z,New Zealand,New Zealand,EarthScope PRIDE PPP-AR kin quality-passing stations,150 km east of Te Araroa,6.500000,6,6.834760,2.128097,181.739384,158.000000,7.430596,0.930596,0.930596,distance_km<=300; min_stations>=1
dist_le_300km,Station distance <= 300 km,DISTANCE,melgar_2015,median,2014p864702,2014-11-16T22:33:17Z,New Zealand,New Zealand,EarthScope PRIDE PPP-AR kin quality-passing stations,150 km east of Te Araroa,6.500000,6,6.834760,2.128097,181.739384,158.000000,7.192839,0.692839,0.692839,distance_km<=300; min_stations>=1
dist_le_300km,Station distance <= 300 km,DISTANCE,ruhl_2019,median,2014p864702,2014-11-16T22:33:17Z,New Zealand,New Zealand,EarthScope PRIDE PPP-AR kin quality-passing stations,150 km east of Te Araroa,6.500000,6,6.834760,2.128097,181.739384,158.000000,7.005812,0.505812,0.505812,distance_km<=300; min_stations>=1
dist_le_300km,Station distance <= 300 km,DISTANCE,crowell_2016_gfast,median,2015p305812,2015-04-24T03:36:42Z,New Zealand,New Zealand,EarthScope PRIDE PPP-AR kin quality-passing stations,35 km south-east of St Arnaud,6.200000,2,4.181758,3.444845,75.243582,225.500000,6.647785,0.447785,0.447785,distance_km<=300; min_stations>=1
dist_le_300km,Station distance <= 300 km,DISTANCE,melgar_2015,median,2015p305812,2015-04-24T03:36:42Z,New Zealand,New Zealand,EarthScope PRIDE PPP-AR kin quality-passing stations,35 km south-east of St Arnaud,6.200000,2,4.181758,3.444845,75.243582,225.500000,6.407215,0.207215,0.207215,distance_km<=300; min_stations>=1
dist_le_300km,Station distance <= 300 km,DISTANCE,ruhl_2019,median,2015p305812,2015-04-24T03:36:42Z,New Zealand,New Zealand,EarthScope PRIDE PPP-AR kin quality-passing stations,35 km south-east of St Arnaud,6.200000,2,4.181758,3.444845,75.243582,225.500000,6.152946,-0.047054,0.047054,distance_km<=300; min_stations>=1
dist_le_300km,Station distance <= 300 km,DISTANCE,crowell_2016_gfast,median,2016p661332,2016-09-01T16:37:55Z,New Zealand,New Zealand,EarthScope PRIDE PPP-AR kin quality-passing stations,120 km north-east of Te Araroa,7.100000,8,5.371069,3.074888,173.572461,189.000000,7.223835,0.123836,0.123836,distance_km<=300; min_stations>=1
dist_le_300km,Station distance <= 300 km,DISTANCE,melgar_2015,median,2016p661332,2016-09-01T16:37:55Z,New Zealand,New Zealand,EarthScope PRIDE PPP-AR kin quality-passing stations,120 km north-east of Te Araroa,7.100000,8,5.371069,3.074888,173.572461,189.000000,6.944877,-0.155123,0.155123,distance_km<=300; min_stations>=1
dist_le_300km,Station distance <= 300 km,DISTANCE,ruhl_2019,median,2016p661332,2016-09-01T16:37:55Z,New Zealand,New Zealand,EarthScope PRIDE PPP-AR kin quality-passing stations,120 km north-east of Te Araroa,7.100000,8,5.371069,3.074888,173.572461,189.000000,6.736597,-0.363403,0.363403,distance_km<=300; min_stations>=1
dist_le_300km,Station distance <= 300 km,DISTANCE,crowell_2016_gfast,median,2016p661400,2016-09-01T17:14:05Z,New Zealand,New Zealand,EarthScope PRIDE PPP-AR kin quality-passing stations,105 km north-east of Te Araroa,6.200000,8,4.106962,2.518449,164.379035,189.000000,7.128296,0.928296,0.928296,distance_km<=300; min_stations>=1
dist_le_300km,Station distance <= 300 km,DISTANCE,melgar_2015,median,2016p661400,2016-09-01T17:14:05Z,New Zealand,New Zealand,EarthScope PRIDE PPP-AR kin quality-passing stations,105 km north-east of Te Araroa,6.200000,8,4.106962,2.518449,164.379035,189.000000,6.804521,0.604521,0.604521,distance_km<=300; min_stations>=1
dist_le_300km,Station distance <= 300 km,DISTANCE,ruhl_2019,median,2016p661400,2016-09-01T17:14:05Z,New Zealand,New Zealand,EarthScope PRIDE PPP-AR kin quality-passing stations,105 km north-east of Te Araroa,6.200000,8,4.106962,2.518449,164.379035,189.000000,6.585737,0.385737,0.385737,distance_km<=300; min_stations>=1
dist_le_300km,Station distance <= 300 km,DISTANCE,crowell_2016_gfast,median,2016p858000,2016-11-13T11:02:56Z,New Zealand,New Zealand,EarthScope PRIDE PPP-AR kin quality-passing stations,15 km north-east of Culverden,7.800000,14,24.146968,13.944506,147.886022,106.000000,7.592933,-0.207067,0.207067,distance_km<=300; min_stations>=1
dist_le_300km,Station distance <= 300 km,DISTANCE,melgar_2015,median,2016p858000,2016-11-13T11:02:56Z,New Zealand,New Zealand,EarthScope PRIDE PPP-AR kin quality-passing stations,15 km north-east of Culverden,7.800000,14,24.146968,13.944506,147.886022,106.000000,7.560875,-0.239125,0.239125,distance_km<=300; min_stations>=1
dist_le_300km,Station distance <= 300 km,DISTANCE,ruhl_2019,median,2016p858000,2016-11-13T11:02:56Z,New Zealand,New Zealand,EarthScope PRIDE PPP-AR kin quality-passing stations,15 km north-east of Culverden,7.800000,14,24.146968,13.944506,147.886022,106.000000,7.386468,-0.413532,0.413532,distance_km<=300; min_stations>=1
dist_le_300km,Station distance <= 300 km,DISTANCE,crowell_2016_gfast,median,2016p858007,2016-11-13T11:05:14Z,New Zealand,New Zealand,EarthScope PRIDE PPP-AR kin quality-passing stations,45 km south-west of Seddon,6.000000,22,12.697283,1.805160,148.467382,4.500000,7.466593,1.466593,1.466593,distance_km<=300; min_stations>=1
dist_le_300km,Station distance <= 300 km,DISTANCE,melgar_2015,median,2016p858007,2016-11-13T11:05:14Z,New Zealand,New Zealand,EarthScope PRIDE PPP-AR kin quality-passing stations,45 km south-west of Seddon,6.000000,22,12.697283,1.805160,148.467382,4.500000,7.383383,1.383383,1.383383,distance_km<=300; min_stations>=1
dist_le_300km,Station distance <= 300 km,DISTANCE,ruhl_2019,median,2016p858007,2016-11-13T11:05:14Z,New Zealand,New Zealand,EarthScope PRIDE PPP-AR kin quality-passing stations,45 km south-west of Seddon,6.000000,22,12.697283,1.805160,148.467382,4.500000,7.204731,1.204731,1.204731,distance_km<=300; min_stations>=1
dist_le_300km,Station distance <= 300 km,DISTANCE,crowell_2016_gfast,median,2016p858021,2016-11-13T11:12:35Z,New Zealand,New Zealand,EarthScope PRIDE PPP-AR kin quality-passing stations,5 km east of Kaikoura,6.000000,20,6.164964,1.406865,162.855379,367.000000,7.312627,1.312627,1.312627,distance_km<=300; min_stations>=1
dist_le_300km,Station distance <= 300 km,DISTANCE,melgar_2015,median,2016p858021,2016-11-13T11:12:35Z,New Zealand,New Zealand,EarthScope PRIDE PPP-AR kin quality-passing stations,5 km east of Kaikoura,6.000000,20,6.164964,1.406865,162.855379,367.000000,7.103324,1.103324,1.103324,distance_km<=300; min_stations>=1
dist_le_300km,Station distance <= 300 km,DISTANCE,ruhl_2019,median,2016p858021,2016-11-13T11:12:35Z,New Zealand,New Zealand,EarthScope PRIDE PPP-AR kin quality-passing stations,5 km east of Kaikoura,6.000000,20,6.164964,1.406865,162.855379,367.000000,6.908145,0.908145,0.908145,distance_km<=300; min_stations>=1
dist_le_300km,Station distance <= 300 km,DISTANCE,crowell_2016_gfast,median,2016p858055,2016-11-13T11:32:07Z,New Zealand,New Zealand,EarthScope PRIDE PPP-AR kin quality-passing stations,15 km north of Kaikoura,6.200000,29,4.464762,2.961341,157.097930,295.000000,7.124169,0.924169,0.924169,distance_km<=300; min_stations>=1
dist_le_300km,Station distance <= 300 km,DISTANCE,melgar_2015,median,2016p858055,2016-11-13T11:32:07Z,New Zealand,New Zealand,EarthScope PRIDE PPP-AR kin quality-passing stations,15 km north of Kaikoura,6.200000,29,4.464762,2.961341,157.097930,295.000000,6.835379,0.635379,0.635379,distance_km<=300; min_stations>=1
dist_le_300km,Station distance <= 300 km,DISTANCE,ruhl_2019,median,2016p858055,2016-11-13T11:32:07Z,New Zealand,New Zealand,EarthScope PRIDE PPP-AR kin quality-passing stations,15 km north of Kaikoura,6.200000,29,4.464762,2.961341,157.097930,295.000000,6.617911,0.417911,0.417911,distance_km<=300; min_stations>=1
dist_le_300km,Station distance <= 300 km,DISTANCE,crowell_2016_gfast,median,2016p858094,2016-11-13T11:52:44Z,New Zealand,New Zealand,EarthScope PRIDE PPP-AR kin quality-passing stations,20 km north of Kaikoura,6.100000,30,3.366494,2.683434,155.602525,256.000000,6.994879,0.894880,0.894880,distance_km<=300; min_stations>=1
dist_le_300km,Station distance <= 300 km,DISTANCE,melgar_2015,median,2016p858094,2016-11-13T11:52:44Z,New Zealand,New Zealand,EarthScope PRIDE PPP-AR kin quality-passing stations,20 km north of Kaikoura,6.100000,30,3.366494,2.683434,155.602525,256.000000,6.662619,0.562619,0.562619,distance_km<=300; min_stations>=1
dist_le_300km,Station distance <= 300 km,DISTANCE,ruhl_2019,median,2016p858094,2016-11-13T11:52:44Z,New Zealand,New Zealand,EarthScope PRIDE PPP-AR kin quality-passing stations,20 km north of Kaikoura,6.100000,30,3.366494,2.683434,155.602525,256.000000,6.431948,0.331948,0.331948,distance_km<=300; min_stations>=1
dist_le_300km,Station distance <= 300 km,DISTANCE,crowell_2016_gfast,median,2016p859524,2016-11-14T00:34:23Z,New Zealand,New Zealand,EarthScope PRIDE PPP-AR kin quality-passing stations,25 km east of Hanmer Springs,6.700000,21,5.389304,3.023112,141.431410,296.000000,7.098035,0.398035,0.398035,distance_km<=300; min_stations>=1
dist_le_300km,Station distance <= 300 km,DISTANCE,melgar_2015,median,2016p859524,2016-11-14T00:34:23Z,New Zealand,New Zealand,EarthScope PRIDE PPP-AR kin quality-passing stations,25 km east of Hanmer Springs,6.700000,21,5.389304,3.023112,141.431410,296.000000,6.872470,0.172470,0.172470,distance_km<=300; min_stations>=1
dist_le_300km,Station distance <= 300 km,DISTANCE,ruhl_2019,median,2016p859524,2016-11-14T00:34:23Z,New Zealand,New Zealand,EarthScope PRIDE PPP-AR kin quality-passing stations,25 km east of Hanmer Springs,6.700000,21,5.389304,3.023112,141.431410,296.000000,6.656757,-0.043243,0.043243,distance_km<=300; min_stations>=1
dist_le_300km,Station distance <= 300 km,DISTANCE,crowell_2016_gfast,median,2021p169083,2021-03-04T13:27:35Z,New Zealand,New Zealand,EarthScope PRIDE PPP-AR kin quality-passing stations,140 km east of Te Araroa,7.200000,12,6.197426,3.133979,201.247349,123.000000,7.375758,0.175758,0.175758,distance_km<=300; min_stations>=1
dist_le_300km,Station distance <= 300 km,DISTANCE,melgar_2015,median,2021p169083,2021-03-04T13:27:35Z,New Zealand,New Zealand,EarthScope PRIDE PPP-AR kin quality-passing stations,140 km east of Te Araroa,7.200000,12,6.197426,3.133979,201.247349,123.000000,7.169688,-0.030312,0.030312,distance_km<=300; min_stations>=1
dist_le_300km,Station distance <= 300 km,DISTANCE,ruhl_2019,median,2021p169083,2021-03-04T13:27:35Z,New Zealand,New Zealand,EarthScope PRIDE PPP-AR kin quality-passing stations,140 km east of Te Araroa,7.200000,12,6.197426,3.133979,201.247349,123.000000,6.981440,-0.218560,0.218560,distance_km<=300; min_stations>=1
dist_le_300km,Station distance <= 300 km,DISTANCE,crowell_2016_gfast,median,2025p224518,2025-03-25T01:43:09Z,New Zealand,New Zealand,EarthScope PRIDE PPP-AR kin quality-passing stations,155 km north-west of Snares Islands,6.800000,3,2.563201,3.141953,200.895715,530.000000,7.122547,0.322547,0.322547,distance_km<=300; min_stations>=1
dist_le_300km,Station distance <= 300 km,DISTANCE,melgar_2015,median,2025p224518,2025-03-25T01:43:09Z,New Zealand,New Zealand,EarthScope PRIDE PPP-AR kin quality-passing stations,155 km north-west of Snares Islands,6.800000,3,2.563201,3.141953,200.895715,530.000000,6.677154,-0.122846,0.122846,distance_km<=300; min_stations>=1
dist_le_300km,Station distance <= 300 km,DISTANCE,ruhl_2019,median,2025p224518,2025-03-25T01:43:09Z,New Zealand,New Zealand,EarthScope PRIDE PPP-AR kin quality-passing stations,155 km north-west of Snares Islands,6.800000,3,2.563201,3.141953,200.895715,530.000000,6.451359,-0.348641,0.348641,distance_km<=300; min_stations>=1
dist_le_300km,Station distance <= 300 km,DISTANCE,crowell_2016_gfast,median,2025p506857,2025-07-07T12:53:41Z,New Zealand,New Zealand,EarthScope PRIDE PPP-AR kin quality-passing stations,120 km north-west of Snares Islands,6.100000,5,2.346700,2.574775,227.873185,204.000000,7.105146,1.005146,1.005146,distance_km<=300; min_stations>=1
dist_le_300km,Station distance <= 300 km,DISTANCE,melgar_2015,median,2025p506857,2025-07-07T12:53:41Z,New Zealand,New Zealand,EarthScope PRIDE PPP-AR kin quality-passing stations,120 km north-west of Snares Islands,6.100000,5,2.346700,2.574775,227.873185,204.000000,6.668006,0.568006,0.568006,distance_km<=300; min_stations>=1
dist_le_300km,Station distance <= 300 km,DISTANCE,ruhl_2019,median,2025p506857,2025-07-07T12:53:41Z,New Zealand,New Zealand,EarthScope PRIDE PPP-AR kin quality-passing stations,120 km north-west of Snares Islands,6.100000,5,2.346700,2.574775,227.873185,204.000000,6.437110,0.337110,0.337110,distance_km<=300; min_stations>=1
dist_le_300km,Station distance <= 300 km,DISTANCE,crowell_2016_gfast,median,ak0138esnzr,2013-01-05T08:58:14.957000Z,United States,US,EarthScope PRIDE PPP-AR kin quality-passing stations,"110 km SW of Edna Bay, Alaska",7.500000,2,23.526045,9.012014,163.348518,51.043000,7.805161,0.305161,0.305161,distance_km<=300; min_stations>=1
dist_le_300km,Station distance <= 300 km,DISTANCE,melgar_2015,median,ak0138esnzr,2013-01-05T08:58:14.957000Z,United States,US,EarthScope PRIDE PPP-AR kin quality-passing stations,"110 km SW of Edna Bay, Alaska",7.500000,2,23.526045,9.012014,163.348518,51.043000,7.778059,0.278059,0.278059,distance_km<=300; min_stations>=1
dist_le_300km,Station distance <= 300 km,DISTANCE,ruhl_2019,median,ak0138esnzr,2013-01-05T08:58:14.957000Z,United States,US,EarthScope PRIDE PPP-AR kin quality-passing stations,"110 km SW of Edna Bay, Alaska",7.500000,2,23.526045,9.012014,163.348518,51.043000,7.633584,0.133584,0.133584,distance_km<=300; min_stations>=1
dist_le_300km,Station distance <= 300 km,DISTANCE,crowell_2016_gfast,median,ak0149guzic1,2014-07-25T10:54:50.417000Z,United States,US,EarthScope PRIDE PPP-AR kin quality-passing stations,"40 km WNW of Elfin Cove, Alaska",6.000000,3,4.420328,3.250116,142.068380,256.583000,6.995212,0.995212,0.995212,distance_km<=300; min_stations>=1
dist_le_300km,Station distance <= 300 km,DISTANCE,melgar_2015,median,ak0149guzic1,2014-07-25T10:54:50.417000Z,United States,US,EarthScope PRIDE PPP-AR kin quality-passing stations,"40 km WNW of Elfin Cove, Alaska",6.000000,3,4.420328,3.250116,142.068380,256.583000,6.655415,0.655415,0.655415,distance_km<=300; min_stations>=1
dist_le_300km,Station distance <= 300 km,DISTANCE,ruhl_2019,median,ak0149guzic1,2014-07-25T10:54:50.417000Z,United States,US,EarthScope PRIDE PPP-AR kin quality-passing stations,"40 km WNW of Elfin Cove, Alaska",6.000000,3,4.420328,3.250116,142.068380,256.583000,6.424071,0.424071,0.424071,distance_km<=300; min_stations>=1
dist_le_300km,Station distance <= 300 km,DISTANCE,crowell_2016_gfast,median,ak014cbigci8,2014-09-25T17:51:17.606000Z,United States,US,EarthScope PRIDE PPP-AR kin quality-passing stations,"22 km WSW of Skwentna, Alaska",6.200000,8,5.880795,3.113456,140.610391,159.394000,7.185227,0.985227,0.985227,distance_km<=300; min_stations>=1
dist_le_300km,Station distance <= 300 km,DISTANCE,melgar_2015,median,ak014cbigci8,2014-09-25T17:51:17.606000Z,United States,US,EarthScope PRIDE PPP-AR kin quality-passing stations,"22 km WSW of Skwentna, Alaska",6.200000,8,5.880795,3.113456,140.610391,159.394000,6.914386,0.714386,0.714386,distance_km<=300; min_stations>=1
dist_le_300km,Station distance <= 300 km,DISTANCE,ruhl_2019,median,ak014cbigci8,2014-09-25T17:51:17.606000Z,United States,US,EarthScope PRIDE PPP-AR kin quality-passing stations,"22 km WSW of Skwentna, Alaska",6.200000,8,5.880795,3.113456,140.610391,159.394000,6.703558,0.503558,0.503558,distance_km<=300; min_stations>=1
dist_le_300km,Station distance <= 300 km,DISTANCE,crowell_2016_gfast,median,ak0156uj8rk3,2015-05-29T07:00:09.634000Z,United States,US,EarthScope PRIDE PPP-AR kin quality-passing stations,"117 km SSE of Ugashik, Alaska",6.800000,5,3.686001,2.807257,150.082964,202.366000,7.033155,0.233155,0.233155,distance_km<=300; min_stations>=1
dist_le_300km,Station distance <= 300 km,DISTANCE,melgar_2015,median,ak0156uj8rk3,2015-05-29T07:00:09.634000Z,United States,US,EarthScope PRIDE PPP-AR kin quality-passing stations,"117 km SSE of Ugashik, Alaska",6.800000,5,3.686001,2.807257,150.082964,202.366000,6.703249,-0.096751,0.096751,distance_km<=300; min_stations>=1
dist_le_300km,Station distance <= 300 km,DISTANCE,ruhl_2019,median,ak0156uj8rk3,2015-05-29T07:00:09.634000Z,United States,US,EarthScope PRIDE PPP-AR kin quality-passing stations,"117 km SSE of Ugashik, Alaska",6.800000,5,3.686001,2.807257,150.082964,202.366000,6.475726,-0.324274,0.324274,distance_km<=300; min_stations>=1
dist_le_300km,Station distance <= 300 km,DISTANCE,crowell_2016_gfast,median,ak0159nc9dk8,2015-07-29T02:35:59.449000Z,United States,US,EarthScope PRIDE PPP-AR kin quality-passing stations,"52 km ENE of Pedro Bay, Alaska",6.400000,24,6.428864,2.933943,140.080694,367.551000,7.262744,0.862744,0.862744,distance_km<=300; min_stations>=1
dist_le_300km,Station distance <= 300 km,DISTANCE,melgar_2015,median,ak0159nc9dk8,2015-07-29T02:35:59.449000Z,United States,US,EarthScope PRIDE PPP-AR kin quality-passing stations,"52 km ENE of Pedro Bay, Alaska",6.400000,24,6.428864,2.933943,140.080694,367.551000,7.045167,0.645167,0.645167,distance_km<=300; min_stations>=1
dist_le_300km,Station distance <= 300 km,DISTANCE,ruhl_2019,median,ak0159nc9dk8,2015-07-29T02:35:59.449000Z,United States,US,EarthScope PRIDE PPP-AR kin quality-passing stations,"52 km ENE of Pedro Bay, Alaska",6.400000,24,6.428864,2.933943,140.080694,367.551000,6.843846,0.443846,0.443846,distance_km<=300; min_stations>=1
dist_le_300km,Station distance <= 300 km,DISTANCE,crowell_2016_gfast,median,ak01613v15nv,2016-01-24T10:30:29.557000Z,United States,US,EarthScope PRIDE PPP-AR kin quality-passing stations,"47 km ESE of Pedro Bay, Alaska",7.100000,17,6.349087,2.058382,150.095796,176.443000,7.214723,0.114723,0.114723,distance_km<=300; min_stations>=1
dist_le_300km,Station distance <= 300 km,DISTANCE,melgar_2015,median,ak01613v15nv,2016-01-24T10:30:29.557000Z,United States,US,EarthScope PRIDE PPP-AR kin quality-passing stations,"47 km ESE of Pedro Bay, Alaska",7.100000,17,6.349087,2.058382,150.095796,176.443000,6.999605,-0.100395,0.100395,distance_km<=300; min_stations>=1
dist_le_300km,Station distance <= 300 km,DISTANCE,ruhl_2019,median,ak01613v15nv,2016-01-24T10:30:29.557000Z,United States,US,EarthScope PRIDE PPP-AR kin quality-passing stations,"47 km ESE of Pedro Bay, Alaska",7.100000,17,6.349087,2.058382,150.095796,176.443000,6.792457,-0.307543,0.307543,distance_km<=300; min_stations>=1
dist_le_300km,Station distance <= 300 km,DISTANCE,crowell_2016_gfast,median,ak01649w95tp,2016-04-02T05:50:00.932000Z,United States,US,EarthScope PRIDE PPP-AR kin quality-passing stations,"42 km E of Port Heiden, Alaska",6.200000,3,5.470256,2.707266,66.776295,508.068000,6.831879,0.631879,0.631879,distance_km<=300; min_stations>=1
dist_le_300km,Station distance <= 300 km,DISTANCE,melgar_2015,median,ak01649w95tp,2016-04-02T05:50:00.932000Z,United States,US,EarthScope PRIDE PPP-AR kin quality-passing stations,"42 km E of Port Heiden, Alaska",6.200000,3,5.470256,2.707266,66.776295,508.068000,6.631302,0.431302,0.431302,distance_km<=300; min_stations>=1
dist_le_300km,Station distance <= 300 km,DISTANCE,ruhl_2019,median,ak01649w95tp,2016-04-02T05:50:00.932000Z,United States,US,EarthScope PRIDE PPP-AR kin quality-passing stations,"42 km E of Port Heiden, Alaska",6.200000,3,5.470256,2.707266,66.776295,508.068000,6.393547,0.193547,0.193547,distance_km<=300; min_stations>=1
dist_le_300km,Station distance <= 300 km,DISTANCE,crowell_2016_gfast,median,ak018aap2cqu,2018-08-12T14:58:53.503000Z,United States,US,EarthScope PRIDE PPP-AR kin quality-passing stations,"89 km SW of Kaktovik, Alaska",6.400000,2,7.591081,3.196667,185.025607,571.497000,7.451199,1.051199,1.051199,distance_km<=300; min_stations>=1
dist_le_300km,Station distance <= 300 km,DISTANCE,melgar_2015,median,ak018aap2cqu,2018-08-12T14:58:53.503000Z,United States,US,EarthScope PRIDE PPP-AR kin quality-passing stations,"89 km SW of Kaktovik, Alaska",6.400000,2,7.591081,3.196667,185.025607,571.497000,7.232306,0.832306,0.832306,distance_km<=300; min_stations>=1
dist_le_300km,Station distance <= 300 km,DISTANCE,ruhl_2019,median,ak018aap2cqu,2018-08-12T14:58:53.503000Z,United States,US,EarthScope PRIDE PPP-AR kin quality-passing stations,"89 km SW of Kaktovik, Alaska",6.400000,2,7.591081,3.196667,185.025607,571.497000,7.047907,0.647907,0.647907,distance_km<=300; min_stations>=1
dist_le_300km,Station distance <= 300 km,DISTANCE,crowell_2016_gfast,median,ak018aasz24z,2018-08-12T21:15:00.999000Z,United States,US,EarthScope PRIDE PPP-AR kin quality-passing stations,"73 km SSW of Kaktovik, Alaska",6.000000,2,10.859319,1.981771,215.380665,145.001000,7.697434,1.697434,1.697434,distance_km<=300; min_stations>=1
dist_le_300km,Station distance <= 300 km,DISTANCE,melgar_2015,median,ak018aasz24z,2018-08-12T21:15:00.999000Z,United States,US,EarthScope PRIDE PPP-AR kin quality-passing stations,"73 km SSW of Kaktovik, Alaska",6.000000,2,10.859319,1.981771,215.380665,145.001000,7.517430,1.517430,1.517430,distance_km<=300; min_stations>=1
dist_le_300km,Station distance <= 300 km,DISTANCE,ruhl_2019,median,ak018aasz24z,2018-08-12T21:15:00.999000Z,United States,US,EarthScope PRIDE PPP-AR kin quality-passing stations,"73 km SSW of Kaktovik, Alaska",6.000000,2,10.859319,1.981771,215.380665,145.001000,7.358713,1.358713,1.358713,distance_km<=300; min_stations>=1
dist_le_300km,Station distance <= 300 km,DISTANCE,crowell_2016_gfast,median,ak0216xu2rod,2021-05-31T06:59:55.581000Z,United States,US,EarthScope PRIDE PPP-AR kin quality-passing stations,"73 km N of Chickaloon, Alaska",6.100000,13,3.186424,2.220186,128.997016,278.419000,6.929549,0.829549,0.829549,distance_km<=300; min_stations>=1
dist_le_300km,Station distance <= 300 km,DISTANCE,melgar_2015,median,ak0216xu2rod,2021-05-31T06:59:55.581000Z,United States,US,EarthScope PRIDE PPP-AR kin quality-passing stations,"73 km N of Chickaloon, Alaska",6.100000,13,3.186424,2.220186,128.997016,278.419000,6.583344,0.483344,0.483344,distance_km<=300; min_stations>=1
dist_le_300km,Station distance <= 300 km,DISTANCE,ruhl_2019,median,ak0216xu2rod,2021-05-31T06:59:55.581000Z,United States,US,EarthScope PRIDE PPP-AR kin quality-passing stations,"73 km N of Chickaloon, Alaska",6.100000,13,3.186424,2.220186,128.997016,278.419000,6.346733,0.246733,0.246733,distance_km<=300; min_stations>=1
dist_le_300km,Station distance <= 300 km,DISTANCE,crowell_2016_gfast,median,ak021d1u1nos,2021-10-11T09:10:25.147000Z,United States,US,EarthScope PRIDE PPP-AR kin quality-passing stations,"112 km E of Chignik, Alaska",6.900000,1,4.247658,2.127646,171.713324,397.853000,7.159418,0.259418,0.259418,distance_km<=300; min_stations>=1
dist_le_300km,Station distance <= 300 km,DISTANCE,melgar_2015,median,ak021d1u1nos,2021-10-11T09:10:25.147000Z,United States,US,EarthScope PRIDE PPP-AR kin quality-passing stations,"112 km E of Chignik, Alaska",6.900000,1,4.247658,2.127646,171.713324,397.853000,6.853737,-0.046263,0.046263,distance_km<=300; min_stations>=1
dist_le_300km,Station distance <= 300 km,DISTANCE,ruhl_2019,median,ak021d1u1nos,2021-10-11T09:10:25.147000Z,United States,US,EarthScope PRIDE PPP-AR kin quality-passing stations,"112 km E of Chignik, Alaska",6.900000,1,4.247658,2.127646,171.713324,397.853000,6.638626,-0.261374,0.261374,distance_km<=300; min_stations>=1
dist_le_300km,Station distance <= 300 km,DISTANCE,crowell_2016_gfast,median,ak2025xjbvhj,2025-11-27T17:11:29.059000Z,United States,US,EarthScope PRIDE PPP-AR kin quality-passing stations,"12 km WNW of Susitna, Alaska",6.000000,7,2.773229,2.085237,124.429892,127.941000,6.849512,0.849512,0.849512,distance_km<=300; min_stations>=1
dist_le_300km,Station distance <= 300 km,DISTANCE,melgar_2015,median,ak2025xjbvhj,2025-11-27T17:11:29.059000Z,United States,US,EarthScope PRIDE PPP-AR kin quality-passing stations,"12 km WNW of Susitna, Alaska",6.000000,7,2.773229,2.085237,124.429892,127.941000,6.407797,0.407797,0.407797,distance_km<=300; min_stations>=1
dist_le_300km,Station distance <= 300 km,DISTANCE,ruhl_2019,median,ak2025xjbvhj,2025-11-27T17:11:29.059000Z,United States,US,EarthScope PRIDE PPP-AR kin quality-passing stations,"12 km WNW of Susitna, Alaska",6.000000,7,2.773229,2.085237,124.429892,127.941000,6.158118,0.158118,0.158118,distance_km<=300; min_stations>=1
dist_le_300km,Station distance <= 300 km,DISTANCE,crowell_2016_gfast,median,hv72748782,2021-10-10T21:48:36.560000Z,United States,US,EarthScope PRIDE PPP-AR kin quality-passing stations,"27 km SSE of Naalehu, Hawaii",6.210000,4,5.043088,1.858640,77.422159,546.440000,6.690914,0.480914,0.480914,distance_km<=300; min_stations>=1
dist_le_300km,Station distance <= 300 km,DISTANCE,melgar_2015,median,hv72748782,2021-10-10T21:48:36.560000Z,United States,US,EarthScope PRIDE PPP-AR kin quality-passing stations,"27 km SSE of Naalehu, Hawaii",6.210000,4,5.043088,1.858640,77.422159,546.440000,6.472074,0.262074,0.262074,distance_km<=300; min_stations>=1
dist_le_300km,Station distance <= 300 km,DISTANCE,ruhl_2019,median,hv72748782,2021-10-10T21:48:36.560000Z,United States,US,EarthScope PRIDE PPP-AR kin quality-passing stations,"27 km SSE of Naalehu, Hawaii",6.210000,4,5.043088,1.858640,77.422159,546.440000,6.222017,0.012017,0.012017,distance_km<=300; min_stations>=1
dist_le_300km,Station distance <= 300 km,DISTANCE,crowell_2016_gfast,median,nc71338066,2010-01-10T00:27:39.320000Z,United States,US,EarthScope PRIDE PPP-AR kin quality-passing stations,"The 2010 Eureka, California Earthquake",6.500000,1,4.461098,2.629883,47.863806,508.680000,6.432775,-0.067225,0.067225,distance_km<=300; min_stations>=1
dist_le_300km,Station distance <= 300 km,DISTANCE,melgar_2015,median,nc71338066,2010-01-10T00:27:39.320000Z,United States,US,EarthScope PRIDE PPP-AR kin quality-passing stations,"The 2010 Eureka, California Earthquake",6.500000,1,4.461098,2.629883,47.863806,508.680000,6.236135,-0.263865,0.263865,distance_km<=300; min_stations>=1
dist_le_300km,Station distance <= 300 km,DISTANCE,ruhl_2019,median,nc71338066,2010-01-10T00:27:39.320000Z,United States,US,EarthScope PRIDE PPP-AR kin quality-passing stations,"The 2010 Eureka, California Earthquake",6.500000,1,4.461098,2.629883,47.863806,508.680000,5.968707,-0.531293,0.531293,distance_km<=300; min_stations>=1
dist_le_300km,Station distance <= 300 km,DISTANCE,crowell_2016_gfast,median,nc73666231,2021-12-20T20:10:31.310000Z,United States,US,EarthScope PRIDE PPP-AR kin quality-passing stations,"7km N of Petrolia, CA",6.200000,4,4.168486,3.055785,33.502648,204.500000,6.225274,0.025273,0.025273,distance_km<=300; min_stations>=1
dist_le_300km,Station distance <= 300 km,DISTANCE,melgar_2015,median,nc73666231,2021-12-20T20:10:31.310000Z,United States,US,EarthScope PRIDE PPP-AR kin quality-passing stations,"7km N of Petrolia, CA",6.200000,4,4.168486,3.055785,33.502648,204.500000,6.040895,-0.159105,0.159105,distance_km<=300; min_stations>=1
dist_le_300km,Station distance <= 300 km,DISTANCE,ruhl_2019,median,nc73666231,2021-12-20T20:10:31.310000Z,United States,US,EarthScope PRIDE PPP-AR kin quality-passing stations,"7km N of Petrolia, CA",6.200000,4,4.168486,3.055785,33.502648,204.500000,5.760452,-0.439548,0.439548,distance_km<=300; min_stations>=1
dist_le_300km,Station distance <= 300 km,DISTANCE,crowell_2016_gfast,median,nc73821036,2022-12-20T10:34:24.770000Z,United States,US,EarthScope PRIDE PPP-AR kin quality-passing stations,"15km WSW of Ferndale, CA",6.400000,58,3.009765,2.638466,119.350969,116.730000,6.748739,0.348739,0.348739,distance_km<=300; min_stations>=1
dist_le_300km,Station distance <= 300 km,DISTANCE,melgar_2015,median,nc73821036,2022-12-20T10:34:24.770000Z,United States,US,EarthScope PRIDE PPP-AR kin quality-passing stations,"15km WSW of Ferndale, CA",6.400000,58,3.009765,2.638466,119.350969,116.730000,6.396311,-0.003690,0.003690,distance_km<=300; min_stations>=1
dist_le_300km,Station distance <= 300 km,DISTANCE,ruhl_2019,median,nc73821036,2022-12-20T10:34:24.770000Z,United States,US,EarthScope PRIDE PPP-AR kin quality-passing stations,"15km WSW of Ferndale, CA",6.400000,58,3.009765,2.638466,119.350969,116.730000,6.144597,-0.255403,0.255403,distance_km<=300; min_stations>=1
dist_le_300km,Station distance <= 300 km,DISTANCE,crowell_2016_gfast,median,pr2019267000,2019-09-24T03:23:40.000000Z,United States,US,EarthScope PRIDE PPP-AR kin quality-passing stations,"67 km NNW of San Antonio, Puerto Rico",6.000000,9,6.238574,3.137156,133.485101,465.000000,7.284079,1.284079,1.284079,distance_km<=300; min_stations>=1
dist_le_300km,Station distance <= 300 km,DISTANCE,melgar_2015,median,pr2019267000,2019-09-24T03:23:40.000000Z,United States,US,EarthScope PRIDE PPP-AR kin quality-passing stations,"67 km NNW of San Antonio, Puerto Rico",6.000000,9,6.238574,3.137156,133.485101,465.000000,7.077603,1.077603,1.077603,distance_km<=300; min_stations>=1
dist_le_300km,Station distance <= 300 km,DISTANCE,ruhl_2019,median,pr2019267000,2019-09-24T03:23:40.000000Z,United States,US,EarthScope PRIDE PPP-AR kin quality-passing stations,"67 km NNW of San Antonio, Puerto Rico",6.000000,9,6.238574,3.137156,133.485101,465.000000,6.881144,0.881144,0.881144,distance_km<=300; min_stations>=1
dist_le_300km,Station distance <= 300 km,DISTANCE,crowell_2016_gfast,median,pr2020007007,2020-01-07T08:24:27.370Z,Puerto Rico,Americas,EarthScope PRIDE PPP-AR kin quality-passing stations,"4 km SSE of Indios, Puerto Rico",6.400000,9,9.387620,3.898337,74.765143,391.630000,7.102913,0.702913,0.702913,distance_km<=300; min_stations>=1
dist_le_300km,Station distance <= 300 km,DISTANCE,melgar_2015,median,pr2020007007,2020-01-07T08:24:27.370Z,Puerto Rico,Americas,EarthScope PRIDE PPP-AR kin quality-passing stations,"4 km SSE of Indios, Puerto Rico",6.400000,9,9.387620,3.898337,74.765143,391.630000,7.067454,0.667454,0.667454,distance_km<=300; min_stations>=1
dist_le_300km,Station distance <= 300 km,DISTANCE,ruhl_2019,median,pr2020007007,2020-01-07T08:24:27.370Z,Puerto Rico,Americas,EarthScope PRIDE PPP-AR kin quality-passing stations,"4 km SSE of Indios, Puerto Rico",6.400000,9,9.387620,3.898337,74.765143,391.630000,6.857413,0.457413,0.457413,distance_km<=300; min_stations>=1
dist_le_300km,Station distance <= 300 km,DISTANCE,crowell_2016_gfast,median,us10003vyx,2015-11-09T16:03:46.070000Z,United States,US,EarthScope PRIDE PPP-AR kin quality-passing stations,"99 km SE of Atka, Alaska",6.500000,1,6.300325,2.931911,101.241372,332.930000,6.991025,0.491025,0.491025,distance_km<=300; min_stations>=1
dist_le_300km,Station distance <= 300 km,DISTANCE,melgar_2015,median,us10003vyx,2015-11-09T16:03:46.070000Z,United States,US,EarthScope PRIDE PPP-AR kin quality-passing stations,"99 km SE of Atka, Alaska",6.500000,1,6.300325,2.931911,101.241372,332.930000,6.794276,0.294276,0.294276,distance_km<=300; min_stations>=1
dist_le_300km,Station distance <= 300 km,DISTANCE,ruhl_2019,median,us10003vyx,2015-11-09T16:03:46.070000Z,United States,US,EarthScope PRIDE PPP-AR kin quality-passing stations,"99 km SE of Atka, Alaska",6.500000,1,6.300325,2.931911,101.241372,332.930000,6.569495,0.069495,0.069495,distance_km<=300; min_stations>=1
dist_le_300km,Station distance <= 300 km,DISTANCE,crowell_2016_gfast,median,us100047zq,2015-12-17T19:49:53.050Z,Mexico,Americas,EarthScope PRIDE PPP-AR kin quality-passing stations,"4 km W of Manuel Ávila Camacho (Ponte Duro), Mexico",6.600000,1,6.355543,1.386764,199.126305,460.950000,7.430807,0.830807,0.830807,distance_km<=300; min_stations>=1
dist_le_300km,Station distance <= 300 km,DISTANCE,melgar_2015,median,us100047zq,2015-12-17T19:49:53.050Z,Mexico,Americas,EarthScope PRIDE PPP-AR kin quality-passing stations,"4 km W of Manuel Ávila Camacho (Ponte Duro), Mexico",6.600000,1,6.355543,1.386764,199.126305,460.950000,7.176932,0.576932,0.576932,distance_km<=300; min_stations>=1
dist_le_300km,Station distance <= 300 km,DISTANCE,ruhl_2019,median,us100047zq,2015-12-17T19:49:53.050Z,Mexico,Americas,EarthScope PRIDE PPP-AR kin quality-passing stations,"4 km W of Manuel Ávila Camacho (Ponte Duro), Mexico",6.600000,1,6.355543,1.386764,199.126305,460.950000,6.989296,0.389296,0.389296,distance_km<=300; min_stations>=1
dist_le_300km,Station distance <= 300 km,DISTANCE,crowell_2016_gfast,median,us10004x1w,2016-03-12T18:06:44.760000Z,United States,US,EarthScope PRIDE PPP-AR kin quality-passing stations,"72 km SSE of Atka, Alaska",6.300000,1,6.009709,3.217592,76.318904,376.240000,6.804976,0.504976,0.504976,distance_km<=300; min_stations>=1
dist_le_300km,Station distance <= 300 km,DISTANCE,melgar_2015,median,us10004x1w,2016-03-12T18:06:44.760000Z,United States,US,EarthScope PRIDE PPP-AR kin quality-passing stations,"72 km SSE of Atka, Alaska",6.300000,1,6.009709,3.217592,76.318904,376.240000,6.622046,0.322046,0.322046,distance_km<=300; min_stations>=1
dist_le_300km,Station distance <= 300 km,DISTANCE,ruhl_2019,median,us10004x1w,2016-03-12T18:06:44.760000Z,United States,US,EarthScope PRIDE PPP-AR kin quality-passing stations,"72 km SSE of Atka, Alaska",6.300000,1,6.009709,3.217592,76.318904,376.240000,6.382794,0.082794,0.082794,distance_km<=300; min_stations>=1
dist_le_300km,Station distance <= 300 km,DISTANCE,crowell_2016_gfast,median,us10007c4w,2016-11-24T18:43:47.710Z,El Salvador,Americas,EarthScope PRIDE PPP-AR kin quality-passing stations,"156 km SSW of Puerto El Triunfo, El Salvador",6.900000,2,7.853959,2.429730,204.395863,339.290000,7.531507,0.631507,0.631507,distance_km<=300; min_stations>=1
dist_le_300km,Station distance <= 300 km,DISTANCE,melgar_2015,median,us10007c4w,2016-11-24T18:43:47.710Z,El Salvador,Americas,EarthScope PRIDE PPP-AR kin quality-passing stations,"156 km SSW of Puerto El Triunfo, El Salvador",6.900000,2,7.853959,2.429730,204.395863,339.290000,7.306729,0.406728,0.406728,distance_km<=300; min_stations>=1
dist_le_300km,Station distance <= 300 km,DISTANCE,ruhl_2019,median,us10007c4w,2016-11-24T18:43:47.710Z,El Salvador,Americas,EarthScope PRIDE PPP-AR kin quality-passing stations,"156 km SSW of Puerto El Triunfo, El Salvador",6.900000,2,7.853959,2.429730,204.395863,339.290000,7.129886,0.229885,0.229885,distance_km<=300; min_stations>=1
dist_le_300km,Station distance <= 300 km,DISTANCE,crowell_2016_gfast,median,us10008mel,2017-05-01T12:31:55.590000Z,United States,US,EarthScope PRIDE PPP-AR kin quality-passing stations,"47 km NW of Mosquito Lake, Alaska",6.200000,4,4.249449,3.448120,157.649446,403.910000,7.066598,0.866598,0.866598,distance_km<=300; min_stations>=1
dist_le_300km,Station distance <= 300 km,DISTANCE,melgar_2015,median,us10008mel,2017-05-01T12:31:55.590000Z,United States,US,EarthScope PRIDE PPP-AR kin quality-passing stations,"47 km NW of Mosquito Lake, Alaska",6.200000,4,4.249449,3.448120,157.649446,403.910000,6.757492,0.557492,0.557492,distance_km<=300; min_stations>=1
dist_le_300km,Station distance <= 300 km,DISTANCE,ruhl_2019,median,us10008mel,2017-05-01T12:31:55.590000Z,United States,US,EarthScope PRIDE PPP-AR kin quality-passing stations,"47 km NW of Mosquito Lake, Alaska",6.200000,4,4.249449,3.448120,157.649446,403.910000,6.533934,0.333934,0.333934,distance_km<=300; min_stations>=1
dist_le_300km,Station distance <= 300 km,DISTANCE,crowell_2016_gfast,median,us10008mgu,2017-05-01T14:18:15.290000Z,United States,US,EarthScope PRIDE PPP-AR kin quality-passing stations,"48 km NW of Mosquito Lake, Alaska",6.300000,4,3.810289,2.338356,158.188678,493.210000,7.009959,0.709959,0.709959,distance_km<=300; min_stations>=1
dist_le_300km,Station distance <= 300 km,DISTANCE,melgar_2015,median,us10008mgu,2017-05-01T14:18:15.290000Z,United States,US,EarthScope PRIDE PPP-AR kin quality-passing stations,"48 km NW of Mosquito Lake, Alaska",6.300000,4,3.810289,2.338356,158.188678,493.210000,6.726522,0.426522,0.426522,distance_km<=300; min_stations>=1
dist_le_300km,Station distance <= 300 km,DISTANCE,ruhl_2019,median,us10008mgu,2017-05-01T14:18:15.290000Z,United States,US,EarthScope PRIDE PPP-AR kin quality-passing stations,"48 km NW of Mosquito Lake, Alaska",6.300000,4,3.810289,2.338356,158.188678,493.210000,6.499362,0.199362,0.199362,distance_km<=300; min_stations>=1
dist_le_300km,Station distance <= 300 km,DISTANCE,crowell_2016_gfast,median,us10008rtu,2017-05-12T10:41:26.710Z,El Salvador,Americas,EarthScope PRIDE PPP-AR kin quality-passing stations,"78 km SSW of Acajutla, El Salvador",6.200000,2,9.520039,1.906675,212.775520,260.790000,7.541158,1.341158,1.341158,distance_km<=300; min_stations>=1
dist_le_300km,Station distance <= 300 km,DISTANCE,melgar_2015,median,us10008rtu,2017-05-12T10:41:26.710Z,El Salvador,Americas,EarthScope PRIDE PPP-AR kin quality-passing stations,"78 km SSW of Acajutla, El Salvador",6.200000,2,9.520039,1.906675,212.775520,260.790000,7.324191,1.124191,1.124191,distance_km<=300; min_stations>=1
dist_le_300km,Station distance <= 300 km,DISTANCE,ruhl_2019,median,us10008rtu,2017-05-12T10:41:26.710Z,El Salvador,Americas,EarthScope PRIDE PPP-AR kin quality-passing stations,"78 km SSW of Acajutla, El Salvador",6.200000,2,9.520039,1.906675,212.775520,260.790000,7.151243,0.951243,0.951243,distance_km<=300; min_stations>=1
dist_le_300km,Station distance <= 300 km,DISTANCE,crowell_2016_gfast,median,us1000ga0z,2018-08-15T21:56:56.310000Z,United States,US,EarthScope PRIDE PPP-AR kin quality-passing stations,"108 km WSW of Adak, Alaska",6.500000,1,3.811771,2.332107,166.055410,31.690000,7.091784,0.591784,0.591784,distance_km<=300; min_stations>=1
dist_le_300km,Station distance <= 300 km,DISTANCE,melgar_2015,median,us1000ga0z,2018-08-15T21:56:56.310000Z,United States,US,EarthScope PRIDE PPP-AR kin quality-passing stations,"108 km WSW of Adak, Alaska",6.500000,1,3.811771,2.332107,166.055410,31.690000,6.771661,0.271661,0.271661,distance_km<=300; min_stations>=1
dist_le_300km,Station distance <= 300 km,DISTANCE,ruhl_2019,median,us1000ga0z,2018-08-15T21:56:56.310000Z,United States,US,EarthScope PRIDE PPP-AR kin quality-passing stations,"108 km WSW of Adak, Alaska",6.500000,1,3.811771,2.332107,166.055410,31.690000,6.549799,0.049799,0.049799,distance_km<=300; min_stations>=1
dist_le_300km,Station distance <= 300 km,DISTANCE,crowell_2016_gfast,median,us1000gc0k,2018-08-17T23:22:24.950Z,Costa Rica,Americas,EarthScope PRIDE PPP-AR kin quality-passing stations,"19 km NNW of Golfito, Costa Rica",6.100000,2,17.386465,2.268689,193.879709,308.050000,7.772887,1.672887,1.672887,distance_km<=300; min_stations>=1
dist_le_300km,Station distance <= 300 km,DISTANCE,melgar_2015,median,us1000gc0k,2018-08-17T23:22:24.950Z,Costa Rica,Americas,EarthScope PRIDE PPP-AR kin quality-passing stations,"19 km NNW of Golfito, Costa Rica",6.100000,2,17.386465,2.268689,193.879709,308.050000,7.682830,1.582830,1.582830,distance_km<=300; min_stations>=1
dist_le_300km,Station distance <= 300 km,DISTANCE,ruhl_2019,median,us1000gc0k,2018-08-17T23:22:24.950Z,Costa Rica,Americas,EarthScope PRIDE PPP-AR kin quality-passing stations,"19 km NNW of Golfito, Costa Rica",6.100000,2,17.386465,2.268689,193.879709,308.050000,7.534147,1.434147,1.434147,distance_km<=300; min_stations>=1
dist_le_300km,Station distance <= 300 km,DISTANCE,crowell_2016_gfast,median,us1000gez7,2018-08-21T21:31:47.600Z,Venezuela,Americas,EarthScope PRIDE PPP-AR kin quality-passing stations,"40 km ENE of Carúpano, Venezuela",7.300000,3,8.124438,2.883420,221.950553,219.400000,7.612771,0.312771,0.312771,distance_km<=300; min_stations>=1
dist_le_300km,Station distance <= 300 km,DISTANCE,melgar_2015,median,us1000gez7,2018-08-21T21:31:47.600Z,Venezuela,Americas,EarthScope PRIDE PPP-AR kin quality-passing stations,"40 km ENE of Carúpano, Venezuela",7.300000,3,8.124438,2.883420,221.950553,219.400000,7.388925,0.088925,0.088925,distance_km<=300; min_stations>=1
dist_le_300km,Station distance <= 300 km,DISTANCE,ruhl_2019,median,us1000gez7,2018-08-21T21:31:47.600Z,Venezuela,Americas,EarthScope PRIDE PPP-AR kin quality-passing stations,"40 km ENE of Carúpano, Venezuela",7.300000,3,8.124438,2.883420,221.950553,219.400000,7.220163,-0.079837,0.079837,distance_km<=300; min_stations>=1
dist_le_300km,Station distance <= 300 km,DISTANCE,crowell_2016_gfast,median,us1000gf8u,2018-08-22T09:31:45.530000Z,United States,US,EarthScope PRIDE PPP-AR kin quality-passing stations,"272 km W of Bandon, Oregon",6.200000,4,2.463987,2.099505,276.510417,371.970000,7.260599,1.060599,1.060599,distance_km<=300; min_stations>=1
dist_le_300km,Station distance <= 300 km,DISTANCE,melgar_2015,median,us1000gf8u,2018-08-22T09:31:45.530000Z,United States,US,EarthScope PRIDE PPP-AR kin quality-passing stations,"272 km W of Bandon, Oregon",6.200000,4,2.463987,2.099505,276.510417,371.970000,6.811665,0.611665,0.611665,distance_km<=300; min_stations>=1
dist_le_300km,Station distance <= 300 km,DISTANCE,ruhl_2019,median,us1000gf8u,2018-08-22T09:31:45.530000Z,United States,US,EarthScope PRIDE PPP-AR kin quality-passing stations,"272 km W of Bandon, Oregon",6.200000,4,2.463987,2.099505,276.510417,371.970000,6.598629,0.398629,0.398629,distance_km<=300; min_stations>=1
dist_le_300km,Station distance <= 300 km,DISTANCE,crowell_2016_gfast,median,us1000gfvg,2018-08-23T03:35:12.270000Z,United States,US,EarthScope PRIDE PPP-AR kin quality-passing stations,"97 km SW of Adak, Alaska",6.300000,1,4.704689,1.821508,263.340571,343.730000,7.494360,1.194360,1.194360,distance_km<=300; min_stations>=1
dist_le_300km,Station distance <= 300 km,DISTANCE,melgar_2015,median,us1000gfvg,2018-08-23T03:35:12.270000Z,United States,US,EarthScope PRIDE PPP-AR kin quality-passing stations,"97 km SW of Adak, Alaska",6.300000,1,4.704689,1.821508,263.340571,343.730000,7.162351,0.862351,0.862351,distance_km<=300; min_stations>=1
dist_le_300km,Station distance <= 300 km,DISTANCE,ruhl_2019,median,us1000gfvg,2018-08-23T03:35:12.270000Z,United States,US,EarthScope PRIDE PPP-AR kin quality-passing stations,"97 km SW of Adak, Alaska",6.300000,1,4.704689,1.821508,263.340571,343.730000,6.977746,0.677746,0.677746,distance_km<=300; min_stations>=1
dist_le_300km,Station distance <= 300 km,DISTANCE,crowell_2016_gfast,median,us200030aq,2015-07-27T04:49:46.400000Z,United States,US,EarthScope PRIDE PPP-AR kin quality-passing stations,"Fox Islands, Aleutian Islands, Alaska",6.900000,1,3.412418,2.893684,82.466269,556.600000,6.624416,-0.275584,0.275584,distance_km<=300; min_stations>=1
dist_le_300km,Station distance <= 300 km,DISTANCE,melgar_2015,median,us200030aq,2015-07-27T04:49:46.400000Z,United States,US,EarthScope PRIDE PPP-AR kin quality-passing stations,"Fox Islands, Aleutian Islands, Alaska",6.900000,1,3.412418,2.893684,82.466269,556.600000,6.347247,-0.552753,0.552753,distance_km<=300; min_stations>=1
dist_le_300km,Station distance <= 300 km,DISTANCE,ruhl_2019,median,us200030aq,2015-07-27T04:49:46.400000Z,United States,US,EarthScope PRIDE PPP-AR kin quality-passing stations,"Fox Islands, Aleutian Islands, Alaska",6.900000,1,3.412418,2.893684,82.466269,556.600000,6.089207,-0.810793,0.810793,distance_km<=300; min_stations>=1
dist_le_300km,Station distance <= 300 km,DISTANCE,crowell_2016_gfast,median,us20003hq5,2015-09-10T10:26:44.810000Z,United States,US,EarthScope PRIDE PPP-AR kin quality-passing stations,"104 km SSW of Nikolski, Alaska",6.000000,1,4.293530,2.135004,109.179477,586.190000,6.880574,0.880574,0.880574,distance_km<=300; min_stations>=1
dist_le_300km,Station distance <= 300 km,DISTANCE,melgar_2015,median,us20003hq5,2015-09-10T10:26:44.810000Z,United States,US,EarthScope PRIDE PPP-AR kin quality-passing stations,"104 km SSW of Nikolski, Alaska",6.000000,1,4.293530,2.135004,109.179477,586.190000,6.616916,0.616916,0.616916,distance_km<=300; min_stations>=1
dist_le_300km,Station distance <= 300 km,DISTANCE,ruhl_2019,median,us20003hq5,2015-09-10T10:26:44.810000Z,United States,US,EarthScope PRIDE PPP-AR kin quality-passing stations,"104 km SSW of Nikolski, Alaska",6.000000,1,4.293530,2.135004,109.179477,586.190000,6.379830,0.379830,0.379830,distance_km<=300; min_stations>=1
dist_le_300km,Station distance <= 300 km,DISTANCE,crowell_2016_gfast,median,us20005axu,2016-03-19T01:35:12.170000Z,United States,US,EarthScope PRIDE PPP-AR kin quality-passing stations,"75 km S of Atka, Alaska",6.000000,1,3.980113,2.314648,79.244937,586.830000,6.663096,0.663096,0.663096,distance_km<=300; min_stations>=1
dist_le_300km,Station distance <= 300 km,DISTANCE,melgar_2015,median,us20005axu,2016-03-19T01:35:12.170000Z,United States,US,EarthScope PRIDE PPP-AR kin quality-passing stations,"75 km S of Atka, Alaska",6.000000,1,3.980113,2.314648,79.244937,586.830000,6.413080,0.413080,0.413080,distance_km<=300; min_stations>=1
dist_le_300km,Station distance <= 300 km,DISTANCE,ruhl_2019,median,us20005axu,2016-03-19T01:35:12.170000Z,United States,US,EarthScope PRIDE PPP-AR kin quality-passing stations,"75 km S of Atka, Alaska",6.000000,1,3.980113,2.314648,79.244937,586.830000,6.159478,0.159478,0.159478,distance_km<=300; min_stations>=1
dist_le_300km,Station distance <= 300 km,DISTANCE,crowell_2016_gfast,median,us200063cy,2016-06-10T03:25:22.920Z,Nicaragua,Americas,EarthScope PRIDE PPP-AR kin quality-passing stations,Nicaragua,6.100000,11,7.423261,2.048292,52.306797,303.080000,6.728684,0.628684,0.628684,distance_km<=300; min_stations>=1
dist_le_300km,Station distance <= 300 km,DISTANCE,melgar_2015,median,us200063cy,2016-06-10T03:25:22.920Z,Nicaragua,Americas,EarthScope PRIDE PPP-AR kin quality-passing stations,Nicaragua,6.100000,11,7.423261,2.048292,52.306797,303.080000,6.559820,0.459820,0.459820,distance_km<=300; min_stations>=1
dist_le_300km,Station distance <= 300 km,DISTANCE,ruhl_2019,median,us200063cy,2016-06-10T03:25:22.920Z,Nicaragua,Americas,EarthScope PRIDE PPP-AR kin quality-passing stations,Nicaragua,6.100000,11,7.423261,2.048292,52.306797,303.080000,6.310923,0.210923,0.210923,distance_km<=300; min_stations>=1
dist_le_300km,Station distance <= 300 km,DISTANCE,crowell_2016_gfast,median,us20007z6r,2016-12-08T14:49:45.910000Z,United States,US,EarthScope PRIDE PPP-AR kin quality-passing stations,"164 km W of Ferndale, California",6.600000,3,3.624210,2.711949,183.119066,439.090000,7.099697,0.499697,0.499697,distance_km<=300; min_stations>=1
dist_le_300km,Station distance <= 300 km,DISTANCE,melgar_2015,median,us20007z6r,2016-12-08T14:49:45.910000Z,United States,US,EarthScope PRIDE PPP-AR kin quality-passing stations,"164 km W of Ferndale, California",6.600000,3,3.624210,2.711949,183.119066,439.090000,6.727371,0.127371,0.127371,distance_km<=300; min_stations>=1
dist_le_300km,Station distance <= 300 km,DISTANCE,ruhl_2019,median,us20007z6r,2016-12-08T14:49:45.910000Z,United States,US,EarthScope PRIDE PPP-AR kin quality-passing stations,"164 km W of Ferndale, California",6.600000,3,3.624210,2.711949,183.119066,439.090000,6.501812,-0.098188,0.098188,distance_km<=300; min_stations>=1
dist_le_300km,Station distance <= 300 km,DISTANCE,crowell_2016_gfast,median,us20009p1a,2017-06-22T12:31:03.490Z,Guatemala,Americas,EarthScope PRIDE PPP-AR kin quality-passing stations,"28 km SW of Puerto San José, Guatemala",6.800000,1,4.965249,2.795652,204.018911,197.510000,7.340874,0.540874,0.540874,distance_km<=300; min_stations>=1
dist_le_300km,Station distance <= 300 km,DISTANCE,melgar_2015,median,us20009p1a,2017-06-22T12:31:03.490Z,Guatemala,Americas,EarthScope PRIDE PPP-AR kin quality-passing stations,"28 km SW of Puerto San José, Guatemala",6.800000,1,4.965249,2.795652,204.018911,197.510000,7.044054,0.244054,0.244054,distance_km<=300; min_stations>=1
dist_le_300km,Station distance <= 300 km,DISTANCE,ruhl_2019,median,us20009p1a,2017-06-22T12:31:03.490Z,Guatemala,Americas,EarthScope PRIDE PPP-AR kin quality-passing stations,"28 km SW of Puerto San José, Guatemala",6.800000,1,4.965249,2.795652,204.018911,197.510000,6.846100,0.046100,0.046100,distance_km<=300; min_stations>=1
dist_le_300km,Station distance <= 300 km,DISTANCE,crowell_2016_gfast,median,us2000ahv0,2017-09-08T04:49:19.180Z,Mexico,Americas,EarthScope PRIDE PPP-AR kin quality-passing stations,"2017 Tehuantepec, Mexico Earthquake",8.200000,2,21.223283,9.889718,264.143158,87.320000,8.086726,-0.113274,0.113274,distance_km<=300; min_stations>=1
dist_le_300km,Station distance <= 300 km,DISTANCE,melgar_2015,median,us2000ahv0,2017-09-08T04:49:19.180Z,Mexico,Americas,EarthScope PRIDE PPP-AR kin quality-passing stations,"2017 Tehuantepec, Mexico Earthquake",8.200000,2,21.223283,9.889718,264.143158,87.320000,7.978285,-0.221715,0.221715,distance_km<=300; min_stations>=1
dist_le_300km,Station distance <= 300 km,DISTANCE,ruhl_2019,median,us2000ahv0,2017-09-08T04:49:19.180Z,Mexico,Americas,EarthScope PRIDE PPP-AR kin quality-passing stations,"2017 Tehuantepec, Mexico Earthquake",8.200000,2,21.223283,9.889718,264.143158,87.320000,7.862347,-0.337653,0.337653,distance_km<=300; min_stations>=1
dist_le_300km,Station distance <= 300 km,DISTANCE,crowell_2016_gfast,median,us2000ar20,2017-09-19T18:14:38.090Z,Mexico,Americas,EarthScope PRIDE PPP-AR kin quality-passing stations,"1 km S of Matzaco, Mexico",7.100000,7,5.827435,2.043669,190.608775,322.910000,7.188289,0.088289,0.088289,distance_km<=300; min_stations>=1
dist_le_300km,Station distance <= 300 km,DISTANCE,melgar_2015,median,us2000ar20,2017-09-19T18:14:38.090Z,Mexico,Americas,EarthScope PRIDE PPP-AR kin quality-passing stations,"1 km S of Matzaco, Mexico",7.100000,7,5.827435,2.043669,190.608775,322.910000,6.964519,-0.135481,0.135481,distance_km<=300; min_stations>=1
dist_le_300km,Station distance <= 300 km,DISTANCE,ruhl_2019,median,us2000ar20,2017-09-19T18:14:38.090Z,Mexico,Americas,EarthScope PRIDE PPP-AR kin quality-passing stations,"1 km S of Matzaco, Mexico",7.100000,7,5.827435,2.043669,190.608775,322.910000,6.749819,-0.350181,0.350181,distance_km<=300; min_stations>=1
dist_le_300km,Station distance <= 300 km,DISTANCE,crowell_2016_gfast,median,us2000atjv,2017-09-23T12:53:01.480Z,Mexico,Americas,EarthScope PRIDE PPP-AR kin quality-passing stations,"7 km NNE of Ixtepec, Mexico",6.100000,3,3.863030,2.964987,186.071908,5.520000,7.133030,1.033030,1.033030,distance_km<=300; min_stations>=1
dist_le_300km,Station distance <= 300 km,DISTANCE,melgar_2015,median,us2000atjv,2017-09-23T12:53:01.480Z,Mexico,Americas,EarthScope PRIDE PPP-AR kin quality-passing stations,"7 km NNE of Ixtepec, Mexico",6.100000,3,3.863030,2.964987,186.071908,5.520000,6.789394,0.689394,0.689394,distance_km<=300; min_stations>=1
dist_le_300km,Station distance <= 300 km,DISTANCE,ruhl_2019,median,us2000atjv,2017-09-23T12:53:01.480Z,Mexico,Americas,EarthScope PRIDE PPP-AR kin quality-passing stations,"7 km NNE of Ixtepec, Mexico",6.100000,3,3.863030,2.964987,186.071908,5.520000,6.570045,0.470045,0.470045,distance_km<=300; min_stations>=1
dist_le_300km,Station distance <= 300 km,DISTANCE,crowell_2016_gfast,median,us2000bmhe,2017-11-13T02:28:23.680Z,Costa Rica,Americas,EarthScope PRIDE PPP-AR kin quality-passing stations,"18 km W of Parrita, Costa Rica",6.500000,3,8.265065,3.076700,246.066784,213.320000,7.807469,1.307469,1.307469,distance_km<=300; min_stations>=1
dist_le_300km,Station distance <= 300 km,DISTANCE,melgar_2015,median,us2000bmhe,2017-11-13T02:28:23.680Z,Costa Rica,Americas,EarthScope PRIDE PPP-AR kin quality-passing stations,"18 km W of Parrita, Costa Rica",6.500000,3,8.265065,3.076700,246.066784,213.320000,7.560555,1.060555,1.060555,distance_km<=300; min_stations>=1
dist_le_300km,Station distance <= 300 km,DISTANCE,ruhl_2019,median,us2000bmhe,2017-11-13T02:28:23.680Z,Costa Rica,Americas,EarthScope PRIDE PPP-AR kin quality-passing stations,"18 km W of Parrita, Costa Rica",6.500000,3,8.265065,3.076700,246.066784,213.320000,7.410982,0.910982,0.910982,distance_km<=300; min_stations>=1
dist_le_300km,Station distance <= 300 km,DISTANCE,crowell_2016_gfast,median,us2000cl83,2018-01-19T16:17:44.720Z,Mexico,Americas,EarthScope PRIDE PPP-AR kin quality-passing stations,"79 km NNE of Loreto, Mexico",6.300000,2,4.961519,3.756752,251.064011,253.780000,7.477348,1.177348,1.177348,distance_km<=300; min_stations>=1
dist_le_300km,Station distance <= 300 km,DISTANCE,melgar_2015,median,us2000cl83,2018-01-19T16:17:44.720Z,Mexico,Americas,EarthScope PRIDE PPP-AR kin quality-passing stations,"79 km NNE of Loreto, Mexico",6.300000,2,4.961519,3.756752,251.064011,253.780000,7.157355,0.857355,0.857355,distance_km<=300; min_stations>=1
dist_le_300km,Station distance <= 300 km,DISTANCE,ruhl_2019,median,us2000cl83,2018-01-19T16:17:44.720Z,Mexico,Americas,EarthScope PRIDE PPP-AR kin quality-passing stations,"79 km NNE of Loreto, Mexico",6.300000,2,4.961519,3.756752,251.064011,253.780000,6.971535,0.671535,0.671535,distance_km<=300; min_stations>=1
dist_le_300km,Station distance <= 300 km,DISTANCE,crowell_2016_gfast,median,us2000d3km,2018-02-16T23:39:39.280Z,Mexico,Americas,EarthScope PRIDE PPP-AR kin quality-passing stations,"4 km S of Pinotepa de Don Luis, Mexico",7.200000,9,6.300302,2.687697,140.889261,345.720000,7.182772,-0.017228,0.017228,distance_km<=300; min_stations>=1
dist_le_300km,Station distance <= 300 km,DISTANCE,melgar_2015,median,us2000d3km,2018-02-16T23:39:39.280Z,Mexico,Americas,EarthScope PRIDE PPP-AR kin quality-passing stations,"4 km S of Pinotepa de Don Luis, Mexico",7.200000,9,6.300302,2.687697,140.889261,345.720000,6.953236,-0.246764,0.246764,distance_km<=300; min_stations>=1
dist_le_300km,Station distance <= 300 km,DISTANCE,ruhl_2019,median,us2000d3km,2018-02-16T23:39:39.280Z,Mexico,Americas,EarthScope PRIDE PPP-AR kin quality-passing stations,"4 km S of Pinotepa de Don Luis, Mexico",7.200000,9,6.300302,2.687697,140.889261,345.720000,6.743625,-0.456375,0.456375,distance_km<=300; min_stations>=1
dist_le_300km,Station distance <= 300 km,DISTANCE,crowell_2016_gfast,median,us2000izcv,2018-12-31T02:35:37.670000Z,United States,US,EarthScope PRIDE PPP-AR kin quality-passing stations,"87 km SE of King Cove, Alaska",6.000000,1,6.084291,2.134184,135.317756,529.330000,7.157085,1.157085,1.157085,distance_km<=300; min_stations>=1
dist_le_300km,Station distance <= 300 km,DISTANCE,melgar_2015,median,us2000izcv,2018-12-31T02:35:37.670000Z,United States,US,EarthScope PRIDE PPP-AR kin quality-passing stations,"87 km SE of King Cove, Alaska",6.000000,1,6.084291,2.134184,135.317756,529.330000,6.931062,0.931062,0.931062,distance_km<=300; min_stations>=1
dist_le_300km,Station distance <= 300 km,DISTANCE,ruhl_2019,median,us2000izcv,2018-12-31T02:35:37.670000Z,United States,US,EarthScope PRIDE PPP-AR kin quality-passing stations,"87 km SE of King Cove, Alaska",6.000000,1,6.084291,2.134184,135.317756,529.330000,6.719317,0.719317,0.719317,distance_km<=300; min_stations>=1
dist_le_300km,Station distance <= 300 km,DISTANCE,crowell_2016_gfast,median,us60003r2r,2019-05-23T08:45:17.746000Z,United States,US,EarthScope PRIDE PPP-AR kin quality-passing stations,"127 km WSW of Adak, Alaska",6.000000,1,5.152252,3.470618,296.662772,45.254000,7.620481,1.620481,1.620481,distance_km<=300; min_stations>=1
dist_le_300km,Station distance <= 300 km,DISTANCE,melgar_2015,median,us60003r2r,2019-05-23T08:45:17.746000Z,United States,US,EarthScope PRIDE PPP-AR kin quality-passing stations,"127 km WSW of Adak, Alaska",6.000000,1,5.152252,3.470618,296.662772,45.254000,7.290727,1.290727,1.290727,distance_km<=300; min_stations>=1
dist_le_300km,Station distance <= 300 km,DISTANCE,ruhl_2019,median,us60003r2r,2019-05-23T08:45:17.746000Z,United States,US,EarthScope PRIDE PPP-AR kin quality-passing stations,"127 km WSW of Adak, Alaska",6.000000,1,5.152252,3.470618,296.662772,45.254000,7.118895,1.118895,1.118895,distance_km<=300; min_stations>=1
dist_le_300km,Station distance <= 300 km,DISTANCE,crowell_2016_gfast,median,us60007djn,2020-01-23T05:53:02.618000Z,United States,US,EarthScope PRIDE PPP-AR kin quality-passing stations,"84 km W of Adak, Alaska",6.200000,3,4.453190,3.390275,207.523077,442.382000,7.305370,1.105370,1.105370,distance_km<=300; min_stations>=1
dist_le_300km,Station distance <= 300 km,DISTANCE,melgar_2015,median,us60007djn,2020-01-23T05:53:02.618000Z,United States,US,EarthScope PRIDE PPP-AR kin quality-passing stations,"84 km W of Adak, Alaska",6.200000,3,4.453190,3.390275,207.523077,442.382000,6.988941,0.788941,0.788941,distance_km<=300; min_stations>=1
dist_le_300km,Station distance <= 300 km,DISTANCE,ruhl_2019,median,us60007djn,2020-01-23T05:53:02.618000Z,United States,US,EarthScope PRIDE PPP-AR kin quality-passing stations,"84 km W of Adak, Alaska",6.200000,3,4.453190,3.390275,207.523077,442.382000,6.786774,0.586774,0.586774,distance_km<=300; min_stations>=1
dist_le_300km,Station distance <= 300 km,DISTANCE,crowell_2016_gfast,median,us60007idc,2020-01-28T19:10:24.918Z,Jamaica,Americas,EarthScope PRIDE PPP-AR kin quality-passing stations,"123 km NNW of Lucea, Jamaica",7.700000,1,6.793916,2.077169,263.894718,207.082000,7.658397,-0.041603,0.041603,distance_km<=300; min_stations>=1
dist_le_300km,Station distance <= 300 km,DISTANCE,melgar_2015,median,us60007idc,2020-01-28T19:10:24.918Z,Jamaica,Americas,EarthScope PRIDE PPP-AR kin quality-passing stations,"123 km NNW of Lucea, Jamaica",7.700000,1,6.793916,2.077169,263.894718,207.082000,7.387494,-0.312506,0.312506,distance_km<=300; min_stations>=1
dist_le_300km,Station distance <= 300 km,DISTANCE,ruhl_2019,median,us60007idc,2020-01-28T19:10:24.918Z,Jamaica,Americas,EarthScope PRIDE PPP-AR kin quality-passing stations,"123 km NNW of Lucea, Jamaica",7.700000,1,6.793916,2.077169,263.894718,207.082000,7.221727,-0.478273,0.478273,distance_km<=300; min_stations>=1
dist_le_300km,Station distance <= 300 km,DISTANCE,crowell_2016_gfast,median,us6000ah9t,2020-06-23T15:29:04.350Z,Mexico,Americas,EarthScope PRIDE PPP-AR kin quality-passing stations,"9 km SE of Santa María Xadani, Mexico",7.400000,6,6.990064,4.402588,120.758990,34.650000,7.252859,-0.147141,0.147141,distance_km<=300; min_stations>=1
dist_le_300km,Station distance <= 300 km,DISTANCE,melgar_2015,median,us6000ah9t,2020-06-23T15:29:04.350Z,Mexico,Americas,EarthScope PRIDE PPP-AR kin quality-passing stations,"9 km SE of Santa María Xadani, Mexico",7.400000,6,6.990064,4.402588,120.758990,34.650000,6.970871,-0.429130,0.429130,distance_km<=300; min_stations>=1
dist_le_300km,Station distance <= 300 km,DISTANCE,ruhl_2019,median,us6000ah9t,2020-06-23T15:29:04.350Z,Mexico,Americas,EarthScope PRIDE PPP-AR kin quality-passing stations,"9 km SE of Santa María Xadani, Mexico",7.400000,6,6.990064,4.402588,120.758990,34.650000,6.762769,-0.637231,0.637231,distance_km<=300; min_stations>=1
dist_le_300km,Station distance <= 300 km,DISTANCE,crowell_2016_gfast,median,us6000b56k,2020-07-28T08:03:43.215000Z,United States,US,EarthScope PRIDE PPP-AR kin quality-passing stations,"75 km SW of Sand Point, Alaska",6.100000,4,3.780557,2.500566,137.137239,211.285000,6.976497,0.876497,0.876497,distance_km<=300; min_stations>=1
dist_le_300km,Station distance <= 300 km,DISTANCE,melgar_2015,median,us6000b56k,2020-07-28T08:03:43.215000Z,United States,US,EarthScope PRIDE PPP-AR kin quality-passing stations,"75 km SW of Sand Point, Alaska",6.100000,4,3.780557,2.500566,137.137239,211.285000,6.661658,0.561658,0.561658,distance_km<=300; min_stations>=1
dist_le_300km,Station distance <= 300 km,DISTANCE,ruhl_2019,median,us6000b56k,2020-07-28T08:03:43.215000Z,United States,US,EarthScope PRIDE PPP-AR kin quality-passing stations,"75 km SW of Sand Point, Alaska",6.100000,4,3.780557,2.500566,137.137239,211.285000,6.430447,0.330447,0.330447,distance_km<=300; min_stations>=1
dist_le_300km,Station distance <= 300 km,DISTANCE,crowell_2016_gfast,median,us6000exs5,2021-07-21T21:15:12.269Z,Panama,Americas,EarthScope PRIDE PPP-AR kin quality-passing stations,"71 km S of Burica, Panama",6.700000,1,3.352894,1.983561,264.427156,378.731000,7.347418,0.647418,0.647418,distance_km<=300; min_stations>=1
dist_le_300km,Station distance <= 300 km,DISTANCE,melgar_2015,median,us6000exs5,2021-07-21T21:15:12.269Z,Panama,Americas,EarthScope PRIDE PPP-AR kin quality-passing stations,"71 km S of Burica, Panama",6.700000,1,3.352894,1.983561,264.427156,378.731000,6.958423,0.258423,0.258423,distance_km<=300; min_stations>=1
dist_le_300km,Station distance <= 300 km,DISTANCE,ruhl_2019,median,us6000exs5,2021-07-21T21:15:12.269Z,Panama,Americas,EarthScope PRIDE PPP-AR kin quality-passing stations,"71 km S of Burica, Panama",6.700000,1,3.352894,1.983561,264.427156,378.731000,6.756844,0.056844,0.056844,distance_km<=300; min_stations>=1
dist_le_300km,Station distance <= 300 km,DISTANCE,crowell_2016_gfast,median,us6000f652,2021-08-14T11:57:43.447000Z,United States,US,EarthScope PRIDE PPP-AR kin quality-passing stations,"125 km SE of Perryville, Alaska",6.900000,1,5.766437,1.445440,131.528481,193.553000,7.116766,0.216766,0.216766,distance_km<=300; min_stations>=1
dist_le_300km,Station distance <= 300 km,DISTANCE,melgar_2015,median,us6000f652,2021-08-14T11:57:43.447000Z,United States,US,EarthScope PRIDE PPP-AR kin quality-passing stations,"125 km SE of Perryville, Alaska",6.900000,1,5.766437,1.445440,131.528481,193.553000,6.884545,-0.015455,0.015455,distance_km<=300; min_stations>=1
dist_le_300km,Station distance <= 300 km,DISTANCE,ruhl_2019,median,us6000f652,2021-08-14T11:57:43.447000Z,United States,US,EarthScope PRIDE PPP-AR kin quality-passing stations,"125 km SE of Perryville, Alaska",6.900000,1,5.766437,1.445440,131.528481,193.553000,6.668985,-0.231015,0.231015,distance_km<=300; min_stations>=1
dist_le_300km,Station distance <= 300 km,DISTANCE,crowell_2016_gfast,median,us6000f65h,2021-08-14T12:29:08.454Z,Haiti,Americas,EarthScope PRIDE PPP-AR kin quality-passing stations,"Nippes, Haiti",7.200000,5,3.781653,2.577033,253.405389,377.546000,7.371871,0.171871,0.171871,distance_km<=300; min_stations>=1
dist_le_300km,Station distance <= 300 km,DISTANCE,melgar_2015,median,us6000f65h,2021-08-14T12:29:08.454Z,Haiti,Americas,EarthScope PRIDE PPP-AR kin quality-passing stations,"Nippes, Haiti",7.200000,5,3.781653,2.577033,253.405389,377.546000,7.007448,-0.192552,0.192552,distance_km<=300; min_stations>=1
dist_le_300km,Station distance <= 300 km,DISTANCE,ruhl_2019,median,us6000f65h,2021-08-14T12:29:08.454Z,Haiti,Americas,EarthScope PRIDE PPP-AR kin quality-passing stations,"Nippes, Haiti",7.200000,5,3.781653,2.577033,253.405389,377.546000,6.809411,-0.390589,0.390589,distance_km<=300; min_stations>=1
dist_le_300km,Station distance <= 300 km,DISTANCE,crowell_2016_gfast,median,us6000hf75,2022-04-21T07:42:46.508Z,Nicaragua,Americas,EarthScope PRIDE PPP-AR kin quality-passing stations,"55 km WSW of Masachapa, Nicaragua",6.600000,15,4.461536,2.479835,245.635416,545.492000,7.442086,0.842086,0.842086,distance_km<=300; min_stations>=1
dist_le_300km,Station distance <= 300 km,DISTANCE,melgar_2015,median,us6000hf75,2022-04-21T07:42:46.508Z,Nicaragua,Americas,EarthScope PRIDE PPP-AR kin quality-passing stations,"55 km WSW of Masachapa, Nicaragua",6.600000,15,4.461536,2.479835,245.635416,545.492000,7.142787,0.542787,0.542787,distance_km<=300; min_stations>=1
dist_le_300km,Station distance <= 300 km,DISTANCE,ruhl_2019,median,us6000hf75,2022-04-21T07:42:46.508Z,Nicaragua,Americas,EarthScope PRIDE PPP-AR kin quality-passing stations,"55 km WSW of Masachapa, Nicaragua",6.600000,15,4.461536,2.479835,245.635416,545.492000,6.955989,0.355989,0.355989,distance_km<=300; min_stations>=1
dist_le_300km,Station distance <= 300 km,DISTANCE,crowell_2016_gfast,median,us6000iv6c,2022-10-20T11:57:12.575Z,Panama,Americas,EarthScope PRIDE PPP-AR kin quality-passing stations,"60 km SSW of Boca Chica, Panama",6.700000,2,4.962879,2.782049,197.004540,356.925000,7.280363,0.580363,0.580363,distance_km<=300; min_stations>=1
dist_le_300km,Station distance <= 300 km,DISTANCE,melgar_2015,median,us6000iv6c,2022-10-20T11:57:12.575Z,Panama,Americas,EarthScope PRIDE PPP-AR kin quality-passing stations,"60 km SSW of Boca Chica, Panama",6.700000,2,4.962879,2.782049,197.004540,356.925000,6.973483,0.273483,0.273483,distance_km<=300; min_stations>=1
dist_le_300km,Station distance <= 300 km,DISTANCE,ruhl_2019,median,us6000iv6c,2022-10-20T11:57:12.575Z,Panama,Americas,EarthScope PRIDE PPP-AR kin quality-passing stations,"60 km SSW of Boca Chica, Panama",6.700000,2,4.962879,2.782049,197.004540,356.925000,6.769270,0.069270,0.069270,distance_km<=300; min_stations>=1
dist_le_300km,Station distance <= 300 km,DISTANCE,crowell_2016_gfast,median,us6000k20g,2023-04-04T22:18:12.640Z,Panama,Americas,EarthScope PRIDE PPP-AR kin quality-passing stations,"73 km S of Boca Chica, Panama",6.300000,4,5.904799,1.884498,225.779732,399.860000,7.484591,1.184591,1.184591,distance_km<=300; min_stations>=1
dist_le_300km,Station distance <= 300 km,DISTANCE,melgar_2015,median,us6000k20g,2023-04-04T22:18:12.640Z,Panama,Americas,EarthScope PRIDE PPP-AR kin quality-passing stations,"73 km S of Boca Chica, Panama",6.300000,4,5.904799,1.884498,225.779732,399.860000,7.206352,0.906352,0.906352,distance_km<=300; min_stations>=1
dist_le_300km,Station distance <= 300 km,DISTANCE,ruhl_2019,median,us6000k20g,2023-04-04T22:18:12.640Z,Panama,Americas,EarthScope PRIDE PPP-AR kin quality-passing stations,"73 km S of Boca Chica, Panama",6.300000,4,5.904799,1.884498,225.779732,399.860000,7.022991,0.722991,0.722991,distance_km<=300; min_stations>=1
dist_le_300km,Station distance <= 300 km,DISTANCE,crowell_2016_gfast,median,us6000mzme,2024-05-19T09:35:24.660000Z,United States,US,EarthScope PRIDE PPP-AR kin quality-passing stations,"169 km SW of Nikolski, Alaska",6.000000,1,5.191936,3.585516,173.871350,9.340000,7.252982,1.252982,1.252982,distance_km<=300; min_stations>=1
dist_le_300km,Station distance <= 300 km,DISTANCE,melgar_2015,median,us6000mzme,2024-05-19T09:35:24.660000Z,United States,US,EarthScope PRIDE PPP-AR kin quality-passing stations,"169 km SW of Nikolski, Alaska",6.000000,1,5.191936,3.585516,173.871350,9.340000,6.978843,0.978843,0.978843,distance_km<=300; min_stations>=1
dist_le_300km,Station distance <= 300 km,DISTANCE,ruhl_2019,median,us6000mzme,2024-05-19T09:35:24.660000Z,United States,US,EarthScope PRIDE PPP-AR kin quality-passing stations,"169 km SW of Nikolski, Alaska",6.000000,1,5.191936,3.585516,173.871350,9.340000,6.773682,0.773682,0.773682,distance_km<=300; min_stations>=1
dist_le_300km,Station distance <= 300 km,DISTANCE,crowell_2016_gfast,median,us6000nncs,2024-08-28T21:57:54.957Z,El Salvador,Americas,EarthScope PRIDE PPP-AR kin quality-passing stations,"56 km SSW of La Libertad, El Salvador",6.100000,2,4.735820,2.450645,187.581473,456.543000,7.178727,1.078727,1.078727,distance_km<=300; min_stations>=1
dist_le_300km,Station distance <= 300 km,DISTANCE,melgar_2015,median,us6000nncs,2024-08-28T21:57:54.957Z,El Salvador,Americas,EarthScope PRIDE PPP-AR kin quality-passing stations,"56 km SSW of La Libertad, El Salvador",6.100000,2,4.735820,2.450645,187.581473,456.543000,6.889515,0.789515,0.789515,distance_km<=300; min_stations>=1
dist_le_300km,Station distance <= 300 km,DISTANCE,ruhl_2019,median,us6000nncs,2024-08-28T21:57:54.957Z,El Salvador,Americas,EarthScope PRIDE PPP-AR kin quality-passing stations,"56 km SSW of La Libertad, El Salvador",6.100000,2,4.735820,2.450645,187.581473,456.543000,6.679689,0.579689,0.579689,distance_km<=300; min_stations>=1
dist_le_300km,Station distance <= 300 km,DISTANCE,crowell_2016_gfast,median,us6000nyau,2024-10-12T17:43:44.516Z,Costa Rica,Americas,EarthScope PRIDE PPP-AR kin quality-passing stations,"40 km WNW of Tamarindo, Costa Rica",6.200000,2,4.372020,3.279818,130.403520,385.984000,6.987009,0.787009,0.787009,distance_km<=300; min_stations>=1
dist_le_300km,Station distance <= 300 km,DISTANCE,melgar_2015,median,us6000nyau,2024-10-12T17:43:44.516Z,Costa Rica,Americas,EarthScope PRIDE PPP-AR kin quality-passing stations,"40 km WNW of Tamarindo, Costa Rica",6.200000,2,4.372020,3.279818,130.403520,385.984000,6.709452,0.509451,0.509451,distance_km<=300; min_stations>=1
dist_le_300km,Station distance <= 300 km,DISTANCE,ruhl_2019,median,us6000nyau,2024-10-12T17:43:44.516Z,Costa Rica,Americas,EarthScope PRIDE PPP-AR kin quality-passing stations,"40 km WNW of Tamarindo, Costa Rica",6.200000,2,4.372020,3.279818,130.403520,385.984000,6.480550,0.280550,0.280550,distance_km<=300; min_stations>=1
dist_le_300km,Station distance <= 300 km,DISTANCE,crowell_2016_gfast,median,us6000pi09,2025-01-05T17:18:45.784Z,El Salvador,Americas,EarthScope PRIDE PPP-AR kin quality-passing stations,"56 km SSE of La Libertad, El Salvador",6.200000,1,4.830787,2.326389,249.455911,591.216000,7.467775,1.267775,1.267775,distance_km<=300; min_stations>=1
dist_le_300km,Station distance <= 300 km,DISTANCE,melgar_2015,median,us6000pi09,2025-01-05T17:18:45.784Z,El Salvador,Americas,EarthScope PRIDE PPP-AR kin quality-passing stations,"56 km SSE of La Libertad, El Salvador",6.200000,1,4.830787,2.326389,249.455911,591.216000,7.145925,0.945925,0.945925,distance_km<=300; min_stations>=1
dist_le_300km,Station distance <= 300 km,DISTANCE,ruhl_2019,median,us6000pi09,2025-01-05T17:18:45.784Z,El Salvador,Americas,EarthScope PRIDE PPP-AR kin quality-passing stations,"56 km SSE of La Libertad, El Salvador",6.200000,1,4.830787,2.326389,249.455911,591.216000,6.959129,0.759129,0.759129,distance_km<=300; min_stations>=1
dist_le_300km,Station distance <= 300 km,DISTANCE,crowell_2016_gfast,median,us6000pjig,2025-01-12T08:32:49.944Z,Mexico,Americas,EarthScope PRIDE PPP-AR kin quality-passing stations,"18 km SE of Aquila, Mexico",6.200000,10,5.479973,2.545190,166.797590,329.056000,7.261449,1.061449,1.061449,distance_km<=300; min_stations>=1
dist_le_300km,Station distance <= 300 km,DISTANCE,melgar_2015,median,us6000pjig,2025-01-12T08:32:49.944Z,Mexico,Americas,EarthScope PRIDE PPP-AR kin quality-passing stations,"18 km SE of Aquila, Mexico",6.200000,10,5.479973,2.545190,166.797590,329.056000,6.962408,0.762408,0.762408,distance_km<=300; min_stations>=1
dist_le_300km,Station distance <= 300 km,DISTANCE,ruhl_2019,median,us6000pjig,2025-01-12T08:32:49.944Z,Mexico,Americas,EarthScope PRIDE PPP-AR kin quality-passing stations,"18 km SE of Aquila, Mexico",6.200000,10,5.479973,2.545190,166.797590,329.056000,6.754986,0.554986,0.554986,distance_km<=300; min_stations>=1
dist_le_300km,Station distance <= 300 km,DISTANCE,crowell_2016_gfast,median,us6000r3at,2025-08-23T09:14:22.210Z,El Salvador,Americas,EarthScope PRIDE PPP-AR kin quality-passing stations,"88 km SW of Acajutla, El Salvador",6.000000,1,8.531547,2.238720,160.078243,540.790000,7.408566,1.408566,1.408566,distance_km<=300; min_stations>=1
dist_le_300km,Station distance <= 300 km,DISTANCE,melgar_2015,median,us6000r3at,2025-08-23T09:14:22.210Z,El Salvador,Americas,EarthScope PRIDE PPP-AR kin quality-passing stations,"88 km SW of Acajutla, El Salvador",6.000000,1,8.531547,2.238720,160.078243,540.790000,7.222688,1.222688,1.222688,distance_km<=300; min_stations>=1
dist_le_300km,Station distance <= 300 km,DISTANCE,ruhl_2019,median,us6000r3at,2025-08-23T09:14:22.210Z,El Salvador,Americas,EarthScope PRIDE PPP-AR kin quality-passing stations,"88 km SW of Acajutla, El Salvador",6.000000,1,8.531547,2.238720,160.078243,540.790000,7.035431,1.035431,1.035431,distance_km<=300; min_stations>=1
dist_le_300km,Station distance <= 300 km,DISTANCE,crowell_2016_gfast,median,us6000rjq8,2025-10-27T12:38:40.364Z,Guadeloupe,Americas,EarthScope PRIDE PPP-AR kin quality-passing stations,"164 km E of Beauséjour, Guadeloupe",6.500000,7,5.154125,2.253964,277.307086,144.636000,7.565377,1.065377,1.065377,distance_km<=300; min_stations>=1
dist_le_300km,Station distance <= 300 km,DISTANCE,melgar_2015,median,us6000rjq8,2025-10-27T12:38:40.364Z,Guadeloupe,Americas,EarthScope PRIDE PPP-AR kin quality-passing stations,"164 km E of Beauséjour, Guadeloupe",6.500000,7,5.154125,2.253964,277.307086,144.636000,7.240656,0.740656,0.740656,distance_km<=300; min_stations>=1
dist_le_300km,Station distance <= 300 km,DISTANCE,ruhl_2019,median,us6000rjq8,2025-10-27T12:38:40.364Z,Guadeloupe,Americas,EarthScope PRIDE PPP-AR kin quality-passing stations,"164 km E of Beauséjour, Guadeloupe",6.500000,7,5.154125,2.253964,277.307086,144.636000,7.063442,0.563442,0.563442,distance_km<=300; min_stations>=1
dist_le_300km,Station distance <= 300 km,DISTANCE,crowell_2016_gfast,median,us6000rsy1,2025-12-06T20:41:49.288000Z,United States,US,EarthScope PRIDE PPP-AR kin quality-passing stations,2025 Hubbard Glacier Earthquake,7.000000,1,9.170311,2.379436,255.862088,316.712000,7.768343,0.768343,0.768343,distance_km<=300; min_stations>=1
dist_le_300km,Station distance <= 300 km,DISTANCE,melgar_2015,median,us6000rsy1,2025-12-06T20:41:49.288000Z,United States,US,EarthScope PRIDE PPP-AR kin quality-passing stations,2025 Hubbard Glacier Earthquake,7.000000,1,9.170311,2.379436,255.862088,316.712000,7.550609,0.550609,0.550609,distance_km<=300; min_stations>=1
dist_le_300km,Station distance <= 300 km,DISTANCE,ruhl_2019,median,us6000rsy1,2025-12-06T20:41:49.288000Z,United States,US,EarthScope PRIDE PPP-AR kin quality-passing stations,2025 Hubbard Glacier Earthquake,7.000000,1,9.170311,2.379436,255.862088,316.712000,7.397840,0.397840,0.397840,distance_km<=300; min_stations>=1
dist_le_300km,Station distance <= 300 km,DISTANCE,crowell_2016_gfast,median,us6000sayv,2026-02-23T05:11:48.410000Z,United States,US,EarthScope PRIDE PPP-AR kin quality-passing stations,"96 km SW of Nikolski, Alaska",6.000000,2,2.475931,2.144998,190.719927,300.590000,6.929928,0.929928,0.929928,distance_km<=300; min_stations>=1
dist_le_300km,Station distance <= 300 km,DISTANCE,melgar_2015,median,us6000sayv,2026-02-23T05:11:48.410000Z,United States,US,EarthScope PRIDE PPP-AR kin quality-passing stations,"96 km SW of Nikolski, Alaska",6.000000,2,2.475931,2.144998,190.719927,300.590000,6.534123,0.534123,0.534123,distance_km<=300; min_stations>=1
dist_le_300km,Station distance <= 300 km,DISTANCE,ruhl_2019,median,us6000sayv,2026-02-23T05:11:48.410000Z,United States,US,EarthScope PRIDE PPP-AR kin quality-passing stations,"96 km SW of Nikolski, Alaska",6.000000,2,2.475931,2.144998,190.719927,300.590000,6.296071,0.296071,0.296071,distance_km<=300; min_stations>=1
dist_le_300km,Station distance <= 300 km,DISTANCE,crowell_2016_gfast,median,us6000sy84,2026-05-16T14:50:05.533Z,Antigua and Barbuda,Americas,EarthScope PRIDE PPP-AR kin quality-passing stations,"61 km ESE of Codrington, Antigua and Barbuda",6.000000,12,6.378699,2.155517,131.704420,319.967000,7.180308,1.180308,1.180308,distance_km<=300; min_stations>=1
dist_le_300km,Station distance <= 300 km,DISTANCE,melgar_2015,median,us6000sy84,2026-05-16T14:50:05.533Z,Antigua and Barbuda,Americas,EarthScope PRIDE PPP-AR kin quality-passing stations,"61 km ESE of Codrington, Antigua and Barbuda",6.000000,12,6.378699,2.155517,131.704420,319.967000,7.010727,1.010727,1.010727,distance_km<=300; min_stations>=1
dist_le_300km,Station distance <= 300 km,DISTANCE,ruhl_2019,median,us6000sy84,2026-05-16T14:50:05.533Z,Antigua and Barbuda,Americas,EarthScope PRIDE PPP-AR kin quality-passing stations,"61 km ESE of Codrington, Antigua and Barbuda",6.000000,12,6.378699,2.155517,131.704420,319.967000,6.801926,0.801926,0.801926,distance_km<=300; min_stations>=1
dist_le_300km,Station distance <= 300 km,DISTANCE,crowell_2016_gfast,median,us6000t7zc,2026-06-24T22:04:33.389000Z,Venezuela,Americas,EarthScope PRIDE PPP-AR kin quality-passing stations,"23 km SE of Yumare, Venezuela",7.200000,1,7.193789,4.142083,200.548443,141.611000,7.489100,0.289100,0.289100,distance_km<=300; min_stations>=1
dist_le_300km,Station distance <= 300 km,DISTANCE,melgar_2015,median,us6000t7zc,2026-06-24T22:04:33.389000Z,Venezuela,Americas,EarthScope PRIDE PPP-AR kin quality-passing stations,"23 km SE of Yumare, Venezuela",7.200000,1,7.193789,4.142083,200.548443,141.611000,7.254906,0.054906,0.054906,distance_km<=300; min_stations>=1
dist_le_300km,Station distance <= 300 km,DISTANCE,ruhl_2019,median,us6000t7zc,2026-06-24T22:04:33.389000Z,Venezuela,Americas,EarthScope PRIDE PPP-AR kin quality-passing stations,"23 km SE of Yumare, Venezuela",7.200000,1,7.193789,4.142083,200.548443,141.611000,7.073625,-0.126375,0.126375,distance_km<=300; min_stations>=1
dist_le_300km,Station distance <= 300 km,DISTANCE,crowell_2016_gfast,median,us6000t7zp,2026-06-24T22:05:11.566000Z,Venezuela,Americas,EarthScope PRIDE PPP-AR kin quality-passing stations,"28 km SE of Yumare, Venezuela",7.500000,1,7.217659,4.522253,201.390427,103.434000,7.493424,-0.006576,0.006576,distance_km<=300; min_stations>=1
dist_le_300km,Station distance <= 300 km,DISTANCE,melgar_2015,median,us6000t7zp,2026-06-24T22:05:11.566000Z,Venezuela,Americas,EarthScope PRIDE PPP-AR kin quality-passing stations,"28 km SE of Yumare, Venezuela",7.500000,1,7.217659,4.522253,201.390427,103.434000,7.259378,-0.240622,0.240622,distance_km<=300; min_stations>=1
dist_le_300km,Station distance <= 300 km,DISTANCE,ruhl_2019,median,us6000t7zp,2026-06-24T22:05:11.566000Z,Venezuela,Americas,EarthScope PRIDE PPP-AR kin quality-passing stations,"28 km SE of Yumare, Venezuela",7.500000,1,7.217659,4.522253,201.390427,103.434000,7.078522,-0.421478,0.421478,distance_km<=300; min_stations>=1
dist_le_300km,Station distance <= 300 km,DISTANCE,crowell_2016_gfast,median,us70003k3p,2019-05-12T19:24:50.373Z,Panama,Americas,EarthScope PRIDE PPP-AR kin quality-passing stations,"1 km W of Breñón, Panama",6.000000,1,7.676445,1.448265,104.200874,569.627000,7.088872,1.088872,1.088872,distance_km<=300; min_stations>=1
dist_le_300km,Station distance <= 300 km,DISTANCE,melgar_2015,median,us70003k3p,2019-05-12T19:24:50.373Z,Panama,Americas,EarthScope PRIDE PPP-AR kin quality-passing stations,"1 km W of Breñón, Panama",6.000000,1,7.676445,1.448265,104.200874,569.627000,6.921180,0.921180,0.921180,distance_km<=300; min_stations>=1
dist_le_300km,Station distance <= 300 km,DISTANCE,ruhl_2019,median,us70003k3p,2019-05-12T19:24:50.373Z,Panama,Americas,EarthScope PRIDE PPP-AR kin quality-passing stations,"1 km W of Breñón, Panama",6.000000,1,7.676445,1.448265,104.200874,569.627000,6.705893,0.705893,0.705893,distance_km<=300; min_stations>=1
dist_le_300km,Station distance <= 300 km,DISTANCE,crowell_2016_gfast,median,us7000455l,2019-06-26T05:23:51.514Z,Panama,Americas,EarthScope PRIDE PPP-AR kin quality-passing stations,"4 km SE of Aserrío de Gariché, Panama",6.200000,2,11.240696,2.076124,117.626505,99.986000,7.313356,1.113356,1.113356,distance_km<=300; min_stations>=1
dist_le_300km,Station distance <= 300 km,DISTANCE,melgar_2015,median,us7000455l,2019-06-26T05:23:51.514Z,Panama,Americas,EarthScope PRIDE PPP-AR kin quality-passing stations,"4 km SE of Aserrío de Gariché, Panama",6.200000,2,11.240696,2.076124,117.626505,99.986000,7.193993,0.993993,0.993993,distance_km<=300; min_stations>=1
dist_le_300km,Station distance <= 300 km,DISTANCE,ruhl_2019,median,us7000455l,2019-06-26T05:23:51.514Z,Panama,Americas,EarthScope PRIDE PPP-AR kin quality-passing stations,"4 km SE of Aserrío de Gariché, Panama",6.200000,2,11.240696,2.076124,117.626505,99.986000,7.000191,0.800191,0.800191,distance_km<=300; min_stations>=1
dist_le_300km,Station distance <= 300 km,DISTANCE,crowell_2016_gfast,median,us700059qh,2019-08-29T15:07:58.646000Z,United States,US,EarthScope PRIDE PPP-AR kin quality-passing stations,"285 km W of Bandon, Oregon",6.300000,2,2.755439,2.260882,289.470312,228.354000,7.322856,1.022856,1.022856,distance_km<=300; min_stations>=1
dist_le_300km,Station distance <= 300 km,DISTANCE,melgar_2015,median,us700059qh,2019-08-29T15:07:58.646000Z,United States,US,EarthScope PRIDE PPP-AR kin quality-passing stations,"285 km W of Bandon, Oregon",6.300000,2,2.755439,2.260882,289.470312,228.354000,6.890643,0.590643,0.590643,distance_km<=300; min_stations>=1
dist_le_300km,Station distance <= 300 km,DISTANCE,ruhl_2019,median,us700059qh,2019-08-29T15:07:58.646000Z,United States,US,EarthScope PRIDE PPP-AR kin quality-passing stations,"285 km W of Bandon, Oregon",6.300000,2,2.755439,2.260882,289.470312,228.354000,6.684501,0.384501,0.384501,distance_km<=300; min_stations>=1
dist_le_300km,Station distance <= 300 km,DISTANCE,crowell_2016_gfast,median,us70008jr5,2020-03-31T23:52:30.781000Z,United States,US,EarthScope PRIDE PPP-AR kin quality-passing stations,"Stanley, Idaho",6.500000,11,3.752079,2.573552,130.962470,325.219000,6.979206,0.479206,0.479206,distance_km<=300; min_stations>=1
dist_le_300km,Station distance <= 300 km,DISTANCE,melgar_2015,median,us70008jr5,2020-03-31T23:52:30.781000Z,United States,US,EarthScope PRIDE PPP-AR kin quality-passing stations,"Stanley, Idaho",6.500000,11,3.752079,2.573552,130.962470,325.219000,6.706861,0.206861,0.206861,distance_km<=300; min_stations>=1
dist_le_300km,Station distance <= 300 km,DISTANCE,ruhl_2019,median,us70008jr5,2020-03-31T23:52:30.781000Z,United States,US,EarthScope PRIDE PPP-AR kin quality-passing stations,"Stanley, Idaho",6.500000,11,3.752079,2.573552,130.962470,325.219000,6.476143,-0.023857,0.023857,distance_km<=300; min_stations>=1
dist_le_300km,Station distance <= 300 km,DISTANCE,crowell_2016_gfast,median,us7000asx4,2020-07-22T06:16:18.627000Z,United States,US,EarthScope PRIDE PPP-AR kin quality-passing stations,"101 km ESE of Sand Point, Alaska",6.100000,5,22.284104,1.322300,101.866124,311.373000,7.253232,1.153232,1.153232,distance_km<=300; min_stations>=1
dist_le_300km,Station distance <= 300 km,DISTANCE,melgar_2015,median,us7000asx4,2020-07-22T06:16:18.627000Z,United States,US,EarthScope PRIDE PPP-AR kin quality-passing stations,"101 km ESE of Sand Point, Alaska",6.100000,5,22.284104,1.322300,101.866124,311.373000,7.300080,1.200080,1.200080,distance_km<=300; min_stations>=1
dist_le_300km,Station distance <= 300 km,DISTANCE,ruhl_2019,median,us7000asx4,2020-07-22T06:16:18.627000Z,United States,US,EarthScope PRIDE PPP-AR kin quality-passing stations,"101 km ESE of Sand Point, Alaska",6.100000,5,22.284104,1.322300,101.866124,311.373000,7.112787,1.012787,1.012787,distance_km<=300; min_stations>=1
dist_le_300km,Station distance <= 300 km,DISTANCE,crowell_2016_gfast,median,us7000bcbv,2020-08-24T21:51:09.259Z,Costa Rica,Americas,EarthScope PRIDE PPP-AR kin quality-passing stations,"4 km SSW of Jacó, Costa Rica",6.000000,2,9.410502,1.873385,123.673617,490.741000,7.247327,1.247327,1.247327,distance_km<=300; min_stations>=1
dist_le_300km,Station distance <= 300 km,DISTANCE,melgar_2015,median,us7000bcbv,2020-08-24T21:51:09.259Z,Costa Rica,Americas,EarthScope PRIDE PPP-AR kin quality-passing stations,"4 km SSW of Jacó, Costa Rica",6.000000,2,9.410502,1.873385,123.673617,490.741000,7.090314,1.090314,1.090314,distance_km<=300; min_stations>=1
dist_le_300km,Station distance <= 300 km,DISTANCE,ruhl_2019,median,us7000bcbv,2020-08-24T21:51:09.259Z,Costa Rica,Americas,EarthScope PRIDE PPP-AR kin quality-passing stations,"4 km SSW of Jacó, Costa Rica",6.000000,2,9.410502,1.873385,123.673617,490.741000,6.889125,0.889125,0.889125,distance_km<=300; min_stations>=1
dist_le_300km,Station distance <= 300 km,DISTANCE,crowell_2016_gfast,median,us7000clnv,2020-12-01T16:22:39.923000Z,United States,US,EarthScope PRIDE PPP-AR kin quality-passing stations,"46 km ESE of Nikolski, Alaska",6.400000,2,4.731509,2.898855,111.301898,388.077000,6.840561,0.440561,0.440561,distance_km<=300; min_stations>=1
dist_le_300km,Station distance <= 300 km,DISTANCE,melgar_2015,median,us7000clnv,2020-12-01T16:22:39.923000Z,United States,US,EarthScope PRIDE PPP-AR kin quality-passing stations,"46 km ESE of Nikolski, Alaska",6.400000,2,4.731509,2.898855,111.301898,388.077000,6.595575,0.195575,0.195575,distance_km<=300; min_stations>=1
dist_le_300km,Station distance <= 300 km,DISTANCE,ruhl_2019,median,us7000clnv,2020-12-01T16:22:39.923000Z,United States,US,EarthScope PRIDE PPP-AR kin quality-passing stations,"46 km ESE of Nikolski, Alaska",6.400000,2,4.731509,2.898855,111.301898,388.077000,6.357261,-0.042739,0.042739,distance_km<=300; min_stations>=1
dist_le_300km,Station distance <= 300 km,DISTANCE,crowell_2016_gfast,median,us7000e2c6,2021-05-12T08:45:44.539Z,El Salvador,Americas,EarthScope PRIDE PPP-AR kin quality-passing stations,"55 km SW of Acajutla, El Salvador",6.000000,1,2.892905,1.827692,130.769862,51.461000,6.827005,0.827005,0.827005,distance_km<=300; min_stations>=1
dist_le_300km,Station distance <= 300 km,DISTANCE,melgar_2015,median,us7000e2c6,2021-05-12T08:45:44.539Z,El Salvador,Americas,EarthScope PRIDE PPP-AR kin quality-passing stations,"55 km SW of Acajutla, El Salvador",6.000000,1,2.892905,1.827692,130.769862,51.461000,6.484557,0.484557,0.484557,distance_km<=300; min_stations>=1
dist_le_300km,Station distance <= 300 km,DISTANCE,ruhl_2019,median,us7000e2c6,2021-05-12T08:45:44.539Z,El Salvador,Americas,EarthScope PRIDE PPP-AR kin quality-passing stations,"55 km SW of Acajutla, El Salvador",6.000000,1,2.892905,1.827692,130.769862,51.461000,6.238847,0.238847,0.238847,distance_km<=300; min_stations>=1
dist_le_300km,Station distance <= 300 km,DISTANCE,crowell_2016_gfast,median,us7000e2rq,2021-05-13T09:42:12.044Z,Panama,Americas,EarthScope PRIDE PPP-AR kin quality-passing stations,"154 km SSE of Punta de Burica, Panama",6.100000,1,3.776003,1.904287,267.901701,44.956000,7.409154,1.309154,1.309154,distance_km<=300; min_stations>=1
dist_le_300km,Station distance <= 300 km,DISTANCE,melgar_2015,median,us7000e2rq,2021-05-13T09:42:12.044Z,Panama,Americas,EarthScope PRIDE PPP-AR kin quality-passing stations,"154 km SSE of Punta de Burica, Panama",6.100000,1,3.776003,1.904287,267.901701,44.956000,7.038566,0.938566,0.938566,distance_km<=300; min_stations>=1
dist_le_300km,Station distance <= 300 km,DISTANCE,ruhl_2019,median,us7000e2rq,2021-05-13T09:42:12.044Z,Panama,Americas,EarthScope PRIDE PPP-AR kin quality-passing stations,"154 km SSE of Punta de Burica, Panama",6.100000,1,3.776003,1.904287,267.901701,44.956000,6.843864,0.743864,0.743864,distance_km<=300; min_stations>=1
dist_le_300km,Station distance <= 300 km,DISTANCE,crowell_2016_gfast,median,us7000emzy,2021-07-17T20:56:10.107Z,Panama,Americas,EarthScope PRIDE PPP-AR kin quality-passing stations,"135 km S of Burica, Panama",6.100000,1,8.764964,2.140418,283.564210,436.893000,7.824321,1.724321,1.724321,distance_km<=300; min_stations>=1
dist_le_300km,Station distance <= 300 km,DISTANCE,melgar_2015,median,us7000emzy,2021-07-17T20:56:10.107Z,Panama,Americas,EarthScope PRIDE PPP-AR kin quality-passing stations,"135 km S of Burica, Panama",6.100000,1,8.764964,2.140418,283.564210,436.893000,7.588555,1.488555,1.488555,distance_km<=300; min_stations>=1
dist_le_300km,Station distance <= 300 km,DISTANCE,ruhl_2019,median,us7000emzy,2021-07-17T20:56:10.107Z,Panama,Americas,EarthScope PRIDE PPP-AR kin quality-passing stations,"135 km S of Burica, Panama",6.100000,1,8.764964,2.140418,283.564210,436.893000,7.441087,1.341087,1.341087,distance_km<=300; min_stations>=1
dist_le_300km,Station distance <= 300 km,DISTANCE,crowell_2016_gfast,median,us7000f93v,2021-09-08T01:47:47.437Z,Mexico,Americas,EarthScope PRIDE PPP-AR kin quality-passing stations,"Acapulco, Mexico",7.000000,6,4.159590,2.516941,272.839539,97.063000,7.464161,0.464161,0.464161,distance_km<=300; min_stations>=1
dist_le_300km,Station distance <= 300 km,DISTANCE,melgar_2015,median,us7000f93v,2021-09-08T01:47:47.437Z,Mexico,Americas,EarthScope PRIDE PPP-AR kin quality-passing stations,"Acapulco, Mexico",7.000000,6,4.159590,2.516941,272.839539,97.063000,7.104817,0.104817,0.104817,distance_km<=300; min_stations>=1
dist_le_300km,Station distance <= 300 km,DISTANCE,ruhl_2019,median,us7000f93v,2021-09-08T01:47:47.437Z,Mexico,Americas,EarthScope PRIDE PPP-AR kin quality-passing stations,"Acapulco, Mexico",7.000000,6,4.159590,2.516941,272.839539,97.063000,6.916049,-0.083951,0.083951,distance_km<=300; min_stations>=1
dist_le_300km,Station distance <= 300 km,DISTANCE,crowell_2016_gfast,median,us7000fdds,2021-09-22T09:57:07.023Z,Nicaragua,Americas,EarthScope PRIDE PPP-AR kin quality-passing stations,"80 km SW of Jiquilillo, Nicaragua",6.500000,1,3.943323,1.975881,221.003982,500.977000,7.295276,0.795276,0.795276,distance_km<=300; min_stations>=1
dist_le_300km,Station distance <= 300 km,DISTANCE,melgar_2015,median,us7000fdds,2021-09-22T09:57:07.023Z,Nicaragua,Americas,EarthScope PRIDE PPP-AR kin quality-passing stations,"80 km SW of Jiquilillo, Nicaragua",6.500000,1,3.943323,1.975881,221.003982,500.977000,6.952386,0.452386,0.452386,distance_km<=300; min_stations>=1
dist_le_300km,Station distance <= 300 km,DISTANCE,ruhl_2019,median,us7000fdds,2021-09-22T09:57:07.023Z,Nicaragua,Americas,EarthScope PRIDE PPP-AR kin quality-passing stations,"80 km SW of Jiquilillo, Nicaragua",6.500000,1,3.943323,1.975881,221.003982,500.977000,6.748048,0.248048,0.248048,distance_km<=300; min_stations>=1
dist_le_300km,Station distance <= 300 km,DISTANCE,crowell_2016_gfast,median,us7000fskw,2021-11-09T06:25:14.907Z,Nicaragua,Americas,EarthScope PRIDE PPP-AR kin quality-passing stations,"62 km S of Masachapa, Nicaragua",6.300000,3,4.908370,2.619683,186.392113,267.093000,7.114525,0.814525,0.814525,distance_km<=300; min_stations>=1
dist_le_300km,Station distance <= 300 km,DISTANCE,melgar_2015,median,us7000fskw,2021-11-09T06:25:14.907Z,Nicaragua,Americas,EarthScope PRIDE PPP-AR kin quality-passing stations,"62 km S of Masachapa, Nicaragua",6.300000,3,4.908370,2.619683,186.392113,267.093000,6.763215,0.463215,0.463215,distance_km<=300; min_stations>=1
dist_le_300km,Station distance <= 300 km,DISTANCE,ruhl_2019,median,us7000fskw,2021-11-09T06:25:14.907Z,Nicaragua,Americas,EarthScope PRIDE PPP-AR kin quality-passing stations,"62 km S of Masachapa, Nicaragua",6.300000,3,4.908370,2.619683,186.392113,267.093000,6.541808,0.241808,0.241808,distance_km<=300; min_stations>=1
dist_le_300km,Station distance <= 300 km,DISTANCE,crowell_2016_gfast,median,us7000g9nb,2022-01-06T16:25:05.973Z,Nicaragua,Americas,EarthScope PRIDE PPP-AR kin quality-passing stations,near the coast of Nicaragua,6.100000,6,8.473334,1.529498,92.895889,167.527000,7.153415,1.053415,1.053415,distance_km<=300; min_stations>=1
dist_le_300km,Station distance <= 300 km,DISTANCE,melgar_2015,median,us7000g9nb,2022-01-06T16:25:05.973Z,Nicaragua,Americas,EarthScope PRIDE PPP-AR kin quality-passing stations,near the coast of Nicaragua,6.100000,6,8.473334,1.529498,92.895889,167.527000,7.095169,0.995170,0.995170,distance_km<=300; min_stations>=1
dist_le_300km,Station distance <= 300 km,DISTANCE,ruhl_2019,median,us7000g9nb,2022-01-06T16:25:05.973Z,Nicaragua,Americas,EarthScope PRIDE PPP-AR kin quality-passing stations,near the coast of Nicaragua,6.100000,6,8.473334,1.529498,92.895889,167.527000,6.889287,0.789287,0.789287,distance_km<=300; min_stations>=1
dist_le_300km,Station distance <= 300 km,DISTANCE,crowell_2016_gfast,median,us7000gavu,2022-01-11T11:35:43.674000Z,United States,US,EarthScope PRIDE PPP-AR kin quality-passing stations,"100 km SE of Nikolski, Alaska",6.800000,1,5.648230,3.129598,103.879488,531.326000,6.962258,0.162258,0.162258,distance_km<=300; min_stations>=1
dist_le_300km,Station distance <= 300 km,DISTANCE,melgar_2015,median,us7000gavu,2022-01-11T11:35:43.674000Z,United States,US,EarthScope PRIDE PPP-AR kin quality-passing stations,"100 km SE of Nikolski, Alaska",6.800000,1,5.648230,3.129598,103.879488,531.326000,6.746175,-0.053825,0.053825,distance_km<=300; min_stations>=1
dist_le_300km,Station distance <= 300 km,DISTANCE,ruhl_2019,median,us7000gavu,2022-01-11T11:35:43.674000Z,United States,US,EarthScope PRIDE PPP-AR kin quality-passing stations,"100 km SE of Nikolski, Alaska",6.800000,1,5.648230,3.129598,103.879488,531.326000,6.518130,-0.281870,0.281870,distance_km<=300; min_stations>=1
dist_le_300km,Station distance <= 300 km,DISTANCE,crowell_2016_gfast,median,us7000gawk,2022-01-11T12:39:32.454000Z,United States,US,EarthScope PRIDE PPP-AR kin quality-passing stations,"53 km SE of Nikolski, Alaska",6.600000,1,4.652247,3.238753,59.276557,322.546000,6.563129,-0.036871,0.036871,distance_km<=300; min_stations>=1
dist_le_300km,Station distance <= 300 km,DISTANCE,melgar_2015,median,us7000gawk,2022-01-11T12:39:32.454000Z,United States,US,EarthScope PRIDE PPP-AR kin quality-passing stations,"53 km SE of Nikolski, Alaska",6.600000,1,4.652247,3.238753,59.276557,322.546000,6.358463,-0.241537,0.241537,distance_km<=300; min_stations>=1
dist_le_300km,Station distance <= 300 km,DISTANCE,ruhl_2019,median,us7000gawk,2022-01-11T12:39:32.454000Z,United States,US,EarthScope PRIDE PPP-AR kin quality-passing stations,"53 km SE of Nikolski, Alaska",6.600000,1,4.652247,3.238753,59.276557,322.546000,6.099837,-0.500163,0.500163,distance_km<=300; min_stations>=1
dist_le_300km,Station distance <= 300 km,DISTANCE,crowell_2016_gfast,median,us7000ge5q,2022-01-22T05:17:04.896000Z,United States,US,EarthScope PRIDE PPP-AR kin quality-passing stations,"71 km S of Unalaska, Alaska",6.200000,1,5.468994,2.040272,150.911609,351.104000,7.182475,0.982475,0.982475,distance_km<=300; min_stations>=1
dist_le_300km,Station distance <= 300 km,DISTANCE,melgar_2015,median,us7000ge5q,2022-01-22T05:17:04.896000Z,United States,US,EarthScope PRIDE PPP-AR kin quality-passing stations,"71 km S of Unalaska, Alaska",6.200000,1,5.468994,2.040272,150.911609,351.104000,6.929728,0.729728,0.729728,distance_km<=300; min_stations>=1
dist_le_300km,Station distance <= 300 km,DISTANCE,ruhl_2019,median,us7000ge5q,2022-01-22T05:17:04.896000Z,United States,US,EarthScope PRIDE PPP-AR kin quality-passing stations,"71 km S of Unalaska, Alaska",6.200000,1,5.468994,2.040272,150.911609,351.104000,6.719098,0.519098,0.519098,distance_km<=300; min_stations>=1
dist_le_300km,Station distance <= 300 km,DISTANCE,crowell_2016_gfast,median,us7000i9bw,2022-09-19T18:05:08.217Z,Mexico,Americas,EarthScope PRIDE PPP-AR kin quality-passing stations,"35 km SSW of Aguililla, Mexico",7.600000,11,14.105091,6.391013,206.010464,64.783000,7.737085,0.137085,0.137085,distance_km<=300; min_stations>=1
dist_le_300km,Station distance <= 300 km,DISTANCE,melgar_2015,median,us7000i9bw,2022-09-19T18:05:08.217Z,Mexico,Americas,EarthScope PRIDE PPP-AR kin quality-passing stations,"35 km SSW of Aguililla, Mexico",7.600000,11,14.105091,6.391013,206.010464,64.783000,7.618761,0.018761,0.018761,distance_km<=300; min_stations>=1
dist_le_300km,Station distance <= 300 km,DISTANCE,ruhl_2019,median,us7000i9bw,2022-09-19T18:05:08.217Z,Mexico,Americas,EarthScope PRIDE PPP-AR kin quality-passing stations,"35 km SSW of Aguililla, Mexico",7.600000,11,14.105091,6.391013,206.010464,64.783000,7.465457,-0.134543,0.134543,distance_km<=300; min_stations>=1
dist_le_300km,Station distance <= 300 km,DISTANCE,crowell_2016_gfast,median,us7000ia36,2022-09-22T06:16:09.459Z,Mexico,Americas,EarthScope PRIDE PPP-AR kin quality-passing stations,"55 km SSW of Aguililla, Mexico",6.800000,8,5.075503,2.369733,210.665754,195.541000,7.331480,0.531480,0.531480,distance_km<=300; min_stations>=1
dist_le_300km,Station distance <= 300 km,DISTANCE,melgar_2015,median,us7000ia36,2022-09-22T06:16:09.459Z,Mexico,Americas,EarthScope PRIDE PPP-AR kin quality-passing stations,"55 km SSW of Aguililla, Mexico",6.800000,8,5.075503,2.369733,210.665754,195.541000,7.050390,0.250390,0.250390,distance_km<=300; min_stations>=1
dist_le_300km,Station distance <= 300 km,DISTANCE,ruhl_2019,median,us7000ia36,2022-09-22T06:16:09.459Z,Mexico,Americas,EarthScope PRIDE PPP-AR kin quality-passing stations,"55 km SSW of Aguililla, Mexico",6.800000,8,5.075503,2.369733,210.665754,195.541000,6.851797,0.051798,0.051798,distance_km<=300; min_stations>=1
dist_le_300km,Station distance <= 300 km,DISTANCE,crowell_2016_gfast,median,us7000imgl,2022-11-04T10:02:46.346Z,Mexico,Americas,EarthScope PRIDE PPP-AR kin quality-passing stations,"82 km SSW of Bahía de Kino, Mexico",6.100000,1,4.409116,2.110264,166.646307,132.654000,7.155779,1.055779,1.055779,distance_km<=300; min_stations>=1
dist_le_300km,Station distance <= 300 km,DISTANCE,melgar_2015,median,us7000imgl,2022-11-04T10:02:46.346Z,Mexico,Americas,EarthScope PRIDE PPP-AR kin quality-passing stations,"82 km SSW of Bahía de Kino, Mexico",6.100000,1,4.409116,2.110264,166.646307,132.654000,6.859002,0.759002,0.759002,distance_km<=300; min_stations>=1
dist_le_300km,Station distance <= 300 km,DISTANCE,ruhl_2019,median,us7000imgl,2022-11-04T10:02:46.346Z,Mexico,Americas,EarthScope PRIDE PPP-AR kin quality-passing stations,"82 km SSW of Bahía de Kino, Mexico",6.100000,1,4.409116,2.110264,166.646307,132.654000,6.643984,0.543984,0.543984,distance_km<=300; min_stations>=1
dist_le_300km,Station distance <= 300 km,DISTANCE,crowell_2016_gfast,median,us7000irjd,2022-11-22T16:39:05.789Z,Mexico,Americas,EarthScope PRIDE PPP-AR kin quality-passing stations,"28 km SW of Las Brisas, Mexico",6.200000,48,4.728544,3.512677,260.434557,402.211000,7.508865,1.308865,1.308865,distance_km<=300; min_stations>=1
dist_le_300km,Station distance <= 300 km,DISTANCE,melgar_2015,median,us7000irjd,2022-11-22T16:39:05.789Z,Mexico,Americas,EarthScope PRIDE PPP-AR kin quality-passing stations,"28 km SW of Las Brisas, Mexico",6.200000,48,4.728544,3.512677,260.434557,402.211000,7.175759,0.975759,0.975759,distance_km<=300; min_stations>=1
dist_le_300km,Station distance <= 300 km,DISTANCE,ruhl_2019,median,us7000irjd,2022-11-22T16:39:05.789Z,Mexico,Americas,EarthScope PRIDE PPP-AR kin quality-passing stations,"28 km SW of Las Brisas, Mexico",6.200000,48,4.728544,3.512677,260.434557,402.211000,6.993111,0.793111,0.793111,distance_km<=300; min_stations>=1
dist_le_300km,Station distance <= 300 km,DISTANCE,crowell_2016_gfast,median,us7000j5sc,2023-01-20T11:23:40.603Z,Guadeloupe,Americas,EarthScope PRIDE PPP-AR kin quality-passing stations,"40 km WSW of Pointe-Noire, Guadeloupe",6.100000,9,4.846700,2.136091,178.889125,289.397000,7.229342,1.129342,1.129342,distance_km<=300; min_stations>=1
dist_le_300km,Station distance <= 300 km,DISTANCE,melgar_2015,median,us7000j5sc,2023-01-20T11:23:40.603Z,Guadeloupe,Americas,EarthScope PRIDE PPP-AR kin quality-passing stations,"40 km WSW of Pointe-Noire, Guadeloupe",6.100000,9,4.846700,2.136091,178.889125,289.397000,6.943175,0.843175,0.843175,distance_km<=300; min_stations>=1
dist_le_300km,Station distance <= 300 km,DISTANCE,ruhl_2019,median,us7000j5sc,2023-01-20T11:23:40.603Z,Guadeloupe,Americas,EarthScope PRIDE PPP-AR kin quality-passing stations,"40 km WSW of Pointe-Noire, Guadeloupe",6.100000,9,4.846700,2.136091,178.889125,289.397000,6.735316,0.635316,0.635316,distance_km<=300; min_stations>=1
dist_le_300km,Station distance <= 300 km,DISTANCE,crowell_2016_gfast,median,us7000k3n3,2023-05-25T03:05:32.956Z,Panama,Americas,EarthScope PRIDE PPP-AR kin quality-passing stations,"45 km NE of Puerto Obaldía, Panama",6.500000,2,5.264884,2.896308,252.717629,594.544000,7.504877,1.004877,1.004877,distance_km<=300; min_stations>=1
dist_le_300km,Station distance <= 300 km,DISTANCE,melgar_2015,median,us7000k3n3,2023-05-25T03:05:32.956Z,Panama,Americas,EarthScope PRIDE PPP-AR kin quality-passing stations,"45 km NE of Puerto Obaldía, Panama",6.500000,2,5.264884,2.896308,252.717629,594.544000,7.195087,0.695087,0.695087,distance_km<=300; min_stations>=1
dist_le_300km,Station distance <= 300 km,DISTANCE,ruhl_2019,median,us7000k3n3,2023-05-25T03:05:32.956Z,Panama,Americas,EarthScope PRIDE PPP-AR kin quality-passing stations,"45 km NE of Puerto Obaldía, Panama",6.500000,2,5.264884,2.896308,252.717629,594.544000,7.012754,0.512754,0.512754,distance_km<=300; min_stations>=1
dist_le_300km,Station distance <= 300 km,DISTANCE,crowell_2016_gfast,median,us7000keq3,2023-07-10T20:28:26.195Z,Antigua and Barbuda,Americas,EarthScope PRIDE PPP-AR kin quality-passing stations,"278 km NNE of Codrington, Antigua and Barbuda",6.600000,2,6.312576,2.685099,283.751329,401.305000,7.658640,1.058641,1.058641,distance_km<=300; min_stations>=1
dist_le_300km,Station distance <= 300 km,DISTANCE,melgar_2015,median,us7000keq3,2023-07-10T20:28:26.195Z,Antigua and Barbuda,Americas,EarthScope PRIDE PPP-AR kin quality-passing stations,"278 km NNE of Codrington, Antigua and Barbuda",6.600000,2,6.312576,2.685099,283.751329,401.305000,7.360440,0.760440,0.760440,distance_km<=300; min_stations>=1
dist_le_300km,Station distance <= 300 km,DISTANCE,ruhl_2019,median,us7000keq3,2023-07-10T20:28:26.195Z,Antigua and Barbuda,Americas,EarthScope PRIDE PPP-AR kin quality-passing stations,"278 km NNE of Codrington, Antigua and Barbuda",6.600000,2,6.312576,2.685099,283.751329,401.305000,7.193661,0.593661,0.593661,distance_km<=300; min_stations>=1
dist_le_300km,Station distance <= 300 km,DISTANCE,crowell_2016_gfast,median,us7000kfnc,2023-07-14T09:29:00.404Z,Mexico,Americas,EarthScope PRIDE PPP-AR kin quality-passing stations,"Offshore Chiapas, Mexico",6.300000,1,5.251181,2.585196,242.607266,274.596000,7.484871,1.184871,1.184871,distance_km<=300; min_stations>=1
dist_le_300km,Station distance <= 300 km,DISTANCE,melgar_2015,median,us7000kfnc,2023-07-14T09:29:00.404Z,Mexico,Americas,EarthScope PRIDE PPP-AR kin quality-passing stations,"Offshore Chiapas, Mexico",6.300000,1,5.251181,2.585196,242.607266,274.596000,7.179798,0.879798,0.879798,distance_km<=300; min_stations>=1
dist_le_300km,Station distance <= 300 km,DISTANCE,ruhl_2019,median,us7000kfnc,2023-07-14T09:29:00.404Z,Mexico,Americas,EarthScope PRIDE PPP-AR kin quality-passing stations,"Offshore Chiapas, Mexico",6.300000,1,5.251181,2.585196,242.607266,274.596000,6.995377,0.695377,0.695377,distance_km<=300; min_stations>=1
dist_le_300km,Station distance <= 300 km,DISTANCE,crowell_2016_gfast,median,us7000kg30,2023-07-16T06:48:21.158000Z,United States,US,EarthScope PRIDE PPP-AR kin quality-passing stations,"2023 Sand Point, Alaska Earthquake",7.200000,7,4.942155,1.848275,128.631800,64.842000,7.103538,-0.096462,0.096462,distance_km<=300; min_stations>=1
dist_le_300km,Station distance <= 300 km,DISTANCE,melgar_2015,median,us7000kg30,2023-07-16T06:48:21.158000Z,United States,US,EarthScope PRIDE PPP-AR kin quality-passing stations,"2023 Sand Point, Alaska Earthquake",7.200000,7,4.942155,1.848275,128.631800,64.842000,6.861516,-0.338484,0.338484,distance_km<=300; min_stations>=1
dist_le_300km,Station distance <= 300 km,DISTANCE,ruhl_2019,median,us7000kg30,2023-07-16T06:48:21.158000Z,United States,US,EarthScope PRIDE PPP-AR kin quality-passing stations,"2023 Sand Point, Alaska Earthquake",7.200000,7,4.942155,1.848275,128.631800,64.842000,6.644367,-0.555633,0.555633,distance_km<=300; min_stations>=1
dist_le_300km,Station distance <= 300 km,DISTANCE,crowell_2016_gfast,median,us7000kgpb,2023-07-19T00:22:07.656Z,El Salvador,Americas,EarthScope PRIDE PPP-AR kin quality-passing stations,"43 km S of Intipucá, El Salvador",6.500000,2,3.214558,2.905733,175.915406,530.344000,7.053437,0.553437,0.553437,distance_km<=300; min_stations>=1
dist_le_300km,Station distance <= 300 km,DISTANCE,melgar_2015,median,us7000kgpb,2023-07-19T00:22:07.656Z,El Salvador,Americas,EarthScope PRIDE PPP-AR kin quality-passing stations,"43 km S of Intipucá, El Salvador",6.500000,2,3.214558,2.905733,175.915406,530.344000,6.699203,0.199203,0.199203,distance_km<=300; min_stations>=1
dist_le_300km,Station distance <= 300 km,DISTANCE,ruhl_2019,median,us7000kgpb,2023-07-19T00:22:07.656Z,El Salvador,Americas,EarthScope PRIDE PPP-AR kin quality-passing stations,"43 km S of Intipucá, El Salvador",6.500000,2,3.214558,2.905733,175.915406,530.344000,6.472253,-0.027747,0.027747,distance_km<=300; min_stations>=1
dist_le_300km,Station distance <= 300 km,DISTANCE,crowell_2016_gfast,median,us7000luai,2024-01-27T05:52:48.419Z,Guatemala,Americas,EarthScope PRIDE PPP-AR kin quality-passing stations,"15 km W of Taxisco, Guatemala",6.100000,1,6.883081,2.054450,189.617885,185.581000,7.431636,1.331636,1.331636,distance_km<=300; min_stations>=1
dist_le_300km,Station distance <= 300 km,DISTANCE,melgar_2015,median,us7000luai,2024-01-27T05:52:48.419Z,Guatemala,Americas,EarthScope PRIDE PPP-AR kin quality-passing stations,"15 km W of Taxisco, Guatemala",6.100000,1,6.883081,2.054450,189.617885,185.581000,7.195474,1.095474,1.095474,distance_km<=300; min_stations>=1
dist_le_300km,Station distance <= 300 km,DISTANCE,ruhl_2019,median,us7000luai,2024-01-27T05:52:48.419Z,Guatemala,Americas,EarthScope PRIDE PPP-AR kin quality-passing stations,"15 km W of Taxisco, Guatemala",6.100000,1,6.883081,2.054450,189.617885,185.581000,7.008590,0.908590,0.908590,distance_km<=300; min_stations>=1
dist_le_300km,Station distance <= 300 km,DISTANCE,crowell_2016_gfast,median,us7000mu1p,2024-06-23T03:57:58.918Z,Venezuela,Americas,EarthScope PRIDE PPP-AR kin quality-passing stations,"20 km NE of Yaguaraparo, Venezuela",6.000000,1,8.580361,2.714060,206.569575,390.082000,7.585794,1.585794,1.585794,distance_km<=300; min_stations>=1
dist_le_300km,Station distance <= 300 km,DISTANCE,melgar_2015,median,us7000mu1p,2024-06-23T03:57:58.918Z,Venezuela,Americas,EarthScope PRIDE PPP-AR kin quality-passing stations,"20 km NE of Yaguaraparo, Venezuela",6.000000,1,8.580361,2.714060,206.569575,390.082000,7.377803,1.377803,1.377803,distance_km<=300; min_stations>=1
dist_le_300km,Station distance <= 300 km,DISTANCE,ruhl_2019,median,us7000mu1p,2024-06-23T03:57:58.918Z,Venezuela,Americas,EarthScope PRIDE PPP-AR kin quality-passing stations,"20 km NE of Yaguaraparo, Venezuela",6.000000,1,8.580361,2.714060,206.569575,390.082000,7.206884,1.206884,1.206884,distance_km<=300; min_stations>=1
dist_le_300km,Station distance <= 300 km,DISTANCE,crowell_2016_gfast,median,us7000n068,2024-07-19T03:13:47.417000Z,United States,US,EarthScope PRIDE PPP-AR kin quality-passing stations,"168 km SW of Nikolski, Alaska",6.000000,1,5.291125,3.702101,175.253652,520.583000,7.266274,1.266274,1.266274,distance_km<=300; min_stations>=1
dist_le_300km,Station distance <= 300 km,DISTANCE,melgar_2015,median,us7000n068,2024-07-19T03:13:47.417000Z,United States,US,EarthScope PRIDE PPP-AR kin quality-passing stations,"168 km SW of Nikolski, Alaska",6.000000,1,5.291125,3.702101,175.253652,520.583000,6.994481,0.994481,0.994481,distance_km<=300; min_stations>=1
dist_le_300km,Station distance <= 300 km,DISTANCE,ruhl_2019,median,us7000n068,2024-07-19T03:13:47.417000Z,United States,US,EarthScope PRIDE PPP-AR kin quality-passing stations,"168 km SW of Nikolski, Alaska",6.000000,1,5.291125,3.702101,175.253652,520.583000,6.790644,0.790644,0.790644,distance_km<=300; min_stations>=1
dist_le_300km,Station distance <= 300 km,DISTANCE,crowell_2016_gfast,median,us7000np33,2024-10-30T20:15:20.095000Z,United States,US,EarthScope PRIDE PPP-AR kin quality-passing stations,"267 km W of Bandon, Oregon",6.000000,6,8.976104,1.482830,283.028384,372.905000,7.801028,1.801028,1.801028,distance_km<=300; min_stations>=1
dist_le_300km,Station distance <= 300 km,DISTANCE,melgar_2015,median,us7000np33,2024-10-30T20:15:20.095000Z,United States,US,EarthScope PRIDE PPP-AR kin quality-passing stations,"267 km W of Bandon, Oregon",6.000000,6,8.976104,1.482830,283.028384,372.905000,7.562374,1.562374,1.562374,distance_km<=300; min_stations>=1
dist_le_300km,Station distance <= 300 km,DISTANCE,ruhl_2019,median,us7000np33,2024-10-30T20:15:20.095000Z,United States,US,EarthScope PRIDE PPP-AR kin quality-passing stations,"267 km W of Bandon, Oregon",6.000000,6,8.976104,1.482830,283.028384,372.905000,7.412289,1.412289,1.412289,distance_km<=300; min_stations>=1
dist_le_300km,Station distance <= 300 km,DISTANCE,crowell_2016_gfast,median,us7000nr0v,2024-11-10T16:49:50.426Z,Cuba,Americas,EarthScope PRIDE PPP-AR kin quality-passing stations,"42 km SSW of Bartolomé Masó, Cuba",6.800000,1,3.970655,2.033393,202.353881,74.574000,7.238866,0.438866,0.438866,distance_km<=300; min_stations>=1
dist_le_300km,Station distance <= 300 km,DISTANCE,melgar_2015,median,us7000nr0v,2024-11-10T16:49:50.426Z,Cuba,Americas,EarthScope PRIDE PPP-AR kin quality-passing stations,"42 km SSW of Bartolomé Masó, Cuba",6.800000,1,3.970655,2.033393,202.353881,74.574000,6.906095,0.106095,0.106095,distance_km<=300; min_stations>=1
dist_le_300km,Station distance <= 300 km,DISTANCE,ruhl_2019,median,us7000nr0v,2024-11-10T16:49:50.426Z,Cuba,Americas,EarthScope PRIDE PPP-AR kin quality-passing stations,"42 km SSW of Bartolomé Masó, Cuba",6.800000,1,3.970655,2.033393,202.353881,74.574000,6.696960,-0.103040,0.103040,distance_km<=300; min_stations>=1
dist_le_300km,Station distance <= 300 km,DISTANCE,crowell_2016_gfast,median,us7000nx3z,2024-12-08T19:57:08.602000Z,United States,US,EarthScope PRIDE PPP-AR kin quality-passing stations,"108 km SSW of Adak, Alaska",6.300000,2,2.909679,3.238430,173.594380,283.398000,6.965677,0.665678,0.665678,distance_km<=300; min_stations>=1
dist_le_300km,Station distance <= 300 km,DISTANCE,melgar_2015,median,us7000nx3z,2024-12-08T19:57:08.602000Z,United States,US,EarthScope PRIDE PPP-AR kin quality-passing stations,"108 km SSW of Adak, Alaska",6.300000,2,2.909679,3.238430,173.594380,283.398000,6.602619,0.302619,0.302619,distance_km<=300; min_stations>=1
dist_le_300km,Station distance <= 300 km,DISTANCE,ruhl_2019,median,us7000nx3z,2024-12-08T19:57:08.602000Z,United States,US,EarthScope PRIDE PPP-AR kin quality-passing stations,"108 km SSW of Adak, Alaska",6.300000,2,2.909679,3.238430,173.594380,283.398000,6.368419,0.068419,0.068419,distance_km<=300; min_stations>=1
dist_le_300km,Station distance <= 300 km,DISTANCE,crowell_2016_gfast,median,us7000pllt,2025-03-21T14:50:51.364Z,Panama,Americas,EarthScope PRIDE PPP-AR kin quality-passing stations,"124 km SSE of Burica, Panama",6.200000,4,5.796515,2.978371,256.061348,305.636000,7.529008,1.329008,1.329008,distance_km<=300; min_stations>=1
dist_le_300km,Station distance <= 300 km,DISTANCE,melgar_2015,median,us7000pllt,2025-03-21T14:50:51.364Z,Panama,Americas,EarthScope PRIDE PPP-AR kin quality-passing stations,"124 km SSE of Burica, Panama",6.200000,4,5.796515,2.978371,256.061348,305.636000,7.279181,1.079181,1.079181,distance_km<=300; min_stations>=1
dist_le_300km,Station distance <= 300 km,DISTANCE,ruhl_2019,median,us7000pllt,2025-03-21T14:50:51.364Z,Panama,Americas,EarthScope PRIDE PPP-AR kin quality-passing stations,"124 km SSE of Burica, Panama",6.200000,4,5.796515,2.978371,256.061348,305.636000,7.104189,0.904189,0.904189,distance_km<=300; min_stations>=1
dist_le_300km,Station distance <= 300 km,DISTANCE,crowell_2016_gfast,median,us7000pllu,2025-03-21T14:53:41.774000Z,United States,US,EarthScope PRIDE PPP-AR kin quality-passing stations,"88 km SSE of Adak, Alaska",6.200000,1,7.924651,1.800777,174.798630,278.226000,7.436529,1.236529,1.236529,distance_km<=300; min_stations>=1
dist_le_300km,Station distance <= 300 km,DISTANCE,melgar_2015,median,us7000pllu,2025-03-21T14:53:41.774000Z,United States,US,EarthScope PRIDE PPP-AR kin quality-passing stations,"88 km SSE of Adak, Alaska",6.200000,1,7.924651,1.800777,174.798630,278.226000,7.230868,1.030868,1.030868,distance_km<=300; min_stations>=1
dist_le_300km,Station distance <= 300 km,DISTANCE,ruhl_2019,median,us7000pllu,2025-03-21T14:53:41.774000Z,United States,US,EarthScope PRIDE PPP-AR kin quality-passing stations,"88 km SSE of Adak, Alaska",6.200000,1,7.924651,1.800777,174.798630,278.226000,7.045561,0.845561,0.845561,distance_km<=300; min_stations>=1
dist_le_300km,Station distance <= 300 km,DISTANCE,crowell_2016_gfast,median,us7000pvtr,2025-04-29T14:53:37.897Z,Americas,Americas,EarthScope PRIDE PPP-AR kin quality-passing stations,Macquarie Island region,6.800000,1,1.555828,3.020086,215.590069,231.103000,6.874813,0.074813,0.074813,distance_km<=300; min_stations>=1
dist_le_300km,Station distance <= 300 km,DISTANCE,melgar_2015,median,us7000pvtr,2025-04-29T14:53:37.897Z,Americas,Americas,EarthScope PRIDE PPP-AR kin quality-passing stations,Macquarie Island region,6.800000,1,1.555828,3.020086,215.590069,231.103000,6.380995,-0.419005,0.419005,distance_km<=300; min_stations>=1
dist_le_300km,Station distance <= 300 km,DISTANCE,ruhl_2019,median,us7000pvtr,2025-04-29T14:53:37.897Z,Americas,Americas,EarthScope PRIDE PPP-AR kin quality-passing stations,Macquarie Island region,6.800000,1,1.555828,3.020086,215.590069,231.103000,6.130056,-0.669944,0.669944,distance_km<=300; min_stations>=1
dist_le_300km,Station distance <= 300 km,DISTANCE,crowell_2016_gfast,median,us7000qclp,2025-07-14T17:16:49.051Z,Panama,Americas,EarthScope PRIDE PPP-AR kin quality-passing stations,"206 km S of Burica, Panama",6.200000,1,5.876742,1.009505,226.898470,487.949000,7.487193,1.287193,1.287193,distance_km<=300; min_stations>=1
dist_le_300km,Station distance <= 300 km,DISTANCE,melgar_2015,median,us7000qclp,2025-07-14T17:16:49.051Z,Panama,Americas,EarthScope PRIDE PPP-AR kin quality-passing stations,"206 km S of Burica, Panama",6.200000,1,5.876742,1.009505,226.898470,487.949000,7.207606,1.007606,1.007606,distance_km<=300; min_stations>=1
dist_le_300km,Station distance <= 300 km,DISTANCE,ruhl_2019,median,us7000qclp,2025-07-14T17:16:49.051Z,Panama,Americas,EarthScope PRIDE PPP-AR kin quality-passing stations,"206 km S of Burica, Panama",6.200000,1,5.876742,1.009505,226.898470,487.949000,7.024431,0.824431,0.824431,distance_km<=300; min_stations>=1
dist_le_300km,Station distance <= 300 km,DISTANCE,crowell_2016_gfast,median,us7000qe51,2025-07-20T22:28:00.041000Z,United States,US,EarthScope PRIDE PPP-AR kin quality-passing stations,"91 km SSE of Sand Point, Alaska",6.200000,6,4.663668,1.573859,129.388852,54.959000,6.960534,0.760534,0.760534,distance_km<=300; min_stations>=1
dist_le_300km,Station distance <= 300 km,DISTANCE,melgar_2015,median,us7000qe51,2025-07-20T22:28:00.041000Z,United States,US,EarthScope PRIDE PPP-AR kin quality-passing stations,"91 km SSE of Sand Point, Alaska",6.200000,6,4.663668,1.573859,129.388852,54.959000,6.665591,0.465591,0.465591,distance_km<=300; min_stations>=1
dist_le_300km,Station distance <= 300 km,DISTANCE,ruhl_2019,median,us7000qe51,2025-07-20T22:28:00.041000Z,United States,US,EarthScope PRIDE PPP-AR kin quality-passing stations,"91 km SSE of Sand Point, Alaska",6.200000,6,4.663668,1.573859,129.388852,54.959000,6.433766,0.233766,0.233766,distance_km<=300; min_stations>=1
dist_le_300km,Station distance <= 300 km,DISTANCE,crowell_2016_gfast,median,us7000rm3k,2026-01-02T13:58:15.741Z,Mexico,Americas,EarthScope PRIDE PPP-AR kin quality-passing stations,"0 km W of San Marcos, Mexico",6.500000,1,2.511135,2.508112,207.017029,242.259000,7.056002,0.556002,0.556002,distance_km<=300; min_stations>=1
dist_le_300km,Station distance <= 300 km,DISTANCE,melgar_2015,median,us7000rm3k,2026-01-02T13:58:15.741Z,Mexico,Americas,EarthScope PRIDE PPP-AR kin quality-passing stations,"0 km W of San Marcos, Mexico",6.500000,1,2.511135,2.508112,207.017029,242.259000,6.645489,0.145489,0.145489,distance_km<=300; min_stations>=1
dist_le_300km,Station distance <= 300 km,DISTANCE,ruhl_2019,median,us7000rm3k,2026-01-02T13:58:15.741Z,Mexico,Americas,EarthScope PRIDE PPP-AR kin quality-passing stations,"0 km W of San Marcos, Mexico",6.500000,1,2.511135,2.508112,207.017029,242.259000,6.415633,-0.084367,0.084367,distance_km<=300; min_stations>=1
dist_le_300km,Station distance <= 300 km,DISTANCE,crowell_2016_gfast,median,us7000rq0d,2026-01-16T03:25:53.034000Z,United States,US,EarthScope PRIDE PPP-AR kin quality-passing stations,off the coast of Oregon,6.000000,1,2.449531,2.118421,298.434588,40.966000,7.292057,1.292057,1.292057,distance_km<=300; min_stations>=1
dist_le_300km,Station distance <= 300 km,DISTANCE,melgar_2015,median,us7000rq0d,2026-01-16T03:25:53.034000Z,United States,US,EarthScope PRIDE PPP-AR kin quality-passing stations,off the coast of Oregon,6.000000,1,2.449531,2.118421,298.434588,40.966000,6.836687,0.836687,0.836687,distance_km<=300; min_stations>=1
dist_le_300km,Station distance <= 300 km,DISTANCE,ruhl_2019,median,us7000rq0d,2026-01-16T03:25:53.034000Z,United States,US,EarthScope PRIDE PPP-AR kin quality-passing stations,off the coast of Oregon,6.000000,1,2.449531,2.118421,298.434588,40.966000,6.626323,0.626323,0.626323,distance_km<=300; min_stations>=1
dist_le_300km,Station distance <= 300 km,DISTANCE,crowell_2016_gfast,median,usb000jdt7,2013-08-30T16:25:02.300000Z,United States,US,EarthScope PRIDE PPP-AR kin quality-passing stations,"101 km SW of Atka, Alaska",7.000000,1,7.424635,0.932787,106.691872,4.700000,7.089885,0.089885,0.089885,distance_km<=300; min_stations>=1
dist_le_300km,Station distance <= 300 km,DISTANCE,melgar_2015,median,usb000jdt7,2013-08-30T16:25:02.300000Z,United States,US,EarthScope PRIDE PPP-AR kin quality-passing stations,"101 km SW of Atka, Alaska",7.000000,1,7.424635,0.932787,106.691872,4.700000,6.915072,-0.084928,0.084928,distance_km<=300; min_stations>=1
dist_le_300km,Station distance <= 300 km,DISTANCE,ruhl_2019,median,usb000jdt7,2013-08-30T16:25:02.300000Z,United States,US,EarthScope PRIDE PPP-AR kin quality-passing stations,"101 km SW of Atka, Alaska",7.000000,1,7.424635,0.932787,106.691872,4.700000,6.699587,-0.300413,0.300413,distance_km<=300; min_stations>=1
dist_le_300km,Station distance <= 300 km,DISTANCE,crowell_2016_gfast,median,usb000je9f,2013-08-31T06:38:36.350000Z,United States,US,EarthScope PRIDE PPP-AR kin quality-passing stations,"118 km SSW of Atka, Alaska",6.000000,1,7.038935,1.720472,120.665112,44.650000,7.144818,1.144818,1.144818,distance_km<=300; min_stations>=1
dist_le_300km,Station distance <= 300 km,DISTANCE,melgar_2015,median,usb000je9f,2013-08-31T06:38:36.350000Z,United States,US,EarthScope PRIDE PPP-AR kin quality-passing stations,"118 km SSW of Atka, Alaska",6.000000,1,7.038935,1.720472,120.665112,44.650000,6.951714,0.951714,0.951714,distance_km<=300; min_stations>=1
dist_le_300km,Station distance <= 300 km,DISTANCE,ruhl_2019,median,usb000je9f,2013-08-31T06:38:36.350000Z,United States,US,EarthScope PRIDE PPP-AR kin quality-passing stations,"118 km SSW of Atka, Alaska",6.000000,1,7.038935,1.720472,120.665112,44.650000,6.740250,0.740250,0.740250,distance_km<=300; min_stations>=1
dist_le_300km,Station distance <= 300 km,DISTANCE,crowell_2016_gfast,median,usb000jgju,2013-09-04T02:32:30.600000Z,United States,US,EarthScope PRIDE PPP-AR kin quality-passing stations,"81 km SSW of Atka, Alaska",6.500000,1,4.539174,2.549780,84.550499,177.400000,6.752479,0.252479,0.252479,distance_km<=300; min_stations>=1
dist_le_300km,Station distance <= 300 km,DISTANCE,melgar_2015,median,usb000jgju,2013-09-04T02:32:30.600000Z,United States,US,EarthScope PRIDE PPP-AR kin quality-passing stations,"81 km SSW of Atka, Alaska",6.500000,1,4.539174,2.549780,84.550499,177.400000,6.518052,0.018052,0.018052,distance_km<=300; min_stations>=1
dist_le_300km,Station distance <= 300 km,DISTANCE,ruhl_2019,median,usb000jgju,2013-09-04T02:32:30.600000Z,United States,US,EarthScope PRIDE PPP-AR kin quality-passing stations,"81 km SSW of Atka, Alaska",6.500000,1,4.539174,2.549780,84.550499,177.400000,6.272172,-0.227828,0.227828,distance_km<=300; min_stations>=1
dist_le_300km,Station distance <= 300 km,DISTANCE,crowell_2016_gfast,median,usb000jguz,2013-09-04T06:27:03.560000Z,United States,US,EarthScope PRIDE PPP-AR kin quality-passing stations,"82 km SSW of Atka, Alaska",6.000000,1,3.273423,2.719112,85.328600,123.440000,6.627127,0.627127,0.627127,distance_km<=300; min_stations>=1
dist_le_300km,Station distance <= 300 km,DISTANCE,melgar_2015,median,usb000jguz,2013-09-04T06:27:03.560000Z,United States,US,EarthScope PRIDE PPP-AR kin quality-passing stations,"82 km SSW of Atka, Alaska",6.000000,1,3.273423,2.719112,85.328600,123.440000,6.340737,0.340737,0.340737,distance_km<=300; min_stations>=1
dist_le_300km,Station distance <= 300 km,DISTANCE,ruhl_2019,median,usb000jguz,2013-09-04T06:27:03.560000Z,United States,US,EarthScope PRIDE PPP-AR kin quality-passing stations,"82 km SSW of Atka, Alaska",6.000000,1,3.273423,2.719112,85.328600,123.440000,6.082380,0.082380,0.082380,distance_km<=300; min_stations>=1
dist_le_300km,Station distance <= 300 km,DISTANCE,crowell_2016_gfast,median,usb000rtp6,2014-07-17T11:49:33.930000Z,United States,US,EarthScope PRIDE PPP-AR kin quality-passing stations,"90 km NNW of Yakutat, Alaska",6.000000,2,4.103753,1.960860,125.223872,174.070000,6.941412,0.941412,0.941412,distance_km<=300; min_stations>=1
dist_le_300km,Station distance <= 300 km,DISTANCE,melgar_2015,median,usb000rtp6,2014-07-17T11:49:33.930000Z,United States,US,EarthScope PRIDE PPP-AR kin quality-passing stations,"90 km NNW of Yakutat, Alaska",6.000000,2,4.103753,1.960860,125.223872,174.070000,6.657942,0.657942,0.657942,distance_km<=300; min_stations>=1
dist_le_300km,Station distance <= 300 km,DISTANCE,ruhl_2019,median,usb000rtp6,2014-07-17T11:49:33.930000Z,United States,US,EarthScope PRIDE PPP-AR kin quality-passing stations,"90 km NNW of Yakutat, Alaska",6.000000,2,4.103753,1.960860,125.223872,174.070000,6.424996,0.424996,0.424996,distance_km<=300; min_stations>=1
dist_le_300km,Station distance <= 300 km,DISTANCE,crowell_2016_gfast,median,usb000slwn,2014-10-14T03:51:34.460Z,El Salvador,Americas,EarthScope PRIDE PPP-AR kin quality-passing stations,"74 km S of Intipucá, El Salvador",7.300000,3,9.095983,1.991388,147.072005,48.540000,7.379105,0.079105,0.079105,distance_km<=300; min_stations>=1
dist_le_300km,Station distance <= 300 km,DISTANCE,melgar_2015,median,usb000slwn,2014-10-14T03:51:34.460Z,El Salvador,Americas,EarthScope PRIDE PPP-AR kin quality-passing stations,"74 km S of Intipucá, El Salvador",7.300000,3,9.095983,1.991388,147.072005,48.540000,7.210841,-0.089159,0.089159,distance_km<=300; min_stations>=1
dist_le_300km,Station distance <= 300 km,DISTANCE,ruhl_2019,median,usb000slwn,2014-10-14T03:51:34.460Z,El Salvador,Americas,EarthScope PRIDE PPP-AR kin quality-passing stations,"74 km S of Intipucá, El Salvador",7.300000,3,9.095983,1.991388,147.072005,48.540000,7.021437,-0.278563,0.278563,distance_km<=300; min_stations>=1
dist_le_300km,Station distance <= 300 km,DISTANCE,crowell_2016_gfast,median,usc000juwv,2013-09-15T16:21:37.150000Z,United States,US,EarthScope PRIDE PPP-AR kin quality-passing stations,"77 km SSW of Atka, Alaska",6.100000,1,8.920342,4.356421,82.363350,51.850000,7.006560,0.906560,0.906560,distance_km<=300; min_stations>=1
dist_le_300km,Station distance <= 300 km,DISTANCE,melgar_2015,median,usc000juwv,2013-09-15T16:21:37.150000Z,United States,US,EarthScope PRIDE PPP-AR kin quality-passing stations,"77 km SSW of Atka, Alaska",6.100000,1,8.920342,4.356421,82.363350,51.850000,6.879867,0.779867,0.779867,distance_km<=300; min_stations>=1
dist_le_300km,Station distance <= 300 km,DISTANCE,ruhl_2019,median,usc000juwv,2013-09-15T16:21:37.150000Z,United States,US,EarthScope PRIDE PPP-AR kin quality-passing stations,"77 km SSW of Atka, Alaska",6.100000,1,8.920342,4.356421,82.363350,51.850000,6.659269,0.559269,0.559269,distance_km<=300; min_stations>=1
dist_le_300km,Station distance <= 300 km,DISTANCE,crowell_2016_gfast,median,usc000m1w9,2014-01-13T04:01:03.240000Z,United States,US,EarthScope PRIDE PPP-AR kin quality-passing stations,"61 km N of Hatillo, Puerto Rico",6.400000,2,9.604069,3.514711,100.547211,250.760000,7.156584,0.756584,0.756584,distance_km<=300; min_stations>=1
dist_le_300km,Station distance <= 300 km,DISTANCE,melgar_2015,median,usc000m1w9,2014-01-13T04:01:03.240000Z,United States,US,EarthScope PRIDE PPP-AR kin quality-passing stations,"61 km N of Hatillo, Puerto Rico",6.400000,2,9.604069,3.514711,100.547211,250.760000,7.026625,0.626625,0.626625,distance_km<=300; min_stations>=1
dist_le_300km,Station distance <= 300 km,DISTANCE,ruhl_2019,median,usc000m1w9,2014-01-13T04:01:03.240000Z,United States,US,EarthScope PRIDE PPP-AR kin quality-passing stations,"61 km N of Hatillo, Puerto Rico",6.400000,2,9.604069,3.514711,100.547211,250.760000,6.818599,0.418599,0.418599,distance_km<=300; min_stations>=1
dist_le_300km,Station distance <= 300 km,DISTANCE,crowell_2016_gfast,median,usc000p11f,2014-04-02T16:13:26.720Z,Panama,Americas,EarthScope PRIDE PPP-AR kin quality-passing stations,"33 km SSW of Boca Chica, Panama",6.000000,1,7.158561,2.798274,231.130031,185.280000,7.586322,1.586322,1.586322,distance_km<=300; min_stations>=1
dist_le_300km,Station distance <= 300 km,DISTANCE,melgar_2015,median,usc000p11f,2014-04-02T16:13:26.720Z,Panama,Americas,EarthScope PRIDE PPP-AR kin quality-passing stations,"33 km SSW of Boca Chica, Panama",6.000000,1,7.158561,2.798274,231.130031,185.280000,7.337563,1.337563,1.337563,distance_km<=300; min_stations>=1
dist_le_300km,Station distance <= 300 km,DISTANCE,ruhl_2019,median,usc000p11f,2014-04-02T16:13:26.720Z,Panama,Americas,EarthScope PRIDE PPP-AR kin quality-passing stations,"33 km SSW of Boca Chica, Panama",6.000000,1,7.158561,2.798274,231.130031,185.280000,7.165316,1.165316,1.165316,distance_km<=300; min_stations>=1
dist_le_300km,Station distance <= 300 km,DISTANCE,crowell_2016_gfast,median,usc000t4gc,2014-12-07T21:16:35.740Z,Guatemala,Americas,EarthScope PRIDE PPP-AR kin quality-passing stations,"61 km SSW of Nueva Concepción, Guatemala",6.100000,1,6.095982,3.582571,256.611055,563.260000,7.590339,1.490339,1.490339,distance_km<=300; min_stations>=1
dist_le_300km,Station distance <= 300 km,DISTANCE,melgar_2015,median,usc000t4gc,2014-12-07T21:16:35.740Z,Guatemala,Americas,EarthScope PRIDE PPP-AR kin quality-passing stations,"61 km SSW of Nueva Concepción, Guatemala",6.100000,1,6.095982,3.582571,256.611055,563.260000,7.304265,1.204265,1.204265,distance_km<=300; min_stations>=1
dist_le_300km,Station distance <= 300 km,DISTANCE,ruhl_2019,median,usc000t4gc,2014-12-07T21:16:35.740Z,Guatemala,Americas,EarthScope PRIDE PPP-AR kin quality-passing stations,"61 km SSW of Nueva Concepción, Guatemala",6.100000,1,6.095982,3.582571,256.611055,563.260000,7.131066,1.031066,1.031066,distance_km<=300; min_stations>=1
dist_le_300km,Station distance <= 300 km,DISTANCE,crowell_2016_gfast,median,usp000jhpg,2012-04-11T22:41:46.040000Z,United States,US,EarthScope PRIDE PPP-AR kin quality-passing stations,"266 km W of Bandon, Oregon",6.000000,5,3.555323,2.305400,273.933841,281.960000,7.398094,1.398094,1.398094,distance_km<=300; min_stations>=1
dist_le_300km,Station distance <= 300 km,DISTANCE,melgar_2015,median,usp000jhpg,2012-04-11T22:41:46.040000Z,United States,US,EarthScope PRIDE PPP-AR kin quality-passing stations,"266 km W of Bandon, Oregon",6.000000,5,3.555323,2.305400,273.933841,281.960000,7.014980,1.014980,1.014980,distance_km<=300; min_stations>=1
dist_le_300km,Station distance <= 300 km,DISTANCE,ruhl_2019,median,usp000jhpg,2012-04-11T22:41:46.040000Z,United States,US,EarthScope PRIDE PPP-AR kin quality-passing stations,"266 km W of Bandon, Oregon",6.000000,5,3.555323,2.305400,273.933841,281.960000,6.818607,0.818607,0.818607,distance_km<=300; min_stations>=1
dist_le_300km,Station distance <= 300 km,DISTANCE,crowell_2016_gfast,median,usp000jqvm,2012-08-27T04:37:19.430Z,El Salvador,Americas,EarthScope PRIDE PPP-AR kin quality-passing stations,"126 km S of Puerto El Triunfo, El Salvador",7.300000,1,10.509106,2.974180,184.547481,396.570000,7.594251,0.294251,0.294251,distance_km<=300; min_stations>=1
dist_le_300km,Station distance <= 300 km,DISTANCE,melgar_2015,median,usp000jqvm,2012-08-27T04:37:19.430Z,El Salvador,Americas,EarthScope PRIDE PPP-AR kin quality-passing stations,"126 km S of Puerto El Triunfo, El Salvador",7.300000,1,10.509106,2.974180,184.547481,396.570000,7.429846,0.129846,0.129846,distance_km<=300; min_stations>=1
dist_le_300km,Station distance <= 300 km,DISTANCE,ruhl_2019,median,usp000jqvm,2012-08-27T04:37:19.430Z,El Salvador,Americas,EarthScope PRIDE PPP-AR kin quality-passing stations,"126 km S of Puerto El Triunfo, El Salvador",7.300000,1,10.509106,2.974180,184.547481,396.570000,7.261114,-0.038886,0.038886,distance_km<=300; min_stations>=1
dist_le_300km,Station distance <= 300 km,DISTANCE,crowell_2016_gfast,median,usp000jt0h,2012-09-26T23:39:55.110000Z,United States,US,EarthScope PRIDE PPP-AR kin quality-passing stations,"118 km WSW of Adak, Alaska",6.400000,2,5.545770,3.086323,203.414508,242.890000,7.332543,0.932543,0.932543,distance_km<=300; min_stations>=1
dist_le_300km,Station distance <= 300 km,DISTANCE,melgar_2015,median,usp000jt0h,2012-09-26T23:39:55.110000Z,United States,US,EarthScope PRIDE PPP-AR kin quality-passing stations,"118 km WSW of Adak, Alaska",6.400000,2,5.545770,3.086323,203.414508,242.890000,7.060683,0.660683,0.660683,distance_km<=300; min_stations>=1
dist_le_300km,Station distance <= 300 km,DISTANCE,ruhl_2019,median,usp000jt0h,2012-09-26T23:39:55.110000Z,United States,US,EarthScope PRIDE PPP-AR kin quality-passing stations,"118 km WSW of Adak, Alaska",6.400000,2,5.545770,3.086323,203.414508,242.890000,6.864325,0.464325,0.464325,distance_km<=300; min_stations>=1
dist_le_300km,Station distance <= 300 km,DISTANCE,crowell_2016_gfast,median,usp000jwyb,2012-12-14T10:36:01.590000Z,United States,US,EarthScope PRIDE PPP-AR kin quality-passing stations,"279 km SSW of Avalon, California",6.300000,2,5.772533,2.259539,282.097317,341.910000,7.622133,1.322133,1.322133,distance_km<=300; min_stations>=1
dist_le_300km,Station distance <= 300 km,DISTANCE,melgar_2015,median,usp000jwyb,2012-12-14T10:36:01.590000Z,United States,US,EarthScope PRIDE PPP-AR kin quality-passing stations,"279 km SSW of Avalon, California",6.300000,2,5.772533,2.259539,282.097317,341.910000,7.312294,1.012294,1.012294,distance_km<=300; min_stations>=1
dist_le_300km,Station distance <= 300 km,DISTANCE,ruhl_2019,median,usp000jwyb,2012-12-14T10:36:01.590000Z,United States,US,EarthScope PRIDE PPP-AR kin quality-passing stations,"279 km SSW of Avalon, California",6.300000,2,5.772533,2.259539,282.097317,341.910000,7.141445,0.841445,0.841445,distance_km<=300; min_stations>=1
dist_le_200km,Station distance <= 200 km,DISTANCE,crowell_2016_gfast,median,2013p543824,2013-07-21T05:09:30Z,New Zealand,New Zealand,EarthScope PRIDE PPP-AR kin quality-passing stations,20 km east of Seddon,6.500000,33,4.393973,2.623632,102.600889,116.000000,6.805172,0.305172,0.305172,distance_km<=200; min_stations>=1
dist_le_200km,Station distance <= 200 km,DISTANCE,melgar_2015,median,2013p543824,2013-07-21T05:09:30Z,New Zealand,New Zealand,EarthScope PRIDE PPP-AR kin quality-passing stations,20 km east of Seddon,6.500000,33,4.393973,2.623632,102.600889,116.000000,6.538393,0.038393,0.038393,distance_km<=200; min_stations>=1
dist_le_200km,Station distance <= 200 km,DISTANCE,ruhl_2019,median,2013p543824,2013-07-21T05:09:30Z,New Zealand,New Zealand,EarthScope PRIDE PPP-AR kin quality-passing stations,20 km east of Seddon,6.500000,33,4.393973,2.623632,102.600889,116.000000,6.293931,-0.206069,0.206069,distance_km<=200; min_stations>=1
dist_le_200km,Station distance <= 200 km,DISTANCE,crowell_2016_gfast,median,2013p613797,2013-08-16T02:31:05Z,New Zealand,New Zealand,EarthScope PRIDE PPP-AR kin quality-passing stations,5 km south-east of Seddon,6.500000,35,5.241240,3.816498,112.726774,148.000000,6.934499,0.434499,0.434499,distance_km<=200; min_stations>=1
dist_le_200km,Station distance <= 200 km,DISTANCE,melgar_2015,median,2013p613797,2013-08-16T02:31:05Z,New Zealand,New Zealand,EarthScope PRIDE PPP-AR kin quality-passing stations,5 km south-east of Seddon,6.500000,35,5.241240,3.816498,112.726774,148.000000,6.720846,0.220846,0.220846,distance_km<=200; min_stations>=1
dist_le_200km,Station distance <= 200 km,DISTANCE,ruhl_2019,median,2013p613797,2013-08-16T02:31:05Z,New Zealand,New Zealand,EarthScope PRIDE PPP-AR kin quality-passing stations,5 km south-east of Seddon,6.500000,35,5.241240,3.816498,112.726774,148.000000,6.492071,-0.007929,0.007929,distance_km<=200; min_stations>=1
dist_le_200km,Station distance <= 200 km,DISTANCE,crowell_2016_gfast,median,2013p944608,2013-12-16T12:07:24Z,New Zealand,New Zealand,EarthScope PRIDE PPP-AR kin quality-passing stations,120 km west of Tuatapere,6.100000,3,4.892505,3.249596,177.460452,366.000000,7.203090,1.103090,1.103090,distance_km<=200; min_stations>=1
dist_le_200km,Station distance <= 200 km,DISTANCE,melgar_2015,median,2013p944608,2013-12-16T12:07:24Z,New Zealand,New Zealand,EarthScope PRIDE PPP-AR kin quality-passing stations,120 km west of Tuatapere,6.100000,3,4.892505,3.249596,177.460452,366.000000,6.902751,0.802751,0.802751,distance_km<=200; min_stations>=1
dist_le_200km,Station distance <= 200 km,DISTANCE,ruhl_2019,median,2013p944608,2013-12-16T12:07:24Z,New Zealand,New Zealand,EarthScope PRIDE PPP-AR kin quality-passing stations,120 km west of Tuatapere,6.100000,3,4.892505,3.249596,177.460452,366.000000,6.691850,0.591850,0.591850,distance_km<=200; min_stations>=1
dist_le_200km,Station distance <= 200 km,DISTANCE,crowell_2016_gfast,median,2014p051675,2014-01-20T02:52:45Z,New Zealand,New Zealand,EarthScope PRIDE PPP-AR kin quality-passing stations,10 km east of Eketahuna,6.200000,12,4.763396,2.154680,51.660165,251.500000,6.499045,0.299044,0.299044,distance_km<=200; min_stations>=1
dist_le_200km,Station distance <= 200 km,DISTANCE,melgar_2015,median,2014p051675,2014-01-20T02:52:45Z,New Zealand,New Zealand,EarthScope PRIDE PPP-AR kin quality-passing stations,10 km east of Eketahuna,6.200000,12,4.763396,2.154680,51.660165,251.500000,6.304540,0.104540,0.104540,distance_km<=200; min_stations>=1
dist_le_200km,Station distance <= 200 km,DISTANCE,ruhl_2019,median,2014p051675,2014-01-20T02:52:45Z,New Zealand,New Zealand,EarthScope PRIDE PPP-AR kin quality-passing stations,10 km east of Eketahuna,6.200000,12,4.763396,2.154680,51.660165,251.500000,6.041837,-0.158163,0.158163,distance_km<=200; min_stations>=1
dist_le_200km,Station distance <= 200 km,DISTANCE,crowell_2016_gfast,median,2014p770859,2014-10-13T05:13:41Z,New Zealand,New Zealand,EarthScope PRIDE PPP-AR kin quality-passing stations,140 km west of Tuatapere,6.200000,1,4.534810,2.587113,64.798138,554.000000,6.601987,0.401987,0.401987,distance_km<=200; min_stations>=1
dist_le_200km,Station distance <= 200 km,DISTANCE,melgar_2015,median,2014p770859,2014-10-13T05:13:41Z,New Zealand,New Zealand,EarthScope PRIDE PPP-AR kin quality-passing stations,140 km west of Tuatapere,6.200000,1,4.534810,2.587113,64.798138,554.000000,6.387116,0.187116,0.187116,distance_km<=200; min_stations>=1
dist_le_200km,Station distance <= 200 km,DISTANCE,ruhl_2019,median,2014p770859,2014-10-13T05:13:41Z,New Zealand,New Zealand,EarthScope PRIDE PPP-AR kin quality-passing stations,140 km west of Tuatapere,6.200000,1,4.534810,2.587113,64.798138,554.000000,6.130799,-0.069201,0.069201,distance_km<=200; min_stations>=1
dist_le_200km,Station distance <= 200 km,DISTANCE,crowell_2016_gfast,median,2014p864702,2014-11-16T22:33:17Z,New Zealand,New Zealand,EarthScope PRIDE PPP-AR kin quality-passing stations,150 km east of Te Araroa,6.500000,6,6.834760,2.128097,181.739384,158.000000,7.430596,0.930596,0.930596,distance_km<=200; min_stations>=1
dist_le_200km,Station distance <= 200 km,DISTANCE,melgar_2015,median,2014p864702,2014-11-16T22:33:17Z,New Zealand,New Zealand,EarthScope PRIDE PPP-AR kin quality-passing stations,150 km east of Te Araroa,6.500000,6,6.834760,2.128097,181.739384,158.000000,7.192839,0.692839,0.692839,distance_km<=200; min_stations>=1
dist_le_200km,Station distance <= 200 km,DISTANCE,ruhl_2019,median,2014p864702,2014-11-16T22:33:17Z,New Zealand,New Zealand,EarthScope PRIDE PPP-AR kin quality-passing stations,150 km east of Te Araroa,6.500000,6,6.834760,2.128097,181.739384,158.000000,7.005812,0.505812,0.505812,distance_km<=200; min_stations>=1
dist_le_200km,Station distance <= 200 km,DISTANCE,crowell_2016_gfast,median,2015p305812,2015-04-24T03:36:42Z,New Zealand,New Zealand,EarthScope PRIDE PPP-AR kin quality-passing stations,35 km south-east of St Arnaud,6.200000,2,4.181758,3.444845,75.243582,225.500000,6.647785,0.447785,0.447785,distance_km<=200; min_stations>=1
dist_le_200km,Station distance <= 200 km,DISTANCE,melgar_2015,median,2015p305812,2015-04-24T03:36:42Z,New Zealand,New Zealand,EarthScope PRIDE PPP-AR kin quality-passing stations,35 km south-east of St Arnaud,6.200000,2,4.181758,3.444845,75.243582,225.500000,6.407215,0.207215,0.207215,distance_km<=200; min_stations>=1
dist_le_200km,Station distance <= 200 km,DISTANCE,ruhl_2019,median,2015p305812,2015-04-24T03:36:42Z,New Zealand,New Zealand,EarthScope PRIDE PPP-AR kin quality-passing stations,35 km south-east of St Arnaud,6.200000,2,4.181758,3.444845,75.243582,225.500000,6.152946,-0.047054,0.047054,distance_km<=200; min_stations>=1
dist_le_200km,Station distance <= 200 km,DISTANCE,crowell_2016_gfast,median,2016p661332,2016-09-01T16:37:55Z,New Zealand,New Zealand,EarthScope PRIDE PPP-AR kin quality-passing stations,120 km north-east of Te Araroa,7.100000,7,5.265406,3.053656,166.215789,249.000000,7.140186,0.040186,0.040186,distance_km<=200; min_stations>=1
dist_le_200km,Station distance <= 200 km,DISTANCE,melgar_2015,median,2016p661332,2016-09-01T16:37:55Z,New Zealand,New Zealand,EarthScope PRIDE PPP-AR kin quality-passing stations,120 km north-east of Te Araroa,7.100000,7,5.265406,3.053656,166.215789,249.000000,6.879917,-0.220083,0.220083,distance_km<=200; min_stations>=1
dist_le_200km,Station distance <= 200 km,DISTANCE,ruhl_2019,median,2016p661332,2016-09-01T16:37:55Z,New Zealand,New Zealand,EarthScope PRIDE PPP-AR kin quality-passing stations,120 km north-east of Te Araroa,7.100000,7,5.265406,3.053656,166.215789,249.000000,6.664488,-0.435512,0.435512,distance_km<=200; min_stations>=1
dist_le_200km,Station distance <= 200 km,DISTANCE,crowell_2016_gfast,median,2016p661400,2016-09-01T17:14:05Z,New Zealand,New Zealand,EarthScope PRIDE PPP-AR kin quality-passing stations,105 km north-east of Te Araroa,6.200000,7,4.161899,2.533013,155.803465,270.000000,7.121523,0.921523,0.921523,distance_km<=200; min_stations>=1
dist_le_200km,Station distance <= 200 km,DISTANCE,melgar_2015,median,2016p661400,2016-09-01T17:14:05Z,New Zealand,New Zealand,EarthScope PRIDE PPP-AR kin quality-passing stations,105 km north-east of Te Araroa,6.200000,7,4.161899,2.533013,155.803465,270.000000,6.798832,0.598832,0.598832,distance_km<=200; min_stations>=1
dist_le_200km,Station distance <= 200 km,DISTANCE,ruhl_2019,median,2016p661400,2016-09-01T17:14:05Z,New Zealand,New Zealand,EarthScope PRIDE PPP-AR kin quality-passing stations,105 km north-east of Te Araroa,6.200000,7,4.161899,2.533013,155.803465,270.000000,6.579494,0.379494,0.379494,distance_km<=200; min_stations>=1
dist_le_200km,Station distance <= 200 km,DISTANCE,crowell_2016_gfast,median,2016p858000,2016-11-13T11:02:56Z,New Zealand,New Zealand,EarthScope PRIDE PPP-AR kin quality-passing stations,15 km north-east of Culverden,7.800000,14,24.146968,13.944506,147.886022,106.000000,7.592933,-0.207067,0.207067,distance_km<=200; min_stations>=1
dist_le_200km,Station distance <= 200 km,DISTANCE,melgar_2015,median,2016p858000,2016-11-13T11:02:56Z,New Zealand,New Zealand,EarthScope PRIDE PPP-AR kin quality-passing stations,15 km north-east of Culverden,7.800000,14,24.146968,13.944506,147.886022,106.000000,7.560875,-0.239125,0.239125,distance_km<=200; min_stations>=1
dist_le_200km,Station distance <= 200 km,DISTANCE,ruhl_2019,median,2016p858000,2016-11-13T11:02:56Z,New Zealand,New Zealand,EarthScope PRIDE PPP-AR kin quality-passing stations,15 km north-east of Culverden,7.800000,14,24.146968,13.944506,147.886022,106.000000,7.386468,-0.413532,0.413532,distance_km<=200; min_stations>=1
dist_le_200km,Station distance <= 200 km,DISTANCE,crowell_2016_gfast,median,2016p858007,2016-11-13T11:05:14Z,New Zealand,New Zealand,EarthScope PRIDE PPP-AR kin quality-passing stations,45 km south-west of Seddon,6.000000,22,12.697283,1.805160,148.467382,4.500000,7.466593,1.466593,1.466593,distance_km<=200; min_stations>=1
dist_le_200km,Station distance <= 200 km,DISTANCE,melgar_2015,median,2016p858007,2016-11-13T11:05:14Z,New Zealand,New Zealand,EarthScope PRIDE PPP-AR kin quality-passing stations,45 km south-west of Seddon,6.000000,22,12.697283,1.805160,148.467382,4.500000,7.383383,1.383383,1.383383,distance_km<=200; min_stations>=1
dist_le_200km,Station distance <= 200 km,DISTANCE,ruhl_2019,median,2016p858007,2016-11-13T11:05:14Z,New Zealand,New Zealand,EarthScope PRIDE PPP-AR kin quality-passing stations,45 km south-west of Seddon,6.000000,22,12.697283,1.805160,148.467382,4.500000,7.204731,1.204731,1.204731,distance_km<=200; min_stations>=1
dist_le_200km,Station distance <= 200 km,DISTANCE,crowell_2016_gfast,median,2016p858021,2016-11-13T11:12:35Z,New Zealand,New Zealand,EarthScope PRIDE PPP-AR kin quality-passing stations,5 km east of Kaikoura,6.000000,20,6.164964,1.406865,162.855379,367.000000,7.312627,1.312627,1.312627,distance_km<=200; min_stations>=1
dist_le_200km,Station distance <= 200 km,DISTANCE,melgar_2015,median,2016p858021,2016-11-13T11:12:35Z,New Zealand,New Zealand,EarthScope PRIDE PPP-AR kin quality-passing stations,5 km east of Kaikoura,6.000000,20,6.164964,1.406865,162.855379,367.000000,7.103324,1.103324,1.103324,distance_km<=200; min_stations>=1
dist_le_200km,Station distance <= 200 km,DISTANCE,ruhl_2019,median,2016p858021,2016-11-13T11:12:35Z,New Zealand,New Zealand,EarthScope PRIDE PPP-AR kin quality-passing stations,5 km east of Kaikoura,6.000000,20,6.164964,1.406865,162.855379,367.000000,6.908145,0.908145,0.908145,distance_km<=200; min_stations>=1
dist_le_200km,Station distance <= 200 km,DISTANCE,crowell_2016_gfast,median,2016p858055,2016-11-13T11:32:07Z,New Zealand,New Zealand,EarthScope PRIDE PPP-AR kin quality-passing stations,15 km north of Kaikoura,6.200000,29,4.464762,2.961341,157.097930,295.000000,7.124169,0.924169,0.924169,distance_km<=200; min_stations>=1
dist_le_200km,Station distance <= 200 km,DISTANCE,melgar_2015,median,2016p858055,2016-11-13T11:32:07Z,New Zealand,New Zealand,EarthScope PRIDE PPP-AR kin quality-passing stations,15 km north of Kaikoura,6.200000,29,4.464762,2.961341,157.097930,295.000000,6.835379,0.635379,0.635379,distance_km<=200; min_stations>=1
dist_le_200km,Station distance <= 200 km,DISTANCE,ruhl_2019,median,2016p858055,2016-11-13T11:32:07Z,New Zealand,New Zealand,EarthScope PRIDE PPP-AR kin quality-passing stations,15 km north of Kaikoura,6.200000,29,4.464762,2.961341,157.097930,295.000000,6.617911,0.417911,0.417911,distance_km<=200; min_stations>=1
dist_le_200km,Station distance <= 200 km,DISTANCE,crowell_2016_gfast,median,2016p858094,2016-11-13T11:52:44Z,New Zealand,New Zealand,EarthScope PRIDE PPP-AR kin quality-passing stations,20 km north of Kaikoura,6.100000,30,3.366494,2.683434,155.602525,256.000000,6.994879,0.894880,0.894880,distance_km<=200; min_stations>=1
dist_le_200km,Station distance <= 200 km,DISTANCE,melgar_2015,median,2016p858094,2016-11-13T11:52:44Z,New Zealand,New Zealand,EarthScope PRIDE PPP-AR kin quality-passing stations,20 km north of Kaikoura,6.100000,30,3.366494,2.683434,155.602525,256.000000,6.662619,0.562619,0.562619,distance_km<=200; min_stations>=1
dist_le_200km,Station distance <= 200 km,DISTANCE,ruhl_2019,median,2016p858094,2016-11-13T11:52:44Z,New Zealand,New Zealand,EarthScope PRIDE PPP-AR kin quality-passing stations,20 km north of Kaikoura,6.100000,30,3.366494,2.683434,155.602525,256.000000,6.431948,0.331948,0.331948,distance_km<=200; min_stations>=1
dist_le_200km,Station distance <= 200 km,DISTANCE,crowell_2016_gfast,median,2016p859524,2016-11-14T00:34:23Z,New Zealand,New Zealand,EarthScope PRIDE PPP-AR kin quality-passing stations,25 km east of Hanmer Springs,6.700000,21,5.389304,3.023112,141.431410,296.000000,7.098035,0.398035,0.398035,distance_km<=200; min_stations>=1
dist_le_200km,Station distance <= 200 km,DISTANCE,melgar_2015,median,2016p859524,2016-11-14T00:34:23Z,New Zealand,New Zealand,EarthScope PRIDE PPP-AR kin quality-passing stations,25 km east of Hanmer Springs,6.700000,21,5.389304,3.023112,141.431410,296.000000,6.872470,0.172470,0.172470,distance_km<=200; min_stations>=1
dist_le_200km,Station distance <= 200 km,DISTANCE,ruhl_2019,median,2016p859524,2016-11-14T00:34:23Z,New Zealand,New Zealand,EarthScope PRIDE PPP-AR kin quality-passing stations,25 km east of Hanmer Springs,6.700000,21,5.389304,3.023112,141.431410,296.000000,6.656757,-0.043243,0.043243,distance_km<=200; min_stations>=1
dist_le_200km,Station distance <= 200 km,DISTANCE,crowell_2016_gfast,median,2021p169083,2021-03-04T13:27:35Z,New Zealand,New Zealand,EarthScope PRIDE PPP-AR kin quality-passing stations,140 km east of Te Araroa,7.200000,6,6.903842,3.171711,174.419455,273.500000,7.345083,0.145083,0.145083,distance_km<=200; min_stations>=1
dist_le_200km,Station distance <= 200 km,DISTANCE,melgar_2015,median,2021p169083,2021-03-04T13:27:35Z,New Zealand,New Zealand,EarthScope PRIDE PPP-AR kin quality-passing stations,140 km east of Te Araroa,7.200000,6,6.903842,3.171711,174.419455,273.500000,7.094903,-0.105097,0.105097,distance_km<=200; min_stations>=1
dist_le_200km,Station distance <= 200 km,DISTANCE,ruhl_2019,median,2021p169083,2021-03-04T13:27:35Z,New Zealand,New Zealand,EarthScope PRIDE PPP-AR kin quality-passing stations,140 km east of Te Araroa,7.200000,6,6.903842,3.171711,174.419455,273.500000,6.897705,-0.302295,0.302295,distance_km<=200; min_stations>=1
dist_le_200km,Station distance <= 200 km,DISTANCE,crowell_2016_gfast,median,2025p224518,2025-03-25T01:43:09Z,New Zealand,New Zealand,EarthScope PRIDE PPP-AR kin quality-passing stations,155 km north-west of Snares Islands,6.800000,1,2.563201,3.141953,102.623012,132.000000,6.634092,-0.165908,0.165908,distance_km<=200; min_stations>=1
dist_le_200km,Station distance <= 200 km,DISTANCE,melgar_2015,median,2025p224518,2025-03-25T01:43:09Z,New Zealand,New Zealand,EarthScope PRIDE PPP-AR kin quality-passing stations,155 km north-west of Snares Islands,6.800000,1,2.563201,3.141953,102.623012,132.000000,6.293838,-0.506162,0.506162,distance_km<=200; min_stations>=1
dist_le_200km,Station distance <= 200 km,DISTANCE,ruhl_2019,median,2025p224518,2025-03-25T01:43:09Z,New Zealand,New Zealand,EarthScope PRIDE PPP-AR kin quality-passing stations,155 km north-west of Snares Islands,6.800000,1,2.563201,3.141953,102.623012,132.000000,6.032850,-0.767150,0.767150,distance_km<=200; min_stations>=1
dist_le_200km,Station distance <= 200 km,DISTANCE,crowell_2016_gfast,median,2025p506857,2025-07-07T12:53:41Z,New Zealand,New Zealand,EarthScope PRIDE PPP-AR kin quality-passing stations,120 km north-west of Snares Islands,6.100000,1,3.549732,2.574775,148.061087,132.000000,6.988910,0.888910,0.888910,distance_km<=200; min_stations>=1
dist_le_200km,Station distance <= 200 km,DISTANCE,melgar_2015,median,2025p506857,2025-07-07T12:53:41Z,New Zealand,New Zealand,EarthScope PRIDE PPP-AR kin quality-passing stations,120 km north-west of Snares Islands,6.100000,1,3.549732,2.574775,148.061087,132.000000,6.668006,0.568006,0.568006,distance_km<=200; min_stations>=1
dist_le_200km,Station distance <= 200 km,DISTANCE,ruhl_2019,median,2025p506857,2025-07-07T12:53:41Z,New Zealand,New Zealand,EarthScope PRIDE PPP-AR kin quality-passing stations,120 km north-west of Snares Islands,6.100000,1,3.549732,2.574775,148.061087,132.000000,6.437110,0.337110,0.337110,distance_km<=200; min_stations>=1
dist_le_200km,Station distance <= 200 km,DISTANCE,crowell_2016_gfast,median,ak0138esnzr,2013-01-05T08:58:14.957000Z,United States,US,EarthScope PRIDE PPP-AR kin quality-passing stations,"110 km SW of Edna Bay, Alaska",7.500000,1,29.788805,8.677871,114.204860,35.043000,7.701610,0.201610,0.201610,distance_km<=200; min_stations>=1
dist_le_200km,Station distance <= 200 km,DISTANCE,melgar_2015,median,ak0138esnzr,2013-01-05T08:58:14.957000Z,United States,US,EarthScope PRIDE PPP-AR kin quality-passing stations,"110 km SW of Edna Bay, Alaska",7.500000,1,29.788805,8.677871,114.204860,35.043000,7.742788,0.242788,0.242788,distance_km<=200; min_stations>=1
dist_le_200km,Station distance <= 200 km,DISTANCE,ruhl_2019,median,ak0138esnzr,2013-01-05T08:58:14.957000Z,United States,US,EarthScope PRIDE PPP-AR kin quality-passing stations,"110 km SW of Edna Bay, Alaska",7.500000,1,29.788805,8.677871,114.204860,35.043000,7.589054,0.089054,0.089054,distance_km<=200; min_stations>=1
dist_le_200km,Station distance <= 200 km,DISTANCE,crowell_2016_gfast,median,ak0149guzic1,2014-07-25T10:54:50.417000Z,United States,US,EarthScope PRIDE PPP-AR kin quality-passing stations,"40 km WNW of Elfin Cove, Alaska",6.000000,3,4.420328,3.250116,142.068380,256.583000,6.995212,0.995212,0.995212,distance_km<=200; min_stations>=1
dist_le_200km,Station distance <= 200 km,DISTANCE,melgar_2015,median,ak0149guzic1,2014-07-25T10:54:50.417000Z,United States,US,EarthScope PRIDE PPP-AR kin quality-passing stations,"40 km WNW of Elfin Cove, Alaska",6.000000,3,4.420328,3.250116,142.068380,256.583000,6.655415,0.655415,0.655415,distance_km<=200; min_stations>=1
dist_le_200km,Station distance <= 200 km,DISTANCE,ruhl_2019,median,ak0149guzic1,2014-07-25T10:54:50.417000Z,United States,US,EarthScope PRIDE PPP-AR kin quality-passing stations,"40 km WNW of Elfin Cove, Alaska",6.000000,3,4.420328,3.250116,142.068380,256.583000,6.424071,0.424071,0.424071,distance_km<=200; min_stations>=1
dist_le_200km,Station distance <= 200 km,DISTANCE,crowell_2016_gfast,median,ak014cbigci8,2014-09-25T17:51:17.606000Z,United States,US,EarthScope PRIDE PPP-AR kin quality-passing stations,"22 km WSW of Skwentna, Alaska",6.200000,8,5.880795,3.113456,140.610391,159.394000,7.185227,0.985227,0.985227,distance_km<=200; min_stations>=1
dist_le_200km,Station distance <= 200 km,DISTANCE,melgar_2015,median,ak014cbigci8,2014-09-25T17:51:17.606000Z,United States,US,EarthScope PRIDE PPP-AR kin quality-passing stations,"22 km WSW of Skwentna, Alaska",6.200000,8,5.880795,3.113456,140.610391,159.394000,6.914386,0.714386,0.714386,distance_km<=200; min_stations>=1
dist_le_200km,Station distance <= 200 km,DISTANCE,ruhl_2019,median,ak014cbigci8,2014-09-25T17:51:17.606000Z,United States,US,EarthScope PRIDE PPP-AR kin quality-passing stations,"22 km WSW of Skwentna, Alaska",6.200000,8,5.880795,3.113456,140.610391,159.394000,6.703558,0.503558,0.503558,distance_km<=200; min_stations>=1
dist_le_200km,Station distance <= 200 km,DISTANCE,crowell_2016_gfast,median,ak0156uj8rk3,2015-05-29T07:00:09.634000Z,United States,US,EarthScope PRIDE PPP-AR kin quality-passing stations,"117 km SSE of Ugashik, Alaska",6.800000,5,3.686001,2.807257,150.082964,202.366000,7.033155,0.233155,0.233155,distance_km<=200; min_stations>=1
dist_le_200km,Station distance <= 200 km,DISTANCE,melgar_2015,median,ak0156uj8rk3,2015-05-29T07:00:09.634000Z,United States,US,EarthScope PRIDE PPP-AR kin quality-passing stations,"117 km SSE of Ugashik, Alaska",6.800000,5,3.686001,2.807257,150.082964,202.366000,6.703249,-0.096751,0.096751,distance_km<=200; min_stations>=1
dist_le_200km,Station distance <= 200 km,DISTANCE,ruhl_2019,median,ak0156uj8rk3,2015-05-29T07:00:09.634000Z,United States,US,EarthScope PRIDE PPP-AR kin quality-passing stations,"117 km SSE of Ugashik, Alaska",6.800000,5,3.686001,2.807257,150.082964,202.366000,6.475726,-0.324274,0.324274,distance_km<=200; min_stations>=1
dist_le_200km,Station distance <= 200 km,DISTANCE,crowell_2016_gfast,median,ak0159nc9dk8,2015-07-29T02:35:59.449000Z,United States,US,EarthScope PRIDE PPP-AR kin quality-passing stations,"52 km ENE of Pedro Bay, Alaska",6.400000,22,6.280697,2.933943,137.062154,367.551000,7.252591,0.852591,0.852591,distance_km<=200; min_stations>=1
dist_le_200km,Station distance <= 200 km,DISTANCE,melgar_2015,median,ak0159nc9dk8,2015-07-29T02:35:59.449000Z,United States,US,EarthScope PRIDE PPP-AR kin quality-passing stations,"52 km ENE of Pedro Bay, Alaska",6.400000,22,6.280697,2.933943,137.062154,367.551000,7.010480,0.610480,0.610480,distance_km<=200; min_stations>=1
dist_le_200km,Station distance <= 200 km,DISTANCE,ruhl_2019,median,ak0159nc9dk8,2015-07-29T02:35:59.449000Z,United States,US,EarthScope PRIDE PPP-AR kin quality-passing stations,"52 km ENE of Pedro Bay, Alaska",6.400000,22,6.280697,2.933943,137.062154,367.551000,6.806268,0.406268,0.406268,distance_km<=200; min_stations>=1
dist_le_200km,Station distance <= 200 km,DISTANCE,crowell_2016_gfast,median,ak01613v15nv,2016-01-24T10:30:29.557000Z,United States,US,EarthScope PRIDE PPP-AR kin quality-passing stations,"47 km ESE of Pedro Bay, Alaska",7.100000,16,6.243326,2.035305,149.193827,176.943000,7.214468,0.114468,0.114468,distance_km<=200; min_stations>=1
dist_le_200km,Station distance <= 200 km,DISTANCE,melgar_2015,median,ak01613v15nv,2016-01-24T10:30:29.557000Z,United States,US,EarthScope PRIDE PPP-AR kin quality-passing stations,"47 km ESE of Pedro Bay, Alaska",7.100000,16,6.243326,2.035305,149.193827,176.943000,6.997745,-0.102255,0.102255,distance_km<=200; min_stations>=1
dist_le_200km,Station distance <= 200 km,DISTANCE,ruhl_2019,median,ak01613v15nv,2016-01-24T10:30:29.557000Z,United States,US,EarthScope PRIDE PPP-AR kin quality-passing stations,"47 km ESE of Pedro Bay, Alaska",7.100000,16,6.243326,2.035305,149.193827,176.943000,6.791747,-0.308253,0.308253,distance_km<=200; min_stations>=1
dist_le_200km,Station distance <= 200 km,DISTANCE,crowell_2016_gfast,median,ak01649w95tp,2016-04-02T05:50:00.932000Z,United States,US,EarthScope PRIDE PPP-AR kin quality-passing stations,"42 km E of Port Heiden, Alaska",6.200000,3,5.470256,2.707266,66.776295,508.068000,6.831879,0.631879,0.631879,distance_km<=200; min_stations>=1
dist_le_200km,Station distance <= 200 km,DISTANCE,melgar_2015,median,ak01649w95tp,2016-04-02T05:50:00.932000Z,United States,US,EarthScope PRIDE PPP-AR kin quality-passing stations,"42 km E of Port Heiden, Alaska",6.200000,3,5.470256,2.707266,66.776295,508.068000,6.631302,0.431302,0.431302,distance_km<=200; min_stations>=1
dist_le_200km,Station distance <= 200 km,DISTANCE,ruhl_2019,median,ak01649w95tp,2016-04-02T05:50:00.932000Z,United States,US,EarthScope PRIDE PPP-AR kin quality-passing stations,"42 km E of Port Heiden, Alaska",6.200000,3,5.470256,2.707266,66.776295,508.068000,6.393547,0.193547,0.193547,distance_km<=200; min_stations>=1
dist_le_200km,Station distance <= 200 km,DISTANCE,crowell_2016_gfast,median,ak018aap2cqu,2018-08-12T14:58:53.503000Z,United States,US,EarthScope PRIDE PPP-AR kin quality-passing stations,"89 km SW of Kaktovik, Alaska",6.400000,1,8.500718,2.824795,168.834928,578.497000,7.442865,1.042865,1.042865,distance_km<=200; min_stations>=1
dist_le_200km,Station distance <= 200 km,DISTANCE,melgar_2015,median,ak018aap2cqu,2018-08-12T14:58:53.503000Z,United States,US,EarthScope PRIDE PPP-AR kin quality-passing stations,"89 km SW of Kaktovik, Alaska",6.400000,1,8.500718,2.824795,168.834928,578.497000,7.251733,0.851733,0.851733,distance_km<=200; min_stations>=1
dist_le_200km,Station distance <= 200 km,DISTANCE,ruhl_2019,median,ak018aap2cqu,2018-08-12T14:58:53.503000Z,United States,US,EarthScope PRIDE PPP-AR kin quality-passing stations,"89 km SW of Kaktovik, Alaska",6.400000,1,8.500718,2.824795,168.834928,578.497000,7.067534,0.667534,0.667534,distance_km<=200; min_stations>=1
dist_le_200km,Station distance <= 200 km,DISTANCE,crowell_2016_gfast,median,ak018aasz24z,2018-08-12T21:15:00.999000Z,United States,US,EarthScope PRIDE PPP-AR kin quality-passing stations,"73 km SSW of Kaktovik, Alaska",6.000000,1,7.694966,1.602117,199.048332,181.001000,7.512931,1.512931,1.512931,distance_km<=200; min_stations>=1
dist_le_200km,Station distance <= 200 km,DISTANCE,melgar_2015,median,ak018aasz24z,2018-08-12T21:15:00.999000Z,United States,US,EarthScope PRIDE PPP-AR kin quality-passing stations,"73 km SSW of Kaktovik, Alaska",6.000000,1,7.694966,1.602117,199.048332,181.001000,7.290514,1.290514,1.290514,distance_km<=200; min_stations>=1
dist_le_200km,Station distance <= 200 km,DISTANCE,ruhl_2019,median,ak018aasz24z,2018-08-12T21:15:00.999000Z,United States,US,EarthScope PRIDE PPP-AR kin quality-passing stations,"73 km SSW of Kaktovik, Alaska",6.000000,1,7.694966,1.602117,199.048332,181.001000,7.111966,1.111966,1.111966,distance_km<=200; min_stations>=1
dist_le_200km,Station distance <= 200 km,DISTANCE,crowell_2016_gfast,median,ak0216xu2rod,2021-05-31T06:59:55.581000Z,United States,US,EarthScope PRIDE PPP-AR kin quality-passing stations,"73 km N of Chickaloon, Alaska",6.100000,13,3.186424,2.220186,128.997016,278.419000,6.929549,0.829549,0.829549,distance_km<=200; min_stations>=1
dist_le_200km,Station distance <= 200 km,DISTANCE,melgar_2015,median,ak0216xu2rod,2021-05-31T06:59:55.581000Z,United States,US,EarthScope PRIDE PPP-AR kin quality-passing stations,"73 km N of Chickaloon, Alaska",6.100000,13,3.186424,2.220186,128.997016,278.419000,6.583344,0.483344,0.483344,distance_km<=200; min_stations>=1
dist_le_200km,Station distance <= 200 km,DISTANCE,ruhl_2019,median,ak0216xu2rod,2021-05-31T06:59:55.581000Z,United States,US,EarthScope PRIDE PPP-AR kin quality-passing stations,"73 km N of Chickaloon, Alaska",6.100000,13,3.186424,2.220186,128.997016,278.419000,6.346733,0.246733,0.246733,distance_km<=200; min_stations>=1
dist_le_200km,Station distance <= 200 km,DISTANCE,crowell_2016_gfast,median,ak021d1u1nos,2021-10-11T09:10:25.147000Z,United States,US,EarthScope PRIDE PPP-AR kin quality-passing stations,"112 km E of Chignik, Alaska",6.900000,1,4.247658,2.127646,171.713324,397.853000,7.159418,0.259418,0.259418,distance_km<=200; min_stations>=1
dist_le_200km,Station distance <= 200 km,DISTANCE,melgar_2015,median,ak021d1u1nos,2021-10-11T09:10:25.147000Z,United States,US,EarthScope PRIDE PPP-AR kin quality-passing stations,"112 km E of Chignik, Alaska",6.900000,1,4.247658,2.127646,171.713324,397.853000,6.853737,-0.046263,0.046263,distance_km<=200; min_stations>=1
dist_le_200km,Station distance <= 200 km,DISTANCE,ruhl_2019,median,ak021d1u1nos,2021-10-11T09:10:25.147000Z,United States,US,EarthScope PRIDE PPP-AR kin quality-passing stations,"112 km E of Chignik, Alaska",6.900000,1,4.247658,2.127646,171.713324,397.853000,6.638626,-0.261374,0.261374,distance_km<=200; min_stations>=1
dist_le_200km,Station distance <= 200 km,DISTANCE,crowell_2016_gfast,median,ak2025xjbvhj,2025-11-27T17:11:29.059000Z,United States,US,EarthScope PRIDE PPP-AR kin quality-passing stations,"12 km WNW of Susitna, Alaska",6.000000,7,2.773229,2.085237,124.429892,127.941000,6.849512,0.849512,0.849512,distance_km<=200; min_stations>=1
dist_le_200km,Station distance <= 200 km,DISTANCE,melgar_2015,median,ak2025xjbvhj,2025-11-27T17:11:29.059000Z,United States,US,EarthScope PRIDE PPP-AR kin quality-passing stations,"12 km WNW of Susitna, Alaska",6.000000,7,2.773229,2.085237,124.429892,127.941000,6.407797,0.407797,0.407797,distance_km<=200; min_stations>=1
dist_le_200km,Station distance <= 200 km,DISTANCE,ruhl_2019,median,ak2025xjbvhj,2025-11-27T17:11:29.059000Z,United States,US,EarthScope PRIDE PPP-AR kin quality-passing stations,"12 km WNW of Susitna, Alaska",6.000000,7,2.773229,2.085237,124.429892,127.941000,6.158118,0.158118,0.158118,distance_km<=200; min_stations>=1
dist_le_200km,Station distance <= 200 km,DISTANCE,crowell_2016_gfast,median,hv72748782,2021-10-10T21:48:36.560000Z,United States,US,EarthScope PRIDE PPP-AR kin quality-passing stations,"27 km SSE of Naalehu, Hawaii",6.210000,4,5.043088,1.858640,77.422159,546.440000,6.690914,0.480914,0.480914,distance_km<=200; min_stations>=1
dist_le_200km,Station distance <= 200 km,DISTANCE,melgar_2015,median,hv72748782,2021-10-10T21:48:36.560000Z,United States,US,EarthScope PRIDE PPP-AR kin quality-passing stations,"27 km SSE of Naalehu, Hawaii",6.210000,4,5.043088,1.858640,77.422159,546.440000,6.472074,0.262074,0.262074,distance_km<=200; min_stations>=1
dist_le_200km,Station distance <= 200 km,DISTANCE,ruhl_2019,median,hv72748782,2021-10-10T21:48:36.560000Z,United States,US,EarthScope PRIDE PPP-AR kin quality-passing stations,"27 km SSE of Naalehu, Hawaii",6.210000,4,5.043088,1.858640,77.422159,546.440000,6.222017,0.012017,0.012017,distance_km<=200; min_stations>=1
dist_le_200km,Station distance <= 200 km,DISTANCE,crowell_2016_gfast,median,nc71338066,2010-01-10T00:27:39.320000Z,United States,US,EarthScope PRIDE PPP-AR kin quality-passing stations,"The 2010 Eureka, California Earthquake",6.500000,1,4.461098,2.629883,47.863806,508.680000,6.432775,-0.067225,0.067225,distance_km<=200; min_stations>=1
dist_le_200km,Station distance <= 200 km,DISTANCE,melgar_2015,median,nc71338066,2010-01-10T00:27:39.320000Z,United States,US,EarthScope PRIDE PPP-AR kin quality-passing stations,"The 2010 Eureka, California Earthquake",6.500000,1,4.461098,2.629883,47.863806,508.680000,6.236135,-0.263865,0.263865,distance_km<=200; min_stations>=1
dist_le_200km,Station distance <= 200 km,DISTANCE,ruhl_2019,median,nc71338066,2010-01-10T00:27:39.320000Z,United States,US,EarthScope PRIDE PPP-AR kin quality-passing stations,"The 2010 Eureka, California Earthquake",6.500000,1,4.461098,2.629883,47.863806,508.680000,5.968707,-0.531293,0.531293,distance_km<=200; min_stations>=1
dist_le_200km,Station distance <= 200 km,DISTANCE,crowell_2016_gfast,median,nc73666231,2021-12-20T20:10:31.310000Z,United States,US,EarthScope PRIDE PPP-AR kin quality-passing stations,"7km N of Petrolia, CA",6.200000,4,4.168486,3.055785,33.502648,204.500000,6.225274,0.025273,0.025273,distance_km<=200; min_stations>=1
dist_le_200km,Station distance <= 200 km,DISTANCE,melgar_2015,median,nc73666231,2021-12-20T20:10:31.310000Z,United States,US,EarthScope PRIDE PPP-AR kin quality-passing stations,"7km N of Petrolia, CA",6.200000,4,4.168486,3.055785,33.502648,204.500000,6.040895,-0.159105,0.159105,distance_km<=200; min_stations>=1
dist_le_200km,Station distance <= 200 km,DISTANCE,ruhl_2019,median,nc73666231,2021-12-20T20:10:31.310000Z,United States,US,EarthScope PRIDE PPP-AR kin quality-passing stations,"7km N of Petrolia, CA",6.200000,4,4.168486,3.055785,33.502648,204.500000,5.760452,-0.439548,0.439548,distance_km<=200; min_stations>=1
dist_le_200km,Station distance <= 200 km,DISTANCE,crowell_2016_gfast,median,nc73821036,2022-12-20T10:34:24.770000Z,United States,US,EarthScope PRIDE PPP-AR kin quality-passing stations,"15km WSW of Ferndale, CA",6.400000,58,3.009765,2.638466,119.350969,116.730000,6.748739,0.348739,0.348739,distance_km<=200; min_stations>=1
dist_le_200km,Station distance <= 200 km,DISTANCE,melgar_2015,median,nc73821036,2022-12-20T10:34:24.770000Z,United States,US,EarthScope PRIDE PPP-AR kin quality-passing stations,"15km WSW of Ferndale, CA",6.400000,58,3.009765,2.638466,119.350969,116.730000,6.396311,-0.003690,0.003690,distance_km<=200; min_stations>=1
dist_le_200km,Station distance <= 200 km,DISTANCE,ruhl_2019,median,nc73821036,2022-12-20T10:34:24.770000Z,United States,US,EarthScope PRIDE PPP-AR kin quality-passing stations,"15km WSW of Ferndale, CA",6.400000,58,3.009765,2.638466,119.350969,116.730000,6.144597,-0.255403,0.255403,distance_km<=200; min_stations>=1
dist_le_200km,Station distance <= 200 km,DISTANCE,crowell_2016_gfast,median,pr2019267000,2019-09-24T03:23:40.000000Z,United States,US,EarthScope PRIDE PPP-AR kin quality-passing stations,"67 km NNW of San Antonio, Puerto Rico",6.000000,9,6.238574,3.137156,133.485101,465.000000,7.284079,1.284079,1.284079,distance_km<=200; min_stations>=1
dist_le_200km,Station distance <= 200 km,DISTANCE,melgar_2015,median,pr2019267000,2019-09-24T03:23:40.000000Z,United States,US,EarthScope PRIDE PPP-AR kin quality-passing stations,"67 km NNW of San Antonio, Puerto Rico",6.000000,9,6.238574,3.137156,133.485101,465.000000,7.077603,1.077603,1.077603,distance_km<=200; min_stations>=1
dist_le_200km,Station distance <= 200 km,DISTANCE,ruhl_2019,median,pr2019267000,2019-09-24T03:23:40.000000Z,United States,US,EarthScope PRIDE PPP-AR kin quality-passing stations,"67 km NNW of San Antonio, Puerto Rico",6.000000,9,6.238574,3.137156,133.485101,465.000000,6.881144,0.881144,0.881144,distance_km<=200; min_stations>=1
dist_le_200km,Station distance <= 200 km,DISTANCE,crowell_2016_gfast,median,pr2020007007,2020-01-07T08:24:27.370Z,Puerto Rico,Americas,EarthScope PRIDE PPP-AR kin quality-passing stations,"4 km SSE of Indios, Puerto Rico",6.400000,8,11.941820,4.070831,70.002318,452.130000,7.096907,0.696906,0.696906,distance_km<=200; min_stations>=1
dist_le_200km,Station distance <= 200 km,DISTANCE,melgar_2015,median,pr2020007007,2020-01-07T08:24:27.370Z,Puerto Rico,Americas,EarthScope PRIDE PPP-AR kin quality-passing stations,"4 km SSE of Indios, Puerto Rico",6.400000,8,11.941820,4.070831,70.002318,452.130000,7.024355,0.624355,0.624355,distance_km<=200; min_stations>=1
dist_le_200km,Station distance <= 200 km,DISTANCE,ruhl_2019,median,pr2020007007,2020-01-07T08:24:27.370Z,Puerto Rico,Americas,EarthScope PRIDE PPP-AR kin quality-passing stations,"4 km SSE of Indios, Puerto Rico",6.400000,8,11.941820,4.070831,70.002318,452.130000,6.809641,0.409641,0.409641,distance_km<=200; min_stations>=1
dist_le_200km,Station distance <= 200 km,DISTANCE,crowell_2016_gfast,median,us10003vyx,2015-11-09T16:03:46.070000Z,United States,US,EarthScope PRIDE PPP-AR kin quality-passing stations,"99 km SE of Atka, Alaska",6.500000,1,6.300325,2.931911,101.241372,332.930000,6.991025,0.491025,0.491025,distance_km<=200; min_stations>=1
dist_le_200km,Station distance <= 200 km,DISTANCE,melgar_2015,median,us10003vyx,2015-11-09T16:03:46.070000Z,United States,US,EarthScope PRIDE PPP-AR kin quality-passing stations,"99 km SE of Atka, Alaska",6.500000,1,6.300325,2.931911,101.241372,332.930000,6.794276,0.294276,0.294276,distance_km<=200; min_stations>=1
dist_le_200km,Station distance <= 200 km,DISTANCE,ruhl_2019,median,us10003vyx,2015-11-09T16:03:46.070000Z,United States,US,EarthScope PRIDE PPP-AR kin quality-passing stations,"99 km SE of Atka, Alaska",6.500000,1,6.300325,2.931911,101.241372,332.930000,6.569495,0.069495,0.069495,distance_km<=200; min_stations>=1
dist_le_200km,Station distance <= 200 km,DISTANCE,crowell_2016_gfast,median,us100047zq,2015-12-17T19:49:53.050Z,Mexico,Americas,EarthScope PRIDE PPP-AR kin quality-passing stations,"4 km W of Manuel Ávila Camacho (Ponte Duro), Mexico",6.600000,1,6.355543,1.386764,199.126305,460.950000,7.430807,0.830807,0.830807,distance_km<=200; min_stations>=1
dist_le_200km,Station distance <= 200 km,DISTANCE,melgar_2015,median,us100047zq,2015-12-17T19:49:53.050Z,Mexico,Americas,EarthScope PRIDE PPP-AR kin quality-passing stations,"4 km W of Manuel Ávila Camacho (Ponte Duro), Mexico",6.600000,1,6.355543,1.386764,199.126305,460.950000,7.176932,0.576932,0.576932,distance_km<=200; min_stations>=1
dist_le_200km,Station distance <= 200 km,DISTANCE,ruhl_2019,median,us100047zq,2015-12-17T19:49:53.050Z,Mexico,Americas,EarthScope PRIDE PPP-AR kin quality-passing stations,"4 km W of Manuel Ávila Camacho (Ponte Duro), Mexico",6.600000,1,6.355543,1.386764,199.126305,460.950000,6.989296,0.389296,0.389296,distance_km<=200; min_stations>=1
dist_le_200km,Station distance <= 200 km,DISTANCE,crowell_2016_gfast,median,us10004x1w,2016-03-12T18:06:44.760000Z,United States,US,EarthScope PRIDE PPP-AR kin quality-passing stations,"72 km SSE of Atka, Alaska",6.300000,1,6.009709,3.217592,76.318904,376.240000,6.804976,0.504976,0.504976,distance_km<=200; min_stations>=1
dist_le_200km,Station distance <= 200 km,DISTANCE,melgar_2015,median,us10004x1w,2016-03-12T18:06:44.760000Z,United States,US,EarthScope PRIDE PPP-AR kin quality-passing stations,"72 km SSE of Atka, Alaska",6.300000,1,6.009709,3.217592,76.318904,376.240000,6.622046,0.322046,0.322046,distance_km<=200; min_stations>=1
dist_le_200km,Station distance <= 200 km,DISTANCE,ruhl_2019,median,us10004x1w,2016-03-12T18:06:44.760000Z,United States,US,EarthScope PRIDE PPP-AR kin quality-passing stations,"72 km SSE of Atka, Alaska",6.300000,1,6.009709,3.217592,76.318904,376.240000,6.382794,0.082794,0.082794,distance_km<=200; min_stations>=1
dist_le_200km,Station distance <= 200 km,DISTANCE,crowell_2016_gfast,median,us10008mel,2017-05-01T12:31:55.590000Z,United States,US,EarthScope PRIDE PPP-AR kin quality-passing stations,"47 km NW of Mosquito Lake, Alaska",6.200000,4,4.249449,3.448120,157.649446,403.910000,7.066598,0.866598,0.866598,distance_km<=200; min_stations>=1
dist_le_200km,Station distance <= 200 km,DISTANCE,melgar_2015,median,us10008mel,2017-05-01T12:31:55.590000Z,United States,US,EarthScope PRIDE PPP-AR kin quality-passing stations,"47 km NW of Mosquito Lake, Alaska",6.200000,4,4.249449,3.448120,157.649446,403.910000,6.757492,0.557492,0.557492,distance_km<=200; min_stations>=1
dist_le_200km,Station distance <= 200 km,DISTANCE,ruhl_2019,median,us10008mel,2017-05-01T12:31:55.590000Z,United States,US,EarthScope PRIDE PPP-AR kin quality-passing stations,"47 km NW of Mosquito Lake, Alaska",6.200000,4,4.249449,3.448120,157.649446,403.910000,6.533934,0.333934,0.333934,distance_km<=200; min_stations>=1
dist_le_200km,Station distance <= 200 km,DISTANCE,crowell_2016_gfast,median,us10008mgu,2017-05-01T14:18:15.290000Z,United States,US,EarthScope PRIDE PPP-AR kin quality-passing stations,"48 km NW of Mosquito Lake, Alaska",6.300000,4,3.810289,2.338356,158.188678,493.210000,7.009959,0.709959,0.709959,distance_km<=200; min_stations>=1
dist_le_200km,Station distance <= 200 km,DISTANCE,melgar_2015,median,us10008mgu,2017-05-01T14:18:15.290000Z,United States,US,EarthScope PRIDE PPP-AR kin quality-passing stations,"48 km NW of Mosquito Lake, Alaska",6.300000,4,3.810289,2.338356,158.188678,493.210000,6.726522,0.426522,0.426522,distance_km<=200; min_stations>=1
dist_le_200km,Station distance <= 200 km,DISTANCE,ruhl_2019,median,us10008mgu,2017-05-01T14:18:15.290000Z,United States,US,EarthScope PRIDE PPP-AR kin quality-passing stations,"48 km NW of Mosquito Lake, Alaska",6.300000,4,3.810289,2.338356,158.188678,493.210000,6.499362,0.199362,0.199362,distance_km<=200; min_stations>=1
dist_le_200km,Station distance <= 200 km,DISTANCE,crowell_2016_gfast,median,us10008rtu,2017-05-12T10:41:26.710Z,El Salvador,Americas,EarthScope PRIDE PPP-AR kin quality-passing stations,"78 km SSW of Acajutla, El Salvador",6.200000,1,4.251905,1.894767,134.881344,5.290000,7.005987,0.805987,0.805987,distance_km<=200; min_stations>=1
dist_le_200km,Station distance <= 200 km,DISTANCE,melgar_2015,median,us10008rtu,2017-05-12T10:41:26.710Z,El Salvador,Americas,EarthScope PRIDE PPP-AR kin quality-passing stations,"78 km SSW of Acajutla, El Salvador",6.200000,1,4.251905,1.894767,134.881344,5.290000,6.722624,0.522624,0.522624,distance_km<=200; min_stations>=1
dist_le_200km,Station distance <= 200 km,DISTANCE,ruhl_2019,median,us10008rtu,2017-05-12T10:41:26.710Z,El Salvador,Americas,EarthScope PRIDE PPP-AR kin quality-passing stations,"78 km SSW of Acajutla, El Salvador",6.200000,1,4.251905,1.894767,134.881344,5.290000,6.495091,0.295091,0.295091,distance_km<=200; min_stations>=1
dist_le_200km,Station distance <= 200 km,DISTANCE,crowell_2016_gfast,median,us1000ga0z,2018-08-15T21:56:56.310000Z,United States,US,EarthScope PRIDE PPP-AR kin quality-passing stations,"108 km WSW of Adak, Alaska",6.500000,1,3.811771,2.332107,166.055410,31.690000,7.091784,0.591784,0.591784,distance_km<=200; min_stations>=1
dist_le_200km,Station distance <= 200 km,DISTANCE,melgar_2015,median,us1000ga0z,2018-08-15T21:56:56.310000Z,United States,US,EarthScope PRIDE PPP-AR kin quality-passing stations,"108 km WSW of Adak, Alaska",6.500000,1,3.811771,2.332107,166.055410,31.690000,6.771661,0.271661,0.271661,distance_km<=200; min_stations>=1
dist_le_200km,Station distance <= 200 km,DISTANCE,ruhl_2019,median,us1000ga0z,2018-08-15T21:56:56.310000Z,United States,US,EarthScope PRIDE PPP-AR kin quality-passing stations,"108 km WSW of Adak, Alaska",6.500000,1,3.811771,2.332107,166.055410,31.690000,6.549799,0.049799,0.049799,distance_km<=200; min_stations>=1
dist_le_200km,Station distance <= 200 km,DISTANCE,crowell_2016_gfast,median,us1000gc0k,2018-08-17T23:22:24.950Z,Costa Rica,Americas,EarthScope PRIDE PPP-AR kin quality-passing stations,"19 km NNW of Golfito, Costa Rica",6.100000,1,22.481250,1.651040,118.183772,430.050000,7.609114,1.509114,1.509114,distance_km<=200; min_stations>=1
dist_le_200km,Station distance <= 200 km,DISTANCE,melgar_2015,median,us1000gc0k,2018-08-17T23:22:24.950Z,Costa Rica,Americas,EarthScope PRIDE PPP-AR kin quality-passing stations,"19 km NNW of Golfito, Costa Rica",6.100000,1,22.481250,1.651040,118.183772,430.050000,7.603048,1.503048,1.503048,distance_km<=200; min_stations>=1
dist_le_200km,Station distance <= 200 km,DISTANCE,ruhl_2019,median,us1000gc0k,2018-08-17T23:22:24.950Z,Costa Rica,Americas,EarthScope PRIDE PPP-AR kin quality-passing stations,"19 km NNW of Golfito, Costa Rica",6.100000,1,22.481250,1.651040,118.183772,430.050000,7.439627,1.339627,1.339627,distance_km<=200; min_stations>=1
dist_le_200km,Station distance <= 200 km,DISTANCE,crowell_2016_gfast,median,us200030aq,2015-07-27T04:49:46.400000Z,United States,US,EarthScope PRIDE PPP-AR kin quality-passing stations,"Fox Islands, Aleutian Islands, Alaska",6.900000,1,3.412418,2.893684,82.466269,556.600000,6.624416,-0.275584,0.275584,distance_km<=200; min_stations>=1
dist_le_200km,Station distance <= 200 km,DISTANCE,melgar_2015,median,us200030aq,2015-07-27T04:49:46.400000Z,United States,US,EarthScope PRIDE PPP-AR kin quality-passing stations,"Fox Islands, Aleutian Islands, Alaska",6.900000,1,3.412418,2.893684,82.466269,556.600000,6.347247,-0.552753,0.552753,distance_km<=200; min_stations>=1
dist_le_200km,Station distance <= 200 km,DISTANCE,ruhl_2019,median,us200030aq,2015-07-27T04:49:46.400000Z,United States,US,EarthScope PRIDE PPP-AR kin quality-passing stations,"Fox Islands, Aleutian Islands, Alaska",6.900000,1,3.412418,2.893684,82.466269,556.600000,6.089207,-0.810793,0.810793,distance_km<=200; min_stations>=1
dist_le_200km,Station distance <= 200 km,DISTANCE,crowell_2016_gfast,median,us20003hq5,2015-09-10T10:26:44.810000Z,United States,US,EarthScope PRIDE PPP-AR kin quality-passing stations,"104 km SSW of Nikolski, Alaska",6.000000,1,4.293530,2.135004,109.179477,586.190000,6.880574,0.880574,0.880574,distance_km<=200; min_stations>=1
dist_le_200km,Station distance <= 200 km,DISTANCE,melgar_2015,median,us20003hq5,2015-09-10T10:26:44.810000Z,United States,US,EarthScope PRIDE PPP-AR kin quality-passing stations,"104 km SSW of Nikolski, Alaska",6.000000,1,4.293530,2.135004,109.179477,586.190000,6.616916,0.616916,0.616916,distance_km<=200; min_stations>=1
dist_le_200km,Station distance <= 200 km,DISTANCE,ruhl_2019,median,us20003hq5,2015-09-10T10:26:44.810000Z,United States,US,EarthScope PRIDE PPP-AR kin quality-passing stations,"104 km SSW of Nikolski, Alaska",6.000000,1,4.293530,2.135004,109.179477,586.190000,6.379830,0.379830,0.379830,distance_km<=200; min_stations>=1
dist_le_200km,Station distance <= 200 km,DISTANCE,crowell_2016_gfast,median,us20005axu,2016-03-19T01:35:12.170000Z,United States,US,EarthScope PRIDE PPP-AR kin quality-passing stations,"75 km S of Atka, Alaska",6.000000,1,3.980113,2.314648,79.244937,586.830000,6.663096,0.663096,0.663096,distance_km<=200; min_stations>=1
dist_le_200km,Station distance <= 200 km,DISTANCE,melgar_2015,median,us20005axu,2016-03-19T01:35:12.170000Z,United States,US,EarthScope PRIDE PPP-AR kin quality-passing stations,"75 km S of Atka, Alaska",6.000000,1,3.980113,2.314648,79.244937,586.830000,6.413080,0.413080,0.413080,distance_km<=200; min_stations>=1
dist_le_200km,Station distance <= 200 km,DISTANCE,ruhl_2019,median,us20005axu,2016-03-19T01:35:12.170000Z,United States,US,EarthScope PRIDE PPP-AR kin quality-passing stations,"75 km S of Atka, Alaska",6.000000,1,3.980113,2.314648,79.244937,586.830000,6.159478,0.159478,0.159478,distance_km<=200; min_stations>=1
dist_le_200km,Station distance <= 200 km,DISTANCE,crowell_2016_gfast,median,us200063cy,2016-06-10T03:25:22.920Z,Nicaragua,Americas,EarthScope PRIDE PPP-AR kin quality-passing stations,Nicaragua,6.100000,10,8.413210,2.051198,51.923117,280.580000,6.692896,0.592896,0.592896,distance_km<=200; min_stations>=1
dist_le_200km,Station distance <= 200 km,DISTANCE,melgar_2015,median,us200063cy,2016-06-10T03:25:22.920Z,Nicaragua,Americas,EarthScope PRIDE PPP-AR kin quality-passing stations,Nicaragua,6.100000,10,8.413210,2.051198,51.923117,280.580000,6.544588,0.444588,0.444588,distance_km<=200; min_stations>=1
dist_le_200km,Station distance <= 200 km,DISTANCE,ruhl_2019,median,us200063cy,2016-06-10T03:25:22.920Z,Nicaragua,Americas,EarthScope PRIDE PPP-AR kin quality-passing stations,Nicaragua,6.100000,10,8.413210,2.051198,51.923117,280.580000,6.296161,0.196161,0.196161,distance_km<=200; min_stations>=1
dist_le_200km,Station distance <= 200 km,DISTANCE,crowell_2016_gfast,median,us20007z6r,2016-12-08T14:49:45.910000Z,United States,US,EarthScope PRIDE PPP-AR kin quality-passing stations,"164 km W of Ferndale, California",6.600000,3,3.624210,2.711949,183.119066,439.090000,7.099697,0.499697,0.499697,distance_km<=200; min_stations>=1
dist_le_200km,Station distance <= 200 km,DISTANCE,melgar_2015,median,us20007z6r,2016-12-08T14:49:45.910000Z,United States,US,EarthScope PRIDE PPP-AR kin quality-passing stations,"164 km W of Ferndale, California",6.600000,3,3.624210,2.711949,183.119066,439.090000,6.727371,0.127371,0.127371,distance_km<=200; min_stations>=1
dist_le_200km,Station distance <= 200 km,DISTANCE,ruhl_2019,median,us20007z6r,2016-12-08T14:49:45.910000Z,United States,US,EarthScope PRIDE PPP-AR kin quality-passing stations,"164 km W of Ferndale, California",6.600000,3,3.624210,2.711949,183.119066,439.090000,6.501812,-0.098188,0.098188,distance_km<=200; min_stations>=1
dist_le_200km,Station distance <= 200 km,DISTANCE,crowell_2016_gfast,median,us2000ar20,2017-09-19T18:14:38.090Z,Mexico,Americas,EarthScope PRIDE PPP-AR kin quality-passing stations,"1 km S of Matzaco, Mexico",7.100000,4,5.932381,2.726494,102.194205,45.410000,7.078492,-0.021508,0.021508,distance_km<=200; min_stations>=1
dist_le_200km,Station distance <= 200 km,DISTANCE,melgar_2015,median,us2000ar20,2017-09-19T18:14:38.090Z,Mexico,Americas,EarthScope PRIDE PPP-AR kin quality-passing stations,"1 km S of Matzaco, Mexico",7.100000,4,5.932381,2.726494,102.194205,45.410000,6.864634,-0.235366,0.235366,distance_km<=200; min_stations>=1
dist_le_200km,Station distance <= 200 km,DISTANCE,ruhl_2019,median,us2000ar20,2017-09-19T18:14:38.090Z,Mexico,Americas,EarthScope PRIDE PPP-AR kin quality-passing stations,"1 km S of Matzaco, Mexico",7.100000,4,5.932381,2.726494,102.194205,45.410000,6.649160,-0.450840,0.450840,distance_km<=200; min_stations>=1
dist_le_200km,Station distance <= 200 km,DISTANCE,crowell_2016_gfast,median,us2000atjv,2017-09-23T12:53:01.480Z,Mexico,Americas,EarthScope PRIDE PPP-AR kin quality-passing stations,"7 km NNE of Ixtepec, Mexico",6.100000,2,3.697223,3.182485,172.594726,269.520000,7.101555,1.001556,1.001556,distance_km<=200; min_stations>=1
dist_le_200km,Station distance <= 200 km,DISTANCE,melgar_2015,median,us2000atjv,2017-09-23T12:53:01.480Z,Mexico,Americas,EarthScope PRIDE PPP-AR kin quality-passing stations,"7 km NNE of Ixtepec, Mexico",6.100000,2,3.697223,3.182485,172.594726,269.520000,6.772778,0.672778,0.672778,distance_km<=200; min_stations>=1
dist_le_200km,Station distance <= 200 km,DISTANCE,ruhl_2019,median,us2000atjv,2017-09-23T12:53:01.480Z,Mexico,Americas,EarthScope PRIDE PPP-AR kin quality-passing stations,"7 km NNE of Ixtepec, Mexico",6.100000,2,3.697223,3.182485,172.594726,269.520000,6.551367,0.451367,0.451367,distance_km<=200; min_stations>=1
dist_le_200km,Station distance <= 200 km,DISTANCE,crowell_2016_gfast,median,us2000bmhe,2017-11-13T02:28:23.680Z,Costa Rica,Americas,EarthScope PRIDE PPP-AR kin quality-passing stations,"18 km W of Parrita, Costa Rica",6.500000,1,4.691332,3.541960,103.909469,214.320000,6.886980,0.386980,0.386980,distance_km<=200; min_stations>=1
dist_le_200km,Station distance <= 200 km,DISTANCE,melgar_2015,median,us2000bmhe,2017-11-13T02:28:23.680Z,Costa Rica,Americas,EarthScope PRIDE PPP-AR kin quality-passing stations,"18 km W of Parrita, Costa Rica",6.500000,1,4.691332,3.541960,103.909469,214.320000,6.641454,0.141454,0.141454,distance_km<=200; min_stations>=1
dist_le_200km,Station distance <= 200 km,DISTANCE,ruhl_2019,median,us2000bmhe,2017-11-13T02:28:23.680Z,Costa Rica,Americas,EarthScope PRIDE PPP-AR kin quality-passing stations,"18 km W of Parrita, Costa Rica",6.500000,1,4.691332,3.541960,103.909469,214.320000,6.405794,-0.094206,0.094206,distance_km<=200; min_stations>=1
dist_le_200km,Station distance <= 200 km,DISTANCE,crowell_2016_gfast,median,us2000d3km,2018-02-16T23:39:39.280Z,Mexico,Americas,EarthScope PRIDE PPP-AR kin quality-passing stations,"4 km S of Pinotepa de Don Luis, Mexico",7.200000,8,6.191454,3.019450,127.116920,347.220000,7.131987,-0.068014,0.068014,distance_km<=200; min_stations>=1
dist_le_200km,Station distance <= 200 km,DISTANCE,melgar_2015,median,us2000d3km,2018-02-16T23:39:39.280Z,Mexico,Americas,EarthScope PRIDE PPP-AR kin quality-passing stations,"4 km S of Pinotepa de Don Luis, Mexico",7.200000,8,6.191454,3.019450,127.116920,347.220000,6.945237,-0.254764,0.254764,distance_km<=200; min_stations>=1
dist_le_200km,Station distance <= 200 km,DISTANCE,ruhl_2019,median,us2000d3km,2018-02-16T23:39:39.280Z,Mexico,Americas,EarthScope PRIDE PPP-AR kin quality-passing stations,"4 km S of Pinotepa de Don Luis, Mexico",7.200000,8,6.191454,3.019450,127.116920,347.220000,6.736904,-0.463096,0.463096,distance_km<=200; min_stations>=1
dist_le_200km,Station distance <= 200 km,DISTANCE,crowell_2016_gfast,median,us2000izcv,2018-12-31T02:35:37.670000Z,United States,US,EarthScope PRIDE PPP-AR kin quality-passing stations,"87 km SE of King Cove, Alaska",6.000000,1,6.084291,2.134184,135.317756,529.330000,7.157085,1.157085,1.157085,distance_km<=200; min_stations>=1
dist_le_200km,Station distance <= 200 km,DISTANCE,melgar_2015,median,us2000izcv,2018-12-31T02:35:37.670000Z,United States,US,EarthScope PRIDE PPP-AR kin quality-passing stations,"87 km SE of King Cove, Alaska",6.000000,1,6.084291,2.134184,135.317756,529.330000,6.931062,0.931062,0.931062,distance_km<=200; min_stations>=1
dist_le_200km,Station distance <= 200 km,DISTANCE,ruhl_2019,median,us2000izcv,2018-12-31T02:35:37.670000Z,United States,US,EarthScope PRIDE PPP-AR kin quality-passing stations,"87 km SE of King Cove, Alaska",6.000000,1,6.084291,2.134184,135.317756,529.330000,6.719317,0.719317,0.719317,distance_km<=200; min_stations>=1
dist_le_200km,Station distance <= 200 km,DISTANCE,crowell_2016_gfast,median,us60007djn,2020-01-23T05:53:02.618000Z,United States,US,EarthScope PRIDE PPP-AR kin quality-passing stations,"84 km W of Adak, Alaska",6.200000,1,3.890103,3.545540,83.439405,165.382000,6.683306,0.483306,0.483306,distance_km<=200; min_stations>=1
dist_le_200km,Station distance <= 200 km,DISTANCE,melgar_2015,median,us60007djn,2020-01-23T05:53:02.618000Z,United States,US,EarthScope PRIDE PPP-AR kin quality-passing stations,"84 km W of Adak, Alaska",6.200000,1,3.890103,3.545540,83.439405,165.382000,6.425729,0.225729,0.225729,distance_km<=200; min_stations>=1
dist_le_200km,Station distance <= 200 km,DISTANCE,ruhl_2019,median,us60007djn,2020-01-23T05:53:02.618000Z,United States,US,EarthScope PRIDE PPP-AR kin quality-passing stations,"84 km W of Adak, Alaska",6.200000,1,3.890103,3.545540,83.439405,165.382000,6.173266,-0.026734,0.026734,distance_km<=200; min_stations>=1
dist_le_200km,Station distance <= 200 km,DISTANCE,crowell_2016_gfast,median,us6000ah9t,2020-06-23T15:29:04.350Z,Mexico,Americas,EarthScope PRIDE PPP-AR kin quality-passing stations,"9 km SE of Santa María Xadani, Mexico",7.400000,4,10.266896,4.402588,89.835327,25.650000,7.128633,-0.271368,0.271368,distance_km<=200; min_stations>=1
dist_le_200km,Station distance <= 200 km,DISTANCE,melgar_2015,median,us6000ah9t,2020-06-23T15:29:04.350Z,Mexico,Americas,EarthScope PRIDE PPP-AR kin quality-passing stations,"9 km SE of Santa María Xadani, Mexico",7.400000,4,10.266896,4.402588,89.835327,25.650000,6.968462,-0.431539,0.431539,distance_km<=200; min_stations>=1
dist_le_200km,Station distance <= 200 km,DISTANCE,ruhl_2019,median,us6000ah9t,2020-06-23T15:29:04.350Z,Mexico,Americas,EarthScope PRIDE PPP-AR kin quality-passing stations,"9 km SE of Santa María Xadani, Mexico",7.400000,4,10.266896,4.402588,89.835327,25.650000,6.755031,-0.644970,0.644970,distance_km<=200; min_stations>=1
dist_le_200km,Station distance <= 200 km,DISTANCE,crowell_2016_gfast,median,us6000b56k,2020-07-28T08:03:43.215000Z,United States,US,EarthScope PRIDE PPP-AR kin quality-passing stations,"75 km SW of Sand Point, Alaska",6.100000,4,3.780557,2.500566,137.137239,211.285000,6.976497,0.876497,0.876497,distance_km<=200; min_stations>=1
dist_le_200km,Station distance <= 200 km,DISTANCE,melgar_2015,median,us6000b56k,2020-07-28T08:03:43.215000Z,United States,US,EarthScope PRIDE PPP-AR kin quality-passing stations,"75 km SW of Sand Point, Alaska",6.100000,4,3.780557,2.500566,137.137239,211.285000,6.661658,0.561658,0.561658,distance_km<=200; min_stations>=1
dist_le_200km,Station distance <= 200 km,DISTANCE,ruhl_2019,median,us6000b56k,2020-07-28T08:03:43.215000Z,United States,US,EarthScope PRIDE PPP-AR kin quality-passing stations,"75 km SW of Sand Point, Alaska",6.100000,4,3.780557,2.500566,137.137239,211.285000,6.430447,0.330447,0.330447,distance_km<=200; min_stations>=1
dist_le_200km,Station distance <= 200 km,DISTANCE,crowell_2016_gfast,median,us6000f652,2021-08-14T11:57:43.447000Z,United States,US,EarthScope PRIDE PPP-AR kin quality-passing stations,"125 km SE of Perryville, Alaska",6.900000,1,5.766437,1.445440,131.528481,193.553000,7.116766,0.216766,0.216766,distance_km<=200; min_stations>=1
dist_le_200km,Station distance <= 200 km,DISTANCE,melgar_2015,median,us6000f652,2021-08-14T11:57:43.447000Z,United States,US,EarthScope PRIDE PPP-AR kin quality-passing stations,"125 km SE of Perryville, Alaska",6.900000,1,5.766437,1.445440,131.528481,193.553000,6.884545,-0.015455,0.015455,distance_km<=200; min_stations>=1
dist_le_200km,Station distance <= 200 km,DISTANCE,ruhl_2019,median,us6000f652,2021-08-14T11:57:43.447000Z,United States,US,EarthScope PRIDE PPP-AR kin quality-passing stations,"125 km SE of Perryville, Alaska",6.900000,1,5.766437,1.445440,131.528481,193.553000,6.668985,-0.231015,0.231015,distance_km<=200; min_stations>=1
dist_le_200km,Station distance <= 200 km,DISTANCE,crowell_2016_gfast,median,us6000hf75,2022-04-21T07:42:46.508Z,Nicaragua,Americas,EarthScope PRIDE PPP-AR kin quality-passing stations,"55 km WSW of Masachapa, Nicaragua",6.600000,1,8.148313,1.788675,197.024789,551.492000,7.530500,0.930500,0.930500,distance_km<=200; min_stations>=1
dist_le_200km,Station distance <= 200 km,DISTANCE,melgar_2015,median,us6000hf75,2022-04-21T07:42:46.508Z,Nicaragua,Americas,EarthScope PRIDE PPP-AR kin quality-passing stations,"55 km WSW of Masachapa, Nicaragua",6.600000,1,8.148313,1.788675,197.024789,551.492000,7.318440,0.718440,0.718440,distance_km<=200; min_stations>=1
dist_le_200km,Station distance <= 200 km,DISTANCE,ruhl_2019,median,us6000hf75,2022-04-21T07:42:46.508Z,Nicaragua,Americas,EarthScope PRIDE PPP-AR kin quality-passing stations,"55 km WSW of Masachapa, Nicaragua",6.600000,1,8.148313,1.788675,197.024789,551.492000,7.141959,0.541959,0.541959,distance_km<=200; min_stations>=1
dist_le_200km,Station distance <= 200 km,DISTANCE,crowell_2016_gfast,median,us6000iv6c,2022-10-20T11:57:12.575Z,Panama,Americas,EarthScope PRIDE PPP-AR kin quality-passing stations,"60 km SSW of Boca Chica, Panama",6.700000,1,6.883030,2.692533,186.038172,401.425000,7.418655,0.718655,0.718655,distance_km<=200; min_stations>=1
dist_le_200km,Station distance <= 200 km,DISTANCE,melgar_2015,median,us6000iv6c,2022-10-20T11:57:12.575Z,Panama,Americas,EarthScope PRIDE PPP-AR kin quality-passing stations,"60 km SSW of Boca Chica, Panama",6.700000,1,6.883030,2.692533,186.038172,401.425000,7.184268,0.484268,0.484268,distance_km<=200; min_stations>=1
dist_le_200km,Station distance <= 200 km,DISTANCE,ruhl_2019,median,us6000iv6c,2022-10-20T11:57:12.575Z,Panama,Americas,EarthScope PRIDE PPP-AR kin quality-passing stations,"60 km SSW of Boca Chica, Panama",6.700000,1,6.883030,2.692533,186.038172,401.425000,6.996214,0.296214,0.296214,distance_km<=200; min_stations>=1
dist_le_200km,Station distance <= 200 km,DISTANCE,crowell_2016_gfast,median,us6000k20g,2023-04-04T22:18:12.640Z,Panama,Americas,EarthScope PRIDE PPP-AR kin quality-passing stations,"73 km S of Boca Chica, Panama",6.300000,1,4.437668,2.699295,199.268388,470.360000,7.276523,0.976523,0.976523,distance_km<=200; min_stations>=1
dist_le_200km,Station distance <= 200 km,DISTANCE,melgar_2015,median,us6000k20g,2023-04-04T22:18:12.640Z,Panama,Americas,EarthScope PRIDE PPP-AR kin quality-passing stations,"73 km S of Boca Chica, Panama",6.300000,1,4.437668,2.699295,199.268388,470.360000,6.963562,0.663562,0.663562,distance_km<=200; min_stations>=1
dist_le_200km,Station distance <= 200 km,DISTANCE,ruhl_2019,median,us6000k20g,2023-04-04T22:18:12.640Z,Panama,Americas,EarthScope PRIDE PPP-AR kin quality-passing stations,"73 km S of Boca Chica, Panama",6.300000,1,4.437668,2.699295,199.268388,470.360000,6.758852,0.458852,0.458852,distance_km<=200; min_stations>=1
dist_le_200km,Station distance <= 200 km,DISTANCE,crowell_2016_gfast,median,us6000mzme,2024-05-19T09:35:24.660000Z,United States,US,EarthScope PRIDE PPP-AR kin quality-passing stations,"169 km SW of Nikolski, Alaska",6.000000,1,5.191936,3.585516,173.871350,9.340000,7.252982,1.252982,1.252982,distance_km<=200; min_stations>=1
dist_le_200km,Station distance <= 200 km,DISTANCE,melgar_2015,median,us6000mzme,2024-05-19T09:35:24.660000Z,United States,US,EarthScope PRIDE PPP-AR kin quality-passing stations,"169 km SW of Nikolski, Alaska",6.000000,1,5.191936,3.585516,173.871350,9.340000,6.978843,0.978843,0.978843,distance_km<=200; min_stations>=1
dist_le_200km,Station distance <= 200 km,DISTANCE,ruhl_2019,median,us6000mzme,2024-05-19T09:35:24.660000Z,United States,US,EarthScope PRIDE PPP-AR kin quality-passing stations,"169 km SW of Nikolski, Alaska",6.000000,1,5.191936,3.585516,173.871350,9.340000,6.773682,0.773682,0.773682,distance_km<=200; min_stations>=1
dist_le_200km,Station distance <= 200 km,DISTANCE,crowell_2016_gfast,median,us6000nncs,2024-08-28T21:57:54.957Z,El Salvador,Americas,EarthScope PRIDE PPP-AR kin quality-passing stations,"56 km SSW of La Libertad, El Salvador",6.100000,1,3.728914,3.323759,92.002508,365.043000,6.722485,0.622485,0.622485,distance_km<=200; min_stations>=1
dist_le_200km,Station distance <= 200 km,DISTANCE,melgar_2015,median,us6000nncs,2024-08-28T21:57:54.957Z,El Salvador,Americas,EarthScope PRIDE PPP-AR kin quality-passing stations,"56 km SSW of La Libertad, El Salvador",6.100000,1,3.728914,3.323759,92.002508,365.043000,6.450529,0.350529,0.350529,distance_km<=200; min_stations>=1
dist_le_200km,Station distance <= 200 km,DISTANCE,ruhl_2019,median,us6000nncs,2024-08-28T21:57:54.957Z,El Salvador,Americas,EarthScope PRIDE PPP-AR kin quality-passing stations,"56 km SSW of La Libertad, El Salvador",6.100000,1,3.728914,3.323759,92.002508,365.043000,6.200329,0.100329,0.100329,distance_km<=200; min_stations>=1
dist_le_200km,Station distance <= 200 km,DISTANCE,crowell_2016_gfast,median,us6000nyau,2024-10-12T17:43:44.516Z,Costa Rica,Americas,EarthScope PRIDE PPP-AR kin quality-passing stations,"40 km WNW of Tamarindo, Costa Rica",6.200000,2,4.372020,3.279818,130.403520,385.984000,6.987009,0.787009,0.787009,distance_km<=200; min_stations>=1
dist_le_200km,Station distance <= 200 km,DISTANCE,melgar_2015,median,us6000nyau,2024-10-12T17:43:44.516Z,Costa Rica,Americas,EarthScope PRIDE PPP-AR kin quality-passing stations,"40 km WNW of Tamarindo, Costa Rica",6.200000,2,4.372020,3.279818,130.403520,385.984000,6.709452,0.509451,0.509451,distance_km<=200; min_stations>=1
dist_le_200km,Station distance <= 200 km,DISTANCE,ruhl_2019,median,us6000nyau,2024-10-12T17:43:44.516Z,Costa Rica,Americas,EarthScope PRIDE PPP-AR kin quality-passing stations,"40 km WNW of Tamarindo, Costa Rica",6.200000,2,4.372020,3.279818,130.403520,385.984000,6.480550,0.280550,0.280550,distance_km<=200; min_stations>=1
dist_le_200km,Station distance <= 200 km,DISTANCE,crowell_2016_gfast,median,us6000pjig,2025-01-12T08:32:49.944Z,Mexico,Americas,EarthScope PRIDE PPP-AR kin quality-passing stations,"18 km SE of Aquila, Mexico",6.200000,7,5.935874,2.855743,158.785963,211.056000,7.191573,0.991573,0.991573,distance_km<=200; min_stations>=1
dist_le_200km,Station distance <= 200 km,DISTANCE,melgar_2015,median,us6000pjig,2025-01-12T08:32:49.944Z,Mexico,Americas,EarthScope PRIDE PPP-AR kin quality-passing stations,"18 km SE of Aquila, Mexico",6.200000,7,5.935874,2.855743,158.785963,211.056000,6.918803,0.718803,0.718803,distance_km<=200; min_stations>=1
dist_le_200km,Station distance <= 200 km,DISTANCE,ruhl_2019,median,us6000pjig,2025-01-12T08:32:49.944Z,Mexico,Americas,EarthScope PRIDE PPP-AR kin quality-passing stations,"18 km SE of Aquila, Mexico",6.200000,7,5.935874,2.855743,158.785963,211.056000,6.708109,0.508109,0.508109,distance_km<=200; min_stations>=1
dist_le_200km,Station distance <= 200 km,DISTANCE,crowell_2016_gfast,median,us6000r3at,2025-08-23T09:14:22.210Z,El Salvador,Americas,EarthScope PRIDE PPP-AR kin quality-passing stations,"88 km SW of Acajutla, El Salvador",6.000000,1,8.531547,2.238720,160.078243,540.790000,7.408566,1.408566,1.408566,distance_km<=200; min_stations>=1
dist_le_200km,Station distance <= 200 km,DISTANCE,melgar_2015,median,us6000r3at,2025-08-23T09:14:22.210Z,El Salvador,Americas,EarthScope PRIDE PPP-AR kin quality-passing stations,"88 km SW of Acajutla, El Salvador",6.000000,1,8.531547,2.238720,160.078243,540.790000,7.222688,1.222688,1.222688,distance_km<=200; min_stations>=1
dist_le_200km,Station distance <= 200 km,DISTANCE,ruhl_2019,median,us6000r3at,2025-08-23T09:14:22.210Z,El Salvador,Americas,EarthScope PRIDE PPP-AR kin quality-passing stations,"88 km SW of Acajutla, El Salvador",6.000000,1,8.531547,2.238720,160.078243,540.790000,7.035431,1.035431,1.035431,distance_km<=200; min_stations>=1
dist_le_200km,Station distance <= 200 km,DISTANCE,crowell_2016_gfast,median,us6000sayv,2026-02-23T05:11:48.410000Z,United States,US,EarthScope PRIDE PPP-AR kin quality-passing stations,"96 km SW of Nikolski, Alaska",6.000000,1,2.170299,1.770347,100.048369,27.590000,6.552065,0.552065,0.552065,distance_km<=200; min_stations>=1
dist_le_200km,Station distance <= 200 km,DISTANCE,melgar_2015,median,us6000sayv,2026-02-23T05:11:48.410000Z,United States,US,EarthScope PRIDE PPP-AR kin quality-passing stations,"96 km SW of Nikolski, Alaska",6.000000,1,2.170299,1.770347,100.048369,27.590000,6.187677,0.187677,0.187677,distance_km<=200; min_stations>=1
dist_le_200km,Station distance <= 200 km,DISTANCE,ruhl_2019,median,us6000sayv,2026-02-23T05:11:48.410000Z,United States,US,EarthScope PRIDE PPP-AR kin quality-passing stations,"96 km SW of Nikolski, Alaska",6.000000,1,2.170299,1.770347,100.048369,27.590000,5.918915,-0.081085,0.081085,distance_km<=200; min_stations>=1
dist_le_200km,Station distance <= 200 km,DISTANCE,crowell_2016_gfast,median,us6000sy84,2026-05-16T14:50:05.533Z,Antigua and Barbuda,Americas,EarthScope PRIDE PPP-AR kin quality-passing stations,"61 km ESE of Codrington, Antigua and Barbuda",6.000000,9,7.024877,2.352103,128.149015,216.467000,7.132800,1.132800,1.132800,distance_km<=200; min_stations>=1
dist_le_200km,Station distance <= 200 km,DISTANCE,melgar_2015,median,us6000sy84,2026-05-16T14:50:05.533Z,Antigua and Barbuda,Americas,EarthScope PRIDE PPP-AR kin quality-passing stations,"61 km ESE of Codrington, Antigua and Barbuda",6.000000,9,7.024877,2.352103,128.149015,216.467000,6.961370,0.961370,0.961370,distance_km<=200; min_stations>=1
dist_le_200km,Station distance <= 200 km,DISTANCE,ruhl_2019,median,us6000sy84,2026-05-16T14:50:05.533Z,Antigua and Barbuda,Americas,EarthScope PRIDE PPP-AR kin quality-passing stations,"61 km ESE of Codrington, Antigua and Barbuda",6.000000,9,7.024877,2.352103,128.149015,216.467000,6.747151,0.747151,0.747151,distance_km<=200; min_stations>=1
dist_le_200km,Station distance <= 200 km,DISTANCE,crowell_2016_gfast,median,us70003k3p,2019-05-12T19:24:50.373Z,Panama,Americas,EarthScope PRIDE PPP-AR kin quality-passing stations,"1 km W of Breñón, Panama",6.000000,1,7.676445,1.448265,104.200874,569.627000,7.088872,1.088872,1.088872,distance_km<=200; min_stations>=1
dist_le_200km,Station distance <= 200 km,DISTANCE,melgar_2015,median,us70003k3p,2019-05-12T19:24:50.373Z,Panama,Americas,EarthScope PRIDE PPP-AR kin quality-passing stations,"1 km W of Breñón, Panama",6.000000,1,7.676445,1.448265,104.200874,569.627000,6.921180,0.921180,0.921180,distance_km<=200; min_stations>=1
dist_le_200km,Station distance <= 200 km,DISTANCE,ruhl_2019,median,us70003k3p,2019-05-12T19:24:50.373Z,Panama,Americas,EarthScope PRIDE PPP-AR kin quality-passing stations,"1 km W of Breñón, Panama",6.000000,1,7.676445,1.448265,104.200874,569.627000,6.705893,0.705893,0.705893,distance_km<=200; min_stations>=1
dist_le_200km,Station distance <= 200 km,DISTANCE,crowell_2016_gfast,median,us7000455l,2019-06-26T05:23:51.514Z,Panama,Americas,EarthScope PRIDE PPP-AR kin quality-passing stations,"4 km SE of Aserrío de Gariché, Panama",6.200000,2,11.240696,2.076124,117.626505,99.986000,7.313356,1.113356,1.113356,distance_km<=200; min_stations>=1
dist_le_200km,Station distance <= 200 km,DISTANCE,melgar_2015,median,us7000455l,2019-06-26T05:23:51.514Z,Panama,Americas,EarthScope PRIDE PPP-AR kin quality-passing stations,"4 km SE of Aserrío de Gariché, Panama",6.200000,2,11.240696,2.076124,117.626505,99.986000,7.193993,0.993993,0.993993,distance_km<=200; min_stations>=1
dist_le_200km,Station distance <= 200 km,DISTANCE,ruhl_2019,median,us7000455l,2019-06-26T05:23:51.514Z,Panama,Americas,EarthScope PRIDE PPP-AR kin quality-passing stations,"4 km SE of Aserrío de Gariché, Panama",6.200000,2,11.240696,2.076124,117.626505,99.986000,7.000191,0.800191,0.800191,distance_km<=200; min_stations>=1
dist_le_200km,Station distance <= 200 km,DISTANCE,crowell_2016_gfast,median,us70008jr5,2020-03-31T23:52:30.781000Z,United States,US,EarthScope PRIDE PPP-AR kin quality-passing stations,"Stanley, Idaho",6.500000,11,3.752079,2.573552,130.962470,325.219000,6.979206,0.479206,0.479206,distance_km<=200; min_stations>=1
dist_le_200km,Station distance <= 200 km,DISTANCE,melgar_2015,median,us70008jr5,2020-03-31T23:52:30.781000Z,United States,US,EarthScope PRIDE PPP-AR kin quality-passing stations,"Stanley, Idaho",6.500000,11,3.752079,2.573552,130.962470,325.219000,6.706861,0.206861,0.206861,distance_km<=200; min_stations>=1
dist_le_200km,Station distance <= 200 km,DISTANCE,ruhl_2019,median,us70008jr5,2020-03-31T23:52:30.781000Z,United States,US,EarthScope PRIDE PPP-AR kin quality-passing stations,"Stanley, Idaho",6.500000,11,3.752079,2.573552,130.962470,325.219000,6.476143,-0.023857,0.023857,distance_km<=200; min_stations>=1
dist_le_200km,Station distance <= 200 km,DISTANCE,crowell_2016_gfast,median,us7000asx4,2020-07-22T06:16:18.627000Z,United States,US,EarthScope PRIDE PPP-AR kin quality-passing stations,"101 km ESE of Sand Point, Alaska",6.100000,5,22.284104,1.322300,101.866124,311.373000,7.253232,1.153232,1.153232,distance_km<=200; min_stations>=1
dist_le_200km,Station distance <= 200 km,DISTANCE,melgar_2015,median,us7000asx4,2020-07-22T06:16:18.627000Z,United States,US,EarthScope PRIDE PPP-AR kin quality-passing stations,"101 km ESE of Sand Point, Alaska",6.100000,5,22.284104,1.322300,101.866124,311.373000,7.300080,1.200080,1.200080,distance_km<=200; min_stations>=1
dist_le_200km,Station distance <= 200 km,DISTANCE,ruhl_2019,median,us7000asx4,2020-07-22T06:16:18.627000Z,United States,US,EarthScope PRIDE PPP-AR kin quality-passing stations,"101 km ESE of Sand Point, Alaska",6.100000,5,22.284104,1.322300,101.866124,311.373000,7.112787,1.012787,1.012787,distance_km<=200; min_stations>=1
dist_le_200km,Station distance <= 200 km,DISTANCE,crowell_2016_gfast,median,us7000bcbv,2020-08-24T21:51:09.259Z,Costa Rica,Americas,EarthScope PRIDE PPP-AR kin quality-passing stations,"4 km SSW of Jacó, Costa Rica",6.000000,2,9.410502,1.873385,123.673617,490.741000,7.247327,1.247327,1.247327,distance_km<=200; min_stations>=1
dist_le_200km,Station distance <= 200 km,DISTANCE,melgar_2015,median,us7000bcbv,2020-08-24T21:51:09.259Z,Costa Rica,Americas,EarthScope PRIDE PPP-AR kin quality-passing stations,"4 km SSW of Jacó, Costa Rica",6.000000,2,9.410502,1.873385,123.673617,490.741000,7.090314,1.090314,1.090314,distance_km<=200; min_stations>=1
dist_le_200km,Station distance <= 200 km,DISTANCE,ruhl_2019,median,us7000bcbv,2020-08-24T21:51:09.259Z,Costa Rica,Americas,EarthScope PRIDE PPP-AR kin quality-passing stations,"4 km SSW of Jacó, Costa Rica",6.000000,2,9.410502,1.873385,123.673617,490.741000,6.889125,0.889125,0.889125,distance_km<=200; min_stations>=1
dist_le_200km,Station distance <= 200 km,DISTANCE,crowell_2016_gfast,median,us7000clnv,2020-12-01T16:22:39.923000Z,United States,US,EarthScope PRIDE PPP-AR kin quality-passing stations,"46 km ESE of Nikolski, Alaska",6.400000,2,4.731509,2.898855,111.301898,388.077000,6.840561,0.440561,0.440561,distance_km<=200; min_stations>=1
dist_le_200km,Station distance <= 200 km,DISTANCE,melgar_2015,median,us7000clnv,2020-12-01T16:22:39.923000Z,United States,US,EarthScope PRIDE PPP-AR kin quality-passing stations,"46 km ESE of Nikolski, Alaska",6.400000,2,4.731509,2.898855,111.301898,388.077000,6.595575,0.195575,0.195575,distance_km<=200; min_stations>=1
dist_le_200km,Station distance <= 200 km,DISTANCE,ruhl_2019,median,us7000clnv,2020-12-01T16:22:39.923000Z,United States,US,EarthScope PRIDE PPP-AR kin quality-passing stations,"46 km ESE of Nikolski, Alaska",6.400000,2,4.731509,2.898855,111.301898,388.077000,6.357261,-0.042739,0.042739,distance_km<=200; min_stations>=1
dist_le_200km,Station distance <= 200 km,DISTANCE,crowell_2016_gfast,median,us7000e2c6,2021-05-12T08:45:44.539Z,El Salvador,Americas,EarthScope PRIDE PPP-AR kin quality-passing stations,"55 km SW of Acajutla, El Salvador",6.000000,1,2.892905,1.827692,130.769862,51.461000,6.827005,0.827005,0.827005,distance_km<=200; min_stations>=1
dist_le_200km,Station distance <= 200 km,DISTANCE,melgar_2015,median,us7000e2c6,2021-05-12T08:45:44.539Z,El Salvador,Americas,EarthScope PRIDE PPP-AR kin quality-passing stations,"55 km SW of Acajutla, El Salvador",6.000000,1,2.892905,1.827692,130.769862,51.461000,6.484557,0.484557,0.484557,distance_km<=200; min_stations>=1
dist_le_200km,Station distance <= 200 km,DISTANCE,ruhl_2019,median,us7000e2c6,2021-05-12T08:45:44.539Z,El Salvador,Americas,EarthScope PRIDE PPP-AR kin quality-passing stations,"55 km SW of Acajutla, El Salvador",6.000000,1,2.892905,1.827692,130.769862,51.461000,6.238847,0.238847,0.238847,distance_km<=200; min_stations>=1
dist_le_200km,Station distance <= 200 km,DISTANCE,crowell_2016_gfast,median,us7000f93v,2021-09-08T01:47:47.437Z,Mexico,Americas,EarthScope PRIDE PPP-AR kin quality-passing stations,"Acapulco, Mexico",7.000000,1,3.377270,2.604793,125.887869,42.563000,6.868020,-0.131980,0.131980,distance_km<=200; min_stations>=1
dist_le_200km,Station distance <= 200 km,DISTANCE,melgar_2015,median,us7000f93v,2021-09-08T01:47:47.437Z,Mexico,Americas,EarthScope PRIDE PPP-AR kin quality-passing stations,"Acapulco, Mexico",7.000000,1,3.377270,2.604793,125.887869,42.563000,6.553818,-0.446182,0.446182,distance_km<=200; min_stations>=1
dist_le_200km,Station distance <= 200 km,DISTANCE,ruhl_2019,median,us7000f93v,2021-09-08T01:47:47.437Z,Mexico,Americas,EarthScope PRIDE PPP-AR kin quality-passing stations,"Acapulco, Mexico",7.000000,1,3.377270,2.604793,125.887869,42.563000,6.313060,-0.686940,0.686940,distance_km<=200; min_stations>=1
dist_le_200km,Station distance <= 200 km,DISTANCE,crowell_2016_gfast,median,us7000fskw,2021-11-09T06:25:14.907Z,Nicaragua,Americas,EarthScope PRIDE PPP-AR kin quality-passing stations,"62 km S of Masachapa, Nicaragua",6.300000,3,4.908370,2.619683,186.392113,267.093000,7.114525,0.814525,0.814525,distance_km<=200; min_stations>=1
dist_le_200km,Station distance <= 200 km,DISTANCE,melgar_2015,median,us7000fskw,2021-11-09T06:25:14.907Z,Nicaragua,Americas,EarthScope PRIDE PPP-AR kin quality-passing stations,"62 km S of Masachapa, Nicaragua",6.300000,3,4.908370,2.619683,186.392113,267.093000,6.763215,0.463215,0.463215,distance_km<=200; min_stations>=1
dist_le_200km,Station distance <= 200 km,DISTANCE,ruhl_2019,median,us7000fskw,2021-11-09T06:25:14.907Z,Nicaragua,Americas,EarthScope PRIDE PPP-AR kin quality-passing stations,"62 km S of Masachapa, Nicaragua",6.300000,3,4.908370,2.619683,186.392113,267.093000,6.541808,0.241808,0.241808,distance_km<=200; min_stations>=1
dist_le_200km,Station distance <= 200 km,DISTANCE,crowell_2016_gfast,median,us7000g9nb,2022-01-06T16:25:05.973Z,Nicaragua,Americas,EarthScope PRIDE PPP-AR kin quality-passing stations,near the coast of Nicaragua,6.100000,4,8.473334,1.502858,82.377502,146.527000,6.983820,0.883820,0.883820,distance_km<=200; min_stations>=1
dist_le_200km,Station distance <= 200 km,DISTANCE,melgar_2015,median,us7000g9nb,2022-01-06T16:25:05.973Z,Nicaragua,Americas,EarthScope PRIDE PPP-AR kin quality-passing stations,near the coast of Nicaragua,6.100000,4,8.473334,1.502858,82.377502,146.527000,6.848274,0.748274,0.748274,distance_km<=200; min_stations>=1
dist_le_200km,Station distance <= 200 km,DISTANCE,ruhl_2019,median,us7000g9nb,2022-01-06T16:25:05.973Z,Nicaragua,Americas,EarthScope PRIDE PPP-AR kin quality-passing stations,near the coast of Nicaragua,6.100000,4,8.473334,1.502858,82.377502,146.527000,6.625440,0.525440,0.525440,distance_km<=200; min_stations>=1
dist_le_200km,Station distance <= 200 km,DISTANCE,crowell_2016_gfast,median,us7000gavu,2022-01-11T11:35:43.674000Z,United States,US,EarthScope PRIDE PPP-AR kin quality-passing stations,"100 km SE of Nikolski, Alaska",6.800000,1,5.648230,3.129598,103.879488,531.326000,6.962258,0.162258,0.162258,distance_km<=200; min_stations>=1
dist_le_200km,Station distance <= 200 km,DISTANCE,melgar_2015,median,us7000gavu,2022-01-11T11:35:43.674000Z,United States,US,EarthScope PRIDE PPP-AR kin quality-passing stations,"100 km SE of Nikolski, Alaska",6.800000,1,5.648230,3.129598,103.879488,531.326000,6.746175,-0.053825,0.053825,distance_km<=200; min_stations>=1
dist_le_200km,Station distance <= 200 km,DISTANCE,ruhl_2019,median,us7000gavu,2022-01-11T11:35:43.674000Z,United States,US,EarthScope PRIDE PPP-AR kin quality-passing stations,"100 km SE of Nikolski, Alaska",6.800000,1,5.648230,3.129598,103.879488,531.326000,6.518130,-0.281870,0.281870,distance_km<=200; min_stations>=1
dist_le_200km,Station distance <= 200 km,DISTANCE,crowell_2016_gfast,median,us7000gawk,2022-01-11T12:39:32.454000Z,United States,US,EarthScope PRIDE PPP-AR kin quality-passing stations,"53 km SE of Nikolski, Alaska",6.600000,1,4.652247,3.238753,59.276557,322.546000,6.563129,-0.036871,0.036871,distance_km<=200; min_stations>=1
dist_le_200km,Station distance <= 200 km,DISTANCE,melgar_2015,median,us7000gawk,2022-01-11T12:39:32.454000Z,United States,US,EarthScope PRIDE PPP-AR kin quality-passing stations,"53 km SE of Nikolski, Alaska",6.600000,1,4.652247,3.238753,59.276557,322.546000,6.358463,-0.241537,0.241537,distance_km<=200; min_stations>=1
dist_le_200km,Station distance <= 200 km,DISTANCE,ruhl_2019,median,us7000gawk,2022-01-11T12:39:32.454000Z,United States,US,EarthScope PRIDE PPP-AR kin quality-passing stations,"53 km SE of Nikolski, Alaska",6.600000,1,4.652247,3.238753,59.276557,322.546000,6.099837,-0.500163,0.500163,distance_km<=200; min_stations>=1
dist_le_200km,Station distance <= 200 km,DISTANCE,crowell_2016_gfast,median,us7000ge5q,2022-01-22T05:17:04.896000Z,United States,US,EarthScope PRIDE PPP-AR kin quality-passing stations,"71 km S of Unalaska, Alaska",6.200000,1,5.468994,2.040272,150.911609,351.104000,7.182475,0.982475,0.982475,distance_km<=200; min_stations>=1
dist_le_200km,Station distance <= 200 km,DISTANCE,melgar_2015,median,us7000ge5q,2022-01-22T05:17:04.896000Z,United States,US,EarthScope PRIDE PPP-AR kin quality-passing stations,"71 km S of Unalaska, Alaska",6.200000,1,5.468994,2.040272,150.911609,351.104000,6.929728,0.729728,0.729728,distance_km<=200; min_stations>=1
dist_le_200km,Station distance <= 200 km,DISTANCE,ruhl_2019,median,us7000ge5q,2022-01-22T05:17:04.896000Z,United States,US,EarthScope PRIDE PPP-AR kin quality-passing stations,"71 km S of Unalaska, Alaska",6.200000,1,5.468994,2.040272,150.911609,351.104000,6.719098,0.519098,0.519098,distance_km<=200; min_stations>=1
dist_le_200km,Station distance <= 200 km,DISTANCE,crowell_2016_gfast,median,us7000i9bw,2022-09-19T18:05:08.217Z,Mexico,Americas,EarthScope PRIDE PPP-AR kin quality-passing stations,"35 km SSW of Aguililla, Mexico",7.600000,4,21.390833,7.270059,138.314126,49.783000,7.665009,0.065009,0.065009,distance_km<=200; min_stations>=1
dist_le_200km,Station distance <= 200 km,DISTANCE,melgar_2015,median,us7000i9bw,2022-09-19T18:05:08.217Z,Mexico,Americas,EarthScope PRIDE PPP-AR kin quality-passing stations,"35 km SSW of Aguililla, Mexico",7.600000,4,21.390833,7.270059,138.314126,49.783000,7.585983,-0.014017,0.014017,distance_km<=200; min_stations>=1
dist_le_200km,Station distance <= 200 km,DISTANCE,ruhl_2019,median,us7000i9bw,2022-09-19T18:05:08.217Z,Mexico,Americas,EarthScope PRIDE PPP-AR kin quality-passing stations,"35 km SSW of Aguililla, Mexico",7.600000,4,21.390833,7.270059,138.314126,49.783000,7.428589,-0.171411,0.171411,distance_km<=200; min_stations>=1
dist_le_200km,Station distance <= 200 km,DISTANCE,crowell_2016_gfast,median,us7000ia36,2022-09-22T06:16:09.459Z,Mexico,Americas,EarthScope PRIDE PPP-AR kin quality-passing stations,"55 km SSW of Aguililla, Mexico",6.800000,3,5.014987,2.089984,110.609194,46.541000,6.933736,0.133736,0.133736,distance_km<=200; min_stations>=1
dist_le_200km,Station distance <= 200 km,DISTANCE,melgar_2015,median,us7000ia36,2022-09-22T06:16:09.459Z,Mexico,Americas,EarthScope PRIDE PPP-AR kin quality-passing stations,"55 km SSW of Aguililla, Mexico",6.800000,3,5.014987,2.089984,110.609194,46.541000,6.686635,-0.113365,0.113365,distance_km<=200; min_stations>=1
dist_le_200km,Station distance <= 200 km,DISTANCE,ruhl_2019,median,us7000ia36,2022-09-22T06:16:09.459Z,Mexico,Americas,EarthScope PRIDE PPP-AR kin quality-passing stations,"55 km SSW of Aguililla, Mexico",6.800000,3,5.014987,2.089984,110.609194,46.541000,6.454760,-0.345240,0.345240,distance_km<=200; min_stations>=1
dist_le_200km,Station distance <= 200 km,DISTANCE,crowell_2016_gfast,median,us7000imgl,2022-11-04T10:02:46.346Z,Mexico,Americas,EarthScope PRIDE PPP-AR kin quality-passing stations,"82 km SSW of Bahía de Kino, Mexico",6.100000,1,4.409116,2.110264,166.646307,132.654000,7.155779,1.055779,1.055779,distance_km<=200; min_stations>=1
dist_le_200km,Station distance <= 200 km,DISTANCE,melgar_2015,median,us7000imgl,2022-11-04T10:02:46.346Z,Mexico,Americas,EarthScope PRIDE PPP-AR kin quality-passing stations,"82 km SSW of Bahía de Kino, Mexico",6.100000,1,4.409116,2.110264,166.646307,132.654000,6.859002,0.759002,0.759002,distance_km<=200; min_stations>=1
dist_le_200km,Station distance <= 200 km,DISTANCE,ruhl_2019,median,us7000imgl,2022-11-04T10:02:46.346Z,Mexico,Americas,EarthScope PRIDE PPP-AR kin quality-passing stations,"82 km SSW of Bahía de Kino, Mexico",6.100000,1,4.409116,2.110264,166.646307,132.654000,6.643984,0.543984,0.543984,distance_km<=200; min_stations>=1
dist_le_200km,Station distance <= 200 km,DISTANCE,crowell_2016_gfast,median,us7000irjd,2022-11-22T16:39:05.789Z,Mexico,Americas,EarthScope PRIDE PPP-AR kin quality-passing stations,"28 km SW of Las Brisas, Mexico",6.200000,2,6.257306,4.309432,129.078883,19.711000,7.110810,0.910810,0.910810,distance_km<=200; min_stations>=1
dist_le_200km,Station distance <= 200 km,DISTANCE,melgar_2015,median,us7000irjd,2022-11-22T16:39:05.789Z,Mexico,Americas,EarthScope PRIDE PPP-AR kin quality-passing stations,"28 km SW of Las Brisas, Mexico",6.200000,2,6.257306,4.309432,129.078883,19.711000,6.893851,0.693851,0.693851,distance_km<=200; min_stations>=1
dist_le_200km,Station distance <= 200 km,DISTANCE,ruhl_2019,median,us7000irjd,2022-11-22T16:39:05.789Z,Mexico,Americas,EarthScope PRIDE PPP-AR kin quality-passing stations,"28 km SW of Las Brisas, Mexico",6.200000,2,6.257306,4.309432,129.078883,19.711000,6.679291,0.479291,0.479291,distance_km<=200; min_stations>=1
dist_le_200km,Station distance <= 200 km,DISTANCE,crowell_2016_gfast,median,us7000j5sc,2023-01-20T11:23:40.603Z,Guadeloupe,Americas,EarthScope PRIDE PPP-AR kin quality-passing stations,"40 km WSW of Pointe-Noire, Guadeloupe",6.100000,8,4.469530,2.188829,177.576325,293.897000,7.228849,1.128850,1.128850,distance_km<=200; min_stations>=1
dist_le_200km,Station distance <= 200 km,DISTANCE,melgar_2015,median,us7000j5sc,2023-01-20T11:23:40.603Z,Guadeloupe,Americas,EarthScope PRIDE PPP-AR kin quality-passing stations,"40 km WSW of Pointe-Noire, Guadeloupe",6.100000,8,4.469530,2.188829,177.576325,293.897000,6.923620,0.823620,0.823620,distance_km<=200; min_stations>=1
dist_le_200km,Station distance <= 200 km,DISTANCE,ruhl_2019,median,us7000j5sc,2023-01-20T11:23:40.603Z,Guadeloupe,Americas,EarthScope PRIDE PPP-AR kin quality-passing stations,"40 km WSW of Pointe-Noire, Guadeloupe",6.100000,8,4.469530,2.188829,177.576325,293.897000,6.714838,0.614839,0.614839,distance_km<=200; min_stations>=1
dist_le_200km,Station distance <= 200 km,DISTANCE,crowell_2016_gfast,median,us7000kg30,2023-07-16T06:48:21.158000Z,United States,US,EarthScope PRIDE PPP-AR kin quality-passing stations,"2023 Sand Point, Alaska Earthquake",7.200000,6,5.204235,2.360962,119.711631,50.342000,7.062351,-0.137649,0.137649,distance_km<=200; min_stations>=1
dist_le_200km,Station distance <= 200 km,DISTANCE,melgar_2015,median,us7000kg30,2023-07-16T06:48:21.158000Z,United States,US,EarthScope PRIDE PPP-AR kin quality-passing stations,"2023 Sand Point, Alaska Earthquake",7.200000,6,5.204235,2.360962,119.711631,50.342000,6.834537,-0.365463,0.365463,distance_km<=200; min_stations>=1
dist_le_200km,Station distance <= 200 km,DISTANCE,ruhl_2019,median,us7000kg30,2023-07-16T06:48:21.158000Z,United States,US,EarthScope PRIDE PPP-AR kin quality-passing stations,"2023 Sand Point, Alaska Earthquake",7.200000,6,5.204235,2.360962,119.711631,50.342000,6.614470,-0.585530,0.585530,distance_km<=200; min_stations>=1
dist_le_200km,Station distance <= 200 km,DISTANCE,crowell_2016_gfast,median,us7000kgpb,2023-07-19T00:22:07.656Z,El Salvador,Americas,EarthScope PRIDE PPP-AR kin quality-passing stations,"43 km S of Intipucá, El Salvador",6.500000,2,3.214558,2.905733,175.915406,530.344000,7.053437,0.553437,0.553437,distance_km<=200; min_stations>=1
dist_le_200km,Station distance <= 200 km,DISTANCE,melgar_2015,median,us7000kgpb,2023-07-19T00:22:07.656Z,El Salvador,Americas,EarthScope PRIDE PPP-AR kin quality-passing stations,"43 km S of Intipucá, El Salvador",6.500000,2,3.214558,2.905733,175.915406,530.344000,6.699203,0.199203,0.199203,distance_km<=200; min_stations>=1
dist_le_200km,Station distance <= 200 km,DISTANCE,ruhl_2019,median,us7000kgpb,2023-07-19T00:22:07.656Z,El Salvador,Americas,EarthScope PRIDE PPP-AR kin quality-passing stations,"43 km S of Intipucá, El Salvador",6.500000,2,3.214558,2.905733,175.915406,530.344000,6.472253,-0.027747,0.027747,distance_km<=200; min_stations>=1
dist_le_200km,Station distance <= 200 km,DISTANCE,crowell_2016_gfast,median,us7000luai,2024-01-27T05:52:48.419Z,Guatemala,Americas,EarthScope PRIDE PPP-AR kin quality-passing stations,"15 km W of Taxisco, Guatemala",6.100000,1,6.883081,2.054450,189.617885,185.581000,7.431636,1.331636,1.331636,distance_km<=200; min_stations>=1
dist_le_200km,Station distance <= 200 km,DISTANCE,melgar_2015,median,us7000luai,2024-01-27T05:52:48.419Z,Guatemala,Americas,EarthScope PRIDE PPP-AR kin quality-passing stations,"15 km W of Taxisco, Guatemala",6.100000,1,6.883081,2.054450,189.617885,185.581000,7.195474,1.095474,1.095474,distance_km<=200; min_stations>=1
dist_le_200km,Station distance <= 200 km,DISTANCE,ruhl_2019,median,us7000luai,2024-01-27T05:52:48.419Z,Guatemala,Americas,EarthScope PRIDE PPP-AR kin quality-passing stations,"15 km W of Taxisco, Guatemala",6.100000,1,6.883081,2.054450,189.617885,185.581000,7.008590,0.908590,0.908590,distance_km<=200; min_stations>=1
dist_le_200km,Station distance <= 200 km,DISTANCE,crowell_2016_gfast,median,us7000n068,2024-07-19T03:13:47.417000Z,United States,US,EarthScope PRIDE PPP-AR kin quality-passing stations,"168 km SW of Nikolski, Alaska",6.000000,1,5.291125,3.702101,175.253652,520.583000,7.266274,1.266274,1.266274,distance_km<=200; min_stations>=1
dist_le_200km,Station distance <= 200 km,DISTANCE,melgar_2015,median,us7000n068,2024-07-19T03:13:47.417000Z,United States,US,EarthScope PRIDE PPP-AR kin quality-passing stations,"168 km SW of Nikolski, Alaska",6.000000,1,5.291125,3.702101,175.253652,520.583000,6.994481,0.994481,0.994481,distance_km<=200; min_stations>=1
dist_le_200km,Station distance <= 200 km,DISTANCE,ruhl_2019,median,us7000n068,2024-07-19T03:13:47.417000Z,United States,US,EarthScope PRIDE PPP-AR kin quality-passing stations,"168 km SW of Nikolski, Alaska",6.000000,1,5.291125,3.702101,175.253652,520.583000,6.790644,0.790644,0.790644,distance_km<=200; min_stations>=1
dist_le_200km,Station distance <= 200 km,DISTANCE,crowell_2016_gfast,median,us7000nx3z,2024-12-08T19:57:08.602000Z,United States,US,EarthScope PRIDE PPP-AR kin quality-passing stations,"108 km SSW of Adak, Alaska",6.300000,1,2.905202,2.478028,107.916746,226.398000,6.714291,0.414291,0.414291,distance_km<=200; min_stations>=1
dist_le_200km,Station distance <= 200 km,DISTANCE,melgar_2015,median,us7000nx3z,2024-12-08T19:57:08.602000Z,United States,US,EarthScope PRIDE PPP-AR kin quality-passing stations,"108 km SSW of Adak, Alaska",6.300000,1,2.905202,2.478028,107.916746,226.398000,6.389563,0.089563,0.089563,distance_km<=200; min_stations>=1
dist_le_200km,Station distance <= 200 km,DISTANCE,ruhl_2019,median,us7000nx3z,2024-12-08T19:57:08.602000Z,United States,US,EarthScope PRIDE PPP-AR kin quality-passing stations,"108 km SSW of Adak, Alaska",6.300000,1,2.905202,2.478028,107.916746,226.398000,6.135765,-0.164235,0.164235,distance_km<=200; min_stations>=1
dist_le_200km,Station distance <= 200 km,DISTANCE,crowell_2016_gfast,median,us7000pllt,2025-03-21T14:50:51.364Z,Panama,Americas,EarthScope PRIDE PPP-AR kin quality-passing stations,"124 km SSE of Burica, Panama",6.200000,1,14.123315,5.304207,143.208568,128.636000,7.545509,1.345509,1.345509,distance_km<=200; min_stations>=1
dist_le_200km,Station distance <= 200 km,DISTANCE,melgar_2015,median,us7000pllt,2025-03-21T14:50:51.364Z,Panama,Americas,EarthScope PRIDE PPP-AR kin quality-passing stations,"124 km SSE of Burica, Panama",6.200000,1,14.123315,5.304207,143.208568,128.636000,7.450451,1.250451,1.250451,distance_km<=200; min_stations>=1
dist_le_200km,Station distance <= 200 km,DISTANCE,ruhl_2019,median,us7000pllt,2025-03-21T14:50:51.364Z,Panama,Americas,EarthScope PRIDE PPP-AR kin quality-passing stations,"124 km SSE of Burica, Panama",6.200000,1,14.123315,5.304207,143.208568,128.636000,7.278934,1.078934,1.078934,distance_km<=200; min_stations>=1
dist_le_200km,Station distance <= 200 km,DISTANCE,crowell_2016_gfast,median,us7000pllu,2025-03-21T14:53:41.774000Z,United States,US,EarthScope PRIDE PPP-AR kin quality-passing stations,"88 km SSE of Adak, Alaska",6.200000,1,7.924651,1.800777,174.798630,278.226000,7.436529,1.236529,1.236529,distance_km<=200; min_stations>=1
dist_le_200km,Station distance <= 200 km,DISTANCE,melgar_2015,median,us7000pllu,2025-03-21T14:53:41.774000Z,United States,US,EarthScope PRIDE PPP-AR kin quality-passing stations,"88 km SSE of Adak, Alaska",6.200000,1,7.924651,1.800777,174.798630,278.226000,7.230868,1.030868,1.030868,distance_km<=200; min_stations>=1
dist_le_200km,Station distance <= 200 km,DISTANCE,ruhl_2019,median,us7000pllu,2025-03-21T14:53:41.774000Z,United States,US,EarthScope PRIDE PPP-AR kin quality-passing stations,"88 km SSE of Adak, Alaska",6.200000,1,7.924651,1.800777,174.798630,278.226000,7.045561,0.845561,0.845561,distance_km<=200; min_stations>=1
dist_le_200km,Station distance <= 200 km,DISTANCE,crowell_2016_gfast,median,us7000qe51,2025-07-20T22:28:00.041000Z,United States,US,EarthScope PRIDE PPP-AR kin quality-passing stations,"91 km SSE of Sand Point, Alaska",6.200000,6,4.663668,1.573859,129.388852,54.959000,6.960534,0.760534,0.760534,distance_km<=200; min_stations>=1
dist_le_200km,Station distance <= 200 km,DISTANCE,melgar_2015,median,us7000qe51,2025-07-20T22:28:00.041000Z,United States,US,EarthScope PRIDE PPP-AR kin quality-passing stations,"91 km SSE of Sand Point, Alaska",6.200000,6,4.663668,1.573859,129.388852,54.959000,6.665591,0.465591,0.465591,distance_km<=200; min_stations>=1
dist_le_200km,Station distance <= 200 km,DISTANCE,ruhl_2019,median,us7000qe51,2025-07-20T22:28:00.041000Z,United States,US,EarthScope PRIDE PPP-AR kin quality-passing stations,"91 km SSE of Sand Point, Alaska",6.200000,6,4.663668,1.573859,129.388852,54.959000,6.433766,0.233766,0.233766,distance_km<=200; min_stations>=1
dist_le_200km,Station distance <= 200 km,DISTANCE,crowell_2016_gfast,median,usb000jdt7,2013-08-30T16:25:02.300000Z,United States,US,EarthScope PRIDE PPP-AR kin quality-passing stations,"101 km SW of Atka, Alaska",7.000000,1,7.424635,0.932787,106.691872,4.700000,7.089885,0.089885,0.089885,distance_km<=200; min_stations>=1
dist_le_200km,Station distance <= 200 km,DISTANCE,melgar_2015,median,usb000jdt7,2013-08-30T16:25:02.300000Z,United States,US,EarthScope PRIDE PPP-AR kin quality-passing stations,"101 km SW of Atka, Alaska",7.000000,1,7.424635,0.932787,106.691872,4.700000,6.915072,-0.084928,0.084928,distance_km<=200; min_stations>=1
dist_le_200km,Station distance <= 200 km,DISTANCE,ruhl_2019,median,usb000jdt7,2013-08-30T16:25:02.300000Z,United States,US,EarthScope PRIDE PPP-AR kin quality-passing stations,"101 km SW of Atka, Alaska",7.000000,1,7.424635,0.932787,106.691872,4.700000,6.699587,-0.300413,0.300413,distance_km<=200; min_stations>=1
dist_le_200km,Station distance <= 200 km,DISTANCE,crowell_2016_gfast,median,usb000je9f,2013-08-31T06:38:36.350000Z,United States,US,EarthScope PRIDE PPP-AR kin quality-passing stations,"118 km SSW of Atka, Alaska",6.000000,1,7.038935,1.720472,120.665112,44.650000,7.144818,1.144818,1.144818,distance_km<=200; min_stations>=1
dist_le_200km,Station distance <= 200 km,DISTANCE,melgar_2015,median,usb000je9f,2013-08-31T06:38:36.350000Z,United States,US,EarthScope PRIDE PPP-AR kin quality-passing stations,"118 km SSW of Atka, Alaska",6.000000,1,7.038935,1.720472,120.665112,44.650000,6.951714,0.951714,0.951714,distance_km<=200; min_stations>=1
dist_le_200km,Station distance <= 200 km,DISTANCE,ruhl_2019,median,usb000je9f,2013-08-31T06:38:36.350000Z,United States,US,EarthScope PRIDE PPP-AR kin quality-passing stations,"118 km SSW of Atka, Alaska",6.000000,1,7.038935,1.720472,120.665112,44.650000,6.740250,0.740250,0.740250,distance_km<=200; min_stations>=1
dist_le_200km,Station distance <= 200 km,DISTANCE,crowell_2016_gfast,median,usb000jgju,2013-09-04T02:32:30.600000Z,United States,US,EarthScope PRIDE PPP-AR kin quality-passing stations,"81 km SSW of Atka, Alaska",6.500000,1,4.539174,2.549780,84.550499,177.400000,6.752479,0.252479,0.252479,distance_km<=200; min_stations>=1
dist_le_200km,Station distance <= 200 km,DISTANCE,melgar_2015,median,usb000jgju,2013-09-04T02:32:30.600000Z,United States,US,EarthScope PRIDE PPP-AR kin quality-passing stations,"81 km SSW of Atka, Alaska",6.500000,1,4.539174,2.549780,84.550499,177.400000,6.518052,0.018052,0.018052,distance_km<=200; min_stations>=1
dist_le_200km,Station distance <= 200 km,DISTANCE,ruhl_2019,median,usb000jgju,2013-09-04T02:32:30.600000Z,United States,US,EarthScope PRIDE PPP-AR kin quality-passing stations,"81 km SSW of Atka, Alaska",6.500000,1,4.539174,2.549780,84.550499,177.400000,6.272172,-0.227828,0.227828,distance_km<=200; min_stations>=1
dist_le_200km,Station distance <= 200 km,DISTANCE,crowell_2016_gfast,median,usb000jguz,2013-09-04T06:27:03.560000Z,United States,US,EarthScope PRIDE PPP-AR kin quality-passing stations,"82 km SSW of Atka, Alaska",6.000000,1,3.273423,2.719112,85.328600,123.440000,6.627127,0.627127,0.627127,distance_km<=200; min_stations>=1
dist_le_200km,Station distance <= 200 km,DISTANCE,melgar_2015,median,usb000jguz,2013-09-04T06:27:03.560000Z,United States,US,EarthScope PRIDE PPP-AR kin quality-passing stations,"82 km SSW of Atka, Alaska",6.000000,1,3.273423,2.719112,85.328600,123.440000,6.340737,0.340737,0.340737,distance_km<=200; min_stations>=1
dist_le_200km,Station distance <= 200 km,DISTANCE,ruhl_2019,median,usb000jguz,2013-09-04T06:27:03.560000Z,United States,US,EarthScope PRIDE PPP-AR kin quality-passing stations,"82 km SSW of Atka, Alaska",6.000000,1,3.273423,2.719112,85.328600,123.440000,6.082380,0.082380,0.082380,distance_km<=200; min_stations>=1
dist_le_200km,Station distance <= 200 km,DISTANCE,crowell_2016_gfast,median,usb000rtp6,2014-07-17T11:49:33.930000Z,United States,US,EarthScope PRIDE PPP-AR kin quality-passing stations,"90 km NNW of Yakutat, Alaska",6.000000,2,4.103753,1.960860,125.223872,174.070000,6.941412,0.941412,0.941412,distance_km<=200; min_stations>=1
dist_le_200km,Station distance <= 200 km,DISTANCE,melgar_2015,median,usb000rtp6,2014-07-17T11:49:33.930000Z,United States,US,EarthScope PRIDE PPP-AR kin quality-passing stations,"90 km NNW of Yakutat, Alaska",6.000000,2,4.103753,1.960860,125.223872,174.070000,6.657942,0.657942,0.657942,distance_km<=200; min_stations>=1
dist_le_200km,Station distance <= 200 km,DISTANCE,ruhl_2019,median,usb000rtp6,2014-07-17T11:49:33.930000Z,United States,US,EarthScope PRIDE PPP-AR kin quality-passing stations,"90 km NNW of Yakutat, Alaska",6.000000,2,4.103753,1.960860,125.223872,174.070000,6.424996,0.424996,0.424996,distance_km<=200; min_stations>=1
dist_le_200km,Station distance <= 200 km,DISTANCE,crowell_2016_gfast,median,usb000slwn,2014-10-14T03:51:34.460Z,El Salvador,Americas,EarthScope PRIDE PPP-AR kin quality-passing stations,"74 km S of Intipucá, El Salvador",7.300000,2,10.575872,1.734541,138.303327,307.040000,7.395931,0.095931,0.095931,distance_km<=200; min_stations>=1
dist_le_200km,Station distance <= 200 km,DISTANCE,melgar_2015,median,usb000slwn,2014-10-14T03:51:34.460Z,El Salvador,Americas,EarthScope PRIDE PPP-AR kin quality-passing stations,"74 km S of Intipucá, El Salvador",7.300000,2,10.575872,1.734541,138.303327,307.040000,7.255495,-0.044505,0.044505,distance_km<=200; min_stations>=1
dist_le_200km,Station distance <= 200 km,DISTANCE,ruhl_2019,median,usb000slwn,2014-10-14T03:51:34.460Z,El Salvador,Americas,EarthScope PRIDE PPP-AR kin quality-passing stations,"74 km S of Intipucá, El Salvador",7.300000,2,10.575872,1.734541,138.303327,307.040000,7.068542,-0.231458,0.231458,distance_km<=200; min_stations>=1
dist_le_200km,Station distance <= 200 km,DISTANCE,crowell_2016_gfast,median,usc000juwv,2013-09-15T16:21:37.150000Z,United States,US,EarthScope PRIDE PPP-AR kin quality-passing stations,"77 km SSW of Atka, Alaska",6.100000,1,8.920342,4.356421,82.363350,51.850000,7.006560,0.906560,0.906560,distance_km<=200; min_stations>=1
dist_le_200km,Station distance <= 200 km,DISTANCE,melgar_2015,median,usc000juwv,2013-09-15T16:21:37.150000Z,United States,US,EarthScope PRIDE PPP-AR kin quality-passing stations,"77 km SSW of Atka, Alaska",6.100000,1,8.920342,4.356421,82.363350,51.850000,6.879867,0.779867,0.779867,distance_km<=200; min_stations>=1
dist_le_200km,Station distance <= 200 km,DISTANCE,ruhl_2019,median,usc000juwv,2013-09-15T16:21:37.150000Z,United States,US,EarthScope PRIDE PPP-AR kin quality-passing stations,"77 km SSW of Atka, Alaska",6.100000,1,8.920342,4.356421,82.363350,51.850000,6.659269,0.559269,0.559269,distance_km<=200; min_stations>=1
dist_le_200km,Station distance <= 200 km,DISTANCE,crowell_2016_gfast,median,usc000m1w9,2014-01-13T04:01:03.240000Z,United States,US,EarthScope PRIDE PPP-AR kin quality-passing stations,"61 km N of Hatillo, Puerto Rico",6.400000,2,9.604069,3.514711,100.547211,250.760000,7.156584,0.756584,0.756584,distance_km<=200; min_stations>=1
dist_le_200km,Station distance <= 200 km,DISTANCE,melgar_2015,median,usc000m1w9,2014-01-13T04:01:03.240000Z,United States,US,EarthScope PRIDE PPP-AR kin quality-passing stations,"61 km N of Hatillo, Puerto Rico",6.400000,2,9.604069,3.514711,100.547211,250.760000,7.026625,0.626625,0.626625,distance_km<=200; min_stations>=1
dist_le_200km,Station distance <= 200 km,DISTANCE,ruhl_2019,median,usc000m1w9,2014-01-13T04:01:03.240000Z,United States,US,EarthScope PRIDE PPP-AR kin quality-passing stations,"61 km N of Hatillo, Puerto Rico",6.400000,2,9.604069,3.514711,100.547211,250.760000,6.818599,0.418599,0.418599,distance_km<=200; min_stations>=1
dist_le_200km,Station distance <= 200 km,DISTANCE,crowell_2016_gfast,median,usp000jqvm,2012-08-27T04:37:19.430Z,El Salvador,Americas,EarthScope PRIDE PPP-AR kin quality-passing stations,"126 km S of Puerto El Triunfo, El Salvador",7.300000,1,10.509106,2.974180,184.547481,396.570000,7.594251,0.294251,0.294251,distance_km<=200; min_stations>=1
dist_le_200km,Station distance <= 200 km,DISTANCE,melgar_2015,median,usp000jqvm,2012-08-27T04:37:19.430Z,El Salvador,Americas,EarthScope PRIDE PPP-AR kin quality-passing stations,"126 km S of Puerto El Triunfo, El Salvador",7.300000,1,10.509106,2.974180,184.547481,396.570000,7.429846,0.129846,0.129846,distance_km<=200; min_stations>=1
dist_le_200km,Station distance <= 200 km,DISTANCE,ruhl_2019,median,usp000jqvm,2012-08-27T04:37:19.430Z,El Salvador,Americas,EarthScope PRIDE PPP-AR kin quality-passing stations,"126 km S of Puerto El Triunfo, El Salvador",7.300000,1,10.509106,2.974180,184.547481,396.570000,7.261114,-0.038886,0.038886,distance_km<=200; min_stations>=1
dist_le_200km,Station distance <= 200 km,DISTANCE,crowell_2016_gfast,median,usp000jt0h,2012-09-26T23:39:55.110000Z,United States,US,EarthScope PRIDE PPP-AR kin quality-passing stations,"118 km WSW of Adak, Alaska",6.400000,1,5.581711,3.387881,117.523240,242.890000,7.032936,0.632936,0.632936,distance_km<=200; min_stations>=1
dist_le_200km,Station distance <= 200 km,DISTANCE,melgar_2015,median,usp000jt0h,2012-09-26T23:39:55.110000Z,United States,US,EarthScope PRIDE PPP-AR kin quality-passing stations,"118 km WSW of Adak, Alaska",6.400000,1,5.581711,3.387881,117.523240,242.890000,6.804954,0.404954,0.404954,distance_km<=200; min_stations>=1
dist_le_200km,Station distance <= 200 km,DISTANCE,ruhl_2019,median,usp000jt0h,2012-09-26T23:39:55.110000Z,United States,US,EarthScope PRIDE PPP-AR kin quality-passing stations,"118 km WSW of Adak, Alaska",6.400000,1,5.581711,3.387881,117.523240,242.890000,6.582331,0.182331,0.182331,distance_km<=200; min_stations>=1
quality_snr3_time300_dist300_min3sta,"Quality set: SNR >= 3, time <= 300 s, distance <= 300 km, min 3 stations",QUALITY,crowell_2016_gfast,median,2013p543824,2013-07-21T05:09:30Z,New Zealand,New Zealand,EarthScope PRIDE PPP-AR kin quality-passing stations,20 km east of Seddon,6.500000,8,4.998937,3.776975,55.749735,26.000000,6.546212,0.046212,0.046212,pgd_snr>=3; pgd_time_offset_s<=300; distance_km<=300; min_stations>=3
quality_snr3_time300_dist300_min3sta,"Quality set: SNR >= 3, time <= 300 s, distance <= 300 km, min 3 stations",QUALITY,melgar_2015,median,2013p543824,2013-07-21T05:09:30Z,New Zealand,New Zealand,EarthScope PRIDE PPP-AR kin quality-passing stations,20 km east of Seddon,6.500000,8,4.998937,3.776975,55.749735,26.000000,6.423921,-0.076079,0.076079,pgd_snr>=3; pgd_time_offset_s<=300; distance_km<=300; min_stations>=3
quality_snr3_time300_dist300_min3sta,"Quality set: SNR >= 3, time <= 300 s, distance <= 300 km, min 3 stations",QUALITY,ruhl_2019,median,2013p543824,2013-07-21T05:09:30Z,New Zealand,New Zealand,EarthScope PRIDE PPP-AR kin quality-passing stations,20 km east of Seddon,6.500000,8,4.998937,3.776975,55.749735,26.000000,6.168579,-0.331421,0.331421,pgd_snr>=3; pgd_time_offset_s<=300; distance_km<=300; min_stations>=3
quality_snr3_time300_dist300_min3sta,"Quality set: SNR >= 3, time <= 300 s, distance <= 300 km, min 3 stations",QUALITY,crowell_2016_gfast,median,2013p613797,2013-08-16T02:31:05Z,New Zealand,New Zealand,EarthScope PRIDE PPP-AR kin quality-passing stations,5 km south-east of Seddon,6.500000,22,5.182123,4.097682,101.498996,61.000000,6.889435,0.389435,0.389435,pgd_snr>=3; pgd_time_offset_s<=300; distance_km<=300; min_stations>=3
quality_snr3_time300_dist300_min3sta,"Quality set: SNR >= 3, time <= 300 s, distance <= 300 km, min 3 stations",QUALITY,melgar_2015,median,2013p613797,2013-08-16T02:31:05Z,New Zealand,New Zealand,EarthScope PRIDE PPP-AR kin quality-passing stations,5 km south-east of Seddon,6.500000,22,5.182123,4.097682,101.498996,61.000000,6.671791,0.171791,0.171791,pgd_snr>=3; pgd_time_offset_s<=300; distance_km<=300; min_stations>=3
quality_snr3_time300_dist300_min3sta,"Quality set: SNR >= 3, time <= 300 s, distance <= 300 km, min 3 stations",QUALITY,ruhl_2019,median,2013p613797,2013-08-16T02:31:05Z,New Zealand,New Zealand,EarthScope PRIDE PPP-AR kin quality-passing stations,5 km south-east of Seddon,6.500000,22,5.182123,4.097682,101.498996,61.000000,6.438752,-0.061248,0.061248,pgd_snr>=3; pgd_time_offset_s<=300; distance_km<=300; min_stations>=3
quality_snr3_time300_dist300_min3sta,"Quality set: SNR >= 3, time <= 300 s, distance <= 300 km, min 3 stations",QUALITY,crowell_2016_gfast,median,2016p661332,2016-09-01T16:37:55Z,New Zealand,New Zealand,EarthScope PRIDE PPP-AR kin quality-passing stations,120 km north-east of Te Araroa,7.100000,4,5.503240,3.234344,159.312387,124.000000,7.241024,0.141025,0.141025,pgd_snr>=3; pgd_time_offset_s<=300; distance_km<=300; min_stations>=3
quality_snr3_time300_dist300_min3sta,"Quality set: SNR >= 3, time <= 300 s, distance <= 300 km, min 3 stations",QUALITY,melgar_2015,median,2016p661332,2016-09-01T16:37:55Z,New Zealand,New Zealand,EarthScope PRIDE PPP-AR kin quality-passing stations,120 km north-east of Te Araroa,7.100000,4,5.503240,3.234344,159.312387,124.000000,6.994842,-0.105157,0.105157,pgd_snr>=3; pgd_time_offset_s<=300; distance_km<=300; min_stations>=3
quality_snr3_time300_dist300_min3sta,"Quality set: SNR >= 3, time <= 300 s, distance <= 300 km, min 3 stations",QUALITY,ruhl_2019,median,2016p661332,2016-09-01T16:37:55Z,New Zealand,New Zealand,EarthScope PRIDE PPP-AR kin quality-passing stations,120 km north-east of Te Araroa,7.100000,4,5.503240,3.234344,159.312387,124.000000,6.789957,-0.310043,0.310043,pgd_snr>=3; pgd_time_offset_s<=300; distance_km<=300; min_stations>=3
quality_snr3_time300_dist300_min3sta,"Quality set: SNR >= 3, time <= 300 s, distance <= 300 km, min 3 stations",QUALITY,crowell_2016_gfast,median,2016p858000,2016-11-13T11:02:56Z,New Zealand,New Zealand,EarthScope PRIDE PPP-AR kin quality-passing stations,15 km north-east of Culverden,7.800000,14,24.146968,13.944506,147.886022,106.000000,7.592933,-0.207067,0.207067,pgd_snr>=3; pgd_time_offset_s<=300; distance_km<=300; min_stations>=3
quality_snr3_time300_dist300_min3sta,"Quality set: SNR >= 3, time <= 300 s, distance <= 300 km, min 3 stations",QUALITY,melgar_2015,median,2016p858000,2016-11-13T11:02:56Z,New Zealand,New Zealand,EarthScope PRIDE PPP-AR kin quality-passing stations,15 km north-east of Culverden,7.800000,14,24.146968,13.944506,147.886022,106.000000,7.560875,-0.239125,0.239125,pgd_snr>=3; pgd_time_offset_s<=300; distance_km<=300; min_stations>=3
quality_snr3_time300_dist300_min3sta,"Quality set: SNR >= 3, time <= 300 s, distance <= 300 km, min 3 stations",QUALITY,ruhl_2019,median,2016p858000,2016-11-13T11:02:56Z,New Zealand,New Zealand,EarthScope PRIDE PPP-AR kin quality-passing stations,15 km north-east of Culverden,7.800000,14,24.146968,13.944506,147.886022,106.000000,7.386468,-0.413532,0.413532,pgd_snr>=3; pgd_time_offset_s<=300; distance_km<=300; min_stations>=3
quality_snr3_time300_dist300_min3sta,"Quality set: SNR >= 3, time <= 300 s, distance <= 300 km, min 3 stations",QUALITY,crowell_2016_gfast,median,2016p858055,2016-11-13T11:32:07Z,New Zealand,New Zealand,EarthScope PRIDE PPP-AR kin quality-passing stations,15 km north of Kaikoura,6.200000,11,4.813824,3.294003,140.960658,295.000000,7.168982,0.968982,0.968982,pgd_snr>=3; pgd_time_offset_s<=300; distance_km<=300; min_stations>=3
quality_snr3_time300_dist300_min3sta,"Quality set: SNR >= 3, time <= 300 s, distance <= 300 km, min 3 stations",QUALITY,melgar_2015,median,2016p858055,2016-11-13T11:32:07Z,New Zealand,New Zealand,EarthScope PRIDE PPP-AR kin quality-passing stations,15 km north of Kaikoura,6.200000,11,4.813824,3.294003,140.960658,295.000000,6.844783,0.644783,0.644783,pgd_snr>=3; pgd_time_offset_s<=300; distance_km<=300; min_stations>=3
quality_snr3_time300_dist300_min3sta,"Quality set: SNR >= 3, time <= 300 s, distance <= 300 km, min 3 stations",QUALITY,ruhl_2019,median,2016p858055,2016-11-13T11:32:07Z,New Zealand,New Zealand,EarthScope PRIDE PPP-AR kin quality-passing stations,15 km north of Kaikoura,6.200000,11,4.813824,3.294003,140.960658,295.000000,6.629795,0.429795,0.429795,pgd_snr>=3; pgd_time_offset_s<=300; distance_km<=300; min_stations>=3
quality_snr3_time300_dist300_min3sta,"Quality set: SNR >= 3, time <= 300 s, distance <= 300 km, min 3 stations",QUALITY,crowell_2016_gfast,median,2016p858094,2016-11-13T11:52:44Z,New Zealand,New Zealand,EarthScope PRIDE PPP-AR kin quality-passing stations,20 km north of Kaikoura,6.100000,6,3.986266,3.277307,130.590162,269.500000,6.966325,0.866325,0.866325,pgd_snr>=3; pgd_time_offset_s<=300; distance_km<=300; min_stations>=3
quality_snr3_time300_dist300_min3sta,"Quality set: SNR >= 3, time <= 300 s, distance <= 300 km, min 3 stations",QUALITY,melgar_2015,median,2016p858094,2016-11-13T11:52:44Z,New Zealand,New Zealand,EarthScope PRIDE PPP-AR kin quality-passing stations,20 km north of Kaikoura,6.100000,6,3.986266,3.277307,130.590162,269.500000,6.678314,0.578314,0.578314,pgd_snr>=3; pgd_time_offset_s<=300; distance_km<=300; min_stations>=3
quality_snr3_time300_dist300_min3sta,"Quality set: SNR >= 3, time <= 300 s, distance <= 300 km, min 3 stations",QUALITY,ruhl_2019,median,2016p858094,2016-11-13T11:52:44Z,New Zealand,New Zealand,EarthScope PRIDE PPP-AR kin quality-passing stations,20 km north of Kaikoura,6.100000,6,3.986266,3.277307,130.590162,269.500000,6.447163,0.347163,0.347163,pgd_snr>=3; pgd_time_offset_s<=300; distance_km<=300; min_stations>=3
quality_snr3_time300_dist300_min3sta,"Quality set: SNR >= 3, time <= 300 s, distance <= 300 km, min 3 stations",QUALITY,crowell_2016_gfast,median,2016p859524,2016-11-14T00:34:23Z,New Zealand,New Zealand,EarthScope PRIDE PPP-AR kin quality-passing stations,25 km east of Hanmer Springs,6.700000,4,5.599711,3.571043,179.753743,198.000000,7.278809,0.578809,0.578809,pgd_snr>=3; pgd_time_offset_s<=300; distance_km<=300; min_stations>=3
quality_snr3_time300_dist300_min3sta,"Quality set: SNR >= 3, time <= 300 s, distance <= 300 km, min 3 stations",QUALITY,melgar_2015,median,2016p859524,2016-11-14T00:34:23Z,New Zealand,New Zealand,EarthScope PRIDE PPP-AR kin quality-passing stations,25 km east of Hanmer Springs,6.700000,4,5.599711,3.571043,179.753743,198.000000,7.003357,0.303357,0.303357,pgd_snr>=3; pgd_time_offset_s<=300; distance_km<=300; min_stations>=3
quality_snr3_time300_dist300_min3sta,"Quality set: SNR >= 3, time <= 300 s, distance <= 300 km, min 3 stations",QUALITY,ruhl_2019,median,2016p859524,2016-11-14T00:34:23Z,New Zealand,New Zealand,EarthScope PRIDE PPP-AR kin quality-passing stations,25 km east of Hanmer Springs,6.700000,4,5.599711,3.571043,179.753743,198.000000,6.800543,0.100543,0.100543,pgd_snr>=3; pgd_time_offset_s<=300; distance_km<=300; min_stations>=3
quality_snr3_time300_dist300_min3sta,"Quality set: SNR >= 3, time <= 300 s, distance <= 300 km, min 3 stations",QUALITY,crowell_2016_gfast,median,2021p169083,2021-03-04T13:27:35Z,New Zealand,New Zealand,EarthScope PRIDE PPP-AR kin quality-passing stations,140 km east of Te Araroa,7.200000,3,5.273073,3.279507,204.611672,98.000000,7.368823,0.168823,0.168823,pgd_snr>=3; pgd_time_offset_s<=300; distance_km<=300; min_stations>=3
quality_snr3_time300_dist300_min3sta,"Quality set: SNR >= 3, time <= 300 s, distance <= 300 km, min 3 stations",QUALITY,melgar_2015,median,2021p169083,2021-03-04T13:27:35Z,New Zealand,New Zealand,EarthScope PRIDE PPP-AR kin quality-passing stations,140 km east of Te Araroa,7.200000,3,5.273073,3.279507,204.611672,98.000000,7.081614,-0.118386,0.118386,pgd_snr>=3; pgd_time_offset_s<=300; distance_km<=300; min_stations>=3
quality_snr3_time300_dist300_min3sta,"Quality set: SNR >= 3, time <= 300 s, distance <= 300 km, min 3 stations",QUALITY,ruhl_2019,median,2021p169083,2021-03-04T13:27:35Z,New Zealand,New Zealand,EarthScope PRIDE PPP-AR kin quality-passing stations,140 km east of Te Araroa,7.200000,3,5.273073,3.279507,204.611672,98.000000,6.886719,-0.313281,0.313281,pgd_snr>=3; pgd_time_offset_s<=300; distance_km<=300; min_stations>=3
quality_snr3_time300_dist300_min3sta,"Quality set: SNR >= 3, time <= 300 s, distance <= 300 km, min 3 stations",QUALITY,crowell_2016_gfast,median,ak014cbigci8,2014-09-25T17:51:17.606000Z,United States,US,EarthScope PRIDE PPP-AR kin quality-passing stations,"22 km WSW of Skwentna, Alaska",6.200000,4,5.972682,3.867654,126.644068,159.394000,7.137236,0.937236,0.937236,pgd_snr>=3; pgd_time_offset_s<=300; distance_km<=300; min_stations>=3
quality_snr3_time300_dist300_min3sta,"Quality set: SNR >= 3, time <= 300 s, distance <= 300 km, min 3 stations",QUALITY,melgar_2015,median,ak014cbigci8,2014-09-25T17:51:17.606000Z,United States,US,EarthScope PRIDE PPP-AR kin quality-passing stations,"22 km WSW of Skwentna, Alaska",6.200000,4,5.972682,3.867654,126.644068,159.394000,6.925740,0.725740,0.725740,pgd_snr>=3; pgd_time_offset_s<=300; distance_km<=300; min_stations>=3
quality_snr3_time300_dist300_min3sta,"Quality set: SNR >= 3, time <= 300 s, distance <= 300 km, min 3 stations",QUALITY,ruhl_2019,median,ak014cbigci8,2014-09-25T17:51:17.606000Z,United States,US,EarthScope PRIDE PPP-AR kin quality-passing stations,"22 km WSW of Skwentna, Alaska",6.200000,4,5.972682,3.867654,126.644068,159.394000,6.712917,0.512917,0.512917,pgd_snr>=3; pgd_time_offset_s<=300; distance_km<=300; min_stations>=3
quality_snr3_time300_dist300_min3sta,"Quality set: SNR >= 3, time <= 300 s, distance <= 300 km, min 3 stations",QUALITY,crowell_2016_gfast,median,nc73821036,2022-12-20T10:34:24.770000Z,United States,US,EarthScope PRIDE PPP-AR kin quality-passing stations,"15km WSW of Ferndale, CA",6.400000,14,5.325320,5.299428,51.659028,18.230000,6.534010,0.134010,0.134010,pgd_snr>=3; pgd_time_offset_s<=300; distance_km<=300; min_stations>=3
quality_snr3_time300_dist300_min3sta,"Quality set: SNR >= 3, time <= 300 s, distance <= 300 km, min 3 stations",QUALITY,melgar_2015,median,nc73821036,2022-12-20T10:34:24.770000Z,United States,US,EarthScope PRIDE PPP-AR kin quality-passing stations,"15km WSW of Ferndale, CA",6.400000,14,5.325320,5.299428,51.659028,18.230000,6.344188,-0.055812,0.055812,pgd_snr>=3; pgd_time_offset_s<=300; distance_km<=300; min_stations>=3
quality_snr3_time300_dist300_min3sta,"Quality set: SNR >= 3, time <= 300 s, distance <= 300 km, min 3 stations",QUALITY,ruhl_2019,median,nc73821036,2022-12-20T10:34:24.770000Z,United States,US,EarthScope PRIDE PPP-AR kin quality-passing stations,"15km WSW of Ferndale, CA",6.400000,14,5.325320,5.299428,51.659028,18.230000,6.083896,-0.316104,0.316104,pgd_snr>=3; pgd_time_offset_s<=300; distance_km<=300; min_stations>=3
quality_snr3_time300_dist300_min3sta,"Quality set: SNR >= 3, time <= 300 s, distance <= 300 km, min 3 stations",QUALITY,crowell_2016_gfast,median,us2000bmhe,2017-11-13T02:28:23.680Z,Costa Rica,Americas,EarthScope PRIDE PPP-AR kin quality-passing stations,"18 km W of Parrita, Costa Rica",6.500000,3,8.265065,3.076700,246.066784,213.320000,7.807469,1.307469,1.307469,pgd_snr>=3; pgd_time_offset_s<=300; distance_km<=300; min_stations>=3
quality_snr3_time300_dist300_min3sta,"Quality set: SNR >= 3, time <= 300 s, distance <= 300 km, min 3 stations",QUALITY,melgar_2015,median,us2000bmhe,2017-11-13T02:28:23.680Z,Costa Rica,Americas,EarthScope PRIDE PPP-AR kin quality-passing stations,"18 km W of Parrita, Costa Rica",6.500000,3,8.265065,3.076700,246.066784,213.320000,7.560555,1.060555,1.060555,pgd_snr>=3; pgd_time_offset_s<=300; distance_km<=300; min_stations>=3
quality_snr3_time300_dist300_min3sta,"Quality set: SNR >= 3, time <= 300 s, distance <= 300 km, min 3 stations",QUALITY,ruhl_2019,median,us2000bmhe,2017-11-13T02:28:23.680Z,Costa Rica,Americas,EarthScope PRIDE PPP-AR kin quality-passing stations,"18 km W of Parrita, Costa Rica",6.500000,3,8.265065,3.076700,246.066784,213.320000,7.410982,0.910982,0.910982,pgd_snr>=3; pgd_time_offset_s<=300; distance_km<=300; min_stations>=3
quality_snr3_time300_dist300_min3sta,"Quality set: SNR >= 3, time <= 300 s, distance <= 300 km, min 3 stations",QUALITY,crowell_2016_gfast,median,us6000ah9t,2020-06-23T15:29:04.350Z,Mexico,Americas,EarthScope PRIDE PPP-AR kin quality-passing stations,"9 km SE of Santa María Xadani, Mexico",7.400000,4,10.444523,6.178239,89.835327,25.650000,7.224849,-0.175152,0.175152,pgd_snr>=3; pgd_time_offset_s<=300; distance_km<=300; min_stations>=3
quality_snr3_time300_dist300_min3sta,"Quality set: SNR >= 3, time <= 300 s, distance <= 300 km, min 3 stations",QUALITY,melgar_2015,median,us6000ah9t,2020-06-23T15:29:04.350Z,Mexico,Americas,EarthScope PRIDE PPP-AR kin quality-passing stations,"9 km SE of Santa María Xadani, Mexico",7.400000,4,10.444523,6.178239,89.835327,25.650000,7.136817,-0.263183,0.263183,pgd_snr>=3; pgd_time_offset_s<=300; distance_km<=300; min_stations>=3
quality_snr3_time300_dist300_min3sta,"Quality set: SNR >= 3, time <= 300 s, distance <= 300 km, min 3 stations",QUALITY,ruhl_2019,median,us6000ah9t,2020-06-23T15:29:04.350Z,Mexico,Americas,EarthScope PRIDE PPP-AR kin quality-passing stations,"9 km SE of Santa María Xadani, Mexico",7.400000,4,10.444523,6.178239,89.835327,25.650000,6.940138,-0.459862,0.459862,pgd_snr>=3; pgd_time_offset_s<=300; distance_km<=300; min_stations>=3
quality_snr3_time300_dist300_min3sta,"Quality set: SNR >= 3, time <= 300 s, distance <= 300 km, min 3 stations",QUALITY,crowell_2016_gfast,median,us7000i9bw,2022-09-19T18:05:08.217Z,Mexico,Americas,EarthScope PRIDE PPP-AR kin quality-passing stations,"35 km SSW of Aguililla, Mexico",7.600000,9,14.671149,8.949593,206.010464,64.783000,7.797449,0.197449,0.197449,pgd_snr>=3; pgd_time_offset_s<=300; distance_km<=300; min_stations>=3
quality_snr3_time300_dist300_min3sta,"Quality set: SNR >= 3, time <= 300 s, distance <= 300 km, min 3 stations",QUALITY,melgar_2015,median,us7000i9bw,2022-09-19T18:05:08.217Z,Mexico,Americas,EarthScope PRIDE PPP-AR kin quality-passing stations,"35 km SSW of Aguililla, Mexico",7.600000,9,14.671149,8.949593,206.010464,64.783000,7.642648,0.042648,0.042648,pgd_snr>=3; pgd_time_offset_s<=300; distance_km<=300; min_stations>=3
quality_snr3_time300_dist300_min3sta,"Quality set: SNR >= 3, time <= 300 s, distance <= 300 km, min 3 stations",QUALITY,ruhl_2019,median,us7000i9bw,2022-09-19T18:05:08.217Z,Mexico,Americas,EarthScope PRIDE PPP-AR kin quality-passing stations,"35 km SSW of Aguililla, Mexico",7.600000,9,14.671149,8.949593,206.010464,64.783000,7.497021,-0.102979,0.102979,pgd_snr>=3; pgd_time_offset_s<=300; distance_km<=300; min_stations>=3
quality_snr3_time300_dist300_min3sta,"Quality set: SNR >= 3, time <= 300 s, distance <= 300 km, min 3 stations",QUALITY,crowell_2016_gfast,median,us7000irjd,2022-11-22T16:39:05.789Z,Mexico,Americas,EarthScope PRIDE PPP-AR kin quality-passing stations,"28 km SW of Las Brisas, Mexico",6.200000,15,4.979136,3.600235,246.759710,86.211000,7.514750,1.314750,1.314750,pgd_snr>=3; pgd_time_offset_s<=300; distance_km<=300; min_stations>=3
quality_snr3_time300_dist300_min3sta,"Quality set: SNR >= 3, time <= 300 s, distance <= 300 km, min 3 stations",QUALITY,melgar_2015,median,us7000irjd,2022-11-22T16:39:05.789Z,Mexico,Americas,EarthScope PRIDE PPP-AR kin quality-passing stations,"28 km SW of Las Brisas, Mexico",6.200000,15,4.979136,3.600235,246.759710,86.211000,7.174581,0.974581,0.974581,pgd_snr>=3; pgd_time_offset_s<=300; distance_km<=300; min_stations>=3
quality_snr3_time300_dist300_min3sta,"Quality set: SNR >= 3, time <= 300 s, distance <= 300 km, min 3 stations",QUALITY,ruhl_2019,median,us7000irjd,2022-11-22T16:39:05.789Z,Mexico,Americas,EarthScope PRIDE PPP-AR kin quality-passing stations,"28 km SW of Las Brisas, Mexico",6.200000,15,4.979136,3.600235,246.759710,86.211000,6.991656,0.791656,0.791656,pgd_snr>=3; pgd_time_offset_s<=300; distance_km<=300; min_stations>=3
strict_snr5_time300_dist300_min3sta,"Strict set: SNR >= 5, time <= 300 s, distance <= 300 km, min 3 stations",STRICT,crowell_2016_gfast,median,2013p543824,2013-07-21T05:09:30Z,New Zealand,New Zealand,EarthScope PRIDE PPP-AR kin quality-passing stations,20 km east of Seddon,6.500000,3,10.422463,8.685430,32.476995,14.000000,6.543490,0.043490,0.043490,pgd_snr>=5; pgd_time_offset_s<=300; distance_km<=300; min_stations>=3
strict_snr5_time300_dist300_min3sta,"Strict set: SNR >= 5, time <= 300 s, distance <= 300 km, min 3 stations",STRICT,melgar_2015,median,2013p543824,2013-07-21T05:09:30Z,New Zealand,New Zealand,EarthScope PRIDE PPP-AR kin quality-passing stations,20 km east of Seddon,6.500000,3,10.422463,8.685430,32.476995,14.000000,6.442310,-0.057690,0.057690,pgd_snr>=5; pgd_time_offset_s<=300; distance_km<=300; min_stations>=3
strict_snr5_time300_dist300_min3sta,"Strict set: SNR >= 5, time <= 300 s, distance <= 300 km, min 3 stations",STRICT,ruhl_2019,median,2013p543824,2013-07-21T05:09:30Z,New Zealand,New Zealand,EarthScope PRIDE PPP-AR kin quality-passing stations,20 km east of Seddon,6.500000,3,10.422463,8.685430,32.476995,14.000000,6.185335,-0.314665,0.314665,pgd_snr>=5; pgd_time_offset_s<=300; distance_km<=300; min_stations>=3
strict_snr5_time300_dist300_min3sta,"Strict set: SNR >= 5, time <= 300 s, distance <= 300 km, min 3 stations",STRICT,crowell_2016_gfast,median,2013p613797,2013-08-16T02:31:05Z,New Zealand,New Zealand,EarthScope PRIDE PPP-AR kin quality-passing stations,5 km south-east of Seddon,6.500000,4,9.943309,8.142165,56.847311,30.500000,6.632572,0.132572,0.132572,pgd_snr>=5; pgd_time_offset_s<=300; distance_km<=300; min_stations>=3
strict_snr5_time300_dist300_min3sta,"Strict set: SNR >= 5, time <= 300 s, distance <= 300 km, min 3 stations",STRICT,melgar_2015,median,2013p613797,2013-08-16T02:31:05Z,New Zealand,New Zealand,EarthScope PRIDE PPP-AR kin quality-passing stations,5 km south-east of Seddon,6.500000,4,9.943309,8.142165,56.847311,30.500000,6.610687,0.110687,0.110687,pgd_snr>=5; pgd_time_offset_s<=300; distance_km<=300; min_stations>=3
strict_snr5_time300_dist300_min3sta,"Strict set: SNR >= 5, time <= 300 s, distance <= 300 km, min 3 stations",STRICT,ruhl_2019,median,2013p613797,2013-08-16T02:31:05Z,New Zealand,New Zealand,EarthScope PRIDE PPP-AR kin quality-passing stations,5 km south-east of Seddon,6.500000,4,9.943309,8.142165,56.847311,30.500000,6.365896,-0.134104,0.134104,pgd_snr>=5; pgd_time_offset_s<=300; distance_km<=300; min_stations>=3
strict_snr5_time300_dist300_min3sta,"Strict set: SNR >= 5, time <= 300 s, distance <= 300 km, min 3 stations",STRICT,crowell_2016_gfast,median,2016p858000,2016-11-13T11:02:56Z,New Zealand,New Zealand,EarthScope PRIDE PPP-AR kin quality-passing stations,15 km north-east of Culverden,7.800000,13,25.514455,14.176963,149.592057,106.000000,7.669939,-0.130061,0.130061,pgd_snr>=5; pgd_time_offset_s<=300; distance_km<=300; min_stations>=3
strict_snr5_time300_dist300_min3sta,"Strict set: SNR >= 5, time <= 300 s, distance <= 300 km, min 3 stations",STRICT,melgar_2015,median,2016p858000,2016-11-13T11:02:56Z,New Zealand,New Zealand,EarthScope PRIDE PPP-AR kin quality-passing stations,15 km north-east of Culverden,7.800000,13,25.514455,14.176963,149.592057,106.000000,7.569314,-0.230686,0.230686,pgd_snr>=5; pgd_time_offset_s<=300; distance_km<=300; min_stations>=3
strict_snr5_time300_dist300_min3sta,"Strict set: SNR >= 5, time <= 300 s, distance <= 300 km, min 3 stations",STRICT,ruhl_2019,median,2016p858000,2016-11-13T11:02:56Z,New Zealand,New Zealand,EarthScope PRIDE PPP-AR kin quality-passing stations,15 km north-east of Culverden,7.800000,13,25.514455,14.176963,149.592057,106.000000,7.409742,-0.390258,0.390258,pgd_snr>=5; pgd_time_offset_s<=300; distance_km<=300; min_stations>=3
strict_snr5_time300_dist300_min3sta,"Strict set: SNR >= 5, time <= 300 s, distance <= 300 km, min 3 stations",STRICT,crowell_2016_gfast,median,nc73821036,2022-12-20T10:34:24.770000Z,United States,US,EarthScope PRIDE PPP-AR kin quality-passing stations,"15km WSW of Ferndale, CA",6.400000,9,6.169546,5.805079,49.288159,16.230000,6.522556,0.122556,0.122556,pgd_snr>=5; pgd_time_offset_s<=300; distance_km<=300; min_stations>=3
strict_snr5_time300_dist300_min3sta,"Strict set: SNR >= 5, time <= 300 s, distance <= 300 km, min 3 stations",STRICT,melgar_2015,median,nc73821036,2022-12-20T10:34:24.770000Z,United States,US,EarthScope PRIDE PPP-AR kin quality-passing stations,"15km WSW of Ferndale, CA",6.400000,9,6.169546,5.805079,49.288159,16.230000,6.357807,-0.042193,0.042193,pgd_snr>=5; pgd_time_offset_s<=300; distance_km<=300; min_stations>=3
strict_snr5_time300_dist300_min3sta,"Strict set: SNR >= 5, time <= 300 s, distance <= 300 km, min 3 stations",STRICT,ruhl_2019,median,nc73821036,2022-12-20T10:34:24.770000Z,United States,US,EarthScope PRIDE PPP-AR kin quality-passing stations,"15km WSW of Ferndale, CA",6.400000,9,6.169546,5.805079,49.288159,16.230000,6.098403,-0.301597,0.301597,pgd_snr>=5; pgd_time_offset_s<=300; distance_km<=300; min_stations>=3
strict_snr5_time300_dist300_min3sta,"Strict set: SNR >= 5, time <= 300 s, distance <= 300 km, min 3 stations",STRICT,crowell_2016_gfast,median,us6000ah9t,2020-06-23T15:29:04.350Z,Mexico,Americas,EarthScope PRIDE PPP-AR kin quality-passing stations,"9 km SE of Santa María Xadani, Mexico",7.400000,3,13.721356,6.990455,63.755222,20.650000,7.349075,-0.050925,0.050925,pgd_snr>=5; pgd_time_offset_s<=300; distance_km<=300; min_stations>=3
strict_snr5_time300_dist300_min3sta,"Strict set: SNR >= 5, time <= 300 s, distance <= 300 km, min 3 stations",STRICT,melgar_2015,median,us6000ah9t,2020-06-23T15:29:04.350Z,Mexico,Americas,EarthScope PRIDE PPP-AR kin quality-passing stations,"9 km SE of Santa María Xadani, Mexico",7.400000,3,13.721356,6.990455,63.755222,20.650000,7.291732,-0.108268,0.108268,pgd_snr>=5; pgd_time_offset_s<=300; distance_km<=300; min_stations>=3
strict_snr5_time300_dist300_min3sta,"Strict set: SNR >= 5, time <= 300 s, distance <= 300 km, min 3 stations",STRICT,ruhl_2019,median,us6000ah9t,2020-06-23T15:29:04.350Z,Mexico,Americas,EarthScope PRIDE PPP-AR kin quality-passing stations,"9 km SE of Santa María Xadani, Mexico",7.400000,3,13.721356,6.990455,63.755222,20.650000,7.114463,-0.285537,0.285537,pgd_snr>=5; pgd_time_offset_s<=300; distance_km<=300; min_stations>=3
strict_snr5_time300_dist300_min3sta,"Strict set: SNR >= 5, time <= 300 s, distance <= 300 km, min 3 stations",STRICT,crowell_2016_gfast,median,us7000i9bw,2022-09-19T18:05:08.217Z,Mexico,Americas,EarthScope PRIDE PPP-AR kin quality-passing stations,"35 km SSW of Aguililla, Mexico",7.600000,7,14.885191,10.009816,206.010464,64.783000,7.811197,0.211197,0.211197,pgd_snr>=5; pgd_time_offset_s<=300; distance_km<=300; min_stations>=3
strict_snr5_time300_dist300_min3sta,"Strict set: SNR >= 5, time <= 300 s, distance <= 300 km, min 3 stations",STRICT,melgar_2015,median,us7000i9bw,2022-09-19T18:05:08.217Z,Mexico,Americas,EarthScope PRIDE PPP-AR kin quality-passing stations,"35 km SSW of Aguililla, Mexico",7.600000,7,14.885191,10.009816,206.010464,64.783000,7.642648,0.042648,0.042648,pgd_snr>=5; pgd_time_offset_s<=300; distance_km<=300; min_stations>=3
strict_snr5_time300_dist300_min3sta,"Strict set: SNR >= 5, time <= 300 s, distance <= 300 km, min 3 stations",STRICT,ruhl_2019,median,us7000i9bw,2022-09-19T18:05:08.217Z,Mexico,Americas,EarthScope PRIDE PPP-AR kin quality-passing stations,"35 km SSW of Aguililla, Mexico",7.600000,7,14.885191,10.009816,206.010464,64.783000,7.497021,-0.102979,0.102979,pgd_snr>=5; pgd_time_offset_s<=300; distance_km<=300; min_stations>=3
