event_dir	event_id	event_time	country	place	usgs_magnitude	depth_km	station	station_quality_status	epicentral_distance_km	hypocentral_distance_km	pgd_m	pgd_cm	pgd_time_offset_s	pgd_e_m	pgd_n_m	pgd_u_m	pgd_sample_count	pre_event_rms_m	pre_event_rms_cm	noise_sample_count	pgd_snr	usable_for_pgd	station_reliability_flags	near_station	formula	formula_pgd_unit	pgd_component	distance_mode	station_aggregation	estimated_mw	residual_mw	abs_residual_mw
us-ak0138esnzr-m7-5-20130105-110-km-sw-of-edna-bay-alaska	ak0138esnzr	2013-01-05T08:58:14.957000Z	United States	110 km SW of Edna Bay, Alaska	7.500000	8.700000	AB48	OK	113.873000	114.204860	0.297888	29.788805	35.043000	-0.141834	-0.210415	0.156032	600	0.034327	3.432732	300	8.677871	Y		Y	melgar_2015	cm	3d	hypocentral	median	7.742788	0.242788	0.242788
us-ak0138esnzr-m7-5-20130105-110-km-sw-of-edna-bay-alaska	ak0138esnzr	2013-01-05T08:58:14.957000Z	United States	110 km SW of Edna Bay, Alaska	7.500000	8.700000	AB48	OK	113.873000	114.204860	0.297888	29.788805	35.043000	-0.141834	-0.210415	0.156032	600	0.034327	3.432732	300	8.677871	Y		Y	crowell_2016_gfast	cm	3d	hypocentral	median	7.701610	0.201610	0.201610
us-ak0138esnzr-m7-5-20130105-110-km-sw-of-edna-bay-alaska	ak0138esnzr	2013-01-05T08:58:14.957000Z	United States	110 km SW of Edna Bay, Alaska	7.500000	8.700000	AB48	OK	113.873000	114.204860	0.297888	29.788805	35.043000	-0.141834	-0.210415	0.156032	600	0.034327	3.432732	300	8.677871	Y		Y	ruhl_2019	m	3d	hypocentral	median	7.589054	0.089054	0.089054
us-ak0138esnzr-m7-5-20130105-110-km-sw-of-edna-bay-alaska	ak0138esnzr	2013-01-05T08:58:14.957000Z	United States	110 km SW of Edna Bay, Alaska	7.500000	8.700000	AB51	OK	212.314000	212.492175	0.172633	17.263285	67.043000	0.089736	-0.127973	0.073298	600	0.018471	1.847100	300	9.346158	Y		Y	melgar_2015	cm	3d	hypocentral	median	7.813330	0.313330	0.313330
us-ak0138esnzr-m7-5-20130105-110-km-sw-of-edna-bay-alaska	ak0138esnzr	2013-01-05T08:58:14.957000Z	United States	110 km SW of Edna Bay, Alaska	7.500000	8.700000	AB51	OK	212.314000	212.492175	0.172633	17.263285	67.043000	0.089736	-0.127973	0.073298	600	0.018471	1.847100	300	9.346158	Y		Y	crowell_2016_gfast	cm	3d	hypocentral	median	7.908712	0.408712	0.408712
us-ak0138esnzr-m7-5-20130105-110-km-sw-of-edna-bay-alaska	ak0138esnzr	2013-01-05T08:58:14.957000Z	United States	110 km SW of Edna Bay, Alaska	7.500000	8.700000	AB51	OK	212.314000	212.492175	0.172633	17.263285	67.043000	0.089736	-0.127973	0.073298	600	0.018471	1.847100	300	9.346158	Y		Y	ruhl_2019	m	3d	hypocentral	median	7.678113	0.178113	0.178113
us-ak0149guzic1-m6-0-20140725-40-km-wnw-of-elfin-cove-alaska	ak0149guzic1	2014-07-25T10:54:50.417000Z	United States	40 km WNW of Elfin Cove, Alaska	6.000000	10.000000	AB42	OK	157.440000	157.757262	0.032770	3.277041	245.583000	0.005046	-0.000187	-0.032379	600	0.010811	1.081088	300	3.031244	Y		Y	melgar_2015	cm	3d	hypocentral	median	6.655415	0.655415	0.655415
us-ak0149guzic1-m6-0-20140725-40-km-wnw-of-elfin-cove-alaska	ak0149guzic1	2014-07-25T10:54:50.417000Z	United States	40 km WNW of Elfin Cove, Alaska	6.000000	10.000000	AB42	OK	157.440000	157.757262	0.032770	3.277041	245.583000	0.005046	-0.000187	-0.032379	600	0.010811	1.081088	300	3.031244	Y		Y	crowell_2016_gfast	cm	3d	hypocentral	median	6.995212	0.995212	0.995212
us-ak0149guzic1-m6-0-20140725-40-km-wnw-of-elfin-cove-alaska	ak0149guzic1	2014-07-25T10:54:50.417000Z	United States	40 km WNW of Elfin Cove, Alaska	6.000000	10.000000	AB42	OK	157.440000	157.757262	0.032770	3.277041	245.583000	0.005046	-0.000187	-0.032379	600	0.010811	1.081088	300	3.031244	Y		Y	ruhl_2019	m	3d	hypocentral	median	6.424071	0.424071	0.424071
us-ak0149guzic1-m6-0-20140725-40-km-wnw-of-elfin-cove-alaska	ak0149guzic1	2014-07-25T10:54:50.417000Z	United States	40 km WNW of Elfin Cove, Alaska	6.000000	10.000000	AB43	OK	24.574000	26.530765	0.044203	4.420328	425.583000	-0.002357	-0.006794	0.043614	600	0.013601	1.360052	300	3.250116	N	late_pgd_peak	Y	melgar_2015	cm	3d	hypocentral	median	5.972157	-0.027843	0.027843
us-ak0149guzic1-m6-0-20140725-40-km-wnw-of-elfin-cove-alaska	ak0149guzic1	2014-07-25T10:54:50.417000Z	United States	40 km WNW of Elfin Cove, Alaska	6.000000	10.000000	AB43	OK	24.574000	26.530765	0.044203	4.420328	425.583000	-0.002357	-0.006794	0.043614	600	0.013601	1.360052	300	3.250116	N	late_pgd_peak	Y	crowell_2016_gfast	cm	3d	hypocentral	median	6.134315	0.134315	0.134315
us-ak0149guzic1-m6-0-20140725-40-km-wnw-of-elfin-cove-alaska	ak0149guzic1	2014-07-25T10:54:50.417000Z	United States	40 km WNW of Elfin Cove, Alaska	6.000000	10.000000	AB43	OK	24.574000	26.530765	0.044203	4.420328	425.583000	-0.002357	-0.006794	0.043614	600	0.013601	1.360052	300	3.250116	N	late_pgd_peak	Y	ruhl_2019	m	3d	hypocentral	median	5.687395	-0.312605	0.312605
us-ak0149guzic1-m6-0-20140725-40-km-wnw-of-elfin-cove-alaska	ak0149guzic1	2014-07-25T10:54:50.417000Z	United States	40 km WNW of Elfin Cove, Alaska	6.000000	10.000000	AB50	OK	141.716000	142.068380	0.057137	5.713685	256.583000	0.006712	0.006193	-0.056402	600	0.017284	1.728433	300	3.305702	Y		Y	melgar_2015	cm	3d	hypocentral	median	6.921634	0.921634	0.921634
us-ak0149guzic1-m6-0-20140725-40-km-wnw-of-elfin-cove-alaska	ak0149guzic1	2014-07-25T10:54:50.417000Z	United States	40 km WNW of Elfin Cove, Alaska	6.000000	10.000000	AB50	OK	141.716000	142.068380	0.057137	5.713685	256.583000	0.006712	0.006193	-0.056402	600	0.017284	1.728433	300	3.305702	Y		Y	crowell_2016_gfast	cm	3d	hypocentral	median	7.161981	1.161981	1.161981
us-ak0149guzic1-m6-0-20140725-40-km-wnw-of-elfin-cove-alaska	ak0149guzic1	2014-07-25T10:54:50.417000Z	United States	40 km WNW of Elfin Cove, Alaska	6.000000	10.000000	AB50	OK	141.716000	142.068380	0.057137	5.713685	256.583000	0.006712	0.006193	-0.056402	600	0.017284	1.728433	300	3.305702	Y		Y	ruhl_2019	m	3d	hypocentral	median	6.709711	0.709711	0.709711
us-ak014cbigci8-m6-2-20140925-22-km-wsw-of-skwentna-alaska	ak014cbigci8	2014-09-25T17:51:17.606000Z	United States	22 km WSW of Skwentna, Alaska	6.200000	108.900000	AC32	OK	77.370000	133.586402	0.073004	7.300377	160.394000	0.009055	0.030759	0.065585	600	0.016326	1.632584	300	4.471671	Y		Y	melgar_2015	cm	3d	hypocentral	median	7.028968	0.828968	0.828968
us-ak014cbigci8-m6-2-20140925-22-km-wsw-of-skwentna-alaska	ak014cbigci8	2014-09-25T17:51:17.606000Z	United States	22 km WSW of Skwentna, Alaska	6.200000	108.900000	AC32	OK	77.370000	133.586402	0.073004	7.300377	160.394000	0.009055	0.030759	0.065585	600	0.016326	1.632584	300	4.471671	Y		Y	crowell_2016_gfast	cm	3d	hypocentral	median	7.224610	1.024610	1.024610
us-ak014cbigci8-m6-2-20140925-22-km-wsw-of-skwentna-alaska	ak014cbigci8	2014-09-25T17:51:17.606000Z	United States	22 km WSW of Skwentna, Alaska	6.200000	108.900000	AC32	OK	77.370000	133.586402	0.073004	7.300377	160.394000	0.009055	0.030759	0.065585	600	0.016326	1.632584	300	4.471671	Y		Y	ruhl_2019	m	3d	hypocentral	median	6.824469	0.624469	0.624469
us-ak014cbigci8-m6-2-20140925-22-km-wsw-of-skwentna-alaska	ak014cbigci8	2014-09-25T17:51:17.606000Z	United States	22 km WSW of Skwentna, Alaska	6.200000	108.900000	AC33	OK	99.683000	147.634381	0.051835	5.183483	159.394000	0.003280	0.028905	0.042902	600	0.022102	2.210185	300	2.345271	N	low_pgd_snr	Y	melgar_2015	cm	3d	hypocentral	median	6.886387	0.686387	0.686387
us-ak014cbigci8-m6-2-20140925-22-km-wsw-of-skwentna-alaska	ak014cbigci8	2014-09-25T17:51:17.606000Z	United States	22 km WSW of Skwentna, Alaska	6.200000	108.900000	AC33	OK	99.683000	147.634381	0.051835	5.183483	159.394000	0.003280	0.028905	0.042902	600	0.022102	2.210185	300	2.345271	N	low_pgd_snr	Y	crowell_2016_gfast	cm	3d	hypocentral	median	7.145844	0.945844	0.945844
us-ak014cbigci8-m6-2-20140925-22-km-wsw-of-skwentna-alaska	ak014cbigci8	2014-09-25T17:51:17.606000Z	United States	22 km WSW of Skwentna, Alaska	6.200000	108.900000	AC33	OK	99.683000	147.634381	0.051835	5.183483	159.394000	0.003280	0.028905	0.042902	600	0.022102	2.210185	300	2.345271	N	low_pgd_snr	Y	ruhl_2019	m	3d	hypocentral	median	6.672191	0.472191	0.472191
us-ak014cbigci8-m6-2-20140925-22-km-wsw-of-skwentna-alaska	ak014cbigci8	2014-09-25T17:51:17.606000Z	United States	22 km WSW of Skwentna, Alaska	6.200000	108.900000	AC36	OK	127.380000	167.585424	0.073875	7.387462	160.394000	0.014916	0.028903	0.066329	600	0.029476	2.947609	300	2.506256	N	low_pgd_snr	Y	melgar_2015	cm	3d	hypocentral	median	7.164998	0.964998	0.964998
us-ak014cbigci8-m6-2-20140925-22-km-wsw-of-skwentna-alaska	ak014cbigci8	2014-09-25T17:51:17.606000Z	United States	22 km WSW of Skwentna, Alaska	6.200000	108.900000	AC36	OK	127.380000	167.585424	0.073875	7.387462	160.394000	0.014916	0.028903	0.066329	600	0.029476	2.947609	300	2.506256	N	low_pgd_snr	Y	crowell_2016_gfast	cm	3d	hypocentral	median	7.378316	1.178316	1.178316
us-ak014cbigci8-m6-2-20140925-22-km-wsw-of-skwentna-alaska	ak014cbigci8	2014-09-25T17:51:17.606000Z	United States	22 km WSW of Skwentna, Alaska	6.200000	108.900000	AC36	OK	127.380000	167.585424	0.073875	7.387462	160.394000	0.014916	0.028903	0.066329	600	0.029476	2.947609	300	2.506256	N	low_pgd_snr	Y	ruhl_2019	m	3d	hypocentral	median	6.973918	0.773918	0.773918
us-ak014cbigci8-m6-2-20140925-22-km-wsw-of-skwentna-alaska	ak014cbigci8	2014-09-25T17:51:17.606000Z	United States	22 km WSW of Skwentna, Alaska	6.200000	108.900000	AC46	OK	15.940000	110.060409	0.058414	5.841447	159.394000	0.008288	0.028742	0.050174	600	0.014750	1.474957	300	3.960419	Y		Y	melgar_2015	cm	3d	hypocentral	median	6.795801	0.595801	0.595801
us-ak014cbigci8-m6-2-20140925-22-km-wsw-of-skwentna-alaska	ak014cbigci8	2014-09-25T17:51:17.606000Z	United States	22 km WSW of Skwentna, Alaska	6.200000	108.900000	AC46	OK	15.940000	110.060409	0.058414	5.841447	159.394000	0.008288	0.028742	0.050174	600	0.014750	1.474957	300	3.960419	Y		Y	crowell_2016_gfast	cm	3d	hypocentral	median	7.011179	0.811179	0.811179
us-ak014cbigci8-m6-2-20140925-22-km-wsw-of-skwentna-alaska	ak014cbigci8	2014-09-25T17:51:17.606000Z	United States	22 km WSW of Skwentna, Alaska	6.200000	108.900000	AC46	OK	15.940000	110.060409	0.058414	5.841447	159.394000	0.008288	0.028742	0.050174	600	0.014750	1.474957	300	3.960419	Y		Y	ruhl_2019	m	3d	hypocentral	median	6.571894	0.371894	0.371894
us-ak014cbigci8-m6-2-20140925-22-km-wsw-of-skwentna-alaska	ak014cbigci8	2014-09-25T17:51:17.606000Z	United States	22 km WSW of Skwentna, Alaska	6.200000	108.900000	AC51	OK	49.692000	119.701733	0.056575	5.657499	159.394000	0.005293	0.032886	0.045730	600	0.015234	1.523439	300	3.713636	Y		Y	melgar_2015	cm	3d	hypocentral	median	6.822512	0.622512	0.622512
us-ak014cbigci8-m6-2-20140925-22-km-wsw-of-skwentna-alaska	ak014cbigci8	2014-09-25T17:51:17.606000Z	United States	22 km WSW of Skwentna, Alaska	6.200000	108.900000	AC51	OK	49.692000	119.701733	0.056575	5.657499	159.394000	0.005293	0.032886	0.045730	600	0.015234	1.523439	300	3.713636	Y		Y	crowell_2016_gfast	cm	3d	hypocentral	median	7.049862	0.849862	0.849862
us-ak014cbigci8-m6-2-20140925-22-km-wsw-of-skwentna-alaska	ak014cbigci8	2014-09-25T17:51:17.606000Z	United States	22 km WSW of Skwentna, Alaska	6.200000	108.900000	AC51	OK	49.692000	119.701733	0.056575	5.657499	159.394000	0.005293	0.032886	0.045730	600	0.015234	1.523439	300	3.713636	Y		Y	ruhl_2019	m	3d	hypocentral	median	6.601366	0.401366	0.401366
us-ak014cbigci8-m6-2-20140925-22-km-wsw-of-skwentna-alaska	ak014cbigci8	2014-09-25T17:51:17.606000Z	United States	22 km WSW of Skwentna, Alaska	6.200000	108.900000	AC75	OK	163.118000	196.129274	0.061039	6.103917	159.394000	0.006339	0.026769	0.054488	600	0.016170	1.616979	300	3.774889	Y		Y	melgar_2015	cm	3d	hypocentral	median	7.143992	0.943992	0.943992
us-ak014cbigci8-m6-2-20140925-22-km-wsw-of-skwentna-alaska	ak014cbigci8	2014-09-25T17:51:17.606000Z	United States	22 km WSW of Skwentna, Alaska	6.200000	108.900000	AC75	OK	163.118000	196.129274	0.061039	6.103917	159.394000	0.006339	0.026769	0.054488	600	0.016170	1.616979	300	3.774889	Y		Y	crowell_2016_gfast	cm	3d	hypocentral	median	7.403050	1.203050	1.203050
us-ak014cbigci8-m6-2-20140925-22-km-wsw-of-skwentna-alaska	ak014cbigci8	2014-09-25T17:51:17.606000Z	United States	22 km WSW of Skwentna, Alaska	6.200000	108.900000	AC75	OK	163.118000	196.129274	0.061039	6.103917	159.394000	0.006339	0.026769	0.054488	600	0.016170	1.616979	300	3.774889	Y		Y	ruhl_2019	m	3d	hypocentral	median	6.953500	0.753500	0.753500
us-ak014cbigci8-m6-2-20140925-22-km-wsw-of-skwentna-alaska	ak014cbigci8	2014-09-25T17:51:17.606000Z	United States	22 km WSW of Skwentna, Alaska	6.200000	108.900000	AC80	OK	50.019000	119.837850	0.059201	5.920144	159.394000	0.008735	0.023456	0.053650	600	0.023555	2.355548	300	2.513277	N	low_pgd_snr	Y	melgar_2015	cm	3d	hypocentral	median	6.849049	0.649049	0.649049
us-ak014cbigci8-m6-2-20140925-22-km-wsw-of-skwentna-alaska	ak014cbigci8	2014-09-25T17:51:17.606000Z	United States	22 km WSW of Skwentna, Alaska	6.200000	108.900000	AC80	OK	50.019000	119.837850	0.059201	5.920144	159.394000	0.008735	0.023456	0.053650	600	0.023555	2.355548	300	2.513277	N	low_pgd_snr	Y	crowell_2016_gfast	cm	3d	hypocentral	median	7.069245	0.869245	0.869245
us-ak014cbigci8-m6-2-20140925-22-km-wsw-of-skwentna-alaska	ak014cbigci8	2014-09-25T17:51:17.606000Z	United States	22 km WSW of Skwentna, Alaska	6.200000	108.900000	AC80	OK	50.019000	119.837850	0.059201	5.920144	159.394000	0.008735	0.023456	0.053650	600	0.023555	2.355548	300	2.513277	N	low_pgd_snr	Y	ruhl_2019	m	3d	hypocentral	median	6.629885	0.429885	0.429885
us-ak014cbigci8-m6-2-20140925-22-km-wsw-of-skwentna-alaska	ak014cbigci8	2014-09-25T17:51:17.606000Z	United States	22 km WSW of Skwentna, Alaska	6.200000	108.900000	ATW2	OK	146.317000	182.394831	0.046614	4.661395	332.394000	-0.001343	-0.009822	-0.045548	600	0.018754	1.875439	300	2.485495	N	low_pgd_snr,late_pgd_peak	Y	melgar_2015	cm	3d	hypocentral	median	6.942385	0.742385	0.742385
us-ak014cbigci8-m6-2-20140925-22-km-wsw-of-skwentna-alaska	ak014cbigci8	2014-09-25T17:51:17.606000Z	United States	22 km WSW of Skwentna, Alaska	6.200000	108.900000	ATW2	OK	146.317000	182.394831	0.046614	4.661395	332.394000	-0.001343	-0.009822	-0.045548	600	0.018754	1.875439	300	2.485495	N	low_pgd_snr,late_pgd_peak	Y	crowell_2016_gfast	cm	3d	hypocentral	median	7.238660	1.038660	1.038660
us-ak014cbigci8-m6-2-20140925-22-km-wsw-of-skwentna-alaska	ak014cbigci8	2014-09-25T17:51:17.606000Z	United States	22 km WSW of Skwentna, Alaska	6.200000	108.900000	ATW2	OK	146.317000	182.394831	0.046614	4.661395	332.394000	-0.001343	-0.009822	-0.045548	600	0.018754	1.875439	300	2.485495	N	low_pgd_snr,late_pgd_peak	Y	ruhl_2019	m	3d	hypocentral	median	6.734925	0.534925	0.534925
us-ak0156uj8rk3-m6-8-20150529-117-km-sse-of-ugashik-alaska	ak0156uj8rk3	2015-05-29T07:00:09.634000Z	United States	117 km SSE of Ugashik, Alaska	6.800000	72.600000	AB13	OK	131.355000	150.082964	0.029898	2.989816	256.366000	-0.007777	-0.010586	-0.026858	600	0.011097	1.109729	300	2.694187	N	low_pgd_snr	Y	melgar_2015	cm	3d	hypocentral	median	6.575420	-0.224580	0.224580
us-ak0156uj8rk3-m6-8-20150529-117-km-sse-of-ugashik-alaska	ak0156uj8rk3	2015-05-29T07:00:09.634000Z	United States	117 km SSE of Ugashik, Alaska	6.800000	72.600000	AB13	OK	131.355000	150.082964	0.029898	2.989816	256.366000	-0.007777	-0.010586	-0.026858	600	0.011097	1.109729	300	2.694187	N	low_pgd_snr	Y	crowell_2016_gfast	cm	3d	hypocentral	median	6.925347	0.125347	0.125347
us-ak0156uj8rk3-m6-8-20150529-117-km-sse-of-ugashik-alaska	ak0156uj8rk3	2015-05-29T07:00:09.634000Z	United States	117 km SSE of Ugashik, Alaska	6.800000	72.600000	AB13	OK	131.355000	150.082964	0.029898	2.989816	256.366000	-0.007777	-0.010586	-0.026858	600	0.011097	1.109729	300	2.694187	N	low_pgd_snr	Y	ruhl_2019	m	3d	hypocentral	median	6.337528	-0.462472	0.462472
us-ak0156uj8rk3-m6-8-20150529-117-km-sse-of-ugashik-alaska	ak0156uj8rk3	2015-05-29T07:00:09.634000Z	United States	117 km SSE of Ugashik, Alaska	6.800000	72.600000	AC02	OK	142.537000	159.961109	0.035114	3.511410	256.366000	-0.005506	-0.009163	-0.033447	600	0.011210	1.120975	300	3.132459	Y		Y	melgar_2015	cm	3d	hypocentral	median	6.703249	-0.096751	0.096751
us-ak0156uj8rk3-m6-8-20150529-117-km-sse-of-ugashik-alaska	ak0156uj8rk3	2015-05-29T07:00:09.634000Z	United States	117 km SSE of Ugashik, Alaska	6.800000	72.600000	AC02	OK	142.537000	159.961109	0.035114	3.511410	256.366000	-0.005506	-0.009163	-0.033447	600	0.011210	1.120975	300	3.132459	Y		Y	crowell_2016_gfast	cm	3d	hypocentral	median	7.033155	0.233155	0.233155
us-ak0156uj8rk3-m6-8-20150529-117-km-sse-of-ugashik-alaska	ak0156uj8rk3	2015-05-29T07:00:09.634000Z	United States	117 km SSE of Ugashik, Alaska	6.800000	72.600000	AC02	OK	142.537000	159.961109	0.035114	3.511410	256.366000	-0.005506	-0.009163	-0.033447	600	0.011210	1.120975	300	3.132459	Y		Y	ruhl_2019	m	3d	hypocentral	median	6.475726	-0.324274	0.324274
us-ak0156uj8rk3-m6-8-20150529-117-km-sse-of-ugashik-alaska	ak0156uj8rk3	2015-05-29T07:00:09.634000Z	United States	117 km SSE of Ugashik, Alaska	6.800000	72.600000	AC13	OK	99.326000	123.030136	0.036860	3.686001	141.366000	-0.000899	-0.009933	-0.035485	600	0.013130	1.313026	300	2.807257	N	low_pgd_snr	Y	melgar_2015	cm	3d	hypocentral	median	6.592009	-0.207991	0.207991
us-ak0156uj8rk3-m6-8-20150529-117-km-sse-of-ugashik-alaska	ak0156uj8rk3	2015-05-29T07:00:09.634000Z	United States	117 km SSE of Ugashik, Alaska	6.800000	72.600000	AC13	OK	99.326000	123.030136	0.036860	3.686001	141.366000	-0.000899	-0.009933	-0.035485	600	0.013130	1.313026	300	2.807257	N	low_pgd_snr	Y	crowell_2016_gfast	cm	3d	hypocentral	median	6.890184	0.090184	0.090184
us-ak0156uj8rk3-m6-8-20150529-117-km-sse-of-ugashik-alaska	ak0156uj8rk3	2015-05-29T07:00:09.634000Z	United States	117 km SSE of Ugashik, Alaska	6.800000	72.600000	AC13	OK	99.326000	123.030136	0.036860	3.686001	141.366000	-0.000899	-0.009933	-0.035485	600	0.013130	1.313026	300	2.807257	N	low_pgd_snr	Y	ruhl_2019	m	3d	hypocentral	median	6.353943	-0.446057	0.446057
us-ak0156uj8rk3-m6-8-20150529-117-km-sse-of-ugashik-alaska	ak0156uj8rk3	2015-05-29T07:00:09.634000Z	United States	117 km SSE of Ugashik, Alaska	6.800000	72.600000	AC40	OK	138.517000	156.389639	0.051054	5.105389	202.366000	-0.004147	0.001006	0.050875	600	0.015304	1.530445	300	3.335885	Y		Y	melgar_2015	cm	3d	hypocentral	median	6.909478	0.109478	0.109478
us-ak0156uj8rk3-m6-8-20150529-117-km-sse-of-ugashik-alaska	ak0156uj8rk3	2015-05-29T07:00:09.634000Z	United States	117 km SSE of Ugashik, Alaska	6.800000	72.600000	AC40	OK	138.517000	156.389639	0.051054	5.105389	202.366000	-0.004147	0.001006	0.050875	600	0.015304	1.530445	300	3.335885	Y		Y	crowell_2016_gfast	cm	3d	hypocentral	median	7.176577	0.376577	0.376577
us-ak0156uj8rk3-m6-8-20150529-117-km-sse-of-ugashik-alaska	ak0156uj8rk3	2015-05-29T07:00:09.634000Z	United States	117 km SSE of Ugashik, Alaska	6.800000	72.600000	AC40	OK	138.517000	156.389639	0.051054	5.105389	202.366000	-0.004147	0.001006	0.050875	600	0.015304	1.530445	300	3.335885	Y		Y	ruhl_2019	m	3d	hypocentral	median	6.697687	-0.102313	0.102313
us-ak0156uj8rk3-m6-8-20150529-117-km-sse-of-ugashik-alaska	ak0156uj8rk3	2015-05-29T07:00:09.634000Z	United States	117 km SSE of Ugashik, Alaska	6.800000	72.600000	AC52	OK	128.411000	147.513203	0.042419	4.241898	139.366000	-0.012434	-0.008264	-0.039705	600	0.023931	2.393142	300	1.772522	N	low_pgd_snr	Y	melgar_2015	cm	3d	hypocentral	median	6.769495	-0.030505	0.030505
us-ak0156uj8rk3-m6-8-20150529-117-km-sse-of-ugashik-alaska	ak0156uj8rk3	2015-05-29T07:00:09.634000Z	United States	117 km SSE of Ugashik, Alaska	6.800000	72.600000	AC52	OK	128.411000	147.513203	0.042419	4.241898	139.366000	-0.012434	-0.008264	-0.039705	600	0.023931	2.393142	300	1.772522	N	low_pgd_snr	Y	crowell_2016_gfast	cm	3d	hypocentral	median	7.061271	0.261271	0.261271
us-ak0156uj8rk3-m6-8-20150529-117-km-sse-of-ugashik-alaska	ak0156uj8rk3	2015-05-29T07:00:09.634000Z	United States	117 km SSE of Ugashik, Alaska	6.800000	72.600000	AC52	OK	128.411000	147.513203	0.042419	4.241898	139.366000	-0.012434	-0.008264	-0.039705	600	0.023931	2.393142	300	1.772522	N	low_pgd_snr	Y	ruhl_2019	m	3d	hypocentral	median	6.546339	-0.253661	0.253661
us-ak0159nc9dk8-m6-4-20150729-52-km-ene-of-pedro-bay-alaska	ak0159nc9dk8	2015-07-29T02:35:59.449000Z	United States	52 km ENE of Pedro Bay, Alaska	6.400000	119.300000	AB22	OK	83.769000	145.772890	0.048271	4.827059	86.551000	0.006345	-0.007245	0.047300	600	0.019186	1.918584	300	2.515949	N	low_pgd_snr	Y	melgar_2015	cm	3d	hypocentral	median	6.838050	0.438050	0.438050
us-ak0159nc9dk8-m6-4-20150729-52-km-ene-of-pedro-bay-alaska	ak0159nc9dk8	2015-07-29T02:35:59.449000Z	United States	52 km ENE of Pedro Bay, Alaska	6.400000	119.300000	AB22	OK	83.769000	145.772890	0.048271	4.827059	86.551000	0.006345	-0.007245	0.047300	600	0.019186	1.918584	300	2.515949	N	low_pgd_snr	Y	crowell_2016_gfast	cm	3d	hypocentral	median	7.107882	0.707882	0.707882
us-ak0159nc9dk8-m6-4-20150729-52-km-ene-of-pedro-bay-alaska	ak0159nc9dk8	2015-07-29T02:35:59.449000Z	United States	52 km ENE of Pedro Bay, Alaska	6.400000	119.300000	AB22	OK	83.769000	145.772890	0.048271	4.827059	86.551000	0.006345	-0.007245	0.047300	600	0.019186	1.918584	300	2.515949	N	low_pgd_snr	Y	ruhl_2019	m	3d	hypocentral	median	6.620023	0.220023	0.220023
us-ak0159nc9dk8-m6-4-20150729-52-km-ene-of-pedro-bay-alaska	ak0159nc9dk8	2015-07-29T02:35:59.449000Z	United States	52 km ENE of Pedro Bay, Alaska	6.400000	119.300000	AC03	OK	75.658000	141.267912	0.073163	7.316304	87.551000	0.003900	0.005228	0.072872	600	0.036586	3.658580	300	1.999766	N	low_pgd_snr	Y	melgar_2015	cm	3d	hypocentral	median	7.061621	0.661621	0.661621
us-ak0159nc9dk8-m6-4-20150729-52-km-ene-of-pedro-bay-alaska	ak0159nc9dk8	2015-07-29T02:35:59.449000Z	United States	52 km ENE of Pedro Bay, Alaska	6.400000	119.300000	AC03	OK	75.658000	141.267912	0.073163	7.316304	87.551000	0.003900	0.005228	0.072872	600	0.036586	3.658580	300	1.999766	N	low_pgd_snr	Y	crowell_2016_gfast	cm	3d	hypocentral	median	7.261621	0.861621	0.861621
us-ak0159nc9dk8-m6-4-20150729-52-km-ene-of-pedro-bay-alaska	ak0159nc9dk8	2015-07-29T02:35:59.449000Z	United States	52 km ENE of Pedro Bay, Alaska	6.400000	119.300000	AC03	OK	75.658000	141.267912	0.073163	7.316304	87.551000	0.003900	0.005228	0.072872	600	0.036586	3.658580	300	1.999766	N	low_pgd_snr	Y	ruhl_2019	m	3d	hypocentral	median	6.860287	0.460287	0.460287
us-ak0159nc9dk8-m6-4-20150729-52-km-ene-of-pedro-bay-alaska	ak0159nc9dk8	2015-07-29T02:35:59.449000Z	United States	52 km ENE of Pedro Bay, Alaska	6.400000	119.300000	AC06	OK	129.650000	176.186301	0.052181	5.218065	384.551000	-0.002316	-0.001086	-0.052118	600	0.014344	1.434408	300	3.637783	N	late_pgd_peak	Y	melgar_2015	cm	3d	hypocentral	median	6.989307	0.589307	0.589307
us-ak0159nc9dk8-m6-4-20150729-52-km-ene-of-pedro-bay-alaska	ak0159nc9dk8	2015-07-29T02:35:59.449000Z	United States	52 km ENE of Pedro Bay, Alaska	6.400000	119.300000	AC06	OK	129.650000	176.186301	0.052181	5.218065	384.551000	-0.002316	-0.001086	-0.052118	600	0.014344	1.434408	300	3.637783	N	late_pgd_peak	Y	crowell_2016_gfast	cm	3d	hypocentral	median	7.263867	0.863867	0.863867
us-ak0159nc9dk8-m6-4-20150729-52-km-ene-of-pedro-bay-alaska	ak0159nc9dk8	2015-07-29T02:35:59.449000Z	United States	52 km ENE of Pedro Bay, Alaska	6.400000	119.300000	AC06	OK	129.650000	176.186301	0.052181	5.218065	384.551000	-0.002316	-0.001086	-0.052118	600	0.014344	1.434408	300	3.637783	N	late_pgd_peak	Y	ruhl_2019	m	3d	hypocentral	median	6.785129	0.385129	0.385129
us-ak0159nc9dk8-m6-4-20150729-52-km-ene-of-pedro-bay-alaska	ak0159nc9dk8	2015-07-29T02:35:59.449000Z	United States	52 km ENE of Pedro Bay, Alaska	6.400000	119.300000	AC08	OK	110.230000	162.428886	0.045897	4.589695	368.551000	0.005246	0.008474	0.044802	600	0.014090	1.409049	300	3.257300	N	late_pgd_peak	Y	melgar_2015	cm	3d	hypocentral	median	6.868295	0.468295	0.468295
us-ak0159nc9dk8-m6-4-20150729-52-km-ene-of-pedro-bay-alaska	ak0159nc9dk8	2015-07-29T02:35:59.449000Z	United States	52 km ENE of Pedro Bay, Alaska	6.400000	119.300000	AC08	OK	110.230000	162.428886	0.045897	4.589695	368.551000	0.005246	0.008474	0.044802	600	0.014090	1.409049	300	3.257300	N	late_pgd_peak	Y	crowell_2016_gfast	cm	3d	hypocentral	median	7.156154	0.756154	0.756154
us-ak0159nc9dk8-m6-4-20150729-52-km-ene-of-pedro-bay-alaska	ak0159nc9dk8	2015-07-29T02:35:59.449000Z	United States	52 km ENE of Pedro Bay, Alaska	6.400000	119.300000	AC08	OK	110.230000	162.428886	0.045897	4.589695	368.551000	0.005246	0.008474	0.044802	600	0.014090	1.409049	300	3.257300	N	late_pgd_peak	Y	ruhl_2019	m	3d	hypocentral	median	6.653727	0.253727	0.253727
us-ak0159nc9dk8-m6-4-20150729-52-km-ene-of-pedro-bay-alaska	ak0159nc9dk8	2015-07-29T02:35:59.449000Z	United States	52 km ENE of Pedro Bay, Alaska	6.400000	119.300000	AC17	OK	96.158000	153.228101	0.050477	5.047673	386.551000	-0.007415	0.003905	-0.049776	600	0.013070	1.307026	300	3.861953	N	late_pgd_peak	Y	melgar_2015	cm	3d	hypocentral	median	6.891509	0.491509	0.491509
us-ak0159nc9dk8-m6-4-20150729-52-km-ene-of-pedro-bay-alaska	ak0159nc9dk8	2015-07-29T02:35:59.449000Z	United States	52 km ENE of Pedro Bay, Alaska	6.400000	119.300000	AC17	OK	96.158000	153.228101	0.050477	5.047673	386.551000	-0.007415	0.003905	-0.049776	600	0.013070	1.307026	300	3.861953	N	late_pgd_peak	Y	crowell_2016_gfast	cm	3d	hypocentral	median	7.158599	0.758599	0.758599
us-ak0159nc9dk8-m6-4-20150729-52-km-ene-of-pedro-bay-alaska	ak0159nc9dk8	2015-07-29T02:35:59.449000Z	United States	52 km ENE of Pedro Bay, Alaska	6.400000	119.300000	AC17	OK	96.158000	153.228101	0.050477	5.047673	386.551000	-0.007415	0.003905	-0.049776	600	0.013070	1.307026	300	3.861953	N	late_pgd_peak	Y	ruhl_2019	m	3d	hypocentral	median	6.678107	0.278107	0.278107
us-ak0159nc9dk8-m6-4-20150729-52-km-ene-of-pedro-bay-alaska	ak0159nc9dk8	2015-07-29T02:35:59.449000Z	United States	52 km ENE of Pedro Bay, Alaska	6.400000	119.300000	AC18	OK	120.178000	169.337656	0.052906	5.290577	367.551000	0.005238	0.006653	0.052224	600	0.018396	1.839597	300	2.875943	N	low_pgd_snr,late_pgd_peak	Y	melgar_2015	cm	3d	hypocentral	median	6.974952	0.574952	0.574952
us-ak0159nc9dk8-m6-4-20150729-52-km-ene-of-pedro-bay-alaska	ak0159nc9dk8	2015-07-29T02:35:59.449000Z	United States	52 km ENE of Pedro Bay, Alaska	6.400000	119.300000	AC18	OK	120.178000	169.337656	0.052906	5.290577	367.551000	0.005238	0.006653	0.052224	600	0.018396	1.839597	300	2.875943	N	low_pgd_snr,late_pgd_peak	Y	crowell_2016_gfast	cm	3d	hypocentral	median	7.243562	0.843562	0.843562
us-ak0159nc9dk8-m6-4-20150729-52-km-ene-of-pedro-bay-alaska	ak0159nc9dk8	2015-07-29T02:35:59.449000Z	United States	52 km ENE of Pedro Bay, Alaska	6.400000	119.300000	AC18	OK	120.178000	169.337656	0.052906	5.290577	367.551000	0.005238	0.006653	0.052224	600	0.018396	1.839597	300	2.875943	N	low_pgd_snr,late_pgd_peak	Y	ruhl_2019	m	3d	hypocentral	median	6.769167	0.369167	0.369167
us-ak0159nc9dk8-m6-4-20150729-52-km-ene-of-pedro-bay-alaska	ak0159nc9dk8	2015-07-29T02:35:59.449000Z	United States	52 km ENE of Pedro Bay, Alaska	6.400000	119.300000	AC23	OK	143.548000	186.650792	0.059206	5.920617	368.551000	0.005556	0.004767	0.058752	600	0.031807	3.180695	300	1.861422	N	low_pgd_snr,late_pgd_peak	Y	melgar_2015	cm	3d	hypocentral	median	7.097031	0.697031	0.697031
us-ak0159nc9dk8-m6-4-20150729-52-km-ene-of-pedro-bay-alaska	ak0159nc9dk8	2015-07-29T02:35:59.449000Z	United States	52 km ENE of Pedro Bay, Alaska	6.400000	119.300000	AC23	OK	143.548000	186.650792	0.059206	5.920617	368.551000	0.005556	0.004767	0.058752	600	0.031807	3.180695	300	1.861422	N	low_pgd_snr,late_pgd_peak	Y	crowell_2016_gfast	cm	3d	hypocentral	median	7.356380	0.956380	0.956380
us-ak0159nc9dk8-m6-4-20150729-52-km-ene-of-pedro-bay-alaska	ak0159nc9dk8	2015-07-29T02:35:59.449000Z	United States	52 km ENE of Pedro Bay, Alaska	6.400000	119.300000	AC23	OK	143.548000	186.650792	0.059206	5.920617	368.551000	0.005556	0.004767	0.058752	600	0.031807	3.180695	300	1.861422	N	low_pgd_snr,late_pgd_peak	Y	ruhl_2019	m	3d	hypocentral	median	6.902107	0.502107	0.502107
us-ak0159nc9dk8-m6-4-20150729-52-km-ene-of-pedro-bay-alaska	ak0159nc9dk8	2015-07-29T02:35:59.449000Z	United States	52 km ENE of Pedro Bay, Alaska	6.400000	119.300000	AC27	OK	89.685000	149.251095	0.087544	8.754439	367.551000	-0.001752	0.011630	0.086751	600	0.026282	2.628227	300	3.330929	N	late_pgd_peak	Y	melgar_2015	cm	3d	hypocentral	median	7.197099	0.797099	0.797099
us-ak0159nc9dk8-m6-4-20150729-52-km-ene-of-pedro-bay-alaska	ak0159nc9dk8	2015-07-29T02:35:59.449000Z	United States	52 km ENE of Pedro Bay, Alaska	6.400000	119.300000	AC27	OK	89.685000	149.251095	0.087544	8.754439	367.551000	-0.001752	0.011630	0.086751	600	0.026282	2.628227	300	3.330929	N	late_pgd_peak	Y	crowell_2016_gfast	cm	3d	hypocentral	median	7.372790	0.972790	0.972790
us-ak0159nc9dk8-m6-4-20150729-52-km-ene-of-pedro-bay-alaska	ak0159nc9dk8	2015-07-29T02:35:59.449000Z	United States	52 km ENE of Pedro Bay, Alaska	6.400000	119.300000	AC27	OK	89.685000	149.251095	0.087544	8.754439	367.551000	-0.001752	0.011630	0.086751	600	0.026282	2.628227	300	3.330929	N	late_pgd_peak	Y	ruhl_2019	m	3d	hypocentral	median	7.006853	0.606853	0.606853
us-ak0159nc9dk8-m6-4-20150729-52-km-ene-of-pedro-bay-alaska	ak0159nc9dk8	2015-07-29T02:35:59.449000Z	United States	52 km ENE of Pedro Bay, Alaska	6.400000	119.300000	AC36	OK	184.668000	219.851678	0.063186	6.318576	85.551000	0.003003	0.007089	0.062715	600	0.022708	2.270796	300	2.782538	N	low_pgd_snr	Y	melgar_2015	cm	3d	hypocentral	median	7.232274	0.832274	0.832274
us-ak0159nc9dk8-m6-4-20150729-52-km-ene-of-pedro-bay-alaska	ak0159nc9dk8	2015-07-29T02:35:59.449000Z	United States	52 km ENE of Pedro Bay, Alaska	6.400000	119.300000	AC36	OK	184.668000	219.851678	0.063186	6.318576	85.551000	0.003003	0.007089	0.062715	600	0.022708	2.270796	300	2.782538	N	low_pgd_snr	Y	crowell_2016_gfast	cm	3d	hypocentral	median	7.496734	1.096734	1.096734
us-ak0159nc9dk8-m6-4-20150729-52-km-ene-of-pedro-bay-alaska	ak0159nc9dk8	2015-07-29T02:35:59.449000Z	United States	52 km ENE of Pedro Bay, Alaska	6.400000	119.300000	AC36	OK	184.668000	219.851678	0.063186	6.318576	85.551000	0.003003	0.007089	0.062715	600	0.022708	2.270796	300	2.782538	N	low_pgd_snr	Y	ruhl_2019	m	3d	hypocentral	median	7.050615	0.650615	0.650615
us-ak0159nc9dk8-m6-4-20150729-52-km-ene-of-pedro-bay-alaska	ak0159nc9dk8	2015-07-29T02:35:59.449000Z	United States	52 km ENE of Pedro Bay, Alaska	6.400000	119.300000	AC37	OK	71.126000	138.893477	0.076363	7.636295	368.551000	-0.000505	0.004435	0.076232	600	0.024348	2.434792	300	3.136323	N	late_pgd_peak	Y	melgar_2015	cm	3d	hypocentral	median	7.076817	0.676817	0.676817
us-ak0159nc9dk8-m6-4-20150729-52-km-ene-of-pedro-bay-alaska	ak0159nc9dk8	2015-07-29T02:35:59.449000Z	United States	52 km ENE of Pedro Bay, Alaska	6.400000	119.300000	AC37	OK	71.126000	138.893477	0.076363	7.636295	368.551000	-0.000505	0.004435	0.076232	600	0.024348	2.434792	300	3.136323	N	late_pgd_peak	Y	crowell_2016_gfast	cm	3d	hypocentral	median	7.268487	0.868487	0.868487
us-ak0159nc9dk8-m6-4-20150729-52-km-ene-of-pedro-bay-alaska	ak0159nc9dk8	2015-07-29T02:35:59.449000Z	United States	52 km ENE of Pedro Bay, Alaska	6.400000	119.300000	AC37	OK	71.126000	138.893477	0.076363	7.636295	368.551000	-0.000505	0.004435	0.076232	600	0.024348	2.434792	300	3.136323	N	late_pgd_peak	Y	ruhl_2019	m	3d	hypocentral	median	6.876423	0.476423	0.476423
us-ak0159nc9dk8-m6-4-20150729-52-km-ene-of-pedro-bay-alaska	ak0159nc9dk8	2015-07-29T02:35:59.449000Z	United States	52 km ENE of Pedro Bay, Alaska	6.400000	119.300000	AC39	OK	149.855000	191.543757	0.054111	5.411118	366.551000	0.001091	0.013157	0.052476	600	0.019979	1.997946	300	2.708340	N	low_pgd_snr,late_pgd_peak	Y	melgar_2015	cm	3d	hypocentral	median	7.058682	0.658682	0.658682
us-ak0159nc9dk8-m6-4-20150729-52-km-ene-of-pedro-bay-alaska	ak0159nc9dk8	2015-07-29T02:35:59.449000Z	United States	52 km ENE of Pedro Bay, Alaska	6.400000	119.300000	AC39	OK	149.855000	191.543757	0.054111	5.411118	366.551000	0.001091	0.013157	0.052476	600	0.019979	1.997946	300	2.708340	N	low_pgd_snr,late_pgd_peak	Y	crowell_2016_gfast	cm	3d	hypocentral	median	7.335238	0.935238	0.935238
us-ak0159nc9dk8-m6-4-20150729-52-km-ene-of-pedro-bay-alaska	ak0159nc9dk8	2015-07-29T02:35:59.449000Z	United States	52 km ENE of Pedro Bay, Alaska	6.400000	119.300000	AC39	OK	149.855000	191.543757	0.054111	5.411118	366.551000	0.001091	0.013157	0.052476	600	0.019979	1.997946	300	2.708340	N	low_pgd_snr,late_pgd_peak	Y	ruhl_2019	m	3d	hypocentral	median	6.861060	0.461060	0.461060
us-ak0159nc9dk8-m6-4-20150729-52-km-ene-of-pedro-bay-alaska	ak0159nc9dk8	2015-07-29T02:35:59.449000Z	United States	52 km ENE of Pedro Bay, Alaska	6.400000	119.300000	AC47	OK	38.081000	125.230398	0.065392	6.539151	369.551000	0.000499	0.012192	0.064243	600	0.016799	1.679870	300	3.892654	N	late_pgd_peak	Y	melgar_2015	cm	3d	hypocentral	median	6.929914	0.529914	0.529914
us-ak0159nc9dk8-m6-4-20150729-52-km-ene-of-pedro-bay-alaska	ak0159nc9dk8	2015-07-29T02:35:59.449000Z	United States	52 km ENE of Pedro Bay, Alaska	6.400000	119.300000	AC47	OK	38.081000	125.230398	0.065392	6.539151	369.551000	0.000499	0.012192	0.064243	600	0.016799	1.679870	300	3.892654	N	late_pgd_peak	Y	crowell_2016_gfast	cm	3d	hypocentral	median	7.137848	0.737848	0.737848
us-ak0159nc9dk8-m6-4-20150729-52-km-ene-of-pedro-bay-alaska	ak0159nc9dk8	2015-07-29T02:35:59.449000Z	United States	52 km ENE of Pedro Bay, Alaska	6.400000	119.300000	AC47	OK	38.081000	125.230398	0.065392	6.539151	369.551000	0.000499	0.012192	0.064243	600	0.016799	1.679870	300	3.892654	N	late_pgd_peak	Y	ruhl_2019	m	3d	hypocentral	median	6.717233	0.317233	0.317233
us-ak0159nc9dk8-m6-4-20150729-52-km-ene-of-pedro-bay-alaska	ak0159nc9dk8	2015-07-29T02:35:59.449000Z	United States	52 km ENE of Pedro Bay, Alaska	6.400000	119.300000	AC51	OK	193.175000	227.044204	0.067169	6.716919	369.551000	0.000283	0.007854	0.066708	600	0.022225	2.222468	300	3.022280	N	late_pgd_peak	Y	melgar_2015	cm	3d	hypocentral	median	7.288385	0.888385	0.888385
us-ak0159nc9dk8-m6-4-20150729-52-km-ene-of-pedro-bay-alaska	ak0159nc9dk8	2015-07-29T02:35:59.449000Z	United States	52 km ENE of Pedro Bay, Alaska	6.400000	119.300000	AC51	OK	193.175000	227.044204	0.067169	6.716919	369.551000	0.000283	0.007854	0.066708	600	0.022225	2.222468	300	3.022280	N	late_pgd_peak	Y	crowell_2016_gfast	cm	3d	hypocentral	median	7.545921	1.145921	1.145921
us-ak0159nc9dk8-m6-4-20150729-52-km-ene-of-pedro-bay-alaska	ak0159nc9dk8	2015-07-29T02:35:59.449000Z	United States	52 km ENE of Pedro Bay, Alaska	6.400000	119.300000	AC51	OK	193.175000	227.044204	0.067169	6.716919	369.551000	0.000283	0.007854	0.066708	600	0.022225	2.222468	300	3.022280	N	late_pgd_peak	Y	ruhl_2019	m	3d	hypocentral	median	7.111816	0.711816	0.711816
us-ak0159nc9dk8-m6-4-20150729-52-km-ene-of-pedro-bay-alaska	ak0159nc9dk8	2015-07-29T02:35:59.449000Z	United States	52 km ENE of Pedro Bay, Alaska	6.400000	119.300000	AC59	OK	42.330000	126.587199	0.048834	4.883380	367.551000	0.000855	0.006345	0.048412	600	0.018845	1.884476	300	2.591373	N	low_pgd_snr,late_pgd_peak	Y	melgar_2015	cm	3d	hypocentral	median	6.768295	0.368295	0.368295
us-ak0159nc9dk8-m6-4-20150729-52-km-ene-of-pedro-bay-alaska	ak0159nc9dk8	2015-07-29T02:35:59.449000Z	United States	52 km ENE of Pedro Bay, Alaska	6.400000	119.300000	AC59	OK	42.330000	126.587199	0.048834	4.883380	367.551000	0.000855	0.006345	0.048412	600	0.018845	1.884476	300	2.591373	N	low_pgd_snr,late_pgd_peak	Y	crowell_2016_gfast	cm	3d	hypocentral	median	7.023903	0.623903	0.623903
us-ak0159nc9dk8-m6-4-20150729-52-km-ene-of-pedro-bay-alaska	ak0159nc9dk8	2015-07-29T02:35:59.449000Z	United States	52 km ENE of Pedro Bay, Alaska	6.400000	119.300000	AC59	OK	42.330000	126.587199	0.048834	4.883380	367.551000	0.000855	0.006345	0.048412	600	0.018845	1.884476	300	2.591373	N	low_pgd_snr,late_pgd_peak	Y	ruhl_2019	m	3d	hypocentral	median	6.543631	0.143631	0.143631
us-ak0159nc9dk8-m6-4-20150729-52-km-ene-of-pedro-bay-alaska	ak0159nc9dk8	2015-07-29T02:35:59.449000Z	United States	52 km ENE of Pedro Bay, Alaska	6.400000	119.300000	AV01	OK	61.321000	134.137076	0.073052	7.305245	369.551000	-0.002582	0.011207	0.072142	600	0.022891	2.289126	300	3.191281	N	late_pgd_peak	Y	melgar_2015	cm	3d	hypocentral	median	7.031652	0.631652	0.631652
us-ak0159nc9dk8-m6-4-20150729-52-km-ene-of-pedro-bay-alaska	ak0159nc9dk8	2015-07-29T02:35:59.449000Z	United States	52 km ENE of Pedro Bay, Alaska	6.400000	119.300000	AV01	OK	61.321000	134.137076	0.073052	7.305245	369.551000	-0.002582	0.011207	0.072142	600	0.022891	2.289126	300	3.191281	N	late_pgd_peak	Y	crowell_2016_gfast	cm	3d	hypocentral	median	7.227531	0.827531	0.827531
us-ak0159nc9dk8-m6-4-20150729-52-km-ene-of-pedro-bay-alaska	ak0159nc9dk8	2015-07-29T02:35:59.449000Z	United States	52 km ENE of Pedro Bay, Alaska	6.400000	119.300000	AV01	OK	61.321000	134.137076	0.073052	7.305245	369.551000	-0.002582	0.011207	0.072142	600	0.022891	2.289126	300	3.191281	N	late_pgd_peak	Y	ruhl_2019	m	3d	hypocentral	median	6.827406	0.427406	0.427406
us-ak0159nc9dk8-m6-4-20150729-52-km-ene-of-pedro-bay-alaska	ak0159nc9dk8	2015-07-29T02:35:59.449000Z	United States	52 km ENE of Pedro Bay, Alaska	6.400000	119.300000	AV02	OK	63.678000	135.230831	0.095528	9.552827	367.551000	0.010907	0.002621	0.094867	600	0.038616	3.861574	300	2.473817	N	low_pgd_snr,late_pgd_peak	Y	melgar_2015	cm	3d	hypocentral	median	7.190927	0.790927	0.790927
us-ak0159nc9dk8-m6-4-20150729-52-km-ene-of-pedro-bay-alaska	ak0159nc9dk8	2015-07-29T02:35:59.449000Z	United States	52 km ENE of Pedro Bay, Alaska	6.400000	119.300000	AV02	OK	63.678000	135.230831	0.095528	9.552827	367.551000	0.010907	0.002621	0.094867	600	0.038616	3.861574	300	2.473817	N	low_pgd_snr,late_pgd_peak	Y	crowell_2016_gfast	cm	3d	hypocentral	median	7.344349	0.944349	0.944349
us-ak0159nc9dk8-m6-4-20150729-52-km-ene-of-pedro-bay-alaska	ak0159nc9dk8	2015-07-29T02:35:59.449000Z	United States	52 km ENE of Pedro Bay, Alaska	6.400000	119.300000	AV02	OK	63.678000	135.230831	0.095528	9.552827	367.551000	0.010907	0.002621	0.094867	600	0.038616	3.861574	300	2.473817	N	low_pgd_snr,late_pgd_peak	Y	ruhl_2019	m	3d	hypocentral	median	6.998820	0.598820	0.598820
us-ak0159nc9dk8-m6-4-20150729-52-km-ene-of-pedro-bay-alaska	ak0159nc9dk8	2015-07-29T02:35:59.449000Z	United States	52 km ENE of Pedro Bay, Alaska	6.400000	119.300000	AV04	OK	60.664000	133.838002	0.083448	8.344849	367.551000	-0.002900	0.004864	0.083256	600	0.035718	3.571806	300	2.336311	N	low_pgd_snr,late_pgd_peak	Y	melgar_2015	cm	3d	hypocentral	median	7.107088	0.707088	0.707088
us-ak0159nc9dk8-m6-4-20150729-52-km-ene-of-pedro-bay-alaska	ak0159nc9dk8	2015-07-29T02:35:59.449000Z	United States	52 km ENE of Pedro Bay, Alaska	6.400000	119.300000	AV04	OK	60.664000	133.838002	0.083448	8.344849	367.551000	-0.002900	0.004864	0.083256	600	0.035718	3.571806	300	2.336311	N	low_pgd_snr,late_pgd_peak	Y	crowell_2016_gfast	cm	3d	hypocentral	median	7.281396	0.881396	0.881396
us-ak0159nc9dk8-m6-4-20150729-52-km-ene-of-pedro-bay-alaska	ak0159nc9dk8	2015-07-29T02:35:59.449000Z	United States	52 km ENE of Pedro Bay, Alaska	6.400000	119.300000	AV04	OK	60.664000	133.838002	0.083448	8.344849	367.551000	-0.002900	0.004864	0.083256	600	0.035718	3.571806	300	2.336311	N	low_pgd_snr,late_pgd_peak	Y	ruhl_2019	m	3d	hypocentral	median	6.908508	0.508508	0.508508
us-ak0159nc9dk8-m6-4-20150729-52-km-ene-of-pedro-bay-alaska	ak0159nc9dk8	2015-07-29T02:35:59.449000Z	United States	52 km ENE of Pedro Bay, Alaska	6.400000	119.300000	AV11	OK	58.823000	133.013666	0.068287	6.828711	368.551000	0.005238	0.007576	0.067663	600	0.032227	3.222694	300	2.118945	N	low_pgd_snr,late_pgd_peak	Y	melgar_2015	cm	3d	hypocentral	median	6.988092	0.588092	0.588092
us-ak0159nc9dk8-m6-4-20150729-52-km-ene-of-pedro-bay-alaska	ak0159nc9dk8	2015-07-29T02:35:59.449000Z	United States	52 km ENE of Pedro Bay, Alaska	6.400000	119.300000	AV11	OK	58.823000	133.013666	0.068287	6.828711	368.551000	0.005238	0.007576	0.067663	600	0.032227	3.222694	300	2.118945	N	low_pgd_snr,late_pgd_peak	Y	crowell_2016_gfast	cm	3d	hypocentral	median	7.194106	0.794106	0.794106
us-ak0159nc9dk8-m6-4-20150729-52-km-ene-of-pedro-bay-alaska	ak0159nc9dk8	2015-07-29T02:35:59.449000Z	United States	52 km ENE of Pedro Bay, Alaska	6.400000	119.300000	AV11	OK	58.823000	133.013666	0.068287	6.828711	368.551000	0.005238	0.007576	0.067663	600	0.032227	3.222694	300	2.118945	N	low_pgd_snr,late_pgd_peak	Y	ruhl_2019	m	3d	hypocentral	median	6.780458	0.380458	0.380458
us-ak0159nc9dk8-m6-4-20150729-52-km-ene-of-pedro-bay-alaska	ak0159nc9dk8	2015-07-29T02:35:59.449000Z	United States	52 km ENE of Pedro Bay, Alaska	6.400000	119.300000	AV16	OK	59.568000	133.344804	0.043913	4.391321	388.551000	-0.004111	0.001446	-0.043696	600	0.014677	1.467716	300	2.991943	N	low_pgd_snr,late_pgd_peak	Y	melgar_2015	cm	3d	hypocentral	median	6.735089	0.335089	0.335089
us-ak0159nc9dk8-m6-4-20150729-52-km-ene-of-pedro-bay-alaska	ak0159nc9dk8	2015-07-29T02:35:59.449000Z	United States	52 km ENE of Pedro Bay, Alaska	6.400000	119.300000	AV16	OK	59.568000	133.344804	0.043913	4.391321	388.551000	-0.004111	0.001446	-0.043696	600	0.014677	1.467716	300	2.991943	N	low_pgd_snr,late_pgd_peak	Y	crowell_2016_gfast	cm	3d	hypocentral	median	7.012255	0.612255	0.612255
us-ak0159nc9dk8-m6-4-20150729-52-km-ene-of-pedro-bay-alaska	ak0159nc9dk8	2015-07-29T02:35:59.449000Z	United States	52 km ENE of Pedro Bay, Alaska	6.400000	119.300000	AV16	OK	59.568000	133.344804	0.043913	4.391321	388.551000	-0.004111	0.001446	-0.043696	600	0.014677	1.467716	300	2.991943	N	low_pgd_snr,late_pgd_peak	Y	ruhl_2019	m	3d	hypocentral	median	6.508397	0.108397	0.108397
us-ak0159nc9dk8-m6-4-20150729-52-km-ene-of-pedro-bay-alaska	ak0159nc9dk8	2015-07-29T02:35:59.449000Z	United States	52 km ENE of Pedro Bay, Alaska	6.400000	119.300000	AV17	OK	56.298000	131.916469	0.050901	5.090098	366.551000	0.000316	0.017903	0.047648	600	0.014002	1.400226	300	3.635199	N	late_pgd_peak	Y	melgar_2015	cm	3d	hypocentral	median	6.814336	0.414336	0.414336
us-ak0159nc9dk8-m6-4-20150729-52-km-ene-of-pedro-bay-alaska	ak0159nc9dk8	2015-07-29T02:35:59.449000Z	United States	52 km ENE of Pedro Bay, Alaska	6.400000	119.300000	AV17	OK	56.298000	131.916469	0.050901	5.090098	366.551000	0.000316	0.017903	0.047648	600	0.014002	1.400226	300	3.635199	N	late_pgd_peak	Y	crowell_2016_gfast	cm	3d	hypocentral	median	7.066842	0.666842	0.666842
us-ak0159nc9dk8-m6-4-20150729-52-km-ene-of-pedro-bay-alaska	ak0159nc9dk8	2015-07-29T02:35:59.449000Z	United States	52 km ENE of Pedro Bay, Alaska	6.400000	119.300000	AV17	OK	56.298000	131.916469	0.050901	5.090098	366.551000	0.000316	0.017903	0.047648	600	0.014002	1.400226	300	3.635199	N	late_pgd_peak	Y	ruhl_2019	m	3d	hypocentral	median	6.593518	0.193518	0.193518
us-ak0159nc9dk8-m6-4-20150729-52-km-ene-of-pedro-bay-alaska	ak0159nc9dk8	2015-07-29T02:35:59.449000Z	United States	52 km ENE of Pedro Bay, Alaska	6.400000	119.300000	AV18	OK	58.635000	132.930633	0.060222	6.022242	86.551000	0.004025	0.015128	0.058152	600	0.021358	2.135775	300	2.819699	N	low_pgd_snr	Y	melgar_2015	cm	3d	hypocentral	median	6.915351	0.515351	0.515351
us-ak0159nc9dk8-m6-4-20150729-52-km-ene-of-pedro-bay-alaska	ak0159nc9dk8	2015-07-29T02:35:59.449000Z	United States	52 km ENE of Pedro Bay, Alaska	6.400000	119.300000	AV18	OK	58.635000	132.930633	0.060222	6.022242	86.551000	0.004025	0.015128	0.058152	600	0.021358	2.135775	300	2.819699	N	low_pgd_snr	Y	crowell_2016_gfast	cm	3d	hypocentral	median	7.141504	0.741504	0.741504
us-ak0159nc9dk8-m6-4-20150729-52-km-ene-of-pedro-bay-alaska	ak0159nc9dk8	2015-07-29T02:35:59.449000Z	United States	52 km ENE of Pedro Bay, Alaska	6.400000	119.300000	AV18	OK	58.635000	132.930633	0.060222	6.022242	86.551000	0.004025	0.015128	0.058152	600	0.021358	2.135775	300	2.819699	N	low_pgd_snr	Y	ruhl_2019	m	3d	hypocentral	median	6.702225	0.302225	0.302225
us-ak0159nc9dk8-m6-4-20150729-52-km-ene-of-pedro-bay-alaska	ak0159nc9dk8	2015-07-29T02:35:59.449000Z	United States	52 km ENE of Pedro Bay, Alaska	6.400000	119.300000	AV19	OK	61.132000	134.050779	0.103524	10.352434	367.551000	0.011605	-0.010848	0.102298	600	0.023609	2.360894	300	4.384964	N	late_pgd_peak	Y	melgar_2015	cm	3d	hypocentral	median	7.232249	0.832249	0.832249
us-ak0159nc9dk8-m6-4-20150729-52-km-ene-of-pedro-bay-alaska	ak0159nc9dk8	2015-07-29T02:35:59.449000Z	United States	52 km ENE of Pedro Bay, Alaska	6.400000	119.300000	AV19	OK	61.132000	134.050779	0.103524	10.352434	367.551000	0.011605	-0.010848	0.102298	600	0.023609	2.360894	300	4.384964	N	late_pgd_peak	Y	crowell_2016_gfast	cm	3d	hypocentral	median	7.372038	0.972038	0.972038
us-ak0159nc9dk8-m6-4-20150729-52-km-ene-of-pedro-bay-alaska	ak0159nc9dk8	2015-07-29T02:35:59.449000Z	United States	52 km ENE of Pedro Bay, Alaska	6.400000	119.300000	AV19	OK	61.132000	134.050779	0.103524	10.352434	367.551000	0.011605	-0.010848	0.102298	600	0.023609	2.360894	300	4.384964	N	late_pgd_peak	Y	ruhl_2019	m	3d	hypocentral	median	7.043139	0.643139	0.643139
us-ak0159nc9dk8-m6-4-20150729-52-km-ene-of-pedro-bay-alaska	ak0159nc9dk8	2015-07-29T02:35:59.449000Z	United States	52 km ENE of Pedro Bay, Alaska	6.400000	119.300000	AV20	OK	62.109000	134.499137	0.121639	12.163869	367.551000	0.012023	0.001285	0.121036	600	0.024858	2.485774	300	4.893392	N	late_pgd_peak	Y	melgar_2015	cm	3d	hypocentral	median	7.327141	0.927141	0.927141
us-ak0159nc9dk8-m6-4-20150729-52-km-ene-of-pedro-bay-alaska	ak0159nc9dk8	2015-07-29T02:35:59.449000Z	United States	52 km ENE of Pedro Bay, Alaska	6.400000	119.300000	AV20	OK	62.109000	134.499137	0.121639	12.163869	367.551000	0.012023	0.001285	0.121036	600	0.024858	2.485774	300	4.893392	N	late_pgd_peak	Y	crowell_2016_gfast	cm	3d	hypocentral	median	7.441277	1.041277	1.041277
us-ak0159nc9dk8-m6-4-20150729-52-km-ene-of-pedro-bay-alaska	ak0159nc9dk8	2015-07-29T02:35:59.449000Z	United States	52 km ENE of Pedro Bay, Alaska	6.400000	119.300000	AV20	OK	62.109000	134.499137	0.121639	12.163869	367.551000	0.012023	0.001285	0.121036	600	0.024858	2.485774	300	4.893392	N	late_pgd_peak	Y	ruhl_2019	m	3d	hypocentral	median	7.145248	0.745248	0.745248
us-ak0159nc9dk8-m6-4-20150729-52-km-ene-of-pedro-bay-alaska	ak0159nc9dk8	2015-07-29T02:35:59.449000Z	United States	52 km ENE of Pedro Bay, Alaska	6.400000	119.300000	SELD	OK	97.335000	153.969452	0.074720	7.471954	368.551000	0.018928	-0.000073	0.072282	600	0.031135	3.113548	300	2.399820	N	low_pgd_snr,late_pgd_peak	Y	melgar_2015	cm	3d	hypocentral	median	7.122791	0.722791	0.722791
us-ak0159nc9dk8-m6-4-20150729-52-km-ene-of-pedro-bay-alaska	ak0159nc9dk8	2015-07-29T02:35:59.449000Z	United States	52 km ENE of Pedro Bay, Alaska	6.400000	119.300000	SELD	OK	97.335000	153.969452	0.074720	7.471954	368.551000	0.018928	-0.000073	0.072282	600	0.031135	3.113548	300	2.399820	N	low_pgd_snr,late_pgd_peak	Y	crowell_2016_gfast	cm	3d	hypocentral	median	7.326790	0.926790	0.926790
us-ak0159nc9dk8-m6-4-20150729-52-km-ene-of-pedro-bay-alaska	ak0159nc9dk8	2015-07-29T02:35:59.449000Z	United States	52 km ENE of Pedro Bay, Alaska	6.400000	119.300000	SELD	OK	97.335000	153.969452	0.074720	7.471954	368.551000	0.018928	-0.000073	0.072282	600	0.031135	3.113548	300	2.399820	N	low_pgd_snr,late_pgd_peak	Y	ruhl_2019	m	3d	hypocentral	median	6.927265	0.527265	0.527265
us-ak01613v15nv-m7-1-20160124-47-km-ese-of-pedro-bay-alaska	ak01613v15nv	2016-01-24T10:30:29.557000Z	United States	47 km ESE of Pedro Bay, Alaska	7.100000	125.600000	AB22	OK	82.179000	150.095796	0.050325	5.032485	380.443000	0.004016	-0.002867	-0.050082	600	0.035822	3.582245	300	1.404841	N	low_pgd_snr,late_pgd_peak	Y	melgar_2015	cm	3d	hypocentral	median	6.878331	-0.221669	0.221669
us-ak01613v15nv-m7-1-20160124-47-km-ese-of-pedro-bay-alaska	ak01613v15nv	2016-01-24T10:30:29.557000Z	United States	47 km ESE of Pedro Bay, Alaska	7.100000	125.600000	AB22	OK	82.179000	150.095796	0.050325	5.032485	380.443000	0.004016	-0.002867	-0.050082	600	0.035822	3.582245	300	1.404841	N	low_pgd_snr,late_pgd_peak	Y	crowell_2016_gfast	cm	3d	hypocentral	median	7.144048	0.044048	0.044048
us-ak01613v15nv-m7-1-20160124-47-km-ese-of-pedro-bay-alaska	ak01613v15nv	2016-01-24T10:30:29.557000Z	United States	47 km ESE of Pedro Bay, Alaska	7.100000	125.600000	AB22	OK	82.179000	150.095796	0.050325	5.032485	380.443000	0.004016	-0.002867	-0.050082	600	0.035822	3.582245	300	1.404841	N	low_pgd_snr,late_pgd_peak	Y	ruhl_2019	m	3d	hypocentral	median	6.663694	-0.436306	0.436306
us-ak01613v15nv-m7-1-20160124-47-km-ese-of-pedro-bay-alaska	ak01613v15nv	2016-01-24T10:30:29.557000Z	United States	47 km ESE of Pedro Bay, Alaska	7.100000	125.600000	AC03	OK	84.410000	151.328808	0.055720	5.571974	39.443000	0.032944	-0.044520	-0.006114	600	0.034670	3.467033	300	1.607130	N	low_pgd_snr	Y	melgar_2015	cm	3d	hypocentral	median	6.942122	-0.157878	0.157878
us-ak01613v15nv-m7-1-20160124-47-km-ese-of-pedro-bay-alaska	ak01613v15nv	2016-01-24T10:30:29.557000Z	United States	47 km ESE of Pedro Bay, Alaska	7.100000	125.600000	AC03	OK	84.410000	151.328808	0.055720	5.571974	39.443000	0.032944	-0.044520	-0.006114	600	0.034670	3.467033	300	1.607130	N	low_pgd_snr	Y	crowell_2016_gfast	cm	3d	hypocentral	median	7.192097	0.092097	0.092097
us-ak01613v15nv-m7-1-20160124-47-km-ese-of-pedro-bay-alaska	ak01613v15nv	2016-01-24T10:30:29.557000Z	United States	47 km ESE of Pedro Bay, Alaska	7.100000	125.600000	AC03	OK	84.410000	151.328808	0.055720	5.571974	39.443000	0.032944	-0.044520	-0.006114	600	0.034670	3.467033	300	1.607130	N	low_pgd_snr	Y	ruhl_2019	m	3d	hypocentral	median	6.732476	-0.367524	0.367524
us-ak01613v15nv-m7-1-20160124-47-km-ese-of-pedro-bay-alaska	ak01613v15nv	2016-01-24T10:30:29.557000Z	United States	47 km ESE of Pedro Bay, Alaska	7.100000	125.600000	AC06	OK	138.313000	186.831063	0.097986	9.798551	176.443000	-0.014414	-0.030592	-0.091965	600	0.052615	5.261468	300	1.862323	N	low_pgd_snr	Y	melgar_2015	cm	3d	hypocentral	median	7.395863	0.295863	0.295863
us-ak01613v15nv-m7-1-20160124-47-km-ese-of-pedro-bay-alaska	ak01613v15nv	2016-01-24T10:30:29.557000Z	United States	47 km ESE of Pedro Bay, Alaska	7.100000	125.600000	AC06	OK	138.313000	186.831063	0.097986	9.798551	176.443000	-0.014414	-0.030592	-0.091965	600	0.052615	5.261468	300	1.862323	N	low_pgd_snr	Y	crowell_2016_gfast	cm	3d	hypocentral	median	7.572825	0.472825	0.472825
us-ak01613v15nv-m7-1-20160124-47-km-ese-of-pedro-bay-alaska	ak01613v15nv	2016-01-24T10:30:29.557000Z	United States	47 km ESE of Pedro Bay, Alaska	7.100000	125.600000	AC06	OK	138.313000	186.831063	0.097986	9.798551	176.443000	-0.014414	-0.030592	-0.091965	600	0.052615	5.261468	300	1.862323	N	low_pgd_snr	Y	ruhl_2019	m	3d	hypocentral	median	7.224652	0.124652	0.124652
us-ak01613v15nv-m7-1-20160124-47-km-ese-of-pedro-bay-alaska	ak01613v15nv	2016-01-24T10:30:29.557000Z	United States	47 km ESE of Pedro Bay, Alaska	7.100000	125.600000	AC08	OK	78.836000	148.291857	0.058266	5.826611	568.443000	-0.009976	-0.029075	-0.049498	600	0.033670	3.367013	300	1.730499	N	low_pgd_snr,late_pgd_peak	Y	melgar_2015	cm	3d	hypocentral	median	6.956803	-0.143197	0.143197
us-ak01613v15nv-m7-1-20160124-47-km-ese-of-pedro-bay-alaska	ak01613v15nv	2016-01-24T10:30:29.557000Z	United States	47 km ESE of Pedro Bay, Alaska	7.100000	125.600000	AC08	OK	78.836000	148.291857	0.058266	5.826611	568.443000	-0.009976	-0.029075	-0.049498	600	0.033670	3.367013	300	1.730499	N	low_pgd_snr,late_pgd_peak	Y	crowell_2016_gfast	cm	3d	hypocentral	median	7.197753	0.097753	0.097753
us-ak01613v15nv-m7-1-20160124-47-km-ese-of-pedro-bay-alaska	ak01613v15nv	2016-01-24T10:30:29.557000Z	United States	47 km ESE of Pedro Bay, Alaska	7.100000	125.600000	AC08	OK	78.836000	148.291857	0.058266	5.826611	568.443000	-0.009976	-0.029075	-0.049498	600	0.033670	3.367013	300	1.730499	N	low_pgd_snr,late_pgd_peak	Y	ruhl_2019	m	3d	hypocentral	median	6.748051	-0.351949	0.351949
us-ak01613v15nv-m7-1-20160124-47-km-ese-of-pedro-bay-alaska	ak01613v15nv	2016-01-24T10:30:29.557000Z	United States	47 km ESE of Pedro Bay, Alaska	7.100000	125.600000	AC17	OK	127.059000	178.659871	0.066510	6.650977	175.443000	-0.016897	-0.033306	-0.055034	600	0.030429	3.042935	300	2.185711	N	low_pgd_snr	Y	melgar_2015	cm	3d	hypocentral	median	7.140370	0.040370	0.040370
us-ak01613v15nv-m7-1-20160124-47-km-ese-of-pedro-bay-alaska	ak01613v15nv	2016-01-24T10:30:29.557000Z	United States	47 km ESE of Pedro Bay, Alaska	7.100000	125.600000	AC17	OK	127.059000	178.659871	0.066510	6.650977	175.443000	-0.016897	-0.033306	-0.055034	600	0.030429	3.042935	300	2.185711	N	low_pgd_snr	Y	crowell_2016_gfast	cm	3d	hypocentral	median	7.376618	0.276618	0.276618
us-ak01613v15nv-m7-1-20160124-47-km-ese-of-pedro-bay-alaska	ak01613v15nv	2016-01-24T10:30:29.557000Z	United States	47 km ESE of Pedro Bay, Alaska	7.100000	125.600000	AC17	OK	127.059000	178.659871	0.066510	6.650977	175.443000	-0.016897	-0.033306	-0.055034	600	0.030429	3.042935	300	2.185711	N	low_pgd_snr	Y	ruhl_2019	m	3d	hypocentral	median	6.948265	-0.151735	0.151735
us-ak01613v15nv-m7-1-20160124-47-km-ese-of-pedro-bay-alaska	ak01613v15nv	2016-01-24T10:30:29.557000Z	United States	47 km ESE of Pedro Bay, Alaska	7.100000	125.600000	AC18	OK	98.967000	159.905682	0.057944	5.794428	181.443000	-0.005114	-0.028691	-0.050082	600	0.028150	2.815041	300	2.058382	N	low_pgd_snr	Y	melgar_2015	cm	3d	hypocentral	median	6.995885	-0.104115	0.104115
us-ak01613v15nv-m7-1-20160124-47-km-ese-of-pedro-bay-alaska	ak01613v15nv	2016-01-24T10:30:29.557000Z	United States	47 km ESE of Pedro Bay, Alaska	7.100000	125.600000	AC18	OK	98.967000	159.905682	0.057944	5.794428	181.443000	-0.005114	-0.028691	-0.050082	600	0.028150	2.815041	300	2.058382	N	low_pgd_snr	Y	crowell_2016_gfast	cm	3d	hypocentral	median	7.244463	0.144463	0.144463
us-ak01613v15nv-m7-1-20160124-47-km-ese-of-pedro-bay-alaska	ak01613v15nv	2016-01-24T10:30:29.557000Z	United States	47 km ESE of Pedro Bay, Alaska	7.100000	125.600000	AC18	OK	98.967000	159.905682	0.057944	5.794428	181.443000	-0.005114	-0.028691	-0.050082	600	0.028150	2.815041	300	2.058382	N	low_pgd_snr	Y	ruhl_2019	m	3d	hypocentral	median	6.791037	-0.308963	0.308963
us-ak01613v15nv-m7-1-20160124-47-km-ese-of-pedro-bay-alaska	ak01613v15nv	2016-01-24T10:30:29.557000Z	United States	47 km ESE of Pedro Bay, Alaska	7.100000	125.600000	AC23	OK	166.424000	208.500139	0.124855	12.485452	54.443000	0.032351	-0.120125	0.010589	600	0.023372	2.337162	300	5.342141	Y		Y	melgar_2015	cm	3d	hypocentral	median	7.607542	0.507542	0.507542
us-ak01613v15nv-m7-1-20160124-47-km-ese-of-pedro-bay-alaska	ak01613v15nv	2016-01-24T10:30:29.557000Z	United States	47 km ESE of Pedro Bay, Alaska	7.100000	125.600000	AC23	OK	166.424000	208.500139	0.124855	12.485452	54.443000	0.032351	-0.120125	0.010589	600	0.023372	2.337162	300	5.342141	Y		Y	crowell_2016_gfast	cm	3d	hypocentral	median	7.754625	0.654625	0.654625
us-ak01613v15nv-m7-1-20160124-47-km-ese-of-pedro-bay-alaska	ak01613v15nv	2016-01-24T10:30:29.557000Z	United States	47 km ESE of Pedro Bay, Alaska	7.100000	125.600000	AC23	OK	166.424000	208.500139	0.124855	12.485452	54.443000	0.032351	-0.120125	0.010589	600	0.023372	2.337162	300	5.342141	Y		Y	ruhl_2019	m	3d	hypocentral	median	7.455305	0.355305	0.355305
us-ak01613v15nv-m7-1-20160124-47-km-ese-of-pedro-bay-alaska	ak01613v15nv	2016-01-24T10:30:29.557000Z	United States	47 km ESE of Pedro Bay, Alaska	7.100000	125.600000	AC27	OK	61.988000	140.063815	0.060661	6.066144	176.443000	-0.016564	-0.015754	-0.056189	600	0.024345	2.434454	300	2.491788	N	low_pgd_snr	Y	melgar_2015	cm	3d	hypocentral	median	6.948407	-0.151593	0.151593
us-ak01613v15nv-m7-1-20160124-47-km-ese-of-pedro-bay-alaska	ak01613v15nv	2016-01-24T10:30:29.557000Z	United States	47 km ESE of Pedro Bay, Alaska	7.100000	125.600000	AC27	OK	61.988000	140.063815	0.060661	6.066144	176.443000	-0.016564	-0.015754	-0.056189	600	0.024345	2.434454	300	2.491788	N	low_pgd_snr	Y	crowell_2016_gfast	cm	3d	hypocentral	median	7.177872	0.077872	0.077872
us-ak01613v15nv-m7-1-20160124-47-km-ese-of-pedro-bay-alaska	ak01613v15nv	2016-01-24T10:30:29.557000Z	United States	47 km ESE of Pedro Bay, Alaska	7.100000	125.600000	AC27	OK	61.988000	140.063815	0.060661	6.066144	176.443000	-0.016564	-0.015754	-0.056189	600	0.024345	2.434454	300	2.491788	N	low_pgd_snr	Y	ruhl_2019	m	3d	hypocentral	median	6.738362	-0.361638	0.361638
us-ak01613v15nv-m7-1-20160124-47-km-ese-of-pedro-bay-alaska	ak01613v15nv	2016-01-24T10:30:29.557000Z	United States	47 km ESE of Pedro Bay, Alaska	7.100000	125.600000	AC37	OK	95.675000	157.889409	0.055073	5.507261	545.443000	-0.007091	-0.029347	-0.046059	600	0.027369	2.736899	300	2.012227	N	low_pgd_snr,late_pgd_peak	Y	melgar_2015	cm	3d	hypocentral	median	6.959045	-0.140955	0.140955
us-ak01613v15nv-m7-1-20160124-47-km-ese-of-pedro-bay-alaska	ak01613v15nv	2016-01-24T10:30:29.557000Z	United States	47 km ESE of Pedro Bay, Alaska	7.100000	125.600000	AC37	OK	95.675000	157.889409	0.055073	5.507261	545.443000	-0.007091	-0.029347	-0.046059	600	0.027369	2.736899	300	2.012227	N	low_pgd_snr,late_pgd_peak	Y	crowell_2016_gfast	cm	3d	hypocentral	median	7.214723	0.114723	0.114723
us-ak01613v15nv-m7-1-20160124-47-km-ese-of-pedro-bay-alaska	ak01613v15nv	2016-01-24T10:30:29.557000Z	United States	47 km ESE of Pedro Bay, Alaska	7.100000	125.600000	AC37	OK	95.675000	157.889409	0.055073	5.507261	545.443000	-0.007091	-0.029347	-0.046059	600	0.027369	2.736899	300	2.012227	N	low_pgd_snr,late_pgd_peak	Y	ruhl_2019	m	3d	hypocentral	median	6.751193	-0.348807	0.348807
us-ak01613v15nv-m7-1-20160124-47-km-ese-of-pedro-bay-alaska	ak01613v15nv	2016-01-24T10:30:29.557000Z	United States	47 km ESE of Pedro Bay, Alaska	7.100000	125.600000	AC39	OK	124.658000	176.960382	0.063692	6.369160	362.443000	-0.005718	0.031406	0.055115	600	0.022925	2.292478	300	2.778286	N	low_pgd_snr,late_pgd_peak	Y	melgar_2015	cm	3d	hypocentral	median	7.109299	0.009299	0.009299
us-ak01613v15nv-m7-1-20160124-47-km-ese-of-pedro-bay-alaska	ak01613v15nv	2016-01-24T10:30:29.557000Z	United States	47 km ESE of Pedro Bay, Alaska	7.100000	125.600000	AC39	OK	124.658000	176.960382	0.063692	6.369160	362.443000	-0.005718	0.031406	0.055115	600	0.022925	2.292478	300	2.778286	N	low_pgd_snr,late_pgd_peak	Y	crowell_2016_gfast	cm	3d	hypocentral	median	7.351734	0.251734	0.251734
us-ak01613v15nv-m7-1-20160124-47-km-ese-of-pedro-bay-alaska	ak01613v15nv	2016-01-24T10:30:29.557000Z	United States	47 km ESE of Pedro Bay, Alaska	7.100000	125.600000	AC39	OK	124.658000	176.960382	0.063692	6.369160	362.443000	-0.005718	0.031406	0.055115	600	0.022925	2.292478	300	2.778286	N	low_pgd_snr,late_pgd_peak	Y	ruhl_2019	m	3d	hypocentral	median	6.914614	-0.185386	0.185386
us-ak01613v15nv-m7-1-20160124-47-km-ese-of-pedro-bay-alaska	ak01613v15nv	2016-01-24T10:30:29.557000Z	United States	47 km ESE of Pedro Bay, Alaska	7.100000	125.600000	AC47	OK	64.997000	141.421250	0.099178	9.917827	38.443000	0.058644	-0.075936	-0.025118	600	0.027918	2.791759	300	3.552537	Y		Y	melgar_2015	cm	3d	hypocentral	median	7.238346	0.138346	0.138346
us-ak01613v15nv-m7-1-20160124-47-km-ese-of-pedro-bay-alaska	ak01613v15nv	2016-01-24T10:30:29.557000Z	United States	47 km ESE of Pedro Bay, Alaska	7.100000	125.600000	AC47	OK	64.997000	141.421250	0.099178	9.917827	38.443000	0.058644	-0.075936	-0.025118	600	0.027918	2.791759	300	3.552537	Y		Y	crowell_2016_gfast	cm	3d	hypocentral	median	7.389394	0.289394	0.289394
us-ak01613v15nv-m7-1-20160124-47-km-ese-of-pedro-bay-alaska	ak01613v15nv	2016-01-24T10:30:29.557000Z	United States	47 km ESE of Pedro Bay, Alaska	7.100000	125.600000	AC47	OK	64.997000	141.421250	0.099178	9.917827	38.443000	0.058644	-0.075936	-0.025118	600	0.027918	2.791759	300	3.552537	Y		Y	ruhl_2019	m	3d	hypocentral	median	7.050474	-0.049526	0.049526
us-ak01613v15nv-m7-1-20160124-47-km-ese-of-pedro-bay-alaska	ak01613v15nv	2016-01-24T10:30:29.557000Z	United States	47 km ESE of Pedro Bay, Alaska	7.100000	125.600000	AC59	OK	15.055000	126.499063	0.058228	5.822826	176.443000	-0.017095	-0.024596	-0.049933	600	0.023922	2.392164	300	2.434125	N	low_pgd_snr	Y	melgar_2015	cm	3d	hypocentral	median	6.868875	-0.231125	0.231125
us-ak01613v15nv-m7-1-20160124-47-km-ese-of-pedro-bay-alaska	ak01613v15nv	2016-01-24T10:30:29.557000Z	United States	47 km ESE of Pedro Bay, Alaska	7.100000	125.600000	AC59	OK	15.055000	126.499063	0.058228	5.822826	176.443000	-0.017095	-0.024596	-0.049933	600	0.023922	2.392164	300	2.434125	N	low_pgd_snr	Y	crowell_2016_gfast	cm	3d	hypocentral	median	7.096234	-0.003766	0.003766
us-ak01613v15nv-m7-1-20160124-47-km-ese-of-pedro-bay-alaska	ak01613v15nv	2016-01-24T10:30:29.557000Z	United States	47 km ESE of Pedro Bay, Alaska	7.100000	125.600000	AC59	OK	15.055000	126.499063	0.058228	5.822826	176.443000	-0.017095	-0.024596	-0.049933	600	0.023922	2.392164	300	2.434125	N	low_pgd_snr	Y	ruhl_2019	m	3d	hypocentral	median	6.651735	-0.448265	0.448265
us-ak01613v15nv-m7-1-20160124-47-km-ese-of-pedro-bay-alaska	ak01613v15nv	2016-01-24T10:30:29.557000Z	United States	47 km ESE of Pedro Bay, Alaska	7.100000	125.600000	AV01	OK	29.920000	129.114548	0.084569	8.456891	112.443000	0.017121	0.054797	0.062097	600	0.039280	3.928029	300	2.152960	N	low_pgd_snr	Y	melgar_2015	cm	3d	hypocentral	median	7.094501	-0.005499	0.005499
us-ak01613v15nv-m7-1-20160124-47-km-ese-of-pedro-bay-alaska	ak01613v15nv	2016-01-24T10:30:29.557000Z	United States	47 km ESE of Pedro Bay, Alaska	7.100000	125.600000	AV01	OK	29.920000	129.114548	0.084569	8.456891	112.443000	0.017121	0.054797	0.062097	600	0.039280	3.928029	300	2.152960	N	low_pgd_snr	Y	crowell_2016_gfast	cm	3d	hypocentral	median	7.263726	0.163726	0.163726
us-ak01613v15nv-m7-1-20160124-47-km-ese-of-pedro-bay-alaska	ak01613v15nv	2016-01-24T10:30:29.557000Z	United States	47 km ESE of Pedro Bay, Alaska	7.100000	125.600000	AV01	OK	29.920000	129.114548	0.084569	8.456891	112.443000	0.017121	0.054797	0.062097	600	0.039280	3.928029	300	2.152960	N	low_pgd_snr	Y	ruhl_2019	m	3d	hypocentral	median	6.894511	-0.205489	0.205489
us-ak01613v15nv-m7-1-20160124-47-km-ese-of-pedro-bay-alaska	ak01613v15nv	2016-01-24T10:30:29.557000Z	United States	47 km ESE of Pedro Bay, Alaska	7.100000	125.600000	AV02	OK	32.352000	129.699699	0.074521	7.452060	177.443000	-0.020749	-0.024001	-0.067430	600	0.030519	3.051866	300	2.441805	N	low_pgd_snr	Y	melgar_2015	cm	3d	hypocentral	median	7.024325	-0.075675	0.075675
us-ak01613v15nv-m7-1-20160124-47-km-ese-of-pedro-bay-alaska	ak01613v15nv	2016-01-24T10:30:29.557000Z	United States	47 km ESE of Pedro Bay, Alaska	7.100000	125.600000	AV02	OK	32.352000	129.699699	0.074521	7.452060	177.443000	-0.020749	-0.024001	-0.067430	600	0.030519	3.051866	300	2.441805	N	low_pgd_snr	Y	crowell_2016_gfast	cm	3d	hypocentral	median	7.214213	0.114213	0.114213
us-ak01613v15nv-m7-1-20160124-47-km-ese-of-pedro-bay-alaska	ak01613v15nv	2016-01-24T10:30:29.557000Z	United States	47 km ESE of Pedro Bay, Alaska	7.100000	125.600000	AV02	OK	32.352000	129.699699	0.074521	7.452060	177.443000	-0.020749	-0.024001	-0.067430	600	0.030519	3.051866	300	2.441805	N	low_pgd_snr	Y	ruhl_2019	m	3d	hypocentral	median	6.819120	-0.280880	0.280880
us-ak01613v15nv-m7-1-20160124-47-km-ese-of-pedro-bay-alaska	ak01613v15nv	2016-01-24T10:30:29.557000Z	United States	47 km ESE of Pedro Bay, Alaska	7.100000	125.600000	AV16	OK	28.320000	128.753184	0.071891	7.189117	238.443000	0.004934	-0.020744	-0.068656	600	0.055109	5.510921	300	1.304522	N	low_pgd_snr	Y	melgar_2015	cm	3d	hypocentral	median	6.999605	-0.100395	0.100395
us-ak01613v15nv-m7-1-20160124-47-km-ese-of-pedro-bay-alaska	ak01613v15nv	2016-01-24T10:30:29.557000Z	United States	47 km ESE of Pedro Bay, Alaska	7.100000	125.600000	AV16	OK	28.320000	128.753184	0.071891	7.189117	238.443000	0.004934	-0.020744	-0.068656	600	0.055109	5.510921	300	1.304522	N	low_pgd_snr	Y	crowell_2016_gfast	cm	3d	hypocentral	median	7.194650	0.094650	0.094650
us-ak01613v15nv-m7-1-20160124-47-km-ese-of-pedro-bay-alaska	ak01613v15nv	2016-01-24T10:30:29.557000Z	United States	47 km ESE of Pedro Bay, Alaska	7.100000	125.600000	AV16	OK	28.320000	128.753184	0.071891	7.189117	238.443000	0.004934	-0.020744	-0.068656	600	0.055109	5.510921	300	1.304522	N	low_pgd_snr	Y	ruhl_2019	m	3d	hypocentral	median	6.792457	-0.307543	0.307543
us-ak01613v15nv-m7-1-20160124-47-km-ese-of-pedro-bay-alaska	ak01613v15nv	2016-01-24T10:30:29.557000Z	United States	47 km ESE of Pedro Bay, Alaska	7.100000	125.600000	AV20	OK	30.769000	129.313926	0.061376	6.137565	177.443000	-0.014577	-0.013867	-0.057984	600	0.034020	3.402014	300	1.804098	N	low_pgd_snr	Y	melgar_2015	cm	3d	hypocentral	median	6.911123	-0.188877	0.188877
us-ak01613v15nv-m7-1-20160124-47-km-ese-of-pedro-bay-alaska	ak01613v15nv	2016-01-24T10:30:29.557000Z	United States	47 km ESE of Pedro Bay, Alaska	7.100000	125.600000	AV20	OK	30.769000	129.313926	0.061376	6.137565	177.443000	-0.014577	-0.013867	-0.057984	600	0.034020	3.402014	300	1.804098	N	low_pgd_snr	Y	crowell_2016_gfast	cm	3d	hypocentral	median	7.131896	0.031896	0.031896
us-ak01613v15nv-m7-1-20160124-47-km-ese-of-pedro-bay-alaska	ak01613v15nv	2016-01-24T10:30:29.557000Z	United States	47 km ESE of Pedro Bay, Alaska	7.100000	125.600000	AV20	OK	30.769000	129.313926	0.061376	6.137565	177.443000	-0.014577	-0.013867	-0.057984	600	0.034020	3.402014	300	1.804098	N	low_pgd_snr	Y	ruhl_2019	m	3d	hypocentral	median	6.697381	-0.402619	0.402619
us-ak01613v15nv-m7-1-20160124-47-km-ese-of-pedro-bay-alaska	ak01613v15nv	2016-01-24T10:30:29.557000Z	United States	47 km ESE of Pedro Bay, Alaska	7.100000	125.600000	SELD	OK	94.066000	156.919637	0.063491	6.349087	175.443000	-0.008028	-0.016213	-0.060859	600	0.034766	3.476582	300	1.826244	N	low_pgd_snr	Y	melgar_2015	cm	3d	hypocentral	median	7.038623	-0.061377	0.061377
us-ak01613v15nv-m7-1-20160124-47-km-ese-of-pedro-bay-alaska	ak01613v15nv	2016-01-24T10:30:29.557000Z	United States	47 km ESE of Pedro Bay, Alaska	7.100000	125.600000	SELD	OK	94.066000	156.919637	0.063491	6.349087	175.443000	-0.008028	-0.016213	-0.060859	600	0.034766	3.476582	300	1.826244	N	low_pgd_snr	Y	crowell_2016_gfast	cm	3d	hypocentral	median	7.270682	0.170682	0.170682
us-ak01613v15nv-m7-1-20160124-47-km-ese-of-pedro-bay-alaska	ak01613v15nv	2016-01-24T10:30:29.557000Z	United States	47 km ESE of Pedro Bay, Alaska	7.100000	125.600000	SELD	OK	94.066000	156.919637	0.063491	6.349087	175.443000	-0.008028	-0.016213	-0.060859	600	0.034766	3.476582	300	1.826244	N	low_pgd_snr	Y	ruhl_2019	m	3d	hypocentral	median	6.836849	-0.263151	0.263151
us-ak01649w95tp-m6-2-20160402-42-km-e-of-port-heiden-alaska	ak01649w95tp	2016-04-02T05:50:00.932000Z	United States	42 km E of Port Heiden, Alaska	6.200000	11.400000	AB13	OK	85.387000	86.144644	0.054703	5.470256	475.068000	0.009576	0.030285	-0.044536	600	0.020422	2.042216	300	2.678588	N	low_pgd_snr,late_pgd_peak	Y	melgar_2015	cm	3d	hypocentral	median	6.631302	0.431302	0.431302
us-ak01649w95tp-m6-2-20160402-42-km-e-of-port-heiden-alaska	ak01649w95tp	2016-04-02T05:50:00.932000Z	United States	42 km E of Port Heiden, Alaska	6.200000	11.400000	AB13	OK	85.387000	86.144644	0.054703	5.470256	475.068000	0.009576	0.030285	-0.044536	600	0.020422	2.042216	300	2.678588	N	low_pgd_snr,late_pgd_peak	Y	crowell_2016_gfast	cm	3d	hypocentral	median	6.837898	0.637898	0.637898
us-ak01649w95tp-m6-2-20160402-42-km-e-of-port-heiden-alaska	ak01649w95tp	2016-04-02T05:50:00.932000Z	United States	42 km E of Port Heiden, Alaska	6.200000	11.400000	AB13	OK	85.387000	86.144644	0.054703	5.470256	475.068000	0.009576	0.030285	-0.044536	600	0.020422	2.042216	300	2.678588	N	low_pgd_snr,late_pgd_peak	Y	ruhl_2019	m	3d	hypocentral	median	6.393547	0.193547	0.193547
us-ak01649w95tp-m6-2-20160402-42-km-e-of-port-heiden-alaska	ak01649w95tp	2016-04-02T05:50:00.932000Z	United States	42 km E of Port Heiden, Alaska	6.200000	11.400000	AC40	OK	42.483000	43.985967	0.050728	5.072839	508.068000	-0.009950	-0.035511	-0.034833	600	0.018738	1.873787	300	2.707266	N	low_pgd_snr,late_pgd_peak	Y	melgar_2015	cm	3d	hypocentral	median	6.265678	0.065678	0.065678
us-ak01649w95tp-m6-2-20160402-42-km-e-of-port-heiden-alaska	ak01649w95tp	2016-04-02T05:50:00.932000Z	United States	42 km E of Port Heiden, Alaska	6.200000	11.400000	AC40	OK	42.483000	43.985967	0.050728	5.072839	508.068000	-0.009950	-0.035511	-0.034833	600	0.018738	1.873787	300	2.707266	N	low_pgd_snr,late_pgd_peak	Y	crowell_2016_gfast	cm	3d	hypocentral	median	6.437388	0.237388	0.237388
us-ak01649w95tp-m6-2-20160402-42-km-e-of-port-heiden-alaska	ak01649w95tp	2016-04-02T05:50:00.932000Z	United States	42 km E of Port Heiden, Alaska	6.200000	11.400000	AC40	OK	42.483000	43.985967	0.050728	5.072839	508.068000	-0.009950	-0.035511	-0.034833	600	0.018738	1.873787	300	2.707266	N	low_pgd_snr,late_pgd_peak	Y	ruhl_2019	m	3d	hypocentral	median	5.999915	-0.200085	0.200085
us-ak01649w95tp-m6-2-20160402-42-km-e-of-port-heiden-alaska	ak01649w95tp	2016-04-02T05:50:00.932000Z	United States	42 km E of Port Heiden, Alaska	6.200000	11.400000	AC52	OK	65.796000	66.776295	0.078195	7.819533	508.068000	-0.008550	-0.051938	-0.057826	600	0.023427	2.342713	300	3.337812	N	late_pgd_peak	Y	melgar_2015	cm	3d	hypocentral	median	6.699153	0.499153	0.499153
us-ak01649w95tp-m6-2-20160402-42-km-e-of-port-heiden-alaska	ak01649w95tp	2016-04-02T05:50:00.932000Z	United States	42 km E of Port Heiden, Alaska	6.200000	11.400000	AC52	OK	65.796000	66.776295	0.078195	7.819533	508.068000	-0.008550	-0.051938	-0.057826	600	0.023427	2.342713	300	3.337812	N	late_pgd_peak	Y	crowell_2016_gfast	cm	3d	hypocentral	median	6.831879	0.631879	0.631879
us-ak01649w95tp-m6-2-20160402-42-km-e-of-port-heiden-alaska	ak01649w95tp	2016-04-02T05:50:00.932000Z	United States	42 km E of Port Heiden, Alaska	6.200000	11.400000	AC52	OK	65.796000	66.776295	0.078195	7.819533	508.068000	-0.008550	-0.051938	-0.057826	600	0.023427	2.342713	300	3.337812	N	late_pgd_peak	Y	ruhl_2019	m	3d	hypocentral	median	6.464251	0.264251	0.264251
us-ak018aap2cqu-m6-4-20180812-89-km-sw-of-kaktovik-alaska	ak018aap2cqu	2018-08-12T14:58:53.503000Z	United States	89 km SW of Kaktovik, Alaska	6.400000	15.800000	AB45	WARN	168.094000	168.834928	0.085007	8.500718	578.497000	-0.013543	0.002715	0.083877	600	0.030093	3.009321	300	2.824795	N	low_pgd_snr,late_pgd_peak	Y	melgar_2015	cm	3d	hypocentral	median	7.251733	0.851733	0.851733
us-ak018aap2cqu-m6-4-20180812-89-km-sw-of-kaktovik-alaska	ak018aap2cqu	2018-08-12T14:58:53.503000Z	United States	89 km SW of Kaktovik, Alaska	6.400000	15.800000	AB45	WARN	168.094000	168.834928	0.085007	8.500718	578.497000	-0.013543	0.002715	0.083877	600	0.030093	3.009321	300	2.824795	N	low_pgd_snr,late_pgd_peak	Y	crowell_2016_gfast	cm	3d	hypocentral	median	7.442865	1.042865	1.042865
us-ak018aap2cqu-m6-4-20180812-89-km-sw-of-kaktovik-alaska	ak018aap2cqu	2018-08-12T14:58:53.503000Z	United States	89 km SW of Kaktovik, Alaska	6.400000	15.800000	AB45	WARN	168.094000	168.834928	0.085007	8.500718	578.497000	-0.013543	0.002715	0.083877	600	0.030093	3.009321	300	2.824795	N	low_pgd_snr,late_pgd_peak	Y	ruhl_2019	m	3d	hypocentral	median	7.067534	0.667534	0.667534
us-ak018aap2cqu-m6-4-20180812-89-km-sw-of-kaktovik-alaska	ak018aap2cqu	2018-08-12T14:58:53.503000Z	United States	89 km SW of Kaktovik, Alaska	6.400000	15.800000	TLK2	WARN	200.595000	201.216287	0.066814	6.681444	564.497000	-0.012960	0.000598	0.065543	600	0.018723	1.872319	300	3.568539	N	late_pgd_peak	Y	melgar_2015	cm	3d	hypocentral	median	7.212879	0.812879	0.812879
us-ak018aap2cqu-m6-4-20180812-89-km-sw-of-kaktovik-alaska	ak018aap2cqu	2018-08-12T14:58:53.503000Z	United States	89 km SW of Kaktovik, Alaska	6.400000	15.800000	TLK2	WARN	200.595000	201.216287	0.066814	6.681444	564.497000	-0.012960	0.000598	0.065543	600	0.018723	1.872319	300	3.568539	N	late_pgd_peak	Y	crowell_2016_gfast	cm	3d	hypocentral	median	7.459534	1.059534	1.059534
us-ak018aap2cqu-m6-4-20180812-89-km-sw-of-kaktovik-alaska	ak018aap2cqu	2018-08-12T14:58:53.503000Z	United States	89 km SW of Kaktovik, Alaska	6.400000	15.800000	TLK2	WARN	200.595000	201.216287	0.066814	6.681444	564.497000	-0.012960	0.000598	0.065543	600	0.018723	1.872319	300	3.568539	N	late_pgd_peak	Y	ruhl_2019	m	3d	hypocentral	median	7.028280	0.628280	0.628280
us-ak018aasz24z-m6-20180812-73-km-ssw-of-kaktovik-alaska	ak018aasz24z	2018-08-12T21:15:00.999000Z	United States	73 km SSW of Kaktovik, Alaska	6.000000	16.200000	AB45	WARN	198.388000	199.048332	0.076950	7.694966	181.001000	0.003044	0.007520	0.076521	292	0.048030	4.802998	300	1.602117	N	low_pgd_snr	Y	melgar_2015	cm	3d	hypocentral	median	7.290514	1.290514	1.290514
us-ak018aasz24z-m6-20180812-73-km-ssw-of-kaktovik-alaska	ak018aasz24z	2018-08-12T21:15:00.999000Z	United States	73 km SSW of Kaktovik, Alaska	6.000000	16.200000	AB45	WARN	198.388000	199.048332	0.076950	7.694966	181.001000	0.003044	0.007520	0.076521	292	0.048030	4.802998	300	1.602117	N	low_pgd_snr	Y	crowell_2016_gfast	cm	3d	hypocentral	median	7.512931	1.512931	1.512931
us-ak018aasz24z-m6-20180812-73-km-ssw-of-kaktovik-alaska	ak018aasz24z	2018-08-12T21:15:00.999000Z	United States	73 km SSW of Kaktovik, Alaska	6.000000	16.200000	AB45	WARN	198.388000	199.048332	0.076950	7.694966	181.001000	0.003044	0.007520	0.076521	292	0.048030	4.802998	300	1.602117	N	low_pgd_snr	Y	ruhl_2019	m	3d	hypocentral	median	7.111966	1.111966	1.111966
us-ak018aasz24z-m6-20180812-73-km-ssw-of-kaktovik-alaska	ak018aasz24z	2018-08-12T21:15:00.999000Z	United States	73 km SSW of Kaktovik, Alaska	6.000000	16.200000	TLK2	WARN	231.146000	231.712998	0.140237	14.023673	109.001000	-0.010170	-0.029389	-0.136745	327	0.059386	5.938649	300	2.361425	N	low_pgd_snr	Y	melgar_2015	cm	3d	hypocentral	median	7.744347	1.744347	1.744347
us-ak018aasz24z-m6-20180812-73-km-ssw-of-kaktovik-alaska	ak018aasz24z	2018-08-12T21:15:00.999000Z	United States	73 km SSW of Kaktovik, Alaska	6.000000	16.200000	TLK2	WARN	231.146000	231.712998	0.140237	14.023673	109.001000	-0.010170	-0.029389	-0.136745	327	0.059386	5.938649	300	2.361425	N	low_pgd_snr	Y	crowell_2016_gfast	cm	3d	hypocentral	median	7.881937	1.881937	1.881937
us-ak018aasz24z-m6-20180812-73-km-ssw-of-kaktovik-alaska	ak018aasz24z	2018-08-12T21:15:00.999000Z	United States	73 km SSW of Kaktovik, Alaska	6.000000	16.200000	TLK2	WARN	231.146000	231.712998	0.140237	14.023673	109.001000	-0.010170	-0.029389	-0.136745	327	0.059386	5.938649	300	2.361425	N	low_pgd_snr	Y	ruhl_2019	m	3d	hypocentral	median	7.605460	1.605460	1.605460
us-ak0216xu2rod-m6-1-20210531-73-km-n-of-chickaloon-alaska	ak0216xu2rod	2021-05-31T06:59:55.581000Z	United States	73 km N of Chickaloon, Alaska	6.100000	44.000000	AC11	OK	71.521000	83.971742	0.026256	2.625624	278.419000	-0.000925	-0.001344	-0.026206	600	0.009865	0.986540	300	2.661447	N	low_pgd_snr	Y	melgar_2015	cm	3d	hypocentral	median	6.210392	0.110392	0.110392
us-ak0216xu2rod-m6-1-20210531-73-km-n-of-chickaloon-alaska	ak0216xu2rod	2021-05-31T06:59:55.581000Z	United States	73 km N of Chickaloon, Alaska	6.100000	44.000000	AC11	OK	71.521000	83.971742	0.026256	2.625624	278.419000	-0.000925	-0.001344	-0.026206	600	0.009865	0.986540	300	2.661447	N	low_pgd_snr	Y	crowell_2016_gfast	cm	3d	hypocentral	median	6.530050	0.430050	0.430050
us-ak0216xu2rod-m6-1-20210531-73-km-n-of-chickaloon-alaska	ak0216xu2rod	2021-05-31T06:59:55.581000Z	United States	73 km N of Chickaloon, Alaska	6.100000	44.000000	AC11	OK	71.521000	83.971742	0.026256	2.625624	278.419000	-0.000925	-0.001344	-0.026206	600	0.009865	0.986540	300	2.661447	N	low_pgd_snr	Y	ruhl_2019	m	3d	hypocentral	median	5.942779	-0.157221	0.157221
us-ak0216xu2rod-m6-1-20210531-73-km-n-of-chickaloon-alaska	ak0216xu2rod	2021-05-31T06:59:55.581000Z	United States	73 km N of Chickaloon, Alaska	6.100000	44.000000	AC32	OK	169.276000	174.901013	0.023254	2.325382	270.419000	-0.003011	-0.005955	-0.022276	600	0.013943	1.394335	300	1.667735	N	low_pgd_snr	Y	melgar_2015	cm	3d	hypocentral	median	6.509192	0.409192	0.409192
us-ak0216xu2rod-m6-1-20210531-73-km-n-of-chickaloon-alaska	ak0216xu2rod	2021-05-31T06:59:55.581000Z	United States	73 km N of Chickaloon, Alaska	6.100000	44.000000	AC32	OK	169.276000	174.901013	0.023254	2.325382	270.419000	-0.003011	-0.005955	-0.022276	600	0.013943	1.394335	300	1.667735	N	low_pgd_snr	Y	crowell_2016_gfast	cm	3d	hypocentral	median	6.914903	0.814903	0.814903
us-ak0216xu2rod-m6-1-20210531-73-km-n-of-chickaloon-alaska	ak0216xu2rod	2021-05-31T06:59:55.581000Z	United States	73 km N of Chickaloon, Alaska	6.100000	44.000000	AC32	OK	169.276000	174.901013	0.023254	2.325382	270.419000	-0.003011	-0.005955	-0.022276	600	0.013943	1.394335	300	1.667735	N	low_pgd_snr	Y	ruhl_2019	m	3d	hypocentral	median	6.267220	0.167220	0.167220
us-ak0216xu2rod-m6-1-20210531-73-km-n-of-chickaloon-alaska	ak0216xu2rod	2021-05-31T06:59:55.581000Z	United States	73 km N of Chickaloon, Alaska	6.100000	44.000000	AC53	OK	121.076000	128.823126	0.040079	4.007917	275.419000	0.006345	0.007214	-0.038911	600	0.010267	1.026653	300	3.903867	Y		Y	melgar_2015	cm	3d	hypocentral	median	6.664170	0.564170	0.564170
us-ak0216xu2rod-m6-1-20210531-73-km-n-of-chickaloon-alaska	ak0216xu2rod	2021-05-31T06:59:55.581000Z	United States	73 km N of Chickaloon, Alaska	6.100000	44.000000	AC53	OK	121.076000	128.823126	0.040079	4.007917	275.419000	0.006345	0.007214	-0.038911	600	0.010267	1.026653	300	3.903867	Y		Y	crowell_2016_gfast	cm	3d	hypocentral	median	6.952969	0.852969	0.852969
us-ak0216xu2rod-m6-1-20210531-73-km-n-of-chickaloon-alaska	ak0216xu2rod	2021-05-31T06:59:55.581000Z	United States	73 km N of Chickaloon, Alaska	6.100000	44.000000	AC53	OK	121.076000	128.823126	0.040079	4.007917	275.419000	0.006345	0.007214	-0.038911	600	0.010267	1.026653	300	3.903867	Y		Y	ruhl_2019	m	3d	hypocentral	median	6.431851	0.331851	0.331851
us-ak0216xu2rod-m6-1-20210531-73-km-n-of-chickaloon-alaska	ak0216xu2rod	2021-05-31T06:59:55.581000Z	United States	73 km N of Chickaloon, Alaska	6.100000	44.000000	AC62	OK	121.261000	128.997016	0.037800	3.780026	599.419000	0.001997	-0.010686	-0.036203	600	0.017026	1.702572	300	2.220186	N	low_pgd_snr,late_pgd_peak	Y	melgar_2015	cm	3d	hypocentral	median	6.631242	0.531242	0.531242
us-ak0216xu2rod-m6-1-20210531-73-km-n-of-chickaloon-alaska	ak0216xu2rod	2021-05-31T06:59:55.581000Z	United States	73 km N of Chickaloon, Alaska	6.100000	44.000000	AC62	OK	121.261000	128.997016	0.037800	3.780026	599.419000	0.001997	-0.010686	-0.036203	600	0.017026	1.702572	300	2.220186	N	low_pgd_snr,late_pgd_peak	Y	crowell_2016_gfast	cm	3d	hypocentral	median	6.929549	0.829549	0.829549
us-ak0216xu2rod-m6-1-20210531-73-km-n-of-chickaloon-alaska	ak0216xu2rod	2021-05-31T06:59:55.581000Z	United States	73 km N of Chickaloon, Alaska	6.100000	44.000000	AC62	OK	121.261000	128.997016	0.037800	3.780026	599.419000	0.001997	-0.010686	-0.036203	600	0.017026	1.702572	300	2.220186	N	low_pgd_snr,late_pgd_peak	Y	ruhl_2019	m	3d	hypocentral	median	6.396462	0.296462	0.296462
us-ak0216xu2rod-m6-1-20210531-73-km-n-of-chickaloon-alaska	ak0216xu2rod	2021-05-31T06:59:55.581000Z	United States	73 km N of Chickaloon, Alaska	6.100000	44.000000	AC70	OK	95.181000	104.859061	0.022211	2.221081	28.419000	0.000794	-0.000444	-0.022192	600	0.009773	0.977299	300	2.272673	N	low_pgd_snr	Y	melgar_2015	cm	3d	hypocentral	median	6.223426	0.123426	0.123426
us-ak0216xu2rod-m6-1-20210531-73-km-n-of-chickaloon-alaska	ak0216xu2rod	2021-05-31T06:59:55.581000Z	United States	73 km N of Chickaloon, Alaska	6.100000	44.000000	AC70	OK	95.181000	104.859061	0.022211	2.221081	28.419000	0.000794	-0.000444	-0.022192	600	0.009773	0.977299	300	2.272673	N	low_pgd_snr	Y	crowell_2016_gfast	cm	3d	hypocentral	median	6.588262	0.488262	0.488262
us-ak0216xu2rod-m6-1-20210531-73-km-n-of-chickaloon-alaska	ak0216xu2rod	2021-05-31T06:59:55.581000Z	United States	73 km N of Chickaloon, Alaska	6.100000	44.000000	AC70	OK	95.181000	104.859061	0.022211	2.221081	28.419000	0.000794	-0.000444	-0.022192	600	0.009773	0.977299	300	2.272673	N	low_pgd_snr	Y	ruhl_2019	m	3d	hypocentral	median	5.957391	-0.142609	0.142609
us-ak0216xu2rod-m6-1-20210531-73-km-n-of-chickaloon-alaska	ak0216xu2rod	2021-05-31T06:59:55.581000Z	United States	73 km N of Chickaloon, Alaska	6.100000	44.000000	AC72	OK	182.618000	187.843908	0.056918	5.691801	398.419000	0.011083	-0.028274	0.048139	600	0.016697	1.669666	300	3.408947	N	late_pgd_peak	Y	melgar_2015	cm	3d	hypocentral	median	7.077382	0.977382	0.977382
us-ak0216xu2rod-m6-1-20210531-73-km-n-of-chickaloon-alaska	ak0216xu2rod	2021-05-31T06:59:55.581000Z	United States	73 km N of Chickaloon, Alaska	6.100000	44.000000	AC72	OK	182.618000	187.843908	0.056918	5.691801	398.419000	0.011083	-0.028274	0.048139	600	0.016697	1.669666	300	3.408947	N	late_pgd_peak	Y	crowell_2016_gfast	cm	3d	hypocentral	median	7.343788	1.243788	1.243788
us-ak0216xu2rod-m6-1-20210531-73-km-n-of-chickaloon-alaska	ak0216xu2rod	2021-05-31T06:59:55.581000Z	United States	73 km N of Chickaloon, Alaska	6.100000	44.000000	AC72	OK	182.618000	187.843908	0.056918	5.691801	398.419000	0.011083	-0.028274	0.048139	600	0.016697	1.669666	300	3.408947	N	late_pgd_peak	Y	ruhl_2019	m	3d	hypocentral	median	6.880986	0.780986	0.780986
us-ak0216xu2rod-m6-1-20210531-73-km-n-of-chickaloon-alaska	ak0216xu2rod	2021-05-31T06:59:55.581000Z	United States	73 km N of Chickaloon, Alaska	6.100000	44.000000	AC77	OK	147.117000	153.555891	0.057691	5.769116	0.419000	-0.000484	0.005710	-0.057406	600	0.038712	3.871172	300	1.490276	N	low_pgd_snr	Y	melgar_2015	cm	3d	hypocentral	median	6.970539	0.870539	0.870539
us-ak0216xu2rod-m6-1-20210531-73-km-n-of-chickaloon-alaska	ak0216xu2rod	2021-05-31T06:59:55.581000Z	United States	73 km N of Chickaloon, Alaska	6.100000	44.000000	AC77	OK	147.117000	153.555891	0.057691	5.769116	0.419000	-0.000484	0.005710	-0.057406	600	0.038712	3.871172	300	1.490276	N	low_pgd_snr	Y	crowell_2016_gfast	cm	3d	hypocentral	median	7.216188	1.116188	1.116188
us-ak0216xu2rod-m6-1-20210531-73-km-n-of-chickaloon-alaska	ak0216xu2rod	2021-05-31T06:59:55.581000Z	United States	73 km N of Chickaloon, Alaska	6.100000	44.000000	AC77	OK	147.117000	153.555891	0.057691	5.769116	0.419000	-0.000484	0.005710	-0.057406	600	0.038712	3.871172	300	1.490276	N	low_pgd_snr	Y	ruhl_2019	m	3d	hypocentral	median	6.763248	0.663248	0.663248
us-ak0216xu2rod-m6-1-20210531-73-km-n-of-chickaloon-alaska	ak0216xu2rod	2021-05-31T06:59:55.581000Z	United States	73 km N of Chickaloon, Alaska	6.100000	44.000000	ATW2	OK	105.236000	114.064086	0.031864	3.186424	294.419000	0.010431	-0.006756	-0.029341	600	0.010253	1.025296	300	3.107810	Y		Y	melgar_2015	cm	3d	hypocentral	median	6.469947	0.369947	0.369947
us-ak0216xu2rod-m6-1-20210531-73-km-n-of-chickaloon-alaska	ak0216xu2rod	2021-05-31T06:59:55.581000Z	United States	73 km N of Chickaloon, Alaska	6.100000	44.000000	ATW2	OK	105.236000	114.064086	0.031864	3.186424	294.419000	0.010431	-0.006756	-0.029341	600	0.010253	1.025296	300	3.107810	Y		Y	crowell_2016_gfast	cm	3d	hypocentral	median	6.784777	0.684777	0.684777
us-ak0216xu2rod-m6-1-20210531-73-km-n-of-chickaloon-alaska	ak0216xu2rod	2021-05-31T06:59:55.581000Z	United States	73 km N of Chickaloon, Alaska	6.100000	44.000000	ATW2	OK	105.236000	114.064086	0.031864	3.186424	294.419000	0.010431	-0.006756	-0.029341	600	0.010253	1.025296	300	3.107810	Y		Y	ruhl_2019	m	3d	hypocentral	median	6.222344	0.122344	0.122344
us-ak0216xu2rod-m6-1-20210531-73-km-n-of-chickaloon-alaska	ak0216xu2rod	2021-05-31T06:59:55.581000Z	United States	73 km N of Chickaloon, Alaska	6.100000	44.000000	FS63	OK	133.349000	140.420639	0.039264	3.926372	278.419000	0.004685	-0.000428	-0.038981	600	0.014479	1.447903	300	2.711765	N	low_pgd_snr	Y	melgar_2015	cm	3d	hypocentral	median	6.698143	0.598143	0.598143
us-ak0216xu2rod-m6-1-20210531-73-km-n-of-chickaloon-alaska	ak0216xu2rod	2021-05-31T06:59:55.581000Z	United States	73 km N of Chickaloon, Alaska	6.100000	44.000000	FS63	OK	133.349000	140.420639	0.039264	3.926372	278.419000	0.004685	-0.000428	-0.038981	600	0.014479	1.447903	300	2.711765	N	low_pgd_snr	Y	crowell_2016_gfast	cm	3d	hypocentral	median	6.997927	0.897927	0.897927
us-ak0216xu2rod-m6-1-20210531-73-km-n-of-chickaloon-alaska	ak0216xu2rod	2021-05-31T06:59:55.581000Z	United States	73 km N of Chickaloon, Alaska	6.100000	44.000000	FS63	OK	133.349000	140.420639	0.039264	3.926372	278.419000	0.004685	-0.000428	-0.038981	600	0.014479	1.447903	300	2.711765	N	low_pgd_snr	Y	ruhl_2019	m	3d	hypocentral	median	6.469102	0.369102	0.369102
us-ak0216xu2rod-m6-1-20210531-73-km-n-of-chickaloon-alaska	ak0216xu2rod	2021-05-31T06:59:55.581000Z	United States	73 km N of Chickaloon, Alaska	6.100000	44.000000	FS82	OK	129.222000	136.507602	0.036252	3.625162	240.419000	0.002227	0.004039	0.035957	600	0.016470	1.647018	300	2.201045	N	low_pgd_snr	Y	melgar_2015	cm	3d	hypocentral	median	6.636989	0.536989	0.536989
us-ak0216xu2rod-m6-1-20210531-73-km-n-of-chickaloon-alaska	ak0216xu2rod	2021-05-31T06:59:55.581000Z	United States	73 km N of Chickaloon, Alaska	6.100000	44.000000	FS82	OK	129.222000	136.507602	0.036252	3.625162	240.419000	0.002227	0.004039	0.035957	600	0.016470	1.647018	300	2.201045	N	low_pgd_snr	Y	crowell_2016_gfast	cm	3d	hypocentral	median	6.947072	0.847072	0.847072
us-ak0216xu2rod-m6-1-20210531-73-km-n-of-chickaloon-alaska	ak0216xu2rod	2021-05-31T06:59:55.581000Z	United States	73 km N of Chickaloon, Alaska	6.100000	44.000000	FS82	OK	129.222000	136.507602	0.036252	3.625162	240.419000	0.002227	0.004039	0.035957	600	0.016470	1.647018	300	2.201045	N	low_pgd_snr	Y	ruhl_2019	m	3d	hypocentral	median	6.403078	0.303078	0.303078
us-ak0216xu2rod-m6-1-20210531-73-km-n-of-chickaloon-alaska	ak0216xu2rod	2021-05-31T06:59:55.581000Z	United States	73 km N of Chickaloon, Alaska	6.100000	44.000000	GRNX	OK	158.414000	164.411056	0.027899	2.789875	386.419000	0.002254	-0.005610	-0.027236	600	0.012986	1.298573	300	2.148415	N	low_pgd_snr,late_pgd_peak	Y	melgar_2015	cm	3d	hypocentral	median	6.583344	0.483344	0.483344
us-ak0216xu2rod-m6-1-20210531-73-km-n-of-chickaloon-alaska	ak0216xu2rod	2021-05-31T06:59:55.581000Z	United States	73 km N of Chickaloon, Alaska	6.100000	44.000000	GRNX	OK	158.414000	164.411056	0.027899	2.789875	386.419000	0.002254	-0.005610	-0.027236	600	0.012986	1.298573	300	2.148415	N	low_pgd_snr,late_pgd_peak	Y	crowell_2016_gfast	cm	3d	hypocentral	median	6.953255	0.853255	0.853255
us-ak0216xu2rod-m6-1-20210531-73-km-n-of-chickaloon-alaska	ak0216xu2rod	2021-05-31T06:59:55.581000Z	United States	73 km N of Chickaloon, Alaska	6.100000	44.000000	GRNX	OK	158.414000	164.411056	0.027899	2.789875	386.419000	0.002254	-0.005610	-0.027236	600	0.012986	1.298573	300	2.148415	N	low_pgd_snr,late_pgd_peak	Y	ruhl_2019	m	3d	hypocentral	median	6.346733	0.246733	0.246733
us-ak0216xu2rod-m6-1-20210531-73-km-n-of-chickaloon-alaska	ak0216xu2rod	2021-05-31T06:59:55.581000Z	United States	73 km N of Chickaloon, Alaska	6.100000	44.000000	STEM	OK	114.712000	122.861072	0.024927	2.492749	364.419000	-0.003307	-0.002562	-0.024574	600	0.011632	1.163194	300	2.143022	N	low_pgd_snr,late_pgd_peak	Y	melgar_2015	cm	3d	hypocentral	median	6.367376	0.267376	0.267376
us-ak0216xu2rod-m6-1-20210531-73-km-n-of-chickaloon-alaska	ak0216xu2rod	2021-05-31T06:59:55.581000Z	United States	73 km N of Chickaloon, Alaska	6.100000	44.000000	STEM	OK	114.712000	122.861072	0.024927	2.492749	364.419000	-0.003307	-0.002562	-0.024574	600	0.011632	1.163194	300	2.143022	N	low_pgd_snr,late_pgd_peak	Y	crowell_2016_gfast	cm	3d	hypocentral	median	6.728001	0.628001	0.628001
us-ak0216xu2rod-m6-1-20210531-73-km-n-of-chickaloon-alaska	ak0216xu2rod	2021-05-31T06:59:55.581000Z	United States	73 km N of Chickaloon, Alaska	6.100000	44.000000	STEM	OK	114.712000	122.861072	0.024927	2.492749	364.419000	-0.003307	-0.002562	-0.024574	600	0.011632	1.163194	300	2.143022	N	low_pgd_snr,late_pgd_peak	Y	ruhl_2019	m	3d	hypocentral	median	6.112557	0.012557	0.012557
us-ak0216xu2rod-m6-1-20210531-73-km-n-of-chickaloon-alaska	ak0216xu2rod	2021-05-31T06:59:55.581000Z	United States	73 km N of Chickaloon, Alaska	6.100000	44.000000	WAAK	OK	119.256000	127.114097	0.027728	2.772832	518.419000	-0.001033	-0.006413	0.026957	600	0.012528	1.252837	300	2.213242	N	low_pgd_snr,late_pgd_peak	Y	melgar_2015	cm	3d	hypocentral	median	6.445660	0.345660	0.345660
us-ak0216xu2rod-m6-1-20210531-73-km-n-of-chickaloon-alaska	ak0216xu2rod	2021-05-31T06:59:55.581000Z	United States	73 km N of Chickaloon, Alaska	6.100000	44.000000	WAAK	OK	119.256000	127.114097	0.027728	2.772832	518.419000	-0.001033	-0.006413	0.026957	600	0.012528	1.252837	300	2.213242	N	low_pgd_snr,late_pgd_peak	Y	crowell_2016_gfast	cm	3d	hypocentral	median	6.792328	0.692328	0.692328
us-ak0216xu2rod-m6-1-20210531-73-km-n-of-chickaloon-alaska	ak0216xu2rod	2021-05-31T06:59:55.581000Z	United States	73 km N of Chickaloon, Alaska	6.100000	44.000000	WAAK	OK	119.256000	127.114097	0.027728	2.772832	518.419000	-0.001033	-0.006413	0.026957	600	0.012528	1.252837	300	2.213242	N	low_pgd_snr,late_pgd_peak	Y	ruhl_2019	m	3d	hypocentral	median	6.196866	0.096866	0.096866
us-ak021d1u1nos-m6-9-20211011-112-km-e-of-chignik-alaska	ak021d1u1nos	2021-10-11T09:10:25.147000Z	United States	112 km E of Chignik, Alaska	6.900000	51.600000	AC02	OK	163.777000	171.713324	0.042477	4.247658	397.853000	-0.002513	-0.006232	-0.041942	600	0.019964	1.996412	300	2.127646	N	low_pgd_snr,late_pgd_peak	Y	melgar_2015	cm	3d	hypocentral	median	6.853737	-0.046263	0.046263
us-ak021d1u1nos-m6-9-20211011-112-km-e-of-chignik-alaska	ak021d1u1nos	2021-10-11T09:10:25.147000Z	United States	112 km E of Chignik, Alaska	6.900000	51.600000	AC02	OK	163.777000	171.713324	0.042477	4.247658	397.853000	-0.002513	-0.006232	-0.041942	600	0.019964	1.996412	300	2.127646	N	low_pgd_snr,late_pgd_peak	Y	crowell_2016_gfast	cm	3d	hypocentral	median	7.159418	0.259418	0.259418
us-ak021d1u1nos-m6-9-20211011-112-km-e-of-chignik-alaska	ak021d1u1nos	2021-10-11T09:10:25.147000Z	United States	112 km E of Chignik, Alaska	6.900000	51.600000	AC02	OK	163.777000	171.713324	0.042477	4.247658	397.853000	-0.002513	-0.006232	-0.041942	600	0.019964	1.996412	300	2.127646	N	low_pgd_snr,late_pgd_peak	Y	ruhl_2019	m	3d	hypocentral	median	6.638626	-0.261374	0.261374
us-ak2025xjbvhj-m6-0-20251127-12-km-wnw-of-susitna-alaska	ak2025xjbvhj	2025-11-27T17:11:29.059000Z	United States	12 km WNW of Susitna, Alaska	6.000000	69.433395	AC11	OK	130.272000	147.620427	0.025571	2.557069	117.941000	-0.006591	0.000502	-0.024702	600	0.010322	1.032172	300	2.477367	N	low_pgd_snr	Y	melgar_2015	cm	3d	hypocentral	median	6.475880	0.475880	0.475880
us-ak2025xjbvhj-m6-0-20251127-12-km-wnw-of-susitna-alaska	ak2025xjbvhj	2025-11-27T17:11:29.059000Z	United States	12 km WNW of Susitna, Alaska	6.000000	69.433395	AC11	OK	130.272000	147.620427	0.025571	2.557069	117.941000	-0.006591	0.000502	-0.024702	600	0.010322	1.032172	300	2.477367	N	low_pgd_snr	Y	crowell_2016_gfast	cm	3d	hypocentral	median	6.849512	0.849512	0.849512
us-ak2025xjbvhj-m6-0-20251127-12-km-wnw-of-susitna-alaska	ak2025xjbvhj	2025-11-27T17:11:29.059000Z	United States	12 km WNW of Susitna, Alaska	6.000000	69.433395	AC11	OK	130.272000	147.620427	0.025571	2.557069	117.941000	-0.006591	0.000502	-0.024702	600	0.010322	1.032172	300	2.477367	N	low_pgd_snr	Y	ruhl_2019	m	3d	hypocentral	median	6.230246	0.230246	0.230246
us-ak2025xjbvhj-m6-0-20251127-12-km-wnw-of-susitna-alaska	ak2025xjbvhj	2025-11-27T17:11:29.059000Z	United States	12 km WNW of Susitna, Alaska	6.000000	69.433395	AC15	OK	133.042000	150.070551	0.036469	3.646889	86.941000	-0.009317	-0.003224	-0.035111	600	0.019198	1.919803	300	1.899617	N	low_pgd_snr	Y	melgar_2015	cm	3d	hypocentral	median	6.690927	0.690927	0.690927
us-ak2025xjbvhj-m6-0-20251127-12-km-wnw-of-susitna-alaska	ak2025xjbvhj	2025-11-27T17:11:29.059000Z	United States	12 km WNW of Susitna, Alaska	6.000000	69.433395	AC15	OK	133.042000	150.070551	0.036469	3.646889	86.941000	-0.009317	-0.003224	-0.035111	600	0.019198	1.919803	300	1.899617	N	low_pgd_snr	Y	crowell_2016_gfast	cm	3d	hypocentral	median	7.008715	1.008715	1.008715
us-ak2025xjbvhj-m6-0-20251127-12-km-wnw-of-susitna-alaska	ak2025xjbvhj	2025-11-27T17:11:29.059000Z	United States	12 km WNW of Susitna, Alaska	6.000000	69.433395	AC15	OK	133.042000	150.070551	0.036469	3.646889	86.941000	-0.009317	-0.003224	-0.035111	600	0.019198	1.919803	300	1.899617	N	low_pgd_snr	Y	ruhl_2019	m	3d	hypocentral	median	6.461901	0.461901	0.461901
us-ak2025xjbvhj-m6-0-20251127-12-km-wnw-of-susitna-alaska	ak2025xjbvhj	2025-11-27T17:11:29.059000Z	United States	12 km WNW of Susitna, Alaska	6.000000	69.433395	AC20	OK	103.256000	124.429892	0.070985	7.098451	351.941000	0.003285	-0.016672	0.068921	600	0.034041	3.404145	300	2.085237	N	low_pgd_snr,late_pgd_peak	Y	melgar_2015	cm	3d	hypocentral	median	6.973428	0.973428	0.973428
us-ak2025xjbvhj-m6-0-20251127-12-km-wnw-of-susitna-alaska	ak2025xjbvhj	2025-11-27T17:11:29.059000Z	United States	12 km WNW of Susitna, Alaska	6.000000	69.433395	AC20	OK	103.256000	124.429892	0.070985	7.098451	351.941000	0.003285	-0.016672	0.068921	600	0.034041	3.404145	300	2.085237	N	low_pgd_snr,late_pgd_peak	Y	crowell_2016_gfast	cm	3d	hypocentral	median	7.167693	1.167693	1.167693
us-ak2025xjbvhj-m6-0-20251127-12-km-wnw-of-susitna-alaska	ak2025xjbvhj	2025-11-27T17:11:29.059000Z	United States	12 km WNW of Susitna, Alaska	6.000000	69.433395	AC20	OK	103.256000	124.429892	0.070985	7.098451	351.941000	0.003285	-0.016672	0.068921	600	0.034041	3.404145	300	2.085237	N	low_pgd_snr,late_pgd_peak	Y	ruhl_2019	m	3d	hypocentral	median	6.763926	0.763926	0.763926
us-ak2025xjbvhj-m6-0-20251127-12-km-wnw-of-susitna-alaska	ak2025xjbvhj	2025-11-27T17:11:29.059000Z	United States	12 km WNW of Susitna, Alaska	6.000000	69.433395	AC32	OK	10.747000	70.260191	0.018232	1.823239	236.941000	0.004582	0.005248	0.016849	600	0.009541	0.954111	300	1.910930	N	low_pgd_snr	Y	melgar_2015	cm	3d	hypocentral	median	5.926680	-0.073320	0.073320
us-ak2025xjbvhj-m6-0-20251127-12-km-wnw-of-susitna-alaska	ak2025xjbvhj	2025-11-27T17:11:29.059000Z	United States	12 km WNW of Susitna, Alaska	6.000000	69.433395	AC32	OK	10.747000	70.260191	0.018232	1.823239	236.941000	0.004582	0.005248	0.016849	600	0.009541	0.954111	300	1.910930	N	low_pgd_snr	Y	crowell_2016_gfast	cm	3d	hypocentral	median	6.288756	0.288756	0.288756
us-ak2025xjbvhj-m6-0-20251127-12-km-wnw-of-susitna-alaska	ak2025xjbvhj	2025-11-27T17:11:29.059000Z	United States	12 km WNW of Susitna, Alaska	6.000000	69.433395	AC32	OK	10.747000	70.260191	0.018232	1.823239	236.941000	0.004582	0.005248	0.016849	600	0.009541	0.954111	300	1.910930	N	low_pgd_snr	Y	ruhl_2019	m	3d	hypocentral	median	5.639086	-0.360914	0.360914
us-ak2025xjbvhj-m6-0-20251127-12-km-wnw-of-susitna-alaska	ak2025xjbvhj	2025-11-27T17:11:29.059000Z	United States	12 km WNW of Susitna, Alaska	6.000000	69.433395	AC75	OK	169.593000	183.256056	0.018784	1.878430	331.941000	0.007422	0.005124	0.016478	600	0.008594	0.859417	300	2.185704	N	low_pgd_snr,late_pgd_peak	Y	melgar_2015	cm	3d	hypocentral	median	6.407797	0.407797	0.407797
us-ak2025xjbvhj-m6-0-20251127-12-km-wnw-of-susitna-alaska	ak2025xjbvhj	2025-11-27T17:11:29.059000Z	United States	12 km WNW of Susitna, Alaska	6.000000	69.433395	AC75	OK	169.593000	183.256056	0.018784	1.878430	331.941000	0.007422	0.005124	0.016478	600	0.008594	0.859417	300	2.185704	N	low_pgd_snr,late_pgd_peak	Y	crowell_2016_gfast	cm	3d	hypocentral	median	6.853163	0.853163	0.853163
us-ak2025xjbvhj-m6-0-20251127-12-km-wnw-of-susitna-alaska	ak2025xjbvhj	2025-11-27T17:11:29.059000Z	United States	12 km WNW of Susitna, Alaska	6.000000	69.433395	AC75	OK	169.593000	183.256056	0.018784	1.878430	331.941000	0.007422	0.005124	0.016478	600	0.008594	0.859417	300	2.185704	N	low_pgd_snr,late_pgd_peak	Y	ruhl_2019	m	3d	hypocentral	median	6.158118	0.158118	0.158118
us-ak2025xjbvhj-m6-0-20251127-12-km-wnw-of-susitna-alaska	ak2025xjbvhj	2025-11-27T17:11:29.059000Z	United States	12 km WNW of Susitna, Alaska	6.000000	69.433395	AC81	OK	42.523000	81.419911	0.027732	2.773229	4.941000	-0.007488	-0.004834	-0.026261	600	0.019944	1.994359	300	1.390537	N	low_pgd_snr	Y	melgar_2015	cm	3d	hypocentral	median	6.226052	0.226052	0.226052
us-ak2025xjbvhj-m6-0-20251127-12-km-wnw-of-susitna-alaska	ak2025xjbvhj	2025-11-27T17:11:29.059000Z	United States	12 km WNW of Susitna, Alaska	6.000000	69.433395	AC81	OK	42.523000	81.419911	0.027732	2.773229	4.941000	-0.007488	-0.004834	-0.026261	600	0.019944	1.994359	300	1.390537	N	low_pgd_snr	Y	crowell_2016_gfast	cm	3d	hypocentral	median	6.534655	0.534655	0.534655
us-ak2025xjbvhj-m6-0-20251127-12-km-wnw-of-susitna-alaska	ak2025xjbvhj	2025-11-27T17:11:29.059000Z	United States	12 km WNW of Susitna, Alaska	6.000000	69.433395	AC81	OK	42.523000	81.419911	0.027732	2.773229	4.941000	-0.007488	-0.004834	-0.026261	600	0.019944	1.994359	300	1.390537	N	low_pgd_snr	Y	ruhl_2019	m	3d	hypocentral	median	5.959452	-0.040548	0.040548
us-ak2025xjbvhj-m6-0-20251127-12-km-wnw-of-susitna-alaska	ak2025xjbvhj	2025-11-27T17:11:29.059000Z	United States	12 km WNW of Susitna, Alaska	6.000000	69.433395	ATW2	OK	85.698000	110.295710	0.028884	2.888425	127.941000	-0.002528	-0.010151	-0.026923	600	0.012248	1.224772	300	2.358337	N	low_pgd_snr	Y	melgar_2015	cm	3d	hypocentral	median	6.397189	0.397189	0.397189
us-ak2025xjbvhj-m6-0-20251127-12-km-wnw-of-susitna-alaska	ak2025xjbvhj	2025-11-27T17:11:29.059000Z	United States	12 km WNW of Susitna, Alaska	6.000000	69.433395	ATW2	OK	85.698000	110.295710	0.028884	2.888425	127.941000	-0.002528	-0.010151	-0.026923	600	0.012248	1.224772	300	2.358337	N	low_pgd_snr	Y	crowell_2016_gfast	cm	3d	hypocentral	median	6.724727	0.724727	0.724727
us-ak2025xjbvhj-m6-0-20251127-12-km-wnw-of-susitna-alaska	ak2025xjbvhj	2025-11-27T17:11:29.059000Z	United States	12 km WNW of Susitna, Alaska	6.000000	69.433395	ATW2	OK	85.698000	110.295710	0.028884	2.888425	127.941000	-0.002528	-0.010151	-0.026923	600	0.012248	1.224772	300	2.358337	N	low_pgd_snr	Y	ruhl_2019	m	3d	hypocentral	median	6.144056	0.144056	0.144056
us-hv72748782-m6-21-20211010-27-km-sse-of-naalehu-hawaii	hv72748782	2021-10-10T21:48:36.560000Z	United States	27 km SSE of Naalehu, Hawaii	6.210000	35.060000	KKAI	OK	39.534000	52.840711	0.071942	7.194178	551.440000	-0.001522	-0.009262	0.071327	600	0.033924	3.392425	300	2.120660	N	low_pgd_snr,late_pgd_peak	Y	melgar_2015	cm	3d	hypocentral	median	6.538288	0.328288	0.328288
us-hv72748782-m6-21-20211010-27-km-sse-of-naalehu-hawaii	hv72748782	2021-10-10T21:48:36.560000Z	United States	27 km SSE of Naalehu, Hawaii	6.210000	35.060000	KKAI	OK	39.534000	52.840711	0.071942	7.194178	551.440000	-0.001522	-0.009262	0.071327	600	0.033924	3.392425	300	2.120660	N	low_pgd_snr,late_pgd_peak	Y	crowell_2016_gfast	cm	3d	hypocentral	median	6.668508	0.458508	0.458508
us-hv72748782-m6-21-20211010-27-km-sse-of-naalehu-hawaii	hv72748782	2021-10-10T21:48:36.560000Z	United States	27 km SSE of Naalehu, Hawaii	6.210000	35.060000	KKAI	OK	39.534000	52.840711	0.071942	7.194178	551.440000	-0.001522	-0.009262	0.071327	600	0.033924	3.392425	300	2.120660	N	low_pgd_snr,late_pgd_peak	Y	ruhl_2019	m	3d	hypocentral	median	6.291060	0.081060	0.081060
us-hv72748782-m6-21-20211010-27-km-sse-of-naalehu-hawaii	hv72748782	2021-10-10T21:48:36.560000Z	United States	27 km SSE of Naalehu, Hawaii	6.210000	35.060000	KUAH	OK	26.192000	43.763278	0.046631	4.663068	541.440000	0.002163	-0.015243	-0.044016	600	0.029206	2.920588	300	1.596620	N	low_pgd_snr,late_pgd_peak	Y	melgar_2015	cm	3d	hypocentral	median	6.218775	0.008775	0.008775
us-hv72748782-m6-21-20211010-27-km-sse-of-naalehu-hawaii	hv72748782	2021-10-10T21:48:36.560000Z	United States	27 km SSE of Naalehu, Hawaii	6.210000	35.060000	KUAH	OK	26.192000	43.763278	0.046631	4.663068	541.440000	0.002163	-0.015243	-0.044016	600	0.029206	2.920588	300	1.596620	N	low_pgd_snr,late_pgd_peak	Y	crowell_2016_gfast	cm	3d	hypocentral	median	6.402904	0.192904	0.192904
us-hv72748782-m6-21-20211010-27-km-sse-of-naalehu-hawaii	hv72748782	2021-10-10T21:48:36.560000Z	United States	27 km SSE of Naalehu, Hawaii	6.210000	35.060000	KUAH	OK	26.192000	43.763278	0.046631	4.663068	541.440000	0.002163	-0.015243	-0.044016	600	0.029206	2.920588	300	1.596620	N	low_pgd_snr,late_pgd_peak	Y	ruhl_2019	m	3d	hypocentral	median	5.949986	-0.260014	0.260014
us-hv72748782-m6-21-20211010-27-km-sse-of-naalehu-hawaii	hv72748782	2021-10-10T21:48:36.560000Z	United States	27 km SSE of Naalehu, Hawaii	6.210000	35.060000	MLAN	OK	129.674000	134.330004	0.054231	5.423108	592.440000	-0.002353	0.000816	-0.054174	600	0.019007	1.900650	300	2.853291	N	low_pgd_snr,late_pgd_peak	Y	melgar_2015	cm	3d	hypocentral	median	6.860700	0.650700	0.650700
us-hv72748782-m6-21-20211010-27-km-sse-of-naalehu-hawaii	hv72748782	2021-10-10T21:48:36.560000Z	United States	27 km SSE of Naalehu, Hawaii	6.210000	35.060000	MLAN	OK	129.674000	134.330004	0.054231	5.423108	592.440000	-0.002353	0.000816	-0.054174	600	0.019007	1.900650	300	2.853291	N	low_pgd_snr,late_pgd_peak	Y	crowell_2016_gfast	cm	3d	hypocentral	median	7.104590	0.894590	0.894590
us-hv72748782-m6-21-20211010-27-km-sse-of-naalehu-hawaii	hv72748782	2021-10-10T21:48:36.560000Z	United States	27 km SSE of Naalehu, Hawaii	6.210000	35.060000	MLAN	OK	129.674000	134.330004	0.054231	5.423108	592.440000	-0.002353	0.000816	-0.054174	600	0.019007	1.900650	300	2.853291	N	low_pgd_snr,late_pgd_peak	Y	ruhl_2019	m	3d	hypocentral	median	6.643560	0.433560	0.433560
us-hv72748782-m6-21-20211010-27-km-sse-of-naalehu-hawaii	hv72748782	2021-10-10T21:48:36.560000Z	United States	27 km SSE of Naalehu, Hawaii	6.210000	35.060000	PBLD	OK	95.789000	102.003608	0.031427	3.142690	354.440000	0.007146	-0.009516	-0.029087	600	0.020024	2.002434	300	1.569435	N	low_pgd_snr,late_pgd_peak	Y	melgar_2015	cm	3d	hypocentral	median	6.405860	0.195860	0.195860
us-hv72748782-m6-21-20211010-27-km-sse-of-naalehu-hawaii	hv72748782	2021-10-10T21:48:36.560000Z	United States	27 km SSE of Naalehu, Hawaii	6.210000	35.060000	PBLD	OK	95.789000	102.003608	0.031427	3.142690	354.440000	0.007146	-0.009516	-0.029087	600	0.020024	2.002434	300	1.569435	N	low_pgd_snr,late_pgd_peak	Y	crowell_2016_gfast	cm	3d	hypocentral	median	6.713320	0.503320	0.503320
us-hv72748782-m6-21-20211010-27-km-sse-of-naalehu-hawaii	hv72748782	2021-10-10T21:48:36.560000Z	United States	27 km SSE of Naalehu, Hawaii	6.210000	35.060000	PBLD	OK	95.789000	102.003608	0.031427	3.142690	354.440000	0.007146	-0.009516	-0.029087	600	0.020024	2.002434	300	1.569435	N	low_pgd_snr,late_pgd_peak	Y	ruhl_2019	m	3d	hypocentral	median	6.152974	-0.057026	0.057026
us-nc71338066-m6-5-20100110-the-2010-eureka-california-earthquake	nc71338066	2010-01-10T00:27:39.320000Z	United States	The 2010 Eureka, California Earthquake	6.500000	28.737000	P159	OK	38.277000	47.863806	0.044611	4.461098	508.680000	0.034923	-0.025553	-0.010843	600	0.016963	1.696311	300	2.629883	N	low_pgd_snr,late_pgd_peak	Y	melgar_2015	cm	3d	hypocentral	median	6.236135	-0.263865	0.263865
us-nc71338066-m6-5-20100110-the-2010-eureka-california-earthquake	nc71338066	2010-01-10T00:27:39.320000Z	United States	The 2010 Eureka, California Earthquake	6.500000	28.737000	P159	OK	38.277000	47.863806	0.044611	4.461098	508.680000	0.034923	-0.025553	-0.010843	600	0.016963	1.696311	300	2.629883	N	low_pgd_snr,late_pgd_peak	Y	crowell_2016_gfast	cm	3d	hypocentral	median	6.432775	-0.067225	0.067225
us-nc71338066-m6-5-20100110-the-2010-eureka-california-earthquake	nc71338066	2010-01-10T00:27:39.320000Z	United States	The 2010 Eureka, California Earthquake	6.500000	28.737000	P159	OK	38.277000	47.863806	0.044611	4.461098	508.680000	0.034923	-0.025553	-0.010843	600	0.016963	1.696311	300	2.629883	N	low_pgd_snr,late_pgd_peak	Y	ruhl_2019	m	3d	hypocentral	median	5.968707	-0.531293	0.531293
us-nc73666231-m6-2-20211220-7km-n-of-petrolia-ca	nc73666231	2021-12-20T20:10:31.310000Z	United States	7km N of Petrolia, CA	6.200000	27.040000	P158	OK	16.550000	31.702746	0.042365	4.236532	206.000000	0.005069	0.013320	-0.039896	601	0.012773	1.277295	300	3.316799	Y		Y	melgar_2015	cm	3d	hypocentral	median	6.026098	-0.173902	0.173902
us-nc73666231-m6-2-20211220-7km-n-of-petrolia-ca	nc73666231	2021-12-20T20:10:31.310000Z	United States	7km N of Petrolia, CA	6.200000	27.040000	P158	OK	16.550000	31.702746	0.042365	4.236532	206.000000	0.005069	0.013320	-0.039896	601	0.012773	1.277295	300	3.316799	Y		Y	crowell_2016_gfast	cm	3d	hypocentral	median	6.204807	0.004807	0.004807
us-nc73666231-m6-2-20211220-7km-n-of-petrolia-ca	nc73666231	2021-12-20T20:10:31.310000Z	United States	7km N of Petrolia, CA	6.200000	27.040000	P158	OK	16.550000	31.702746	0.042365	4.236532	206.000000	0.005069	0.013320	-0.039896	601	0.012773	1.277295	300	3.316799	Y		Y	ruhl_2019	m	3d	hypocentral	median	5.744693	-0.455307	0.455307
us-nc73666231-m6-2-20211220-7km-n-of-petrolia-ca	nc73666231	2021-12-20T20:10:31.310000Z	United States	7km N of Petrolia, CA	6.200000	27.040000	P159	OK	12.811000	29.921285	0.044260	4.426037	316.000000	0.018562	0.001416	-0.040155	601	0.008906	0.890591	300	4.969774	N	late_pgd_peak	Y	melgar_2015	cm	3d	hypocentral	median	6.023866	-0.176134	0.176134
us-nc73666231-m6-2-20211220-7km-n-of-petrolia-ca	nc73666231	2021-12-20T20:10:31.310000Z	United States	7km N of Petrolia, CA	6.200000	27.040000	P159	OK	12.811000	29.921285	0.044260	4.426037	316.000000	0.018562	0.001416	-0.040155	601	0.008906	0.890591	300	4.969774	N	late_pgd_peak	Y	crowell_2016_gfast	cm	3d	hypocentral	median	6.192691	-0.007309	0.007309
us-nc73666231-m6-2-20211220-7km-n-of-petrolia-ca	nc73666231	2021-12-20T20:10:31.310000Z	United States	7km N of Petrolia, CA	6.200000	27.040000	P159	OK	12.811000	29.921285	0.044260	4.426037	316.000000	0.018562	0.001416	-0.040155	601	0.008906	0.890591	300	4.969774	N	late_pgd_peak	Y	ruhl_2019	m	3d	hypocentral	median	5.742281	-0.457719	0.457719
us-nc73666231-m6-2-20211220-7km-n-of-petrolia-ca	nc73666231	2021-12-20T20:10:31.310000Z	United States	7km N of Petrolia, CA	6.200000	27.040000	P160	OK	22.696000	35.302550	0.041004	4.100439	16.000000	-0.009589	0.001037	0.039854	601	0.019936	1.993568	300	2.056834	N	low_pgd_snr	Y	melgar_2015	cm	3d	hypocentral	median	6.055692	-0.144308	0.144308
us-nc73666231-m6-2-20211220-7km-n-of-petrolia-ca	nc73666231	2021-12-20T20:10:31.310000Z	United States	7km N of Petrolia, CA	6.200000	27.040000	P160	OK	22.696000	35.302550	0.041004	4.100439	16.000000	-0.009589	0.001037	0.039854	601	0.019936	1.993568	300	2.056834	N	low_pgd_snr	Y	crowell_2016_gfast	cm	3d	hypocentral	median	6.245740	0.045740	0.045740
us-nc73666231-m6-2-20211220-7km-n-of-petrolia-ca	nc73666231	2021-12-20T20:10:31.310000Z	United States	7km N of Petrolia, CA	6.200000	27.040000	P160	OK	22.696000	35.302550	0.041004	4.100439	16.000000	-0.009589	0.001037	0.039854	601	0.019936	1.993568	300	2.056834	N	low_pgd_snr	Y	ruhl_2019	m	3d	hypocentral	median	5.776210	-0.423790	0.423790
us-nc73666231-m6-2-20211220-7km-n-of-petrolia-ca	nc73666231	2021-12-20T20:10:31.310000Z	United States	7km N of Petrolia, CA	6.200000	27.040000	P163	OK	27.863000	38.826645	0.040692	4.069214	203.000000	0.005206	0.008904	-0.039363	601	0.014560	1.456009	300	2.794772	N	low_pgd_snr	Y	melgar_2015	cm	3d	hypocentral	median	6.093403	-0.106597	0.106597
us-nc73666231-m6-2-20211220-7km-n-of-petrolia-ca	nc73666231	2021-12-20T20:10:31.310000Z	United States	7km N of Petrolia, CA	6.200000	27.040000	P163	OK	27.863000	38.826645	0.040692	4.069214	203.000000	0.005206	0.008904	-0.039363	601	0.014560	1.456009	300	2.794772	N	low_pgd_snr	Y	crowell_2016_gfast	cm	3d	hypocentral	median	6.290495	0.090495	0.090495
us-nc73666231-m6-2-20211220-7km-n-of-petrolia-ca	nc73666231	2021-12-20T20:10:31.310000Z	United States	7km N of Petrolia, CA	6.200000	27.040000	P163	OK	27.863000	38.826645	0.040692	4.069214	203.000000	0.005206	0.008904	-0.039363	601	0.014560	1.456009	300	2.794772	N	low_pgd_snr	Y	ruhl_2019	m	3d	hypocentral	median	5.816400	-0.383600	0.383600
us-nc73821036-m6-4-20221220-15km-wsw-of-ferndale-ca	nc73821036	2022-12-20T10:34:24.770000Z	United States	15km WSW of Ferndale, CA	6.400000	17.910000	P058	OK	48.832000	52.012809	0.029977	2.997699	16.230000	-0.001776	-0.029655	-0.004008	600	0.019534	1.953379	300	1.534623	N	low_pgd_snr	Y	melgar_2015	cm	3d	hypocentral	median	6.061378	-0.338622	0.338622
us-nc73821036-m6-4-20221220-15km-wsw-of-ferndale-ca	nc73821036	2022-12-20T10:34:24.770000Z	United States	15km WSW of Ferndale, CA	6.400000	17.910000	P058	OK	48.832000	52.012809	0.029977	2.997699	16.230000	-0.001776	-0.029655	-0.004008	600	0.019534	1.953379	300	1.534623	N	low_pgd_snr	Y	crowell_2016_gfast	cm	3d	hypocentral	median	6.324231	-0.075769	0.075769
us-nc73821036-m6-4-20221220-15km-wsw-of-ferndale-ca	nc73821036	2022-12-20T10:34:24.770000Z	United States	15km WSW of Ferndale, CA	6.400000	17.910000	P058	OK	48.832000	52.012809	0.029977	2.997699	16.230000	-0.001776	-0.029655	-0.004008	600	0.019534	1.953379	300	1.534623	N	low_pgd_snr	Y	ruhl_2019	m	3d	hypocentral	median	5.782684	-0.617316	0.617316
us-nc73821036-m6-4-20221220-15km-wsw-of-ferndale-ca	nc73821036	2022-12-20T10:34:24.770000Z	United States	15km WSW of Ferndale, CA	6.400000	17.910000	P059	OK	187.277000	188.131451	0.021210	2.120967	546.230000	-0.001619	0.000551	-0.021141	600	0.008241	0.824118	300	2.573621	N	low_pgd_snr,late_pgd_peak	Y	melgar_2015	cm	3d	hypocentral	median	6.493488	0.093488	0.093488
us-nc73821036-m6-4-20221220-15km-wsw-of-ferndale-ca	nc73821036	2022-12-20T10:34:24.770000Z	United States	15km WSW of Ferndale, CA	6.400000	17.910000	P059	OK	187.277000	188.131451	0.021210	2.120967	546.230000	-0.001619	0.000551	-0.021141	600	0.008241	0.824118	300	2.573621	N	low_pgd_snr,late_pgd_peak	Y	crowell_2016_gfast	cm	3d	hypocentral	median	6.921716	0.521716	0.521716
us-nc73821036-m6-4-20221220-15km-wsw-of-ferndale-ca	nc73821036	2022-12-20T10:34:24.770000Z	United States	15km WSW of Ferndale, CA	6.400000	17.910000	P059	OK	187.277000	188.131451	0.021210	2.120967	546.230000	-0.001619	0.000551	-0.021141	600	0.008241	0.824118	300	2.573621	N	low_pgd_snr,late_pgd_peak	Y	ruhl_2019	m	3d	hypocentral	median	6.250758	-0.149242	0.149242
us-nc73821036-m6-4-20221220-15km-wsw-of-ferndale-ca	nc73821036	2022-12-20T10:34:24.770000Z	United States	15km WSW of Ferndale, CA	6.400000	17.910000	P060	OK	177.099000	178.002314	0.050017	5.001730	489.230000	-0.009632	0.025331	-0.042039	600	0.016904	1.690438	300	2.958837	N	low_pgd_snr,late_pgd_peak	Y	melgar_2015	cm	3d	hypocentral	median	6.970169	0.570169	0.570169
us-nc73821036-m6-4-20221220-15km-wsw-of-ferndale-ca	nc73821036	2022-12-20T10:34:24.770000Z	United States	15km WSW of Ferndale, CA	6.400000	17.910000	P060	OK	177.099000	178.002314	0.050017	5.001730	489.230000	-0.009632	0.025331	-0.042039	600	0.016904	1.690438	300	2.958837	N	low_pgd_snr,late_pgd_peak	Y	crowell_2016_gfast	cm	3d	hypocentral	median	7.252608	0.852608	0.852608
us-nc73821036-m6-4-20221220-15km-wsw-of-ferndale-ca	nc73821036	2022-12-20T10:34:24.770000Z	United States	15km WSW of Ferndale, CA	6.400000	17.910000	P060	OK	177.099000	178.002314	0.050017	5.001730	489.230000	-0.009632	0.025331	-0.042039	600	0.016904	1.690438	300	2.958837	N	low_pgd_snr,late_pgd_peak	Y	ruhl_2019	m	3d	hypocentral	median	6.764610	0.364610	0.364610
us-nc73821036-m6-4-20221220-15km-wsw-of-ferndale-ca	nc73821036	2022-12-20T10:34:24.770000Z	United States	15km WSW of Ferndale, CA	6.400000	17.910000	P154	OK	168.045000	168.996716	0.030710	3.070977	117.230000	0.000216	0.000260	-0.030708	600	0.012638	1.263821	300	2.429914	N	low_pgd_snr	Y	melgar_2015	cm	3d	hypocentral	median	6.654395	0.254395	0.254395
us-nc73821036-m6-4-20221220-15km-wsw-of-ferndale-ca	nc73821036	2022-12-20T10:34:24.770000Z	United States	15km WSW of Ferndale, CA	6.400000	17.910000	P154	OK	168.045000	168.996716	0.030710	3.070977	117.230000	0.000216	0.000260	-0.030708	600	0.012638	1.263821	300	2.429914	N	low_pgd_snr	Y	crowell_2016_gfast	cm	3d	hypocentral	median	7.011374	0.611374	0.611374
us-nc73821036-m6-4-20221220-15km-wsw-of-ferndale-ca	nc73821036	2022-12-20T10:34:24.770000Z	United States	15km WSW of Ferndale, CA	6.400000	17.910000	P154	OK	168.045000	168.996716	0.030710	3.070977	117.230000	0.000216	0.000260	-0.030708	600	0.012638	1.263821	300	2.429914	N	low_pgd_snr	Y	ruhl_2019	m	3d	hypocentral	median	6.423540	0.023540	0.023540
us-nc73821036-m6-4-20221220-15km-wsw-of-ferndale-ca	nc73821036	2022-12-20T10:34:24.770000Z	United States	15km WSW of Ferndale, CA	6.400000	17.910000	P155	OK	132.916000	134.117229	0.050914	5.091375	270.230000	0.011900	0.006677	-0.049051	600	0.029627	2.962718	300	1.718481	N	low_pgd_snr	Y	melgar_2015	cm	3d	hypocentral	median	6.823449	0.423449	0.423449
us-nc73821036-m6-4-20221220-15km-wsw-of-ferndale-ca	nc73821036	2022-12-20T10:34:24.770000Z	United States	15km WSW of Ferndale, CA	6.400000	17.910000	P155	OK	132.916000	134.117229	0.050914	5.091375	270.230000	0.011900	0.006677	-0.049051	600	0.029627	2.962718	300	1.718481	N	low_pgd_snr	Y	crowell_2016_gfast	cm	3d	hypocentral	median	7.077348	0.677348	0.677348
us-nc73821036-m6-4-20221220-15km-wsw-of-ferndale-ca	nc73821036	2022-12-20T10:34:24.770000Z	United States	15km WSW of Ferndale, CA	6.400000	17.910000	P155	OK	132.916000	134.117229	0.050914	5.091375	270.230000	0.011900	0.006677	-0.049051	600	0.029627	2.962718	300	1.718481	N	low_pgd_snr	Y	ruhl_2019	m	3d	hypocentral	median	6.603480	0.203480	0.203480
us-nc73821036-m6-4-20221220-15km-wsw-of-ferndale-ca	nc73821036	2022-12-20T10:34:24.770000Z	United States	15km WSW of Ferndale, CA	6.400000	17.910000	P158	OK	29.042000	34.120461	0.061695	6.169546	13.230000	0.056714	-0.008152	-0.022878	600	0.010628	1.062784	300	5.805079	Y		Y	melgar_2015	cm	3d	hypocentral	median	6.253266	-0.146734	0.146734
us-nc73821036-m6-4-20221220-15km-wsw-of-ferndale-ca	nc73821036	2022-12-20T10:34:24.770000Z	United States	15km WSW of Ferndale, CA	6.400000	17.910000	P158	OK	29.042000	34.120461	0.061695	6.169546	13.230000	0.056714	-0.008152	-0.022878	600	0.010628	1.062784	300	5.805079	Y		Y	crowell_2016_gfast	cm	3d	hypocentral	median	6.380264	-0.019736	0.019736
us-nc73821036-m6-4-20221220-15km-wsw-of-ferndale-ca	nc73821036	2022-12-20T10:34:24.770000Z	United States	15km WSW of Ferndale, CA	6.400000	17.910000	P158	OK	29.042000	34.120461	0.061695	6.169546	13.230000	0.056714	-0.008152	-0.022878	600	0.010628	1.062784	300	5.805079	Y		Y	ruhl_2019	m	3d	hypocentral	median	5.985987	-0.414013	0.414013
us-nc73821036-m6-4-20221220-15km-wsw-of-ferndale-ca	nc73821036	2022-12-20T10:34:24.770000Z	United States	15km WSW of Ferndale, CA	6.400000	17.910000	P159	OK	12.063000	21.593612	0.034758	3.475831	68.230000	0.005620	0.002657	-0.034198	600	0.013152	1.315216	300	2.642784	N	low_pgd_snr	Y	melgar_2015	cm	3d	hypocentral	median	5.765757	-0.634243	0.634243
us-nc73821036-m6-4-20221220-15km-wsw-of-ferndale-ca	nc73821036	2022-12-20T10:34:24.770000Z	United States	15km WSW of Ferndale, CA	6.400000	17.910000	P159	OK	12.063000	21.593612	0.034758	3.475831	68.230000	0.005620	0.002657	-0.034198	600	0.013152	1.315216	300	2.642784	N	low_pgd_snr	Y	crowell_2016_gfast	cm	3d	hypocentral	median	5.951692	-0.448308	0.448308
us-nc73821036-m6-4-20221220-15km-wsw-of-ferndale-ca	nc73821036	2022-12-20T10:34:24.770000Z	United States	15km WSW of Ferndale, CA	6.400000	17.910000	P159	OK	12.063000	21.593612	0.034758	3.475831	68.230000	0.005620	0.002657	-0.034198	600	0.013152	1.315216	300	2.642784	N	low_pgd_snr	Y	ruhl_2019	m	3d	hypocentral	median	5.468956	-0.931044	0.931044
us-nc73821036-m6-4-20221220-15km-wsw-of-ferndale-ca	nc73821036	2022-12-20T10:34:24.770000Z	United States	15km WSW of Ferndale, CA	6.400000	17.910000	P160	OK	24.655000	30.473548	0.106056	10.605569	12.230000	0.038277	-0.097487	-0.016704	600	0.014342	1.434207	300	7.394728	Y		Y	melgar_2015	cm	3d	hypocentral	median	6.482324	0.082324	0.082324
us-nc73821036-m6-4-20221220-15km-wsw-of-ferndale-ca	nc73821036	2022-12-20T10:34:24.770000Z	United States	15km WSW of Ferndale, CA	6.400000	17.910000	P160	OK	24.655000	30.473548	0.106056	10.605569	12.230000	0.038277	-0.097487	-0.016704	600	0.014342	1.434207	300	7.394728	Y		Y	crowell_2016_gfast	cm	3d	hypocentral	median	6.522556	0.122556	0.122556
us-nc73821036-m6-4-20221220-15km-wsw-of-ferndale-ca	nc73821036	2022-12-20T10:34:24.770000Z	United States	15km WSW of Ferndale, CA	6.400000	17.910000	P160	OK	24.655000	30.473548	0.106056	10.605569	12.230000	0.038277	-0.097487	-0.016704	600	0.014342	1.434207	300	7.394728	Y		Y	ruhl_2019	m	3d	hypocentral	median	6.228697	-0.171303	0.171303
us-nc73821036-m6-4-20221220-15km-wsw-of-ferndale-ca	nc73821036	2022-12-20T10:34:24.770000Z	United States	15km WSW of Ferndale, CA	6.400000	17.910000	P161	OK	21.689000	28.127937	0.125256	12.525630	12.230000	-0.059155	-0.110377	0.002616	600	0.012196	1.219551	300	10.270691	Y		Y	melgar_2015	cm	3d	hypocentral	median	6.530904	0.130904	0.130904
us-nc73821036-m6-4-20221220-15km-wsw-of-ferndale-ca	nc73821036	2022-12-20T10:34:24.770000Z	United States	15km WSW of Ferndale, CA	6.400000	17.910000	P161	OK	21.689000	28.127937	0.125256	12.525630	12.230000	-0.059155	-0.110377	0.002616	600	0.012196	1.219551	300	10.270691	Y		Y	crowell_2016_gfast	cm	3d	hypocentral	median	6.542483	0.142483	0.142483
us-nc73821036-m6-4-20221220-15km-wsw-of-ferndale-ca	nc73821036	2022-12-20T10:34:24.770000Z	United States	15km WSW of Ferndale, CA	6.400000	17.910000	P161	OK	21.689000	28.127937	0.125256	12.525630	12.230000	-0.059155	-0.110377	0.002616	600	0.012196	1.219551	300	10.270691	Y		Y	ruhl_2019	m	3d	hypocentral	median	6.279830	-0.120170	0.120170
us-nc73821036-m6-4-20221220-15km-wsw-of-ferndale-ca	nc73821036	2022-12-20T10:34:24.770000Z	United States	15km WSW of Ferndale, CA	6.400000	17.910000	P162	OK	24.242000	30.140383	0.079738	7.973845	13.230000	-0.077121	-0.020262	-0.000143	600	0.012680	1.267971	300	6.288667	Y		Y	melgar_2015	cm	3d	hypocentral	median	6.330301	-0.069699	0.069699
us-nc73821036-m6-4-20221220-15km-wsw-of-ferndale-ca	nc73821036	2022-12-20T10:34:24.770000Z	United States	15km WSW of Ferndale, CA	6.400000	17.910000	P162	OK	24.242000	30.140383	0.079738	7.973845	13.230000	-0.077121	-0.020262	-0.000143	600	0.012680	1.267971	300	6.288667	Y		Y	crowell_2016_gfast	cm	3d	hypocentral	median	6.412261	0.012261	0.012261
us-nc73821036-m6-4-20221220-15km-wsw-of-ferndale-ca	nc73821036	2022-12-20T10:34:24.770000Z	United States	15km WSW of Ferndale, CA	6.400000	17.910000	P162	OK	24.242000	30.140383	0.079738	7.973845	13.230000	-0.077121	-0.020262	-0.000143	600	0.012680	1.267971	300	6.288667	Y		Y	ruhl_2019	m	3d	hypocentral	median	6.067370	-0.332630	0.332630
us-nc73821036-m6-4-20221220-15km-wsw-of-ferndale-ca	nc73821036	2022-12-20T10:34:24.770000Z	United States	15km WSW of Ferndale, CA	6.400000	17.910000	P163	OK	45.967000	49.332881	0.051874	5.187408	19.230000	0.050946	0.009639	0.001585	600	0.010078	1.007826	300	5.147127	Y		Y	melgar_2015	cm	3d	hypocentral	median	6.330569	-0.069431	0.069431
us-nc73821036-m6-4-20221220-15km-wsw-of-ferndale-ca	nc73821036	2022-12-20T10:34:24.770000Z	United States	15km WSW of Ferndale, CA	6.400000	17.910000	P163	OK	45.967000	49.332881	0.051874	5.187408	19.230000	0.050946	0.009639	0.001585	600	0.010078	1.007826	300	5.147127	Y		Y	crowell_2016_gfast	cm	3d	hypocentral	median	6.506244	0.106244	0.106244
us-nc73821036-m6-4-20221220-15km-wsw-of-ferndale-ca	nc73821036	2022-12-20T10:34:24.770000Z	United States	15km WSW of Ferndale, CA	6.400000	17.910000	P163	OK	45.967000	49.332881	0.051874	5.187408	19.230000	0.050946	0.009639	0.001585	600	0.010078	1.007826	300	5.147127	Y		Y	ruhl_2019	m	3d	hypocentral	median	6.069390	-0.330610	0.330610
us-nc73821036-m6-4-20221220-15km-wsw-of-ferndale-ca	nc73821036	2022-12-20T10:34:24.770000Z	United States	15km WSW of Ferndale, CA	6.400000	17.910000	P164	OK	76.563000	78.629899	0.033717	3.371676	427.230000	-0.001607	-0.015686	0.029802	600	0.007206	0.720553	300	4.679288	N	late_pgd_peak	Y	melgar_2015	cm	3d	hypocentral	median	6.317532	-0.082468	0.082468
us-nc73821036-m6-4-20221220-15km-wsw-of-ferndale-ca	nc73821036	2022-12-20T10:34:24.770000Z	United States	15km WSW of Ferndale, CA	6.400000	17.910000	P164	OK	76.563000	78.629899	0.033717	3.371676	427.230000	-0.001607	-0.015686	0.029802	600	0.007206	0.720553	300	4.679288	N	late_pgd_peak	Y	crowell_2016_gfast	cm	3d	hypocentral	median	6.592849	0.192849	0.192849
us-nc73821036-m6-4-20221220-15km-wsw-of-ferndale-ca	nc73821036	2022-12-20T10:34:24.770000Z	United States	15km WSW of Ferndale, CA	6.400000	17.910000	P164	OK	76.563000	78.629899	0.033717	3.371676	427.230000	-0.001607	-0.015686	0.029802	600	0.007206	0.720553	300	4.679288	N	late_pgd_peak	Y	ruhl_2019	m	3d	hypocentral	median	6.057220	-0.342780	0.342780
us-nc73821036-m6-4-20221220-15km-wsw-of-ferndale-ca	nc73821036	2022-12-20T10:34:24.770000Z	United States	15km WSW of Ferndale, CA	6.400000	17.910000	P165	OK	57.395000	60.124489	0.041108	4.110766	270.230000	0.005711	0.019742	-0.035602	600	0.011855	1.185509	300	3.467512	Y		Y	melgar_2015	cm	3d	hypocentral	median	6.298166	-0.101834	0.101834
us-nc73821036-m6-4-20221220-15km-wsw-of-ferndale-ca	nc73821036	2022-12-20T10:34:24.770000Z	United States	15km WSW of Ferndale, CA	6.400000	17.910000	P165	OK	57.395000	60.124489	0.041108	4.110766	270.230000	0.005711	0.019742	-0.035602	600	0.011855	1.185509	300	3.467512	Y		Y	crowell_2016_gfast	cm	3d	hypocentral	median	6.522857	0.122857	0.122857
us-nc73821036-m6-4-20221220-15km-wsw-of-ferndale-ca	nc73821036	2022-12-20T10:34:24.770000Z	United States	15km WSW of Ferndale, CA	6.400000	17.910000	P165	OK	57.395000	60.124489	0.041108	4.110766	270.230000	0.005711	0.019742	-0.035602	600	0.011855	1.185509	300	3.467512	Y		Y	ruhl_2019	m	3d	hypocentral	median	6.035547	-0.364453	0.364453
us-nc73821036-m6-4-20221220-15km-wsw-of-ferndale-ca	nc73821036	2022-12-20T10:34:24.770000Z	United States	15km WSW of Ferndale, CA	6.400000	17.910000	P166	OK	48.421000	51.627138	0.045350	4.535030	35.230000	-0.020571	-0.019845	0.035209	600	0.016769	1.676912	300	2.704393	N	low_pgd_snr	Y	melgar_2015	cm	3d	hypocentral	median	6.279838	-0.120162	0.120162
us-nc73821036-m6-4-20221220-15km-wsw-of-ferndale-ca	nc73821036	2022-12-20T10:34:24.770000Z	United States	15km WSW of Ferndale, CA	6.400000	17.910000	P166	OK	48.421000	51.627138	0.045350	4.535030	35.230000	-0.020571	-0.019845	0.035209	600	0.016769	1.676912	300	2.704393	N	low_pgd_snr	Y	crowell_2016_gfast	cm	3d	hypocentral	median	6.478996	0.078996	0.078996
us-nc73821036-m6-4-20221220-15km-wsw-of-ferndale-ca	nc73821036	2022-12-20T10:34:24.770000Z	United States	15km WSW of Ferndale, CA	6.400000	17.910000	P166	OK	48.421000	51.627138	0.045350	4.535030	35.230000	-0.020571	-0.019845	0.035209	600	0.016769	1.676912	300	2.704393	N	low_pgd_snr	Y	ruhl_2019	m	3d	hypocentral	median	6.015492	-0.384508	0.384508
us-nc73821036-m6-4-20221220-15km-wsw-of-ferndale-ca	nc73821036	2022-12-20T10:34:24.770000Z	United States	15km WSW of Ferndale, CA	6.400000	17.910000	P167	OK	45.919000	49.288159	0.054632	5.463232	16.230000	0.012794	-0.051079	0.014557	600	0.009854	0.985438	300	5.543963	Y		Y	melgar_2015	cm	3d	hypocentral	median	6.357807	-0.042193	0.042193
us-nc73821036-m6-4-20221220-15km-wsw-of-ferndale-ca	nc73821036	2022-12-20T10:34:24.770000Z	United States	15km WSW of Ferndale, CA	6.400000	17.910000	P167	OK	45.919000	49.288159	0.054632	5.463232	16.230000	0.012794	-0.051079	0.014557	600	0.009854	0.985438	300	5.543963	Y		Y	crowell_2016_gfast	cm	3d	hypocentral	median	6.525537	0.125537	0.125537
us-nc73821036-m6-4-20221220-15km-wsw-of-ferndale-ca	nc73821036	2022-12-20T10:34:24.770000Z	United States	15km WSW of Ferndale, CA	6.400000	17.910000	P167	OK	45.919000	49.288159	0.054632	5.463232	16.230000	0.012794	-0.051079	0.014557	600	0.009854	0.985438	300	5.543963	Y		Y	ruhl_2019	m	3d	hypocentral	median	6.098403	-0.301597	0.301597
us-nc73821036-m6-4-20221220-15km-wsw-of-ferndale-ca	nc73821036	2022-12-20T10:34:24.770000Z	United States	15km WSW of Ferndale, CA	6.400000	17.910000	P168	OK	48.428000	51.633703	0.060289	6.028872	17.230000	0.023239	-0.050741	-0.022805	600	0.011717	1.171672	300	5.145528	Y		Y	melgar_2015	cm	3d	hypocentral	median	6.432443	0.032443	0.032443
us-nc73821036-m6-4-20221220-15km-wsw-of-ferndale-ca	nc73821036	2022-12-20T10:34:24.770000Z	United States	15km WSW of Ferndale, CA	6.400000	17.910000	P168	OK	48.428000	51.633703	0.060289	6.028872	17.230000	0.023239	-0.050741	-0.022805	600	0.011717	1.171672	300	5.145528	Y		Y	crowell_2016_gfast	cm	3d	hypocentral	median	6.588163	0.188163	0.188163
us-nc73821036-m6-4-20221220-15km-wsw-of-ferndale-ca	nc73821036	2022-12-20T10:34:24.770000Z	United States	15km WSW of Ferndale, CA	6.400000	17.910000	P168	OK	48.428000	51.633703	0.060289	6.028872	17.230000	0.023239	-0.050741	-0.022805	600	0.011717	1.171672	300	5.145528	Y		Y	ruhl_2019	m	3d	hypocentral	median	6.178127	-0.221873	0.221873
us-nc73821036-m6-4-20221220-15km-wsw-of-ferndale-ca	nc73821036	2022-12-20T10:34:24.770000Z	United States	15km WSW of Ferndale, CA	6.400000	17.910000	P169	OK	48.482000	51.684354	0.049450	4.945028	17.230000	0.002209	-0.047563	-0.013349	600	0.009071	0.907057	300	5.451728	Y		Y	melgar_2015	cm	3d	hypocentral	median	6.326726	-0.073274	0.073274
us-nc73821036-m6-4-20221220-15km-wsw-of-ferndale-ca	nc73821036	2022-12-20T10:34:24.770000Z	United States	15km WSW of Ferndale, CA	6.400000	17.910000	P169	OK	48.482000	51.684354	0.049450	4.945028	17.230000	0.002209	-0.047563	-0.013349	600	0.009071	0.907057	300	5.451728	Y		Y	crowell_2016_gfast	cm	3d	hypocentral	median	6.512751	0.112751	0.112751
us-nc73821036-m6-4-20221220-15km-wsw-of-ferndale-ca	nc73821036	2022-12-20T10:34:24.770000Z	United States	15km WSW of Ferndale, CA	6.400000	17.910000	P169	OK	48.482000	51.684354	0.049450	4.945028	17.230000	0.002209	-0.047563	-0.013349	600	0.009071	0.907057	300	5.451728	Y		Y	ruhl_2019	m	3d	hypocentral	median	6.065466	-0.334534	0.334534
us-nc73821036-m6-4-20221220-15km-wsw-of-ferndale-ca	nc73821036	2022-12-20T10:34:24.770000Z	United States	15km WSW of Ferndale, CA	6.400000	17.910000	P170	OK	61.531000	64.084570	0.034171	3.417148	31.230000	-0.010926	-0.008997	-0.031102	600	0.016745	1.674474	300	2.040729	N	low_pgd_snr	Y	melgar_2015	cm	3d	hypocentral	median	6.227733	-0.172267	0.172267
us-nc73821036-m6-4-20221220-15km-wsw-of-ferndale-ca	nc73821036	2022-12-20T10:34:24.770000Z	United States	15km WSW of Ferndale, CA	6.400000	17.910000	P170	OK	61.531000	64.084570	0.034171	3.417148	31.230000	-0.010926	-0.008997	-0.031102	600	0.016745	1.674474	300	2.040729	N	low_pgd_snr	Y	crowell_2016_gfast	cm	3d	hypocentral	median	6.485501	0.085501	0.085501
us-nc73821036-m6-4-20221220-15km-wsw-of-ferndale-ca	nc73821036	2022-12-20T10:34:24.770000Z	United States	15km WSW of Ferndale, CA	6.400000	17.910000	P170	OK	61.531000	64.084570	0.034171	3.417148	31.230000	-0.010926	-0.008997	-0.031102	600	0.016745	1.674474	300	2.040729	N	low_pgd_snr	Y	ruhl_2019	m	3d	hypocentral	median	5.960562	-0.439438	0.439438
us-nc73821036-m6-4-20221220-15km-wsw-of-ferndale-ca	nc73821036	2022-12-20T10:34:24.770000Z	United States	15km WSW of Ferndale, CA	6.400000	17.910000	P179	OK	185.539000	186.401418	0.020244	2.024352	100.230000	-0.006269	-0.003078	0.019000	600	0.007181	0.718121	300	2.818955	N	low_pgd_snr	Y	melgar_2015	cm	3d	hypocentral	median	6.460990	0.060990	0.060990
us-nc73821036-m6-4-20221220-15km-wsw-of-ferndale-ca	nc73821036	2022-12-20T10:34:24.770000Z	United States	15km WSW of Ferndale, CA	6.400000	17.910000	P179	OK	185.539000	186.401418	0.020244	2.024352	100.230000	-0.006269	-0.003078	0.019000	600	0.007181	0.718121	300	2.818955	N	low_pgd_snr	Y	crowell_2016_gfast	cm	3d	hypocentral	median	6.895889	0.495889	0.495889
us-nc73821036-m6-4-20221220-15km-wsw-of-ferndale-ca	nc73821036	2022-12-20T10:34:24.770000Z	United States	15km WSW of Ferndale, CA	6.400000	17.910000	P179	OK	185.539000	186.401418	0.020244	2.024352	100.230000	-0.006269	-0.003078	0.019000	600	0.007181	0.718121	300	2.818955	N	low_pgd_snr	Y	ruhl_2019	m	3d	hypocentral	median	6.215622	-0.184378	0.184378
us-nc73821036-m6-4-20221220-15km-wsw-of-ferndale-ca	nc73821036	2022-12-20T10:34:24.770000Z	United States	15km WSW of Ferndale, CA	6.400000	17.910000	P184	OK	167.999000	168.950975	0.028222	2.822233	547.230000	-0.005139	0.002406	-0.027646	600	0.013976	1.397617	300	2.019317	N	low_pgd_snr,late_pgd_peak	Y	melgar_2015	cm	3d	hypocentral	median	6.604648	0.204648	0.204648
us-nc73821036-m6-4-20221220-15km-wsw-of-ferndale-ca	nc73821036	2022-12-20T10:34:24.770000Z	United States	15km WSW of Ferndale, CA	6.400000	17.910000	P184	OK	167.999000	168.950975	0.028222	2.822233	547.230000	-0.005139	0.002406	-0.027646	600	0.013976	1.397617	300	2.019317	N	low_pgd_snr,late_pgd_peak	Y	crowell_2016_gfast	cm	3d	hypocentral	median	6.975352	0.575352	0.575352
us-nc73821036-m6-4-20221220-15km-wsw-of-ferndale-ca	nc73821036	2022-12-20T10:34:24.770000Z	United States	15km WSW of Ferndale, CA	6.400000	17.910000	P184	OK	167.999000	168.950975	0.028222	2.822233	547.230000	-0.005139	0.002406	-0.027646	600	0.013976	1.397617	300	2.019317	N	low_pgd_snr,late_pgd_peak	Y	ruhl_2019	m	3d	hypocentral	median	6.369904	-0.030096	0.030096
us-nc73821036-m6-4-20221220-15km-wsw-of-ferndale-ca	nc73821036	2022-12-20T10:34:24.770000Z	United States	15km WSW of Ferndale, CA	6.400000	17.910000	P185	OK	151.816000	152.868787	0.030206	3.020563	129.230000	-0.001443	0.006961	-0.029357	600	0.011731	1.173093	300	2.574871	N	low_pgd_snr	Y	melgar_2015	cm	3d	hypocentral	median	6.591101	0.191101	0.191101
us-nc73821036-m6-4-20221220-15km-wsw-of-ferndale-ca	nc73821036	2022-12-20T10:34:24.770000Z	United States	15km WSW of Ferndale, CA	6.400000	17.910000	P185	OK	151.816000	152.868787	0.030206	3.020563	129.230000	-0.001443	0.006961	-0.029357	600	0.011731	1.173093	300	2.574871	N	low_pgd_snr	Y	crowell_2016_gfast	cm	3d	hypocentral	median	6.941115	0.541115	0.541115
us-nc73821036-m6-4-20221220-15km-wsw-of-ferndale-ca	nc73821036	2022-12-20T10:34:24.770000Z	United States	15km WSW of Ferndale, CA	6.400000	17.910000	P185	OK	151.816000	152.868787	0.030206	3.020563	129.230000	-0.001443	0.006961	-0.029357	600	0.011731	1.173093	300	2.574871	N	low_pgd_snr	Y	ruhl_2019	m	3d	hypocentral	median	6.354549	-0.045451	0.045451
us-nc73821036-m6-4-20221220-15km-wsw-of-ferndale-ca	nc73821036	2022-12-20T10:34:24.770000Z	United States	15km WSW of Ferndale, CA	6.400000	17.910000	P186	OK	171.280000	172.213839	0.031697	3.169669	451.230000	-0.004463	0.007638	-0.030437	600	0.012226	1.222575	300	2.592616	N	low_pgd_snr,late_pgd_peak	Y	melgar_2015	cm	3d	hypocentral	median	6.683184	0.283184	0.283184
us-nc73821036-m6-4-20221220-15km-wsw-of-ferndale-ca	nc73821036	2022-12-20T10:34:24.770000Z	United States	15km WSW of Ferndale, CA	6.400000	17.910000	P186	OK	171.280000	172.213839	0.031697	3.169669	451.230000	-0.004463	0.007638	-0.030437	600	0.012226	1.222575	300	2.592616	N	low_pgd_snr,late_pgd_peak	Y	crowell_2016_gfast	cm	3d	hypocentral	median	7.036852	0.636852	0.636852
us-nc73821036-m6-4-20221220-15km-wsw-of-ferndale-ca	nc73821036	2022-12-20T10:34:24.770000Z	United States	15km WSW of Ferndale, CA	6.400000	17.910000	P186	OK	171.280000	172.213839	0.031697	3.169669	451.230000	-0.004463	0.007638	-0.030437	600	0.012226	1.222575	300	2.592616	N	low_pgd_snr,late_pgd_peak	Y	ruhl_2019	m	3d	hypocentral	median	6.454741	0.054741	0.054741
us-nc73821036-m6-4-20221220-15km-wsw-of-ferndale-ca	nc73821036	2022-12-20T10:34:24.770000Z	United States	15km WSW of Ferndale, CA	6.400000	17.910000	P189	OK	194.084000	194.908612	0.025792	2.579244	121.230000	0.001855	0.004684	-0.025296	600	0.007530	0.753011	300	3.425240	Y		Y	melgar_2015	cm	3d	hypocentral	median	6.628551	0.228551	0.228551
us-nc73821036-m6-4-20221220-15km-wsw-of-ferndale-ca	nc73821036	2022-12-20T10:34:24.770000Z	United States	15km WSW of Ferndale, CA	6.400000	17.910000	P189	OK	194.084000	194.908612	0.025792	2.579244	121.230000	0.001855	0.004684	-0.025296	600	0.007530	0.753011	300	3.425240	Y		Y	crowell_2016_gfast	cm	3d	hypocentral	median	7.028376	0.628376	0.628376
us-nc73821036-m6-4-20221220-15km-wsw-of-ferndale-ca	nc73821036	2022-12-20T10:34:24.770000Z	United States	15km WSW of Ferndale, CA	6.400000	17.910000	P189	OK	194.084000	194.908612	0.025792	2.579244	121.230000	0.001855	0.004684	-0.025296	600	0.007530	0.753011	300	3.425240	Y		Y	ruhl_2019	m	3d	hypocentral	median	6.396832	-0.003168	0.003168
us-nc73821036-m6-4-20221220-15km-wsw-of-ferndale-ca	nc73821036	2022-12-20T10:34:24.770000Z	United States	15km WSW of Ferndale, CA	6.400000	17.910000	P190	OK	176.549000	177.455114	0.032949	3.294920	546.230000	0.004252	0.009829	-0.031160	600	0.014890	1.489047	300	2.212771	N	low_pgd_snr,late_pgd_peak	Y	melgar_2015	cm	3d	hypocentral	median	6.722335	0.322335	0.322335
us-nc73821036-m6-4-20221220-15km-wsw-of-ferndale-ca	nc73821036	2022-12-20T10:34:24.770000Z	United States	15km WSW of Ferndale, CA	6.400000	17.910000	P190	OK	176.549000	177.455114	0.032949	3.294920	546.230000	0.004252	0.009829	-0.031160	600	0.014890	1.489047	300	2.212771	N	low_pgd_snr,late_pgd_peak	Y	crowell_2016_gfast	cm	3d	hypocentral	median	7.072622	0.672622	0.672622
us-nc73821036-m6-4-20221220-15km-wsw-of-ferndale-ca	nc73821036	2022-12-20T10:34:24.770000Z	United States	15km WSW of Ferndale, CA	6.400000	17.910000	P190	OK	176.549000	177.455114	0.032949	3.294920	546.230000	0.004252	0.009829	-0.031160	600	0.014890	1.489047	300	2.212771	N	low_pgd_snr,late_pgd_peak	Y	ruhl_2019	m	3d	hypocentral	median	6.497234	0.097234	0.097234
us-nc73821036-m6-4-20221220-15km-wsw-of-ferndale-ca	nc73821036	2022-12-20T10:34:24.770000Z	United States	15km WSW of Ferndale, CA	6.400000	17.910000	P192	OK	174.898000	175.812623	0.025326	2.532627	536.230000	0.002985	0.001964	-0.025073	600	0.011309	1.130888	300	2.239504	N	low_pgd_snr,late_pgd_peak	Y	melgar_2015	cm	3d	hypocentral	median	6.562238	0.162238	0.162238
us-nc73821036-m6-4-20221220-15km-wsw-of-ferndale-ca	nc73821036	2022-12-20T10:34:24.770000Z	United States	15km WSW of Ferndale, CA	6.400000	17.910000	P192	OK	174.898000	175.812623	0.025326	2.532627	536.230000	0.002985	0.001964	-0.025073	600	0.011309	1.130888	300	2.239504	N	low_pgd_snr,late_pgd_peak	Y	crowell_2016_gfast	cm	3d	hypocentral	median	6.954545	0.554545	0.554545
us-nc73821036-m6-4-20221220-15km-wsw-of-ferndale-ca	nc73821036	2022-12-20T10:34:24.770000Z	United States	15km WSW of Ferndale, CA	6.400000	17.910000	P192	OK	174.898000	175.812623	0.025326	2.532627	536.230000	0.002985	0.001964	-0.025073	600	0.011309	1.130888	300	2.239504	N	low_pgd_snr,late_pgd_peak	Y	ruhl_2019	m	3d	hypocentral	median	6.324470	-0.075530	0.075530
us-nc73821036-m6-4-20221220-15km-wsw-of-ferndale-ca	nc73821036	2022-12-20T10:34:24.770000Z	United States	15km WSW of Ferndale, CA	6.400000	17.910000	P205	OK	176.582000	177.487946	0.032985	3.298454	481.230000	-0.000164	0.010226	-0.031359	600	0.012993	1.299338	300	2.538565	N	low_pgd_snr,late_pgd_peak	Y	melgar_2015	cm	3d	hypocentral	median	6.723068	0.323068	0.323068
us-nc73821036-m6-4-20221220-15km-wsw-of-ferndale-ca	nc73821036	2022-12-20T10:34:24.770000Z	United States	15km WSW of Ferndale, CA	6.400000	17.910000	P205	OK	176.582000	177.487946	0.032985	3.298454	481.230000	-0.000164	0.010226	-0.031359	600	0.012993	1.299338	300	2.538565	N	low_pgd_snr,late_pgd_peak	Y	crowell_2016_gfast	cm	3d	hypocentral	median	7.073198	0.673198	0.673198
us-nc73821036-m6-4-20221220-15km-wsw-of-ferndale-ca	nc73821036	2022-12-20T10:34:24.770000Z	United States	15km WSW of Ferndale, CA	6.400000	17.910000	P205	OK	176.582000	177.487946	0.032985	3.298454	481.230000	-0.000164	0.010226	-0.031359	600	0.012993	1.299338	300	2.538565	N	low_pgd_snr,late_pgd_peak	Y	ruhl_2019	m	3d	hypocentral	median	6.498026	0.098026	0.098026
us-nc73821036-m6-4-20221220-15km-wsw-of-ferndale-ca	nc73821036	2022-12-20T10:34:24.770000Z	United States	15km WSW of Ferndale, CA	6.400000	17.910000	P314	OK	117.592000	118.948083	0.023811	2.381050	271.230000	0.005225	0.004637	-0.022763	600	0.008173	0.817286	300	2.913362	N	low_pgd_snr	Y	melgar_2015	cm	3d	hypocentral	median	6.324960	-0.075040	0.075040
us-nc73821036-m6-4-20221220-15km-wsw-of-ferndale-ca	nc73821036	2022-12-20T10:34:24.770000Z	United States	15km WSW of Ferndale, CA	6.400000	17.910000	P314	OK	117.592000	118.948083	0.023811	2.381050	271.230000	0.005225	0.004637	-0.022763	600	0.008173	0.817286	300	2.913362	N	low_pgd_snr	Y	crowell_2016_gfast	cm	3d	hypocentral	median	6.689976	0.289976	0.289976
us-nc73821036-m6-4-20221220-15km-wsw-of-ferndale-ca	nc73821036	2022-12-20T10:34:24.770000Z	United States	15km WSW of Ferndale, CA	6.400000	17.910000	P314	OK	117.592000	118.948083	0.023811	2.381050	271.230000	0.005225	0.004637	-0.022763	600	0.008173	0.817286	300	2.913362	N	low_pgd_snr	Y	ruhl_2019	m	3d	hypocentral	median	6.066843	-0.333157	0.333157
us-nc73821036-m6-4-20221220-15km-wsw-of-ferndale-ca	nc73821036	2022-12-20T10:34:24.770000Z	United States	15km WSW of Ferndale, CA	6.400000	17.910000	P315	OK	94.898000	96.573280	0.027950	2.794960	109.230000	0.008202	-0.005147	-0.026219	600	0.010986	1.098589	300	2.544135	N	low_pgd_snr	Y	melgar_2015	cm	3d	hypocentral	median	6.312819	-0.087181	0.087181
us-nc73821036-m6-4-20221220-15km-wsw-of-ferndale-ca	nc73821036	2022-12-20T10:34:24.770000Z	United States	15km WSW of Ferndale, CA	6.400000	17.910000	P315	OK	94.898000	96.573280	0.027950	2.794960	109.230000	0.008202	-0.005147	-0.026219	600	0.010986	1.098589	300	2.544135	N	low_pgd_snr	Y	crowell_2016_gfast	cm	3d	hypocentral	median	6.634213	0.234213	0.234213
us-nc73821036-m6-4-20221220-15km-wsw-of-ferndale-ca	nc73821036	2022-12-20T10:34:24.770000Z	United States	15km WSW of Ferndale, CA	6.400000	17.910000	P315	OK	94.898000	96.573280	0.027950	2.794960	109.230000	0.008202	-0.005147	-0.026219	600	0.010986	1.098589	300	2.544135	N	low_pgd_snr	Y	ruhl_2019	m	3d	hypocentral	median	6.052969	-0.347031	0.347031
us-nc73821036-m6-4-20221220-15km-wsw-of-ferndale-ca	nc73821036	2022-12-20T10:34:24.770000Z	United States	15km WSW of Ferndale, CA	6.400000	17.910000	P316	OK	118.407000	119.753855	0.040492	4.049173	6.230000	0.005348	-0.001869	-0.040094	600	0.015534	1.553436	300	2.606591	N	low_pgd_snr	Y	melgar_2015	cm	3d	hypocentral	median	6.631666	0.231666	0.231666
us-nc73821036-m6-4-20221220-15km-wsw-of-ferndale-ca	nc73821036	2022-12-20T10:34:24.770000Z	United States	15km WSW of Ferndale, CA	6.400000	17.910000	P316	OK	118.407000	119.753855	0.040492	4.049173	6.230000	0.005348	-0.001869	-0.040094	600	0.015534	1.553436	300	2.606591	N	low_pgd_snr	Y	crowell_2016_gfast	cm	3d	hypocentral	median	6.912479	0.512479	0.512479
us-nc73821036-m6-4-20221220-15km-wsw-of-ferndale-ca	nc73821036	2022-12-20T10:34:24.770000Z	United States	15km WSW of Ferndale, CA	6.400000	17.910000	P316	OK	118.407000	119.753855	0.040492	4.049173	6.230000	0.005348	-0.001869	-0.040094	600	0.015534	1.553436	300	2.606591	N	low_pgd_snr	Y	ruhl_2019	m	3d	hypocentral	median	6.396353	-0.003647	0.003647
us-nc73821036-m6-4-20221220-15km-wsw-of-ferndale-ca	nc73821036	2022-12-20T10:34:24.770000Z	United States	15km WSW of Ferndale, CA	6.400000	17.910000	P317	OK	101.065000	102.639672	0.033433	3.343262	116.230000	0.003098	0.010407	-0.031620	600	0.012359	1.235884	300	2.705158	N	low_pgd_snr	Y	melgar_2015	cm	3d	hypocentral	median	6.443881	0.043881	0.043881
us-nc73821036-m6-4-20221220-15km-wsw-of-ferndale-ca	nc73821036	2022-12-20T10:34:24.770000Z	United States	15km WSW of Ferndale, CA	6.400000	17.910000	P317	OK	101.065000	102.639672	0.033433	3.343262	116.230000	0.003098	0.010407	-0.031620	600	0.012359	1.235884	300	2.705158	N	low_pgd_snr	Y	crowell_2016_gfast	cm	3d	hypocentral	median	6.742067	0.342067	0.342067
us-nc73821036-m6-4-20221220-15km-wsw-of-ferndale-ca	nc73821036	2022-12-20T10:34:24.770000Z	United States	15km WSW of Ferndale, CA	6.400000	17.910000	P317	OK	101.065000	102.639672	0.033433	3.343262	116.230000	0.003098	0.010407	-0.031620	600	0.012359	1.235884	300	2.705158	N	low_pgd_snr	Y	ruhl_2019	m	3d	hypocentral	median	6.193787	-0.206213	0.206213
us-nc73821036-m6-4-20221220-15km-wsw-of-ferndale-ca	nc73821036	2022-12-20T10:34:24.770000Z	United States	15km WSW of Ferndale, CA	6.400000	17.910000	P318	OK	149.140000	150.211543	0.019524	1.952358	487.230000	-0.000252	0.011239	-0.015962	600	0.008387	0.838661	300	2.327946	N	low_pgd_snr,late_pgd_peak	Y	melgar_2015	cm	3d	hypocentral	median	6.327973	-0.072027	0.072027
us-nc73821036-m6-4-20221220-15km-wsw-of-ferndale-ca	nc73821036	2022-12-20T10:34:24.770000Z	United States	15km WSW of Ferndale, CA	6.400000	17.910000	P318	OK	149.140000	150.211543	0.019524	1.952358	487.230000	-0.000252	0.011239	-0.015962	600	0.008387	0.838661	300	2.327946	N	low_pgd_snr,late_pgd_peak	Y	crowell_2016_gfast	cm	3d	hypocentral	median	6.746913	0.346913	0.346913
us-nc73821036-m6-4-20221220-15km-wsw-of-ferndale-ca	nc73821036	2022-12-20T10:34:24.770000Z	United States	15km WSW of Ferndale, CA	6.400000	17.910000	P318	OK	149.140000	150.211543	0.019524	1.952358	487.230000	-0.000252	0.011239	-0.015962	600	0.008387	0.838661	300	2.327946	N	low_pgd_snr,late_pgd_peak	Y	ruhl_2019	m	3d	hypocentral	median	6.071089	-0.328911	0.328911
us-nc73821036-m6-4-20221220-15km-wsw-of-ferndale-ca	nc73821036	2022-12-20T10:34:24.770000Z	United States	15km WSW of Ferndale, CA	6.400000	17.910000	P319	OK	132.173000	133.380921	0.042753	4.275289	116.230000	-0.008164	0.004116	-0.041764	600	0.023754	2.375356	300	1.799852	N	low_pgd_snr	Y	melgar_2015	cm	3d	hypocentral	median	6.719804	0.319804	0.319804
us-nc73821036-m6-4-20221220-15km-wsw-of-ferndale-ca	nc73821036	2022-12-20T10:34:24.770000Z	United States	15km WSW of Ferndale, CA	6.400000	17.910000	P319	OK	132.173000	133.380921	0.042753	4.275289	116.230000	-0.008164	0.004116	-0.041764	600	0.023754	2.375356	300	1.799852	N	low_pgd_snr	Y	crowell_2016_gfast	cm	3d	hypocentral	median	7.001297	0.601297	0.601297
us-nc73821036-m6-4-20221220-15km-wsw-of-ferndale-ca	nc73821036	2022-12-20T10:34:24.770000Z	United States	15km WSW of Ferndale, CA	6.400000	17.910000	P319	OK	132.173000	133.380921	0.042753	4.275289	116.230000	-0.008164	0.004116	-0.041764	600	0.023754	2.375356	300	1.799852	N	low_pgd_snr	Y	ruhl_2019	m	3d	hypocentral	median	6.491962	0.091962	0.091962
us-nc73821036-m6-4-20221220-15km-wsw-of-ferndale-ca	nc73821036	2022-12-20T10:34:24.770000Z	United States	15km WSW of Ferndale, CA	6.400000	17.910000	P320	OK	155.748000	156.774384	0.032935	3.293478	537.230000	0.005395	-0.002152	-0.032419	600	0.013388	1.338828	300	2.459970	N	low_pgd_snr,late_pgd_peak	Y	melgar_2015	cm	3d	hypocentral	median	6.654985	0.254985	0.254985
us-nc73821036-m6-4-20221220-15km-wsw-of-ferndale-ca	nc73821036	2022-12-20T10:34:24.770000Z	United States	15km WSW of Ferndale, CA	6.400000	17.910000	P320	OK	155.748000	156.774384	0.032935	3.293478	537.230000	0.005395	-0.002152	-0.032419	600	0.013388	1.338828	300	2.459970	N	low_pgd_snr,late_pgd_peak	Y	crowell_2016_gfast	cm	3d	hypocentral	median	6.993377	0.593377	0.593377
us-nc73821036-m6-4-20221220-15km-wsw-of-ferndale-ca	nc73821036	2022-12-20T10:34:24.770000Z	United States	15km WSW of Ferndale, CA	6.400000	17.910000	P320	OK	155.748000	156.774384	0.032935	3.293478	537.230000	0.005395	-0.002152	-0.032419	600	0.013388	1.338828	300	2.459970	N	low_pgd_snr,late_pgd_peak	Y	ruhl_2019	m	3d	hypocentral	median	6.423556	0.023556	0.023556
us-nc73821036-m6-4-20221220-15km-wsw-of-ferndale-ca	nc73821036	2022-12-20T10:34:24.770000Z	United States	15km WSW of Ferndale, CA	6.400000	17.910000	P321	OK	111.779000	113.204739	0.032560	3.255964	516.230000	-0.008874	-0.004436	0.031011	600	0.016825	1.682542	300	1.935145	N	low_pgd_snr,late_pgd_peak	Y	melgar_2015	cm	3d	hypocentral	median	6.478386	0.078386	0.078386
us-nc73821036-m6-4-20221220-15km-wsw-of-ferndale-ca	nc73821036	2022-12-20T10:34:24.770000Z	United States	15km WSW of Ferndale, CA	6.400000	17.910000	P321	OK	111.779000	113.204739	0.032560	3.255964	516.230000	-0.008874	-0.004436	0.031011	600	0.016825	1.682542	300	1.935145	N	low_pgd_snr,late_pgd_peak	Y	crowell_2016_gfast	cm	3d	hypocentral	median	6.789121	0.389121	0.389121
us-nc73821036-m6-4-20221220-15km-wsw-of-ferndale-ca	nc73821036	2022-12-20T10:34:24.770000Z	United States	15km WSW of Ferndale, CA	6.400000	17.910000	P321	OK	111.779000	113.204739	0.032560	3.255964	516.230000	-0.008874	-0.004436	0.031011	600	0.016825	1.682542	300	1.935145	N	low_pgd_snr,late_pgd_peak	Y	ruhl_2019	m	3d	hypocentral	median	6.231361	-0.168639	0.168639
us-nc73821036-m6-4-20221220-15km-wsw-of-ferndale-ca	nc73821036	2022-12-20T10:34:24.770000Z	United States	15km WSW of Ferndale, CA	6.400000	17.910000	P322	OK	122.486000	123.788482	0.027017	2.701703	264.230000	0.002033	-0.005659	-0.026339	600	0.009884	0.988381	300	2.733463	N	low_pgd_snr	Y	melgar_2015	cm	3d	hypocentral	median	6.417268	0.017268	0.017268
us-nc73821036-m6-4-20221220-15km-wsw-of-ferndale-ca	nc73821036	2022-12-20T10:34:24.770000Z	United States	15km WSW of Ferndale, CA	6.400000	17.910000	P322	OK	122.486000	123.788482	0.027017	2.701703	264.230000	0.002033	-0.005659	-0.026339	600	0.009884	0.988381	300	2.733463	N	low_pgd_snr	Y	crowell_2016_gfast	cm	3d	hypocentral	median	6.765695	0.365695	0.365695
us-nc73821036-m6-4-20221220-15km-wsw-of-ferndale-ca	nc73821036	2022-12-20T10:34:24.770000Z	United States	15km WSW of Ferndale, CA	6.400000	17.910000	P322	OK	122.486000	123.788482	0.027017	2.701703	264.230000	0.002033	-0.005659	-0.026339	600	0.009884	0.988381	300	2.733463	N	low_pgd_snr	Y	ruhl_2019	m	3d	hypocentral	median	6.166207	-0.233793	0.233793
us-nc73821036-m6-4-20221220-15km-wsw-of-ferndale-ca	nc73821036	2022-12-20T10:34:24.770000Z	United States	15km WSW of Ferndale, CA	6.400000	17.910000	P324	OK	71.499000	73.708040	0.034888	3.488768	23.230000	0.025211	-0.019007	-0.014843	600	0.011903	1.190255	300	2.931110	N	low_pgd_snr	Y	melgar_2015	cm	3d	hypocentral	median	6.305308	-0.094692	0.094692
us-nc73821036-m6-4-20221220-15km-wsw-of-ferndale-ca	nc73821036	2022-12-20T10:34:24.770000Z	United States	15km WSW of Ferndale, CA	6.400000	17.910000	P324	OK	71.499000	73.708040	0.034888	3.488768	23.230000	0.025211	-0.019007	-0.014843	600	0.011903	1.190255	300	2.931110	N	low_pgd_snr	Y	crowell_2016_gfast	cm	3d	hypocentral	median	6.570328	0.170328	0.170328
us-nc73821036-m6-4-20221220-15km-wsw-of-ferndale-ca	nc73821036	2022-12-20T10:34:24.770000Z	United States	15km WSW of Ferndale, CA	6.400000	17.910000	P324	OK	71.499000	73.708040	0.034888	3.488768	23.230000	0.025211	-0.019007	-0.014843	600	0.011903	1.190255	300	2.931110	N	low_pgd_snr	Y	ruhl_2019	m	3d	hypocentral	median	6.043903	-0.356097	0.356097
us-nc73821036-m6-4-20221220-15km-wsw-of-ferndale-ca	nc73821036	2022-12-20T10:34:24.770000Z	United States	15km WSW of Ferndale, CA	6.400000	17.910000	P325	OK	83.203000	85.108797	0.021025	2.102475	101.230000	-0.006315	-0.007430	0.018627	600	0.009254	0.925365	300	2.272050	N	low_pgd_snr	Y	melgar_2015	cm	3d	hypocentral	median	6.093189	-0.306811	0.306811
us-nc73821036-m6-4-20221220-15km-wsw-of-ferndale-ca	nc73821036	2022-12-20T10:34:24.770000Z	United States	15km WSW of Ferndale, CA	6.400000	17.910000	P325	OK	83.203000	85.108797	0.021025	2.102475	101.230000	-0.006315	-0.007430	0.018627	600	0.009254	0.925365	300	2.272050	N	low_pgd_snr	Y	crowell_2016_gfast	cm	3d	hypocentral	median	6.448781	0.048781	0.048781
us-nc73821036-m6-4-20221220-15km-wsw-of-ferndale-ca	nc73821036	2022-12-20T10:34:24.770000Z	United States	15km WSW of Ferndale, CA	6.400000	17.910000	P325	OK	83.203000	85.108797	0.021025	2.102475	101.230000	-0.006315	-0.007430	0.018627	600	0.009254	0.925365	300	2.272050	N	low_pgd_snr	Y	ruhl_2019	m	3d	hypocentral	median	5.817334	-0.582666	0.582666
us-nc73821036-m6-4-20221220-15km-wsw-of-ferndale-ca	nc73821036	2022-12-20T10:34:24.770000Z	United States	15km WSW of Ferndale, CA	6.400000	17.910000	P326	OK	61.434000	63.991440	0.099686	9.968581	21.230000	0.019755	-0.095600	-0.020189	600	0.012258	1.225794	300	8.132346	Y		Y	melgar_2015	cm	3d	hypocentral	median	6.809900	0.409900	0.409900
us-nc73821036-m6-4-20221220-15km-wsw-of-ferndale-ca	nc73821036	2022-12-20T10:34:24.770000Z	United States	15km WSW of Ferndale, CA	6.400000	17.910000	P326	OK	61.434000	63.991440	0.099686	9.968581	21.230000	0.019755	-0.095600	-0.020189	600	0.012258	1.225794	300	8.132346	Y		Y	crowell_2016_gfast	cm	3d	hypocentral	median	6.902293	0.502293	0.502293
us-nc73821036-m6-4-20221220-15km-wsw-of-ferndale-ca	nc73821036	2022-12-20T10:34:24.770000Z	United States	15km WSW of Ferndale, CA	6.400000	17.910000	P326	OK	61.434000	63.991440	0.099686	9.968581	21.230000	0.019755	-0.095600	-0.020189	600	0.012258	1.225794	300	8.132346	Y		Y	ruhl_2019	m	3d	hypocentral	median	6.582187	0.182187	0.182187
us-nc73821036-m6-4-20221220-15km-wsw-of-ferndale-ca	nc73821036	2022-12-20T10:34:24.770000Z	United States	15km WSW of Ferndale, CA	6.400000	17.910000	P327	OK	72.042000	74.234883	0.029990	2.998966	24.230000	-0.003072	-0.028111	-0.009986	600	0.012331	1.233109	300	2.432037	N	low_pgd_snr	Y	melgar_2015	cm	3d	hypocentral	median	6.225434	-0.174566	0.174566
us-nc73821036-m6-4-20221220-15km-wsw-of-ferndale-ca	nc73821036	2022-12-20T10:34:24.770000Z	United States	15km WSW of Ferndale, CA	6.400000	17.910000	P327	OK	72.042000	74.234883	0.029990	2.998966	24.230000	-0.003072	-0.028111	-0.009986	600	0.012331	1.233109	300	2.432037	N	low_pgd_snr	Y	crowell_2016_gfast	cm	3d	hypocentral	median	6.514538	0.114538	0.114538
us-nc73821036-m6-4-20221220-15km-wsw-of-ferndale-ca	nc73821036	2022-12-20T10:34:24.770000Z	United States	15km WSW of Ferndale, CA	6.400000	17.910000	P327	OK	72.042000	74.234883	0.029990	2.998966	24.230000	-0.003072	-0.028111	-0.009986	600	0.012331	1.233109	300	2.432037	N	low_pgd_snr	Y	ruhl_2019	m	3d	hypocentral	median	5.958524	-0.441476	0.441476
us-nc73821036-m6-4-20221220-15km-wsw-of-ferndale-ca	nc73821036	2022-12-20T10:34:24.770000Z	United States	15km WSW of Ferndale, CA	6.400000	17.910000	P329	OK	95.938000	97.595430	0.021405	2.140467	91.230000	-0.007822	0.002506	0.019766	600	0.008436	0.843616	300	2.537252	N	low_pgd_snr	Y	melgar_2015	cm	3d	hypocentral	median	6.167978	-0.232022	0.232022
us-nc73821036-m6-4-20221220-15km-wsw-of-ferndale-ca	nc73821036	2022-12-20T10:34:24.770000Z	United States	15km WSW of Ferndale, CA	6.400000	17.910000	P329	OK	95.938000	97.595430	0.021405	2.140467	91.230000	-0.007822	0.002506	0.019766	600	0.008436	0.843616	300	2.537252	N	low_pgd_snr	Y	crowell_2016_gfast	cm	3d	hypocentral	median	6.532399	0.132399	0.132399
us-nc73821036-m6-4-20221220-15km-wsw-of-ferndale-ca	nc73821036	2022-12-20T10:34:24.770000Z	United States	15km WSW of Ferndale, CA	6.400000	17.910000	P329	OK	95.938000	97.595430	0.021405	2.140467	91.230000	-0.007822	0.002506	0.019766	600	0.008436	0.843616	300	2.537252	N	low_pgd_snr	Y	ruhl_2019	m	3d	hypocentral	median	5.897732	-0.502268	0.502268
us-nc73821036-m6-4-20221220-15km-wsw-of-ferndale-ca	nc73821036	2022-12-20T10:34:24.770000Z	United States	15km WSW of Ferndale, CA	6.400000	17.910000	P330	OK	111.241000	112.673547	0.025683	2.568346	270.230000	0.003124	-0.000752	-0.025482	600	0.011672	1.167175	300	2.200481	N	low_pgd_snr	Y	melgar_2015	cm	3d	hypocentral	median	6.341117	-0.058883	0.058883
us-nc73821036-m6-4-20221220-15km-wsw-of-ferndale-ca	nc73821036	2022-12-20T10:34:24.770000Z	United States	15km WSW of Ferndale, CA	6.400000	17.910000	P330	OK	111.241000	112.673547	0.025683	2.568346	270.230000	0.003124	-0.000752	-0.025482	600	0.011672	1.167175	300	2.200481	N	low_pgd_snr	Y	crowell_2016_gfast	cm	3d	hypocentral	median	6.689213	0.289213	0.289213
us-nc73821036-m6-4-20221220-15km-wsw-of-ferndale-ca	nc73821036	2022-12-20T10:34:24.770000Z	United States	15km WSW of Ferndale, CA	6.400000	17.910000	P330	OK	111.241000	112.673547	0.025683	2.568346	270.230000	0.003124	-0.000752	-0.025482	600	0.011672	1.167175	300	2.200481	N	low_pgd_snr	Y	ruhl_2019	m	3d	hypocentral	median	6.083963	-0.316037	0.316037
us-nc73821036-m6-4-20221220-15km-wsw-of-ferndale-ca	nc73821036	2022-12-20T10:34:24.770000Z	United States	15km WSW of Ferndale, CA	6.400000	17.910000	P331	OK	95.574000	97.237635	0.027698	2.769765	264.230000	0.002430	0.005940	-0.026944	600	0.010147	1.014689	300	2.729668	N	low_pgd_snr	Y	melgar_2015	cm	3d	hypocentral	median	6.311086	-0.088914	0.088914
us-nc73821036-m6-4-20221220-15km-wsw-of-ferndale-ca	nc73821036	2022-12-20T10:34:24.770000Z	United States	15km WSW of Ferndale, CA	6.400000	17.910000	P331	OK	95.574000	97.237635	0.027698	2.769765	264.230000	0.002430	0.005940	-0.026944	600	0.010147	1.014689	300	2.729668	N	low_pgd_snr	Y	crowell_2016_gfast	cm	3d	hypocentral	median	6.634487	0.234487	0.234487
us-nc73821036-m6-4-20221220-15km-wsw-of-ferndale-ca	nc73821036	2022-12-20T10:34:24.770000Z	United States	15km WSW of Ferndale, CA	6.400000	17.910000	P331	OK	95.574000	97.237635	0.027698	2.769765	264.230000	0.002430	0.005940	-0.026944	600	0.010147	1.014689	300	2.729668	N	low_pgd_snr	Y	ruhl_2019	m	3d	hypocentral	median	6.051139	-0.348861	0.348861
us-nc73821036-m6-4-20221220-15km-wsw-of-ferndale-ca	nc73821036	2022-12-20T10:34:24.770000Z	United States	15km WSW of Ferndale, CA	6.400000	17.910000	P332	OK	105.535000	107.043936	0.023465	2.346529	516.230000	-0.002860	-0.001757	0.023224	600	0.007933	0.793344	300	2.957772	N	low_pgd_snr,late_pgd_peak	Y	melgar_2015	cm	3d	hypocentral	median	6.264569	-0.135431	0.135431
us-nc73821036-m6-4-20221220-15km-wsw-of-ferndale-ca	nc73821036	2022-12-20T10:34:24.770000Z	United States	15km WSW of Ferndale, CA	6.400000	17.910000	P332	OK	105.535000	107.043936	0.023465	2.346529	516.230000	-0.002860	-0.001757	0.023224	600	0.007933	0.793344	300	2.957772	N	low_pgd_snr,late_pgd_peak	Y	crowell_2016_gfast	cm	3d	hypocentral	median	6.622502	0.222502	0.222502
us-nc73821036-m6-4-20221220-15km-wsw-of-ferndale-ca	nc73821036	2022-12-20T10:34:24.770000Z	United States	15km WSW of Ferndale, CA	6.400000	17.910000	P332	OK	105.535000	107.043936	0.023465	2.346529	516.230000	-0.002860	-0.001757	0.023224	600	0.007933	0.793344	300	2.957772	N	low_pgd_snr,late_pgd_peak	Y	ruhl_2019	m	3d	hypocentral	median	6.001602	-0.398398	0.398398
us-nc73821036-m6-4-20221220-15km-wsw-of-ferndale-ca	nc73821036	2022-12-20T10:34:24.770000Z	United States	15km WSW of Ferndale, CA	6.400000	17.910000	P333	OK	158.933000	159.938946	0.024125	2.412488	121.230000	0.004009	0.005122	-0.023232	600	0.008000	0.799961	300	3.015756	Y		Y	melgar_2015	cm	3d	hypocentral	median	6.483728	0.083728	0.083728
us-nc73821036-m6-4-20221220-15km-wsw-of-ferndale-ca	nc73821036	2022-12-20T10:34:24.770000Z	United States	15km WSW of Ferndale, CA	6.400000	17.910000	P333	OK	158.933000	159.938946	0.024125	2.412488	121.230000	0.004009	0.005122	-0.023232	600	0.008000	0.799961	300	3.015756	Y		Y	crowell_2016_gfast	cm	3d	hypocentral	median	6.874546	0.474546	0.474546
us-nc73821036-m6-4-20221220-15km-wsw-of-ferndale-ca	nc73821036	2022-12-20T10:34:24.770000Z	United States	15km WSW of Ferndale, CA	6.400000	17.910000	P333	OK	158.933000	159.938946	0.024125	2.412488	121.230000	0.004009	0.005122	-0.023232	600	0.008000	0.799961	300	3.015756	Y		Y	ruhl_2019	m	3d	hypocentral	median	6.239192	-0.160808	0.160808
us-nc73821036-m6-4-20221220-15km-wsw-of-ferndale-ca	nc73821036	2022-12-20T10:34:24.770000Z	United States	15km WSW of Ferndale, CA	6.400000	17.910000	P335	OK	158.878000	159.884292	0.028653	2.865257	547.230000	0.003588	0.000253	-0.028426	600	0.009118	0.911756	300	3.142570	N	late_pgd_peak	Y	melgar_2015	cm	3d	hypocentral	median	6.584102	0.184102	0.184102
us-nc73821036-m6-4-20221220-15km-wsw-of-ferndale-ca	nc73821036	2022-12-20T10:34:24.770000Z	United States	15km WSW of Ferndale, CA	6.400000	17.910000	P335	OK	158.878000	159.884292	0.028653	2.865257	547.230000	0.003588	0.000253	-0.028426	600	0.009118	0.911756	300	3.142570	N	late_pgd_peak	Y	crowell_2016_gfast	cm	3d	hypocentral	median	6.946970	0.546970	0.546970
us-nc73821036-m6-4-20221220-15km-wsw-of-ferndale-ca	nc73821036	2022-12-20T10:34:24.770000Z	United States	15km WSW of Ferndale, CA	6.400000	17.910000	P335	OK	158.878000	159.884292	0.028653	2.865257	547.230000	0.003588	0.000253	-0.028426	600	0.009118	0.911756	300	3.142570	N	late_pgd_peak	Y	ruhl_2019	m	3d	hypocentral	median	6.347343	-0.052657	0.052657
us-nc73821036-m6-4-20221220-15km-wsw-of-ferndale-ca	nc73821036	2022-12-20T10:34:24.770000Z	United States	15km WSW of Ferndale, CA	6.400000	17.910000	P337	OK	134.023000	135.214395	0.022926	2.292597	271.230000	0.003272	0.003228	-0.022460	600	0.008377	0.837658	300	2.736911	N	low_pgd_snr	Y	melgar_2015	cm	3d	hypocentral	median	6.367655	-0.032345	0.032345
us-nc73821036-m6-4-20221220-15km-wsw-of-ferndale-ca	nc73821036	2022-12-20T10:34:24.770000Z	United States	15km WSW of Ferndale, CA	6.400000	17.910000	P337	OK	134.023000	135.214395	0.022926	2.292597	271.230000	0.003272	0.003228	-0.022460	600	0.008377	0.837658	300	2.736911	N	low_pgd_snr	Y	crowell_2016_gfast	cm	3d	hypocentral	median	6.750565	0.350565	0.350565
us-nc73821036-m6-4-20221220-15km-wsw-of-ferndale-ca	nc73821036	2022-12-20T10:34:24.770000Z	United States	15km WSW of Ferndale, CA	6.400000	17.910000	P337	OK	134.023000	135.214395	0.022926	2.292597	271.230000	0.003272	0.003228	-0.022460	600	0.008377	0.837658	300	2.736911	N	low_pgd_snr	Y	ruhl_2019	m	3d	hypocentral	median	6.113311	-0.286689	0.286689
us-nc73821036-m6-4-20221220-15km-wsw-of-ferndale-ca	nc73821036	2022-12-20T10:34:24.770000Z	United States	15km WSW of Ferndale, CA	6.400000	17.910000	P338	OK	128.968000	130.205657	0.022384	2.238437	61.230000	0.002339	0.009286	-0.020232	600	0.013354	1.335402	300	1.676227	N	low_pgd_snr	Y	melgar_2015	cm	3d	hypocentral	median	6.334831	-0.065169	0.065169
us-nc73821036-m6-4-20221220-15km-wsw-of-ferndale-ca	nc73821036	2022-12-20T10:34:24.770000Z	United States	15km WSW of Ferndale, CA	6.400000	17.910000	P338	OK	128.968000	130.205657	0.022384	2.238437	61.230000	0.002339	0.009286	-0.020232	600	0.013354	1.335402	300	1.676227	N	low_pgd_snr	Y	crowell_2016_gfast	cm	3d	hypocentral	median	6.718045	0.318045	0.318045
us-nc73821036-m6-4-20221220-15km-wsw-of-ferndale-ca	nc73821036	2022-12-20T10:34:24.770000Z	United States	15km WSW of Ferndale, CA	6.400000	17.910000	P338	OK	128.968000	130.205657	0.022384	2.238437	61.230000	0.002339	0.009286	-0.020232	600	0.013354	1.335402	300	1.676227	N	low_pgd_snr	Y	ruhl_2019	m	3d	hypocentral	median	6.077840	-0.322160	0.322160
us-nc73821036-m6-4-20221220-15km-wsw-of-ferndale-ca	nc73821036	2022-12-20T10:34:24.770000Z	United States	15km WSW of Ferndale, CA	6.400000	17.910000	P339	OK	158.549000	159.557367	0.019070	1.906961	263.230000	0.001240	-0.003699	-0.018666	600	0.010729	1.072933	300	1.777335	N	low_pgd_snr	Y	melgar_2015	cm	3d	hypocentral	median	6.345031	-0.054969	0.054969
us-nc73821036-m6-4-20221220-15km-wsw-of-ferndale-ca	nc73821036	2022-12-20T10:34:24.770000Z	United States	15km WSW of Ferndale, CA	6.400000	17.910000	P339	OK	158.549000	159.557367	0.019070	1.906961	263.230000	0.001240	-0.003699	-0.018666	600	0.010729	1.072933	300	1.777335	N	low_pgd_snr	Y	crowell_2016_gfast	cm	3d	hypocentral	median	6.773776	0.373776	0.373776
us-nc73821036-m6-4-20221220-15km-wsw-of-ferndale-ca	nc73821036	2022-12-20T10:34:24.770000Z	United States	15km WSW of Ferndale, CA	6.400000	17.910000	P339	OK	158.549000	159.557367	0.019070	1.906961	263.230000	0.001240	-0.003699	-0.018666	600	0.010729	1.072933	300	1.777335	N	low_pgd_snr	Y	ruhl_2019	m	3d	hypocentral	median	6.089735	-0.310265	0.310265
us-nc73821036-m6-4-20221220-15km-wsw-of-ferndale-ca	nc73821036	2022-12-20T10:34:24.770000Z	United States	15km WSW of Ferndale, CA	6.400000	17.910000	P341	OK	153.989000	155.027031	0.020848	2.084754	12.230000	-0.002720	-0.012236	0.016658	600	0.009699	0.969885	300	2.149485	N	low_pgd_snr	Y	melgar_2015	cm	3d	hypocentral	median	6.382306	-0.017694	0.017694
us-nc73821036-m6-4-20221220-15km-wsw-of-ferndale-ca	nc73821036	2022-12-20T10:34:24.770000Z	United States	15km WSW of Ferndale, CA	6.400000	17.910000	P341	OK	153.989000	155.027031	0.020848	2.084754	12.230000	-0.002720	-0.012236	0.016658	600	0.009699	0.969885	300	2.149485	N	low_pgd_snr	Y	crowell_2016_gfast	cm	3d	hypocentral	median	6.793732	0.393732	0.393732
us-nc73821036-m6-4-20221220-15km-wsw-of-ferndale-ca	nc73821036	2022-12-20T10:34:24.770000Z	United States	15km WSW of Ferndale, CA	6.400000	17.910000	P341	OK	153.989000	155.027031	0.020848	2.084754	12.230000	-0.002720	-0.012236	0.016658	600	0.009699	0.969885	300	2.149485	N	low_pgd_snr	Y	ruhl_2019	m	3d	hypocentral	median	6.129752	-0.270248	0.270248
us-nc73821036-m6-4-20221220-15km-wsw-of-ferndale-ca	nc73821036	2022-12-20T10:34:24.770000Z	United States	15km WSW of Ferndale, CA	6.400000	17.910000	P343	OK	100.221000	101.808727	0.026991	2.699111	264.230000	0.000178	-0.001074	-0.026969	600	0.008256	0.825593	300	3.269299	Y		Y	melgar_2015	cm	3d	hypocentral	median	6.319079	-0.080921	0.080921
us-nc73821036-m6-4-20221220-15km-wsw-of-ferndale-ca	nc73821036	2022-12-20T10:34:24.770000Z	United States	15km WSW of Ferndale, CA	6.400000	17.910000	P343	OK	100.221000	101.808727	0.026991	2.699111	264.230000	0.000178	-0.001074	-0.026969	600	0.008256	0.825593	300	3.269299	Y		Y	crowell_2016_gfast	cm	3d	hypocentral	median	6.650467	0.250467	0.250467
us-nc73821036-m6-4-20221220-15km-wsw-of-ferndale-ca	nc73821036	2022-12-20T10:34:24.770000Z	United States	15km WSW of Ferndale, CA	6.400000	17.910000	P343	OK	100.221000	101.808727	0.026991	2.699111	264.230000	0.000178	-0.001074	-0.026969	600	0.008256	0.825593	300	3.269299	Y		Y	ruhl_2019	m	3d	hypocentral	median	6.059891	-0.340109	0.340109
us-nc73821036-m6-4-20221220-15km-wsw-of-ferndale-ca	nc73821036	2022-12-20T10:34:24.770000Z	United States	15km WSW of Ferndale, CA	6.400000	17.910000	P349	OK	178.995000	179.888794	0.031513	3.151285	101.230000	-0.004931	0.001162	0.031103	600	0.011358	1.135835	300	2.774421	N	low_pgd_snr	Y	melgar_2015	cm	3d	hypocentral	median	6.703485	0.303485	0.303485
us-nc73821036-m6-4-20221220-15km-wsw-of-ferndale-ca	nc73821036	2022-12-20T10:34:24.770000Z	United States	15km WSW of Ferndale, CA	6.400000	17.910000	P349	OK	178.995000	179.888794	0.031513	3.151285	101.230000	-0.004931	0.001162	0.031103	600	0.011358	1.135835	300	2.774421	N	low_pgd_snr	Y	crowell_2016_gfast	cm	3d	hypocentral	median	7.062396	0.662396	0.662396
us-nc73821036-m6-4-20221220-15km-wsw-of-ferndale-ca	nc73821036	2022-12-20T10:34:24.770000Z	United States	15km WSW of Ferndale, CA	6.400000	17.910000	P349	OK	178.995000	179.888794	0.031513	3.151285	101.230000	-0.004931	0.001162	0.031103	600	0.011358	1.135835	300	2.774421	N	low_pgd_snr	Y	ruhl_2019	m	3d	hypocentral	median	6.477023	0.077023	0.077023
us-nc73821036-m6-4-20221220-15km-wsw-of-ferndale-ca	nc73821036	2022-12-20T10:34:24.770000Z	United States	15km WSW of Ferndale, CA	6.400000	17.910000	P362	OK	187.985000	188.836247	0.026302	2.630190	99.230000	0.000432	0.007603	0.025175	600	0.015828	1.582771	300	1.661763	N	low_pgd_snr	Y	melgar_2015	cm	3d	hypocentral	median	6.622985	0.222985	0.222985
us-nc73821036-m6-4-20221220-15km-wsw-of-ferndale-ca	nc73821036	2022-12-20T10:34:24.770000Z	United States	15km WSW of Ferndale, CA	6.400000	17.910000	P362	OK	187.985000	188.836247	0.026302	2.630190	99.230000	0.000432	0.007603	0.025175	600	0.015828	1.582771	300	1.661763	N	low_pgd_snr	Y	crowell_2016_gfast	cm	3d	hypocentral	median	7.016352	0.616352	0.616352
us-nc73821036-m6-4-20221220-15km-wsw-of-ferndale-ca	nc73821036	2022-12-20T10:34:24.770000Z	United States	15km WSW of Ferndale, CA	6.400000	17.910000	P362	OK	187.985000	188.836247	0.026302	2.630190	99.230000	0.000432	0.007603	0.025175	600	0.015828	1.582771	300	1.661763	N	low_pgd_snr	Y	ruhl_2019	m	3d	hypocentral	median	6.390566	-0.009434	0.009434
us-nc73821036-m6-4-20221220-15km-wsw-of-ferndale-ca	nc73821036	2022-12-20T10:34:24.770000Z	United States	15km WSW of Ferndale, CA	6.400000	17.910000	P734	OK	172.870000	173.795296	0.024761	2.476146	488.230000	-0.003401	0.008330	-0.023069	600	0.008407	0.840681	300	2.945406	N	low_pgd_snr,late_pgd_peak	Y	melgar_2015	cm	3d	hypocentral	median	6.542813	0.142813	0.142813
us-nc73821036-m6-4-20221220-15km-wsw-of-ferndale-ca	nc73821036	2022-12-20T10:34:24.770000Z	United States	15km WSW of Ferndale, CA	6.400000	17.910000	P734	OK	172.870000	173.795296	0.024761	2.476146	488.230000	-0.003401	0.008330	-0.023069	600	0.008407	0.840681	300	2.945406	N	low_pgd_snr,late_pgd_peak	Y	crowell_2016_gfast	cm	3d	hypocentral	median	6.937640	0.537640	0.537640
us-nc73821036-m6-4-20221220-15km-wsw-of-ferndale-ca	nc73821036	2022-12-20T10:34:24.770000Z	United States	15km WSW of Ferndale, CA	6.400000	17.910000	P734	OK	172.870000	173.795296	0.024761	2.476146	488.230000	-0.003401	0.008330	-0.023069	600	0.008407	0.840681	300	2.945406	N	low_pgd_snr,late_pgd_peak	Y	ruhl_2019	m	3d	hypocentral	median	6.303436	-0.096564	0.096564
us-nc73821036-m6-4-20221220-15km-wsw-of-ferndale-ca	nc73821036	2022-12-20T10:34:24.770000Z	United States	15km WSW of Ferndale, CA	6.400000	17.910000	P786	OK	151.423000	152.478500	0.025989	2.598865	24.230000	0.002537	-0.000013	-0.025865	600	0.009866	0.986605	300	2.634149	N	low_pgd_snr	Y	melgar_2015	cm	3d	hypocentral	median	6.502175	0.102175	0.102175
us-nc73821036-m6-4-20221220-15km-wsw-of-ferndale-ca	nc73821036	2022-12-20T10:34:24.770000Z	United States	15km WSW of Ferndale, CA	6.400000	17.910000	P786	OK	151.423000	152.478500	0.025989	2.598865	24.230000	0.002537	-0.000013	-0.025865	600	0.009866	0.986605	300	2.634149	N	low_pgd_snr	Y	crowell_2016_gfast	cm	3d	hypocentral	median	6.876287	0.476287	0.476287
us-nc73821036-m6-4-20221220-15km-wsw-of-ferndale-ca	nc73821036	2022-12-20T10:34:24.770000Z	United States	15km WSW of Ferndale, CA	6.400000	17.910000	P786	OK	151.423000	152.478500	0.025989	2.598865	24.230000	0.002537	-0.000013	-0.025865	600	0.009866	0.986605	300	2.634149	N	low_pgd_snr	Y	ruhl_2019	m	3d	hypocentral	median	6.258761	-0.141239	0.141239
us-nc73821036-m6-4-20221220-15km-wsw-of-ferndale-ca	nc73821036	2022-12-20T10:34:24.770000Z	United States	15km WSW of Ferndale, CA	6.400000	17.910000	P793	OK	72.043000	74.235854	0.035681	3.568053	24.230000	0.000658	-0.029358	-0.020268	600	0.011272	1.127179	300	3.165470	Y		Y	melgar_2015	cm	3d	hypocentral	median	6.321097	-0.078903	0.078903
us-nc73821036-m6-4-20221220-15km-wsw-of-ferndale-ca	nc73821036	2022-12-20T10:34:24.770000Z	United States	15km WSW of Ferndale, CA	6.400000	17.910000	P793	OK	72.043000	74.235854	0.035681	3.568053	24.230000	0.000658	-0.029358	-0.020268	600	0.011272	1.127179	300	3.165470	Y		Y	crowell_2016_gfast	cm	3d	hypocentral	median	6.583164	0.183164	0.183164
us-nc73821036-m6-4-20221220-15km-wsw-of-ferndale-ca	nc73821036	2022-12-20T10:34:24.770000Z	United States	15km WSW of Ferndale, CA	6.400000	17.910000	P793	OK	72.043000	74.235854	0.035681	3.568053	24.230000	0.000658	-0.029358	-0.020268	600	0.011272	1.127179	300	3.165470	Y		Y	ruhl_2019	m	3d	hypocentral	median	6.060813	-0.339187	0.339187
us-nc73821036-m6-4-20221220-15km-wsw-of-ferndale-ca	nc73821036	2022-12-20T10:34:24.770000Z	United States	15km WSW of Ferndale, CA	6.400000	17.910000	P794	OK	145.155000	146.255742	0.021880	2.188013	536.230000	0.003413	-0.009494	-0.019415	600	0.009988	0.998813	300	2.190612	N	low_pgd_snr,late_pgd_peak	Y	melgar_2015	cm	3d	hypocentral	median	6.380591	-0.019409	0.019409
us-nc73821036-m6-4-20221220-15km-wsw-of-ferndale-ca	nc73821036	2022-12-20T10:34:24.770000Z	United States	15km WSW of Ferndale, CA	6.400000	17.910000	P794	OK	145.155000	146.255742	0.021880	2.188013	536.230000	0.003413	-0.009494	-0.019415	600	0.009988	0.998813	300	2.190612	N	low_pgd_snr,late_pgd_peak	Y	crowell_2016_gfast	cm	3d	hypocentral	median	6.778510	0.378510	0.378510
us-nc73821036-m6-4-20221220-15km-wsw-of-ferndale-ca	nc73821036	2022-12-20T10:34:24.770000Z	United States	15km WSW of Ferndale, CA	6.400000	17.910000	P794	OK	145.155000	146.255742	0.021880	2.188013	536.230000	0.003413	-0.009494	-0.019415	600	0.009988	0.998813	300	2.190612	N	low_pgd_snr,late_pgd_peak	Y	ruhl_2019	m	3d	hypocentral	median	6.127612	-0.272388	0.272388
us-nc73821036-m6-4-20221220-15km-wsw-of-ferndale-ca	nc73821036	2022-12-20T10:34:24.770000Z	United States	15km WSW of Ferndale, CA	6.400000	17.910000	PTSG	OK	140.554000	141.690490	0.023685	2.368502	91.230000	-0.002797	0.007487	0.022296	600	0.011681	1.168057	300	2.027727	N	low_pgd_snr	Y	melgar_2015	cm	3d	hypocentral	median	6.410315	0.010315	0.010315
us-nc73821036-m6-4-20221220-15km-wsw-of-ferndale-ca	nc73821036	2022-12-20T10:34:24.770000Z	United States	15km WSW of Ferndale, CA	6.400000	17.910000	PTSG	OK	140.554000	141.690490	0.023685	2.368502	91.230000	-0.002797	0.007487	0.022296	600	0.011681	1.168057	300	2.027727	N	low_pgd_snr	Y	crowell_2016_gfast	cm	3d	hypocentral	median	6.792406	0.392406	0.392406
us-nc73821036-m6-4-20221220-15km-wsw-of-ferndale-ca	nc73821036	2022-12-20T10:34:24.770000Z	United States	15km WSW of Ferndale, CA	6.400000	17.910000	PTSG	OK	140.554000	141.690490	0.023685	2.368502	91.230000	-0.002797	0.007487	0.022296	600	0.011681	1.168057	300	2.027727	N	low_pgd_snr	Y	ruhl_2019	m	3d	hypocentral	median	6.159442	-0.240558	0.240558
us-nc73821036-m6-4-20221220-15km-wsw-of-ferndale-ca	nc73821036	2022-12-20T10:34:24.770000Z	United States	15km WSW of Ferndale, CA	6.400000	17.910000	TRND	OK	63.115000	65.606946	0.020205	2.020544	517.230000	0.000071	-0.007699	0.018681	600	0.009574	0.957399	300	2.110451	N	low_pgd_snr,late_pgd_peak	Y	melgar_2015	cm	3d	hypocentral	median	5.952155	-0.447845	0.447845
us-nc73821036-m6-4-20221220-15km-wsw-of-ferndale-ca	nc73821036	2022-12-20T10:34:24.770000Z	United States	15km WSW of Ferndale, CA	6.400000	17.910000	TRND	OK	63.115000	65.606946	0.020205	2.020544	517.230000	0.000071	-0.007699	0.018681	600	0.009574	0.957399	300	2.110451	N	low_pgd_snr,late_pgd_peak	Y	crowell_2016_gfast	cm	3d	hypocentral	median	6.292873	-0.107127	0.107127
us-nc73821036-m6-4-20221220-15km-wsw-of-ferndale-ca	nc73821036	2022-12-20T10:34:24.770000Z	United States	15km WSW of Ferndale, CA	6.400000	17.910000	TRND	OK	63.115000	65.606946	0.020205	2.020544	517.230000	0.000071	-0.007699	0.018681	600	0.009574	0.957399	300	2.110451	N	low_pgd_snr,late_pgd_peak	Y	ruhl_2019	m	3d	hypocentral	median	5.666303	-0.733697	0.733697
us-pr2019267000-m6-20190924-67-km-nnw-of-san-antonio-puerto-rico	pr2019267000	2019-09-24T03:23:40.000000Z	United States	67 km NNW of San Antonio, Puerto Rico	6.000000	10.000000	AGPR	OK	69.807000	70.519623	0.062386	6.238574	591.000000	0.017797	-0.015160	-0.057840	601	0.024332	2.433158	300	2.563982	N	low_pgd_snr,late_pgd_peak	Y	melgar_2015	cm	3d	hypocentral	median	6.602937	0.602937	0.602937
us-pr2019267000-m6-20190924-67-km-nnw-of-san-antonio-puerto-rico	pr2019267000	2019-09-24T03:23:40.000000Z	United States	67 km NNW of San Antonio, Puerto Rico	6.000000	10.000000	AGPR	OK	69.807000	70.519623	0.062386	6.238574	591.000000	0.017797	-0.015160	-0.057840	601	0.024332	2.433158	300	2.563982	N	low_pgd_snr,late_pgd_peak	Y	crowell_2016_gfast	cm	3d	hypocentral	median	6.774418	0.774418	0.774418
us-pr2019267000-m6-20190924-67-km-nnw-of-san-antonio-puerto-rico	pr2019267000	2019-09-24T03:23:40.000000Z	United States	67 km NNW of San Antonio, Puerto Rico	6.000000	10.000000	AGPR	OK	69.807000	70.519623	0.062386	6.238574	591.000000	0.017797	-0.015160	-0.057840	601	0.024332	2.433158	300	2.563982	N	low_pgd_snr,late_pgd_peak	Y	ruhl_2019	m	3d	hypocentral	median	6.361831	0.361831	0.361831
us-pr2019267000-m6-20190924-67-km-nnw-of-san-antonio-puerto-rico	pr2019267000	2019-09-24T03:23:40.000000Z	United States	67 km NNW of San Antonio, Puerto Rico	6.000000	10.000000	CN05	OK	128.060000	128.449849	0.054948	5.494779	465.000000	-0.014057	-0.014323	0.051152	601	0.013020	1.301960	300	4.220390	N	late_pgd_peak	Y	melgar_2015	cm	3d	hypocentral	median	6.843897	0.843897	0.843897
us-pr2019267000-m6-20190924-67-km-nnw-of-san-antonio-puerto-rico	pr2019267000	2019-09-24T03:23:40.000000Z	United States	67 km NNW of San Antonio, Puerto Rico	6.000000	10.000000	CN05	OK	128.060000	128.449849	0.054948	5.494779	465.000000	-0.014057	-0.014323	0.051152	601	0.013020	1.301960	300	4.220390	N	late_pgd_peak	Y	crowell_2016_gfast	cm	3d	hypocentral	median	7.081845	1.081845	1.081845
us-pr2019267000-m6-20190924-67-km-nnw-of-san-antonio-puerto-rico	pr2019267000	2019-09-24T03:23:40.000000Z	United States	67 km NNW of San Antonio, Puerto Rico	6.000000	10.000000	CN05	OK	128.060000	128.449849	0.054948	5.494779	465.000000	-0.014057	-0.014323	0.051152	601	0.013020	1.301960	300	4.220390	N	late_pgd_peak	Y	ruhl_2019	m	3d	hypocentral	median	6.625039	0.625039	0.625039
us-pr2019267000-m6-20190924-67-km-nnw-of-san-antonio-puerto-rico	pr2019267000	2019-09-24T03:23:40.000000Z	United States	67 km NNW of San Antonio, Puerto Rico	6.000000	10.000000	CRLR	OK	190.244000	190.506639	0.050052	5.005217	221.000000	-0.014294	-0.015063	0.045541	601	0.024642	2.464225	300	2.031153	N	low_pgd_snr	Y	melgar_2015	cm	3d	hypocentral	median	7.009307	1.009307	1.009307
us-pr2019267000-m6-20190924-67-km-nnw-of-san-antonio-puerto-rico	pr2019267000	2019-09-24T03:23:40.000000Z	United States	67 km NNW of San Antonio, Puerto Rico	6.000000	10.000000	CRLR	OK	190.244000	190.506639	0.050052	5.005217	221.000000	-0.014294	-0.015063	0.045541	601	0.024642	2.464225	300	2.031153	N	low_pgd_snr	Y	crowell_2016_gfast	cm	3d	hypocentral	median	7.298121	1.298121	1.298121
us-pr2019267000-m6-20190924-67-km-nnw-of-san-antonio-puerto-rico	pr2019267000	2019-09-24T03:23:40.000000Z	United States	67 km NNW of San Antonio, Puerto Rico	6.000000	10.000000	CRLR	OK	190.244000	190.506639	0.050052	5.005217	221.000000	-0.014294	-0.015063	0.045541	601	0.024642	2.464225	300	2.031153	N	low_pgd_snr	Y	ruhl_2019	m	3d	hypocentral	median	6.807686	0.807686	0.807686
us-pr2019267000-m6-20190924-67-km-nnw-of-san-antonio-puerto-rico	pr2019267000	2019-09-24T03:23:40.000000Z	United States	67 km NNW of San Antonio, Puerto Rico	6.000000	10.000000	EMPR	OK	102.609000	103.095135	0.111266	11.126558	591.000000	0.018669	0.001318	-0.109680	601	0.035467	3.546702	300	3.137156	N	late_pgd_peak	Y	melgar_2015	cm	3d	hypocentral	median	7.125003	1.125003	1.125003
us-pr2019267000-m6-20190924-67-km-nnw-of-san-antonio-puerto-rico	pr2019267000	2019-09-24T03:23:40.000000Z	United States	67 km NNW of San Antonio, Puerto Rico	6.000000	10.000000	EMPR	OK	102.609000	103.095135	0.111266	11.126558	591.000000	0.018669	0.001318	-0.109680	601	0.035467	3.546702	300	3.137156	N	late_pgd_peak	Y	crowell_2016_gfast	cm	3d	hypocentral	median	7.233071	1.233071	1.233071
us-pr2019267000-m6-20190924-67-km-nnw-of-san-antonio-puerto-rico	pr2019267000	2019-09-24T03:23:40.000000Z	United States	67 km NNW of San Antonio, Puerto Rico	6.000000	10.000000	EMPR	OK	102.609000	103.095135	0.111266	11.126558	591.000000	0.018669	0.001318	-0.109680	601	0.035467	3.546702	300	3.137156	N	late_pgd_peak	Y	ruhl_2019	m	3d	hypocentral	median	6.924412	0.924412	0.924412
us-pr2019267000-m6-20190924-67-km-nnw-of-san-antonio-puerto-rico	pr2019267000	2019-09-24T03:23:40.000000Z	United States	67 km NNW of San Antonio, Puerto Rico	6.000000	10.000000	HUPR	OK	182.777000	183.050353	0.109417	10.941677	323.000000	-0.038626	0.027294	0.098667	601	0.017602	1.760212	300	6.216113	N	late_pgd_peak	Y	melgar_2015	cm	3d	hypocentral	median	7.448752	1.448752	1.448752
us-pr2019267000-m6-20190924-67-km-nnw-of-san-antonio-puerto-rico	pr2019267000	2019-09-24T03:23:40.000000Z	United States	67 km NNW of San Antonio, Puerto Rico	6.000000	10.000000	HUPR	OK	182.777000	183.050353	0.109417	10.941677	323.000000	-0.038626	0.027294	0.098667	601	0.017602	1.760212	300	6.216113	N	late_pgd_peak	Y	crowell_2016_gfast	cm	3d	hypocentral	median	7.605836	1.605836	1.605836
us-pr2019267000-m6-20190924-67-km-nnw-of-san-antonio-puerto-rico	pr2019267000	2019-09-24T03:23:40.000000Z	United States	67 km NNW of San Antonio, Puerto Rico	6.000000	10.000000	HUPR	OK	182.777000	183.050353	0.109417	10.941677	323.000000	-0.038626	0.027294	0.098667	601	0.017602	1.760212	300	6.216113	N	late_pgd_peak	Y	ruhl_2019	m	3d	hypocentral	median	7.281371	1.281371	1.281371
us-pr2019267000-m6-20190924-67-km-nnw-of-san-antonio-puerto-rico	pr2019267000	2019-09-24T03:23:40.000000Z	United States	67 km NNW of San Antonio, Puerto Rico	6.000000	10.000000	IGPR	OK	174.130000	174.416905	0.061571	6.157118	432.000000	0.020689	-0.004599	-0.057809	601	0.036624	3.662414	300	1.681164	N	low_pgd_snr,late_pgd_peak	Y	melgar_2015	cm	3d	hypocentral	median	7.081002	1.081002	1.081002
us-pr2019267000-m6-20190924-67-km-nnw-of-san-antonio-puerto-rico	pr2019267000	2019-09-24T03:23:40.000000Z	United States	67 km NNW of San Antonio, Puerto Rico	6.000000	10.000000	IGPR	OK	174.130000	174.416905	0.061571	6.157118	432.000000	0.020689	-0.004599	-0.057809	601	0.036624	3.662414	300	1.681164	N	low_pgd_snr,late_pgd_peak	Y	crowell_2016_gfast	cm	3d	hypocentral	median	7.327626	1.327626	1.327626
us-pr2019267000-m6-20190924-67-km-nnw-of-san-antonio-puerto-rico	pr2019267000	2019-09-24T03:23:40.000000Z	United States	67 km NNW of San Antonio, Puerto Rico	6.000000	10.000000	IGPR	OK	174.130000	174.416905	0.061571	6.157118	432.000000	0.020689	-0.004599	-0.057809	601	0.036624	3.662414	300	1.681164	N	low_pgd_snr,late_pgd_peak	Y	ruhl_2019	m	3d	hypocentral	median	6.883898	0.883898	0.883898
us-pr2019267000-m6-20190924-67-km-nnw-of-san-antonio-puerto-rico	pr2019267000	2019-09-24T03:23:40.000000Z	United States	67 km NNW of San Antonio, Puerto Rico	6.000000	10.000000	P780	OK	133.110000	133.485101	0.084335	8.433516	568.000000	0.023739	-0.004641	0.080792	601	0.024119	2.411903	300	3.496623	N	late_pgd_peak	Y	melgar_2015	cm	3d	hypocentral	median	7.111686	1.111686	1.111686
us-pr2019267000-m6-20190924-67-km-nnw-of-san-antonio-puerto-rico	pr2019267000	2019-09-24T03:23:40.000000Z	United States	67 km NNW of San Antonio, Puerto Rico	6.000000	10.000000	P780	OK	133.110000	133.485101	0.084335	8.433516	568.000000	0.023739	-0.004641	0.080792	601	0.024119	2.411903	300	3.496623	N	late_pgd_peak	Y	crowell_2016_gfast	cm	3d	hypocentral	median	7.284079	1.284079	1.284079
us-pr2019267000-m6-20190924-67-km-nnw-of-san-antonio-puerto-rico	pr2019267000	2019-09-24T03:23:40.000000Z	United States	67 km NNW of San Antonio, Puerto Rico	6.000000	10.000000	P780	OK	133.110000	133.485101	0.084335	8.433516	568.000000	0.023739	-0.004641	0.080792	601	0.024119	2.411903	300	3.496623	N	late_pgd_peak	Y	ruhl_2019	m	3d	hypocentral	median	6.913419	0.913419	0.913419
us-pr2019267000-m6-20190924-67-km-nnw-of-san-antonio-puerto-rico	pr2019267000	2019-09-24T03:23:40.000000Z	United States	67 km NNW of San Antonio, Puerto Rico	6.000000	10.000000	PRSN	OK	96.525000	97.041618	0.089480	8.948017	564.000000	0.002552	-0.014742	0.088220	601	0.020210	2.021035	300	4.427443	N	late_pgd_peak	Y	melgar_2015	cm	3d	hypocentral	median	6.969110	0.969110	0.969110
us-pr2019267000-m6-20190924-67-km-nnw-of-san-antonio-puerto-rico	pr2019267000	2019-09-24T03:23:40.000000Z	United States	67 km NNW of San Antonio, Puerto Rico	6.000000	10.000000	PRSN	OK	96.525000	97.041618	0.089480	8.948017	564.000000	0.002552	-0.014742	0.088220	601	0.020210	2.021035	300	4.427443	N	late_pgd_peak	Y	crowell_2016_gfast	cm	3d	hypocentral	median	7.107174	1.107174	1.107174
us-pr2019267000-m6-20190924-67-km-nnw-of-san-antonio-puerto-rico	pr2019267000	2019-09-24T03:23:40.000000Z	United States	67 km NNW of San Antonio, Puerto Rico	6.000000	10.000000	PRSN	OK	96.525000	97.041618	0.089480	8.948017	564.000000	0.002552	-0.014742	0.088220	601	0.020210	2.021035	300	4.427443	N	late_pgd_peak	Y	ruhl_2019	m	3d	hypocentral	median	6.756536	0.756536	0.756536
us-pr2019267000-m6-20190924-67-km-nnw-of-san-antonio-puerto-rico	pr2019267000	2019-09-24T03:23:40.000000Z	United States	67 km NNW of San Antonio, Puerto Rico	6.000000	10.000000	RDMS	OK	186.448000	186.715979	0.057275	5.727521	383.000000	-0.024405	-0.020117	0.047751	601	0.022904	2.290423	300	2.500639	N	low_pgd_snr,late_pgd_peak	Y	melgar_2015	cm	3d	hypocentral	median	7.077603	1.077603	1.077603
us-pr2019267000-m6-20190924-67-km-nnw-of-san-antonio-puerto-rico	pr2019267000	2019-09-24T03:23:40.000000Z	United States	67 km NNW of San Antonio, Puerto Rico	6.000000	10.000000	RDMS	OK	186.448000	186.715979	0.057275	5.727521	383.000000	-0.024405	-0.020117	0.047751	601	0.022904	2.290423	300	2.500639	N	low_pgd_snr,late_pgd_peak	Y	crowell_2016_gfast	cm	3d	hypocentral	median	7.342414	1.342414	1.342414
us-pr2019267000-m6-20190924-67-km-nnw-of-san-antonio-puerto-rico	pr2019267000	2019-09-24T03:23:40.000000Z	United States	67 km NNW of San Antonio, Puerto Rico	6.000000	10.000000	RDMS	OK	186.448000	186.715979	0.057275	5.727521	383.000000	-0.024405	-0.020117	0.047751	601	0.022904	2.290423	300	2.500639	N	low_pgd_snr,late_pgd_peak	Y	ruhl_2019	m	3d	hypocentral	median	6.881144	0.881144	0.881144
us-us10003vyx-m6-5-20151109-99-km-se-of-atka-alaska	us10003vyx	2015-11-09T16:03:46.070000Z	United States	99 km SE of Atka, Alaska	6.500000	15.000000	AB01	OK	100.124000	101.241372	0.063003	6.300325	332.930000	-0.015781	-0.031828	-0.052032	600	0.021489	2.148880	300	2.931911	N	low_pgd_snr,late_pgd_peak	Y	melgar_2015	cm	3d	hypocentral	median	6.794276	0.294276	0.294276
us-us10003vyx-m6-5-20151109-99-km-se-of-atka-alaska	us10003vyx	2015-11-09T16:03:46.070000Z	United States	99 km SE of Atka, Alaska	6.500000	15.000000	AB01	OK	100.124000	101.241372	0.063003	6.300325	332.930000	-0.015781	-0.031828	-0.052032	600	0.021489	2.148880	300	2.931911	N	low_pgd_snr,late_pgd_peak	Y	crowell_2016_gfast	cm	3d	hypocentral	median	6.991025	0.491025	0.491025
us-us10003vyx-m6-5-20151109-99-km-se-of-atka-alaska	us10003vyx	2015-11-09T16:03:46.070000Z	United States	99 km SE of Atka, Alaska	6.500000	15.000000	AB01	OK	100.124000	101.241372	0.063003	6.300325	332.930000	-0.015781	-0.031828	-0.052032	600	0.021489	2.148880	300	2.931911	N	low_pgd_snr,late_pgd_peak	Y	ruhl_2019	m	3d	hypocentral	median	6.569495	0.069495	0.069495
us-us100047zq-m6-6-20151217-4-km-w-of-manuel-vila-camacho-ponte-duro-mexico	us100047zq	2015-12-17T19:49:53.050Z	Mexico	4 km W of Manuel Ávila Camacho (Ponte Duro), Mexico	6.600000	85.000000	OXTH	OK	180.073000	199.126305	0.063555	6.355543	460.950000	-0.006992	0.006763	0.062807	600	0.045830	4.583003	300	1.386764	N	low_pgd_snr,late_pgd_peak	Y	melgar_2015	cm	3d	hypocentral	median	7.176932	0.576932	0.576932
us-us100047zq-m6-6-20151217-4-km-w-of-manuel-vila-camacho-ponte-duro-mexico	us100047zq	2015-12-17T19:49:53.050Z	Mexico	4 km W of Manuel Ávila Camacho (Ponte Duro), Mexico	6.600000	85.000000	OXTH	OK	180.073000	199.126305	0.063555	6.355543	460.950000	-0.006992	0.006763	0.062807	600	0.045830	4.583003	300	1.386764	N	low_pgd_snr,late_pgd_peak	Y	crowell_2016_gfast	cm	3d	hypocentral	median	7.430807	0.830807	0.830807
us-us100047zq-m6-6-20151217-4-km-w-of-manuel-vila-camacho-ponte-duro-mexico	us100047zq	2015-12-17T19:49:53.050Z	Mexico	4 km W of Manuel Ávila Camacho (Ponte Duro), Mexico	6.600000	85.000000	OXTH	OK	180.073000	199.126305	0.063555	6.355543	460.950000	-0.006992	0.006763	0.062807	600	0.045830	4.583003	300	1.386764	N	low_pgd_snr,late_pgd_peak	Y	ruhl_2019	m	3d	hypocentral	median	6.989296	0.389296	0.389296
us-us10004x1w-m6-3-20160312-72-km-sse-of-atka-alaska	us10004x1w	2016-03-12T18:06:44.760000Z	United States	72 km SSE of Atka, Alaska	6.300000	19.000000	AB01	OK	73.916000	76.318904	0.060097	6.009709	376.240000	0.001883	-0.010122	-0.059209	600	0.018678	1.867766	300	3.217592	N	late_pgd_peak	Y	melgar_2015	cm	3d	hypocentral	median	6.622046	0.322046	0.322046
us-us10004x1w-m6-3-20160312-72-km-sse-of-atka-alaska	us10004x1w	2016-03-12T18:06:44.760000Z	United States	72 km SSE of Atka, Alaska	6.300000	19.000000	AB01	OK	73.916000	76.318904	0.060097	6.009709	376.240000	0.001883	-0.010122	-0.059209	600	0.018678	1.867766	300	3.217592	N	late_pgd_peak	Y	crowell_2016_gfast	cm	3d	hypocentral	median	6.804976	0.504976	0.504976
us-us10004x1w-m6-3-20160312-72-km-sse-of-atka-alaska	us10004x1w	2016-03-12T18:06:44.760000Z	United States	72 km SSE of Atka, Alaska	6.300000	19.000000	AB01	OK	73.916000	76.318904	0.060097	6.009709	376.240000	0.001883	-0.010122	-0.059209	600	0.018678	1.867766	300	3.217592	N	late_pgd_peak	Y	ruhl_2019	m	3d	hypocentral	median	6.382794	0.082794	0.082794
us-us10008mel-m6-2-20170501-47-km-nw-of-mosquito-lake-alaska	us10008mel	2017-05-01T12:31:55.590000Z	United States	47 km NW of Mosquito Lake, Alaska	6.200000	10.000000	AB42	OK	134.235000	134.606966	0.046175	4.617532	597.410000	0.001520	-0.009352	-0.045193	600	0.011951	1.195085	300	3.863769	N	late_pgd_peak	Y	melgar_2015	cm	3d	hypocentral	median	6.769101	0.569101	0.569101
us-us10008mel-m6-2-20170501-47-km-nw-of-mosquito-lake-alaska	us10008mel	2017-05-01T12:31:55.590000Z	United States	47 km NW of Mosquito Lake, Alaska	6.200000	10.000000	AB42	OK	134.235000	134.606966	0.046175	4.617532	597.410000	0.001520	-0.009352	-0.045193	600	0.011951	1.195085	300	3.863769	N	late_pgd_peak	Y	crowell_2016_gfast	cm	3d	hypocentral	median	7.039021	0.839021	0.839021
us-us10008mel-m6-2-20170501-47-km-nw-of-mosquito-lake-alaska	us10008mel	2017-05-01T12:31:55.590000Z	United States	47 km NW of Mosquito Lake, Alaska	6.200000	10.000000	AB42	OK	134.235000	134.606966	0.046175	4.617532	597.410000	0.001520	-0.009352	-0.045193	600	0.011951	1.195085	300	3.863769	N	late_pgd_peak	Y	ruhl_2019	m	3d	hypocentral	median	6.545062	0.345062	0.345062
us-us10008mel-m6-2-20170501-47-km-nw-of-mosquito-lake-alaska	us10008mel	2017-05-01T12:31:55.590000Z	United States	47 km NW of Mosquito Lake, Alaska	6.200000	10.000000	AB43	OK	180.415000	180.691926	0.033720	3.371973	210.410000	-0.013116	0.008816	-0.029787	600	0.011120	1.111955	300	3.032472	Y		Y	melgar_2015	cm	3d	hypocentral	median	6.745884	0.545884	0.545884
us-us10008mel-m6-2-20170501-47-km-nw-of-mosquito-lake-alaska	us10008mel	2017-05-01T12:31:55.590000Z	United States	47 km NW of Mosquito Lake, Alaska	6.200000	10.000000	AB43	OK	180.415000	180.691926	0.033720	3.371973	210.410000	-0.013116	0.008816	-0.029787	600	0.011120	1.111955	300	3.032472	Y		Y	crowell_2016_gfast	cm	3d	hypocentral	median	7.094176	0.894176	0.894176
us-us10008mel-m6-2-20170501-47-km-nw-of-mosquito-lake-alaska	us10008mel	2017-05-01T12:31:55.590000Z	United States	47 km NW of Mosquito Lake, Alaska	6.200000	10.000000	AB43	OK	180.415000	180.691926	0.033720	3.371973	210.410000	-0.013116	0.008816	-0.029787	600	0.011120	1.111955	300	3.032472	Y		Y	ruhl_2019	m	3d	hypocentral	median	6.522807	0.322807	0.322807
us-us10008mel-m6-2-20170501-47-km-nw-of-mosquito-lake-alaska	us10008mel	2017-05-01T12:31:55.590000Z	United States	47 km NW of Mosquito Lake, Alaska	6.200000	10.000000	AB44	OK	89.407000	89.964502	0.038814	3.881366	31.410000	0.007246	-0.008429	0.037188	600	0.017959	1.795884	300	2.161256	N	low_pgd_snr	Y	melgar_2015	cm	3d	hypocentral	median	6.461775	0.261775	0.261775
us-us10008mel-m6-2-20170501-47-km-nw-of-mosquito-lake-alaska	us10008mel	2017-05-01T12:31:55.590000Z	United States	47 km NW of Mosquito Lake, Alaska	6.200000	10.000000	AB44	OK	89.407000	89.964502	0.038814	3.881366	31.410000	0.007246	-0.008429	0.037188	600	0.017959	1.795884	300	2.161256	N	low_pgd_snr	Y	crowell_2016_gfast	cm	3d	hypocentral	median	6.725634	0.525634	0.525634
us-us10008mel-m6-2-20170501-47-km-nw-of-mosquito-lake-alaska	us10008mel	2017-05-01T12:31:55.590000Z	United States	47 km NW of Mosquito Lake, Alaska	6.200000	10.000000	AB44	OK	89.407000	89.964502	0.038814	3.881366	31.410000	0.007246	-0.008429	0.037188	600	0.017959	1.795884	300	2.161256	N	low_pgd_snr	Y	ruhl_2019	m	3d	hypocentral	median	6.212257	0.012257	0.012257
us-us10008mel-m6-2-20170501-47-km-nw-of-mosquito-lake-alaska	us10008mel	2017-05-01T12:31:55.590000Z	United States	47 km NW of Mosquito Lake, Alaska	6.200000	10.000000	AB50	OK	199.124000	199.374942	0.048634	4.863373	598.410000	0.006332	-0.012572	-0.046552	600	0.011737	1.173685	300	4.143678	N	late_pgd_peak	Y	melgar_2015	cm	3d	hypocentral	median	7.018392	0.818392	0.818392
us-us10008mel-m6-2-20170501-47-km-nw-of-mosquito-lake-alaska	us10008mel	2017-05-01T12:31:55.590000Z	United States	47 km NW of Mosquito Lake, Alaska	6.200000	10.000000	AB50	OK	199.124000	199.374942	0.048634	4.863373	598.410000	0.006332	-0.012572	-0.046552	600	0.011737	1.173685	300	4.143678	N	late_pgd_peak	Y	crowell_2016_gfast	cm	3d	hypocentral	median	7.316354	1.116354	1.116354
us-us10008mel-m6-2-20170501-47-km-nw-of-mosquito-lake-alaska	us10008mel	2017-05-01T12:31:55.590000Z	United States	47 km NW of Mosquito Lake, Alaska	6.200000	10.000000	AB50	OK	199.124000	199.374942	0.048634	4.863373	598.410000	0.006332	-0.012572	-0.046552	600	0.011737	1.173685	300	4.143678	N	late_pgd_peak	Y	ruhl_2019	m	3d	hypocentral	median	6.818078	0.618078	0.618078
us-us10008mgu-m6-3-20170501-48-km-nw-of-mosquito-lake-alaska	us10008mgu	2017-05-01T14:18:15.290000Z	United States	48 km NW of Mosquito Lake, Alaska	6.300000	2.530000	AB42	OK	134.974000	134.997710	0.028822	2.882187	457.710000	0.006181	-0.008923	-0.026700	600	0.008352	0.835248	300	3.450694	N	late_pgd_peak	Y	melgar_2015	cm	3d	hypocentral	median	6.498838	0.198838	0.198838
us-us10008mgu-m6-3-20170501-48-km-nw-of-mosquito-lake-alaska	us10008mgu	2017-05-01T14:18:15.290000Z	United States	48 km NW of Mosquito Lake, Alaska	6.300000	2.530000	AB42	OK	134.974000	134.997710	0.028822	2.882187	457.710000	0.006181	-0.008923	-0.026700	600	0.008352	0.835248	300	3.450694	N	late_pgd_peak	Y	crowell_2016_gfast	cm	3d	hypocentral	median	6.844797	0.544797	0.544797
us-us10008mgu-m6-3-20170501-48-km-nw-of-mosquito-lake-alaska	us10008mgu	2017-05-01T14:18:15.290000Z	United States	48 km NW of Mosquito Lake, Alaska	6.300000	2.530000	AB42	OK	134.974000	134.997710	0.028822	2.882187	457.710000	0.006181	-0.008923	-0.026700	600	0.008352	0.835248	300	3.450694	N	late_pgd_peak	Y	ruhl_2019	m	3d	hypocentral	median	6.254400	-0.045600	0.045600
us-us10008mgu-m6-3-20170501-48-km-nw-of-mosquito-lake-alaska	us10008mgu	2017-05-01T14:18:15.290000Z	United States	48 km NW of Mosquito Lake, Alaska	6.300000	2.530000	AB43	OK	181.362000	181.379646	0.046074	4.607440	573.710000	0.003085	-0.012003	-0.044376	600	0.023123	2.312338	300	1.992546	N	low_pgd_snr,late_pgd_peak	Y	melgar_2015	cm	3d	hypocentral	median	6.932350	0.632350	0.632350
us-us10008mgu-m6-3-20170501-48-km-nw-of-mosquito-lake-alaska	us10008mgu	2017-05-01T14:18:15.290000Z	United States	48 km NW of Mosquito Lake, Alaska	6.300000	2.530000	AB43	OK	181.362000	181.379646	0.046074	4.607440	573.710000	0.003085	-0.012003	-0.044376	600	0.023123	2.312338	300	1.992546	N	low_pgd_snr,late_pgd_peak	Y	crowell_2016_gfast	cm	3d	hypocentral	median	7.229993	0.929993	0.929993
us-us10008mgu-m6-3-20170501-48-km-nw-of-mosquito-lake-alaska	us10008mgu	2017-05-01T14:18:15.290000Z	United States	48 km NW of Mosquito Lake, Alaska	6.300000	2.530000	AB43	OK	181.362000	181.379646	0.046074	4.607440	573.710000	0.003085	-0.012003	-0.044376	600	0.023123	2.312338	300	1.992546	N	low_pgd_snr,late_pgd_peak	Y	ruhl_2019	m	3d	hypocentral	median	6.724033	0.424033	0.424033
us-us10008mgu-m6-3-20170501-48-km-nw-of-mosquito-lake-alaska	us10008mgu	2017-05-01T14:18:15.290000Z	United States	48 km NW of Mosquito Lake, Alaska	6.300000	2.530000	AB44	OK	89.375000	89.410802	0.061852	6.185176	467.710000	0.023843	-0.052380	0.022659	600	0.036106	3.610589	300	1.713065	N	low_pgd_snr,late_pgd_peak	Y	melgar_2015	cm	3d	hypocentral	median	6.718911	0.418911	0.418911
us-us10008mgu-m6-3-20170501-48-km-nw-of-mosquito-lake-alaska	us10008mgu	2017-05-01T14:18:15.290000Z	United States	48 km NW of Mosquito Lake, Alaska	6.300000	2.530000	AB44	OK	89.375000	89.410802	0.061852	6.185176	467.710000	0.023843	-0.052380	0.022659	600	0.036106	3.610589	300	1.713065	N	low_pgd_snr,late_pgd_peak	Y	crowell_2016_gfast	cm	3d	hypocentral	median	6.909030	0.609030	0.609030
us-us10008mgu-m6-3-20170501-48-km-nw-of-mosquito-lake-alaska	us10008mgu	2017-05-01T14:18:15.290000Z	United States	48 km NW of Mosquito Lake, Alaska	6.300000	2.530000	AB44	OK	89.375000	89.410802	0.061852	6.185176	467.710000	0.023843	-0.052380	0.022659	600	0.036106	3.610589	300	1.713065	N	low_pgd_snr,late_pgd_peak	Y	ruhl_2019	m	3d	hypocentral	median	6.487655	0.187655	0.187655
us-us10008mgu-m6-3-20170501-48-km-nw-of-mosquito-lake-alaska	us10008mgu	2017-05-01T14:18:15.290000Z	United States	48 km NW of Mosquito Lake, Alaska	6.300000	2.530000	AB50	OK	199.611000	199.627033	0.030131	3.013138	518.710000	0.005208	-0.010360	-0.027811	600	0.011226	1.122561	300	2.684165	N	low_pgd_snr,late_pgd_peak	Y	melgar_2015	cm	3d	hypocentral	median	6.734132	0.434132	0.434132
us-us10008mgu-m6-3-20170501-48-km-nw-of-mosquito-lake-alaska	us10008mgu	2017-05-01T14:18:15.290000Z	United States	48 km NW of Mosquito Lake, Alaska	6.300000	2.530000	AB50	OK	199.611000	199.627033	0.030131	3.013138	518.710000	0.005208	-0.010360	-0.027811	600	0.011226	1.122561	300	2.684165	N	low_pgd_snr,late_pgd_peak	Y	crowell_2016_gfast	cm	3d	hypocentral	median	7.110888	0.810888	0.810888
us-us10008mgu-m6-3-20170501-48-km-nw-of-mosquito-lake-alaska	us10008mgu	2017-05-01T14:18:15.290000Z	United States	48 km NW of Mosquito Lake, Alaska	6.300000	2.530000	AB50	OK	199.611000	199.627033	0.030131	3.013138	518.710000	0.005208	-0.010360	-0.027811	600	0.011226	1.122561	300	2.684165	N	low_pgd_snr,late_pgd_peak	Y	ruhl_2019	m	3d	hypocentral	median	6.511068	0.211068	0.211068
us-us1000ga0z-m6-5-20180815-108-km-wsw-of-adak-alaska	us1000ga0z	2018-08-15T21:56:56.310000Z	United States	108 km WSW of Adak, Alaska	6.500000	38.000000	AC66	OK	161.649000	166.055410	0.038118	3.811771	31.690000	0.008097	0.016656	0.033316	600	0.016345	1.634475	300	2.332107	N	low_pgd_snr	Y	melgar_2015	cm	3d	hypocentral	median	6.771661	0.271661	0.271661
us-us1000ga0z-m6-5-20180815-108-km-wsw-of-adak-alaska	us1000ga0z	2018-08-15T21:56:56.310000Z	United States	108 km WSW of Adak, Alaska	6.500000	38.000000	AC66	OK	161.649000	166.055410	0.038118	3.811771	31.690000	0.008097	0.016656	0.033316	600	0.016345	1.634475	300	2.332107	N	low_pgd_snr	Y	crowell_2016_gfast	cm	3d	hypocentral	median	7.091784	0.591784	0.591784
us-us1000ga0z-m6-5-20180815-108-km-wsw-of-adak-alaska	us1000ga0z	2018-08-15T21:56:56.310000Z	United States	108 km WSW of Adak, Alaska	6.500000	38.000000	AC66	OK	161.649000	166.055410	0.038118	3.811771	31.690000	0.008097	0.016656	0.033316	600	0.016345	1.634475	300	2.332107	N	low_pgd_snr	Y	ruhl_2019	m	3d	hypocentral	median	6.549799	0.049799	0.049799
us-us1000gf8u-m6-2-20180822-272-km-w-of-bandon-oregon	us1000gf8u	2018-08-22T09:31:45.530000Z	United States	272 km W of Bandon, Oregon	6.200000	10.000000	CABL	OK	268.078000	268.264448	0.020439	2.043942	371.470000	0.001581	-0.002208	0.020258	600	0.008344	0.834445	300	2.449465	N	low_pgd_snr,late_pgd_peak	Y	melgar_2015	cm	3d	hypocentral	median	6.664906	0.464906	0.464906
us-us1000gf8u-m6-2-20180822-272-km-w-of-bandon-oregon	us1000gf8u	2018-08-22T09:31:45.530000Z	United States	272 km W of Bandon, Oregon	6.200000	10.000000	CABL	OK	268.078000	268.264448	0.020439	2.043942	371.470000	0.001581	-0.002208	0.020258	600	0.008344	0.834445	300	2.449465	N	low_pgd_snr,late_pgd_peak	Y	crowell_2016_gfast	cm	3d	hypocentral	median	7.138180	0.938180	0.938180
us-us1000gf8u-m6-2-20180822-272-km-w-of-bandon-oregon	us1000gf8u	2018-08-22T09:31:45.530000Z	United States	272 km W of Bandon, Oregon	6.200000	10.000000	CABL	OK	268.078000	268.264448	0.020439	2.043942	371.470000	0.001581	-0.002208	0.020258	600	0.008344	0.834445	300	2.449465	N	low_pgd_snr,late_pgd_peak	Y	ruhl_2019	m	3d	hypocentral	median	6.438936	0.238936	0.238936
us-us1000gf8u-m6-2-20180822-272-km-w-of-bandon-oregon	us1000gf8u	2018-08-22T09:31:45.530000Z	United States	272 km W of Bandon, Oregon	6.200000	10.000000	P364	OK	272.633000	272.816335	0.025720	2.572003	13.470000	0.002590	-0.005430	-0.025006	600	0.014701	1.470099	300	1.749544	N	low_pgd_snr	Y	melgar_2015	cm	3d	hypocentral	median	6.814760	0.614760	0.614760
us-us1000gf8u-m6-2-20180822-272-km-w-of-bandon-oregon	us1000gf8u	2018-08-22T09:31:45.530000Z	United States	272 km W of Bandon, Oregon	6.200000	10.000000	P364	OK	272.633000	272.816335	0.025720	2.572003	13.470000	0.002590	-0.005430	-0.025006	600	0.014701	1.470099	300	1.749544	N	low_pgd_snr	Y	crowell_2016_gfast	cm	3d	hypocentral	median	7.251557	1.051557	1.051557
us-us1000gf8u-m6-2-20180822-272-km-w-of-bandon-oregon	us1000gf8u	2018-08-22T09:31:45.530000Z	United States	272 km W of Bandon, Oregon	6.200000	10.000000	P364	OK	272.633000	272.816335	0.025720	2.572003	13.470000	0.002590	-0.005430	-0.025006	600	0.014701	1.470099	300	1.749544	N	low_pgd_snr	Y	ruhl_2019	m	3d	hypocentral	median	6.601524	0.401524	0.401524
us-us1000gf8u-m6-2-20180822-272-km-w-of-bandon-oregon	us1000gf8u	2018-08-22T09:31:45.530000Z	United States	272 km W of Bandon, Oregon	6.200000	10.000000	P365	OK	280.026000	280.204498	0.031179	3.117916	372.470000	0.005809	-0.007240	0.029765	600	0.008883	0.888255	300	3.510160	N	late_pgd_peak	Y	melgar_2015	cm	3d	hypocentral	median	6.948009	0.748009	0.748009
us-us1000gf8u-m6-2-20180822-272-km-w-of-bandon-oregon	us1000gf8u	2018-08-22T09:31:45.530000Z	United States	272 km W of Bandon, Oregon	6.200000	10.000000	P365	OK	280.026000	280.204498	0.031179	3.117916	372.470000	0.005809	-0.007240	0.029765	600	0.008883	0.888255	300	3.510160	N	late_pgd_peak	Y	crowell_2016_gfast	cm	3d	hypocentral	median	7.355632	1.155632	1.155632
us-us1000gf8u-m6-2-20180822-272-km-w-of-bandon-oregon	us1000gf8u	2018-08-22T09:31:45.530000Z	United States	272 km W of Bandon, Oregon	6.200000	10.000000	P365	OK	280.026000	280.204498	0.031179	3.117916	372.470000	0.005809	-0.007240	0.029765	600	0.008883	0.888255	300	3.510160	N	late_pgd_peak	Y	ruhl_2019	m	3d	hypocentral	median	6.746301	0.546301	0.546301
us-us1000gf8u-m6-2-20180822-272-km-w-of-bandon-oregon	us1000gf8u	2018-08-22T09:31:45.530000Z	United States	272 km W of Bandon, Oregon	6.200000	10.000000	P733	OK	296.136000	296.304793	0.023560	2.355971	426.470000	0.003846	-0.002972	0.023053	600	0.014374	1.437423	300	1.639024	N	low_pgd_snr,late_pgd_peak	Y	melgar_2015	cm	3d	hypocentral	median	6.808570	0.608570	0.608570
us-us1000gf8u-m6-2-20180822-272-km-w-of-bandon-oregon	us1000gf8u	2018-08-22T09:31:45.530000Z	United States	272 km W of Bandon, Oregon	6.200000	10.000000	P733	OK	296.136000	296.304793	0.023560	2.355971	426.470000	0.003846	-0.002972	0.023053	600	0.014374	1.437423	300	1.639024	N	low_pgd_snr,late_pgd_peak	Y	crowell_2016_gfast	cm	3d	hypocentral	median	7.269641	1.069641	1.069641
us-us1000gf8u-m6-2-20180822-272-km-w-of-bandon-oregon	us1000gf8u	2018-08-22T09:31:45.530000Z	United States	272 km W of Bandon, Oregon	6.200000	10.000000	P733	OK	296.136000	296.304793	0.023560	2.355971	426.470000	0.003846	-0.002972	0.023053	600	0.014374	1.437423	300	1.639024	N	low_pgd_snr,late_pgd_peak	Y	ruhl_2019	m	3d	hypocentral	median	6.595733	0.395733	0.395733
us-us1000gfvg-m6-3-20180823-97-km-sw-of-adak-alaska	us1000gfvg	2018-08-23T03:35:12.270000Z	United States	97 km SW of Adak, Alaska	6.300000	20.000000	AB01	OK	262.580000	263.340571	0.047047	4.704689	343.730000	0.002235	-0.000713	0.046988	600	0.025829	2.582855	300	1.821508	N	low_pgd_snr,late_pgd_peak	Y	melgar_2015	cm	3d	hypocentral	median	7.162351	0.862351	0.862351
us-us1000gfvg-m6-3-20180823-97-km-sw-of-adak-alaska	us1000gfvg	2018-08-23T03:35:12.270000Z	United States	97 km SW of Adak, Alaska	6.300000	20.000000	AB01	OK	262.580000	263.340571	0.047047	4.704689	343.730000	0.002235	-0.000713	0.046988	600	0.025829	2.582855	300	1.821508	N	low_pgd_snr,late_pgd_peak	Y	crowell_2016_gfast	cm	3d	hypocentral	median	7.494360	1.194360	1.194360
us-us1000gfvg-m6-3-20180823-97-km-sw-of-adak-alaska	us1000gfvg	2018-08-23T03:35:12.270000Z	United States	97 km SW of Adak, Alaska	6.300000	20.000000	AB01	OK	262.580000	263.340571	0.047047	4.704689	343.730000	0.002235	-0.000713	0.046988	600	0.025829	2.582855	300	1.821508	N	low_pgd_snr,late_pgd_peak	Y	ruhl_2019	m	3d	hypocentral	median	6.977746	0.677746	0.677746
us-us200030aq-m6-9-20150727-fox-islands-aleutian-islands-alaska	us200030aq	2015-07-27T04:49:46.400000Z	United States	Fox Islands, Aleutian Islands, Alaska	6.900000	29.000000	AB02	OK	77.199000	82.466269	0.034124	3.412418	556.600000	-0.002029	-0.011850	-0.031936	600	0.011793	1.179264	300	2.893684	N	low_pgd_snr,late_pgd_peak	Y	melgar_2015	cm	3d	hypocentral	median	6.347247	-0.552753	0.552753
us-us200030aq-m6-9-20150727-fox-islands-aleutian-islands-alaska	us200030aq	2015-07-27T04:49:46.400000Z	United States	Fox Islands, Aleutian Islands, Alaska	6.900000	29.000000	AB02	OK	77.199000	82.466269	0.034124	3.412418	556.600000	-0.002029	-0.011850	-0.031936	600	0.011793	1.179264	300	2.893684	N	low_pgd_snr,late_pgd_peak	Y	crowell_2016_gfast	cm	3d	hypocentral	median	6.624416	-0.275584	0.275584
us-us200030aq-m6-9-20150727-fox-islands-aleutian-islands-alaska	us200030aq	2015-07-27T04:49:46.400000Z	United States	Fox Islands, Aleutian Islands, Alaska	6.900000	29.000000	AB02	OK	77.199000	82.466269	0.034124	3.412418	556.600000	-0.002029	-0.011850	-0.031936	600	0.011793	1.179264	300	2.893684	N	low_pgd_snr,late_pgd_peak	Y	ruhl_2019	m	3d	hypocentral	median	6.089207	-0.810793	0.810793
us-us20003hq5-m6-20150910-104-km-ssw-of-nikolski-alaska	us20003hq5	2015-09-10T10:26:44.810000Z	United States	104 km SSW of Nikolski, Alaska	6.000000	20.000000	AB02	OK	107.332000	109.179477	0.042935	4.293530	586.190000	0.003403	0.006443	-0.042313	600	0.020110	2.011017	300	2.135004	N	low_pgd_snr,late_pgd_peak	Y	melgar_2015	cm	3d	hypocentral	median	6.616916	0.616916	0.616916
us-us20003hq5-m6-20150910-104-km-ssw-of-nikolski-alaska	us20003hq5	2015-09-10T10:26:44.810000Z	United States	104 km SSW of Nikolski, Alaska	6.000000	20.000000	AB02	OK	107.332000	109.179477	0.042935	4.293530	586.190000	0.003403	0.006443	-0.042313	600	0.020110	2.011017	300	2.135004	N	low_pgd_snr,late_pgd_peak	Y	crowell_2016_gfast	cm	3d	hypocentral	median	6.880574	0.880574	0.880574
us-us20003hq5-m6-20150910-104-km-ssw-of-nikolski-alaska	us20003hq5	2015-09-10T10:26:44.810000Z	United States	104 km SSW of Nikolski, Alaska	6.000000	20.000000	AB02	OK	107.332000	109.179477	0.042935	4.293530	586.190000	0.003403	0.006443	-0.042313	600	0.020110	2.011017	300	2.135004	N	low_pgd_snr,late_pgd_peak	Y	ruhl_2019	m	3d	hypocentral	median	6.379830	0.379830	0.379830
us-us20005axu-m6-20160319-75-km-s-of-atka-alaska	us20005axu	2016-03-19T01:35:12.170000Z	United States	75 km S of Atka, Alaska	6.000000	17.000000	AB01	OK	77.400000	79.244937	0.039801	3.980113	586.830000	-0.004977	-0.005278	0.039134	600	0.017195	1.719533	300	2.314648	N	low_pgd_snr,late_pgd_peak	Y	melgar_2015	cm	3d	hypocentral	median	6.413080	0.413080	0.413080
us-us20005axu-m6-20160319-75-km-s-of-atka-alaska	us20005axu	2016-03-19T01:35:12.170000Z	United States	75 km S of Atka, Alaska	6.000000	17.000000	AB01	OK	77.400000	79.244937	0.039801	3.980113	586.830000	-0.004977	-0.005278	0.039134	600	0.017195	1.719533	300	2.314648	N	low_pgd_snr,late_pgd_peak	Y	crowell_2016_gfast	cm	3d	hypocentral	median	6.663096	0.663096	0.663096
us-us20005axu-m6-20160319-75-km-s-of-atka-alaska	us20005axu	2016-03-19T01:35:12.170000Z	United States	75 km S of Atka, Alaska	6.000000	17.000000	AB01	OK	77.400000	79.244937	0.039801	3.980113	586.830000	-0.004977	-0.005278	0.039134	600	0.017195	1.719533	300	2.314648	N	low_pgd_snr,late_pgd_peak	Y	ruhl_2019	m	3d	hypocentral	median	6.159478	0.159478	0.159478
us-us20007z6r-m6-6-20161208-164-km-w-of-ferndale-california	us20007z6r	2016-12-08T14:49:45.910000Z	United States	164 km W of Ferndale, California	6.600000	8.450000	P157	OK	161.410000	161.631032	0.036242	3.624210	346.090000	0.001899	0.001203	0.036172	600	0.014733	1.473260	300	2.459994	N	low_pgd_snr,late_pgd_peak	Y	melgar_2015	cm	3d	hypocentral	median	6.727371	0.127371	0.127371
us-us20007z6r-m6-6-20161208-164-km-w-of-ferndale-california	us20007z6r	2016-12-08T14:49:45.910000Z	United States	164 km W of Ferndale, California	6.600000	8.450000	P157	OK	161.410000	161.631032	0.036242	3.624210	346.090000	0.001899	0.001203	0.036172	600	0.014733	1.473260	300	2.459994	N	low_pgd_snr,late_pgd_peak	Y	crowell_2016_gfast	cm	3d	hypocentral	median	7.053129	0.453129	0.453129
us-us20007z6r-m6-6-20161208-164-km-w-of-ferndale-california	us20007z6r	2016-12-08T14:49:45.910000Z	United States	164 km W of Ferndale, California	6.600000	8.450000	P157	OK	161.410000	161.631032	0.036242	3.624210	346.090000	0.001899	0.001203	0.036172	600	0.014733	1.473260	300	2.459994	N	low_pgd_snr,late_pgd_peak	Y	ruhl_2019	m	3d	hypocentral	median	6.501812	-0.098188	0.098188
us-us20007z6r-m6-6-20161208-164-km-w-of-ferndale-california	us20007z6r	2016-12-08T14:49:45.910000Z	United States	164 km W of Ferndale, California	6.600000	8.450000	P163	OK	182.924000	183.119066	0.044878	4.487772	582.090000	-0.005324	-0.008753	0.043693	600	0.011315	1.131516	300	3.966158	N	late_pgd_peak	Y	melgar_2015	cm	3d	hypocentral	median	6.922192	0.322192	0.322192
us-us20007z6r-m6-6-20161208-164-km-w-of-ferndale-california	us20007z6r	2016-12-08T14:49:45.910000Z	United States	164 km W of Ferndale, California	6.600000	8.450000	P163	OK	182.924000	183.119066	0.044878	4.487772	582.090000	-0.005324	-0.008753	0.043693	600	0.011315	1.131516	300	3.966158	N	late_pgd_peak	Y	crowell_2016_gfast	cm	3d	hypocentral	median	7.225055	0.625055	0.625055
us-us20007z6r-m6-6-20161208-164-km-w-of-ferndale-california	us20007z6r	2016-12-08T14:49:45.910000Z	United States	164 km W of Ferndale, California	6.600000	8.450000	P163	OK	182.924000	183.119066	0.044878	4.487772	582.090000	-0.005324	-0.008753	0.043693	600	0.011315	1.131516	300	3.966158	N	late_pgd_peak	Y	ruhl_2019	m	3d	hypocentral	median	6.713183	0.113183	0.113183
us-us20007z6r-m6-6-20161208-164-km-w-of-ferndale-california	us20007z6r	2016-12-08T14:49:45.910000Z	United States	164 km W of Ferndale, California	6.600000	8.450000	P167	OK	195.861000	196.043194	0.030178	3.017830	439.090000	0.007590	-0.003878	-0.028950	600	0.011128	1.112790	300	2.711949	N	low_pgd_snr,late_pgd_peak	Y	melgar_2015	cm	3d	hypocentral	median	6.725050	0.125050	0.125050
us-us20007z6r-m6-6-20161208-164-km-w-of-ferndale-california	us20007z6r	2016-12-08T14:49:45.910000Z	United States	164 km W of Ferndale, California	6.600000	8.450000	P167	OK	195.861000	196.043194	0.030178	3.017830	439.090000	0.007590	-0.003878	-0.028950	600	0.011128	1.112790	300	2.711949	N	low_pgd_snr,late_pgd_peak	Y	crowell_2016_gfast	cm	3d	hypocentral	median	7.099697	0.499697	0.499697
us-us20007z6r-m6-6-20161208-164-km-w-of-ferndale-california	us20007z6r	2016-12-08T14:49:45.910000Z	United States	164 km W of Ferndale, California	6.600000	8.450000	P167	OK	195.861000	196.043194	0.030178	3.017830	439.090000	0.007590	-0.003878	-0.028950	600	0.011128	1.112790	300	2.711949	N	low_pgd_snr,late_pgd_peak	Y	ruhl_2019	m	3d	hypocentral	median	6.501088	-0.098912	0.098912
us-us2000ahv0-m8-2-20170908-2017-tehuantepec-mexico-earthquake	us2000ahv0	2017-09-08T04:49:19.180Z	Mexico	2017 Tehuantepec, Mexico Earthquake	8.200000	47.390000	CN25	OK	231.908000	236.700512	0.098097	9.809653	103.820000	0.012834	0.011380	-0.096585	600	0.026464	2.646373	300	3.706829	Y		Y	melgar_2015	cm	3d	hypocentral	median	7.542329	-0.657671	0.657671
us-us2000ahv0-m8-2-20170908-2017-tehuantepec-mexico-earthquake	us2000ahv0	2017-09-08T04:49:19.180Z	Mexico	2017 Tehuantepec, Mexico Earthquake	8.200000	47.390000	CN25	OK	231.908000	236.700512	0.098097	9.809653	103.820000	0.012834	0.011380	-0.096585	600	0.026464	2.646373	300	3.706829	Y		Y	crowell_2016_gfast	cm	3d	hypocentral	median	7.741192	-0.458808	0.458808
us-us2000ahv0-m8-2-20170908-2017-tehuantepec-mexico-earthquake	us2000ahv0	2017-09-08T04:49:19.180Z	Mexico	2017 Tehuantepec, Mexico Earthquake	8.200000	47.390000	CN25	OK	231.908000	236.700512	0.098097	9.809653	103.820000	0.012834	0.011380	-0.096585	600	0.026464	2.646373	300	3.706829	Y		Y	ruhl_2019	m	3d	hypocentral	median	7.387317	-0.812683	0.812683
us-us2000ahv0-m8-2-20170908-2017-tehuantepec-mexico-earthquake	us2000ahv0	2017-09-08T04:49:19.180Z	Mexico	2017 Tehuantepec, Mexico Earthquake	8.200000	47.390000	OXUM	OK	287.709000	291.585803	0.326369	32.636912	70.820000	-0.303600	-0.080306	-0.088851	600	0.020306	2.030592	300	16.072608	Y		Y	melgar_2015	cm	3d	hypocentral	median	8.414241	0.214241	0.214241
us-us2000ahv0-m8-2-20170908-2017-tehuantepec-mexico-earthquake	us2000ahv0	2017-09-08T04:49:19.180Z	Mexico	2017 Tehuantepec, Mexico Earthquake	8.200000	47.390000	OXUM	OK	287.709000	291.585803	0.326369	32.636912	70.820000	-0.303600	-0.080306	-0.088851	600	0.020306	2.030592	300	16.072608	Y		Y	crowell_2016_gfast	cm	3d	hypocentral	median	8.432259	0.232259	0.232259
us-us2000ahv0-m8-2-20170908-2017-tehuantepec-mexico-earthquake	us2000ahv0	2017-09-08T04:49:19.180Z	Mexico	2017 Tehuantepec, Mexico Earthquake	8.200000	47.390000	OXUM	OK	287.709000	291.585803	0.326369	32.636912	70.820000	-0.303600	-0.080306	-0.088851	600	0.020306	2.030592	300	16.072608	Y		Y	ruhl_2019	m	3d	hypocentral	median	8.337377	0.137377	0.137377
us-us2000ar20-m7-1-20170919-1-km-s-of-matzaco-mexico	us2000ar20	2017-09-19T18:14:38.090Z	Mexico	1 km S of Matzaco, Mexico	7.100000	48.000000	TNAT	OK	66.407000	81.938328	0.104422	10.442208	28.910000	-0.020263	-0.030792	-0.097700	600	0.052945	5.294459	300	1.972290	N	low_pgd_snr	Y	melgar_2015	cm	3d	hypocentral	median	6.964519	-0.135481	0.135481
us-us2000ar20-m7-1-20170919-1-km-s-of-matzaco-mexico	us2000ar20	2017-09-19T18:14:38.090Z	Mexico	1 km S of Matzaco, Mexico	7.100000	48.000000	TNAT	OK	66.407000	81.938328	0.104422	10.442208	28.910000	-0.020263	-0.030792	-0.097700	600	0.052945	5.294459	300	1.972290	N	low_pgd_snr	Y	crowell_2016_gfast	cm	3d	hypocentral	median	7.066204	-0.033796	0.033796
us-us2000ar20-m7-1-20170919-1-km-s-of-matzaco-mexico	us2000ar20	2017-09-19T18:14:38.090Z	Mexico	1 km S of Matzaco, Mexico	7.100000	48.000000	TNAT	OK	66.407000	81.938328	0.104422	10.442208	28.910000	-0.020263	-0.030792	-0.097700	600	0.052945	5.294459	300	1.972290	N	low_pgd_snr	Y	ruhl_2019	m	3d	hypocentral	median	6.749819	-0.350181	0.350181
us-us2000ar20-m7-1-20170919-1-km-s-of-matzaco-mexico	us2000ar20	2017-09-19T18:14:38.090Z	Mexico	1 km S of Matzaco, Mexico	7.100000	48.000000	TNCY	OK	287.651000	291.628356	0.058753	5.875321	426.910000	-0.005775	-0.006222	0.058137	600	0.038224	3.822421	300	1.537068	N	low_pgd_snr,late_pgd_peak	Y	melgar_2015	cm	3d	hypocentral	median	7.360835	0.260835	0.260835
us-us2000ar20-m7-1-20170919-1-km-s-of-matzaco-mexico	us2000ar20	2017-09-19T18:14:38.090Z	Mexico	1 km S of Matzaco, Mexico	7.100000	48.000000	TNCY	OK	287.651000	291.628356	0.058753	5.875321	426.910000	-0.005775	-0.006222	0.058137	600	0.038224	3.822421	300	1.537068	N	low_pgd_snr,late_pgd_peak	Y	crowell_2016_gfast	cm	3d	hypocentral	median	7.666662	0.566662	0.566662
us-us2000ar20-m7-1-20170919-1-km-s-of-matzaco-mexico	us2000ar20	2017-09-19T18:14:38.090Z	Mexico	1 km S of Matzaco, Mexico	7.100000	48.000000	TNCY	OK	287.651000	291.628356	0.058753	5.875321	426.910000	-0.005775	-0.006222	0.058137	600	0.038224	3.822421	300	1.537068	N	low_pgd_snr,late_pgd_peak	Y	ruhl_2019	m	3d	hypocentral	median	7.194650	0.094650	0.094650
us-us2000ar20-m7-1-20170919-1-km-s-of-matzaco-mexico	us2000ar20	2017-09-19T18:14:38.090Z	Mexico	1 km S of Matzaco, Mexico	7.100000	48.000000	TNGF	OK	112.650000	122.450082	0.060373	6.037326	40.910000	0.058066	0.014218	0.008429	600	0.011554	1.155411	300	5.225264	Y		Y	melgar_2015	cm	3d	hypocentral	median	6.871931	-0.228069	0.228069
us-us2000ar20-m7-1-20170919-1-km-s-of-matzaco-mexico	us2000ar20	2017-09-19T18:14:38.090Z	Mexico	1 km S of Matzaco, Mexico	7.100000	48.000000	TNGF	OK	112.650000	122.450082	0.060373	6.037326	40.910000	0.058066	0.014218	0.008429	600	0.011554	1.155411	300	5.225264	Y		Y	crowell_2016_gfast	cm	3d	hypocentral	median	7.090780	-0.009220	0.009220
us-us2000ar20-m7-1-20170919-1-km-s-of-matzaco-mexico	us2000ar20	2017-09-19T18:14:38.090Z	Mexico	1 km S of Matzaco, Mexico	7.100000	48.000000	TNGF	OK	112.650000	122.450082	0.060373	6.037326	40.910000	0.058066	0.014218	0.008429	600	0.011554	1.155411	300	5.225264	Y		Y	ruhl_2019	m	3d	hypocentral	median	6.654686	-0.445314	0.445314
us-us2000ar20-m7-1-20170919-1-km-s-of-matzaco-mexico	us2000ar20	2017-09-19T18:14:38.090Z	Mexico	1 km S of Matzaco, Mexico	7.100000	48.000000	TNMQ	OK	204.969000	210.514349	0.053511	5.351131	556.910000	-0.026696	-0.017874	0.042794	600	0.026184	2.618394	300	2.043669	N	low_pgd_snr,late_pgd_peak	Y	melgar_2015	cm	3d	hypocentral	median	7.107017	0.007017	0.007017
us-us2000ar20-m7-1-20170919-1-km-s-of-matzaco-mexico	us2000ar20	2017-09-19T18:14:38.090Z	Mexico	1 km S of Matzaco, Mexico	7.100000	48.000000	TNMQ	OK	204.969000	210.514349	0.053511	5.351131	556.910000	-0.026696	-0.017874	0.042794	600	0.026184	2.618394	300	2.043669	N	low_pgd_snr,late_pgd_peak	Y	crowell_2016_gfast	cm	3d	hypocentral	median	7.394610	0.294610	0.294610
us-us2000ar20-m7-1-20170919-1-km-s-of-matzaco-mexico	us2000ar20	2017-09-19T18:14:38.090Z	Mexico	1 km S of Matzaco, Mexico	7.100000	48.000000	TNMQ	OK	204.969000	210.514349	0.053511	5.351131	556.910000	-0.026696	-0.017874	0.042794	600	0.026184	2.618394	300	2.043669	N	low_pgd_snr,late_pgd_peak	Y	ruhl_2019	m	3d	hypocentral	median	6.914564	-0.185436	0.185436
us-us2000ar20-m7-1-20170919-1-km-s-of-matzaco-mexico	us2000ar20	2017-09-19T18:14:38.090Z	Mexico	1 km S of Matzaco, Mexico	7.100000	48.000000	TNNX	OK	184.466000	190.608775	0.038717	3.871718	49.910000	0.006799	-0.002008	0.038063	600	0.017157	1.715720	300	2.256614	N	low_pgd_snr	Y	melgar_2015	cm	3d	hypocentral	median	6.857336	-0.242664	0.242664
us-us2000ar20-m7-1-20170919-1-km-s-of-matzaco-mexico	us2000ar20	2017-09-19T18:14:38.090Z	Mexico	1 km S of Matzaco, Mexico	7.100000	48.000000	TNNX	OK	184.466000	190.608775	0.038717	3.871718	49.910000	0.006799	-0.002008	0.038063	600	0.017157	1.715720	300	2.256614	N	low_pgd_snr	Y	crowell_2016_gfast	cm	3d	hypocentral	median	7.188289	0.088289	0.088289
us-us2000ar20-m7-1-20170919-1-km-s-of-matzaco-mexico	us2000ar20	2017-09-19T18:14:38.090Z	Mexico	1 km S of Matzaco, Mexico	7.100000	48.000000	TNNX	OK	184.466000	190.608775	0.038717	3.871718	49.910000	0.006799	-0.002008	0.038063	600	0.017157	1.715720	300	2.256614	N	low_pgd_snr	Y	ruhl_2019	m	3d	hypocentral	median	6.643634	-0.456366	0.456366
us-us2000ar20-m7-1-20170919-1-km-s-of-matzaco-mexico	us2000ar20	2017-09-19T18:14:38.090Z	Mexico	1 km S of Matzaco, Mexico	7.100000	48.000000	UTON	OK	56.747000	74.325110	0.058274	5.827435	571.910000	-0.004233	0.018069	0.055240	600	0.018231	1.823139	300	3.196374	N	late_pgd_peak	Y	melgar_2015	cm	3d	hypocentral	median	6.591769	-0.508231	0.508231
us-us2000ar20-m7-1-20170919-1-km-s-of-matzaco-mexico	us2000ar20	2017-09-19T18:14:38.090Z	Mexico	1 km S of Matzaco, Mexico	7.100000	48.000000	UTON	OK	56.747000	74.325110	0.058274	5.827435	571.910000	-0.004233	0.018069	0.055240	600	0.018231	1.823139	300	3.196374	N	late_pgd_peak	Y	crowell_2016_gfast	cm	3d	hypocentral	median	6.777586	-0.322414	0.322414
us-us2000ar20-m7-1-20170919-1-km-s-of-matzaco-mexico	us2000ar20	2017-09-19T18:14:38.090Z	Mexico	1 km S of Matzaco, Mexico	7.100000	48.000000	UTON	OK	56.747000	74.325110	0.058274	5.827435	571.910000	-0.004233	0.018069	0.055240	600	0.018231	1.823139	300	3.196374	N	late_pgd_peak	Y	ruhl_2019	m	3d	hypocentral	median	6.350238	-0.749762	0.749762
us-us2000ar20-m7-1-20170919-1-km-s-of-matzaco-mexico	us2000ar20	2017-09-19T18:14:38.090Z	Mexico	1 km S of Matzaco, Mexico	7.100000	48.000000	UXAL	OK	196.401000	202.181485	0.055629	5.562922	322.910000	0.010005	0.009774	0.053842	600	0.028578	2.857817	300	1.946563	N	low_pgd_snr,late_pgd_peak	Y	melgar_2015	cm	3d	hypocentral	median	7.106543	0.006543	0.006543
us-us2000ar20-m7-1-20170919-1-km-s-of-matzaco-mexico	us2000ar20	2017-09-19T18:14:38.090Z	Mexico	1 km S of Matzaco, Mexico	7.100000	48.000000	UXAL	OK	196.401000	202.181485	0.055629	5.562922	322.910000	0.010005	0.009774	0.053842	600	0.028578	2.857817	300	1.946563	N	low_pgd_snr,late_pgd_peak	Y	crowell_2016_gfast	cm	3d	hypocentral	median	7.383782	0.283782	0.283782
us-us2000ar20-m7-1-20170919-1-km-s-of-matzaco-mexico	us2000ar20	2017-09-19T18:14:38.090Z	Mexico	1 km S of Matzaco, Mexico	7.100000	48.000000	UXAL	OK	196.401000	202.181485	0.055629	5.562922	322.910000	0.010005	0.009774	0.053842	600	0.028578	2.857817	300	1.946563	N	low_pgd_snr,late_pgd_peak	Y	ruhl_2019	m	3d	hypocentral	median	6.913484	-0.186516	0.186516
us-us2000atjv-m6-1-20170923-7-km-nne-of-ixtepec-mexico	us2000atjv	2017-09-23T12:53:01.480Z	Mexico	7 km NNE of Ixtepec, Mexico	6.100000	10.000000	OXPE	WARN	228.438000	228.656773	0.091575	9.157543	1.520000	-0.018509	-0.013268	-0.088698	401	0.093983	9.398320	300	0.974381	N	low_pgd_snr	Y	melgar_2015	cm	3d	hypocentral	median	7.479256	1.379256	1.379256
us-us2000atjv-m6-1-20170923-7-km-nne-of-ixtepec-mexico	us2000atjv	2017-09-23T12:53:01.480Z	Mexico	7 km NNE of Ixtepec, Mexico	6.100000	10.000000	OXPE	WARN	228.438000	228.656773	0.091575	9.157543	1.520000	-0.018509	-0.013268	-0.088698	401	0.093983	9.398320	300	0.974381	N	low_pgd_snr	Y	crowell_2016_gfast	cm	3d	hypocentral	median	7.686175	1.586175	1.586175
us-us2000atjv-m6-1-20170923-7-km-nne-of-ixtepec-mexico	us2000atjv	2017-09-23T12:53:01.480Z	Mexico	7 km NNE of Ixtepec, Mexico	6.100000	10.000000	OXPE	WARN	228.438000	228.656773	0.091575	9.157543	1.520000	-0.018509	-0.013268	-0.088698	401	0.093983	9.398320	300	0.974381	N	low_pgd_snr	Y	ruhl_2019	m	3d	hypocentral	median	7.318406	1.218406	1.218406
us-us2000atjv-m6-1-20170923-7-km-nne-of-ixtepec-mexico	us2000atjv	2017-09-23T12:53:01.480Z	Mexico	7 km NNE of Ixtepec, Mexico	6.100000	10.000000	OXUM	OK	185.803000	186.071908	0.035314	3.531416	533.520000	-0.010176	0.005949	-0.033289	600	0.010387	1.038657	300	3.399983	N	late_pgd_peak	Y	melgar_2015	cm	3d	hypocentral	median	6.789394	0.689394	0.689394
us-us2000atjv-m6-1-20170923-7-km-nne-of-ixtepec-mexico	us2000atjv	2017-09-23T12:53:01.480Z	Mexico	7 km NNE of Ixtepec, Mexico	6.100000	10.000000	OXUM	OK	185.803000	186.071908	0.035314	3.531416	533.520000	-0.010176	0.005949	-0.033289	600	0.010387	1.038657	300	3.399983	N	late_pgd_peak	Y	crowell_2016_gfast	cm	3d	hypocentral	median	7.133030	1.033030	1.033030
us-us2000atjv-m6-1-20170923-7-km-nne-of-ixtepec-mexico	us2000atjv	2017-09-23T12:53:01.480Z	Mexico	7 km NNE of Ixtepec, Mexico	6.100000	10.000000	OXUM	OK	185.803000	186.071908	0.035314	3.531416	533.520000	-0.010176	0.005949	-0.033289	600	0.010387	1.038657	300	3.399983	N	late_pgd_peak	Y	ruhl_2019	m	3d	hypocentral	median	6.570045	0.470045	0.470045
us-us2000atjv-m6-1-20170923-7-km-nne-of-ixtepec-mexico	us2000atjv	2017-09-23T12:53:01.480Z	Mexico	7 km NNE of Ixtepec, Mexico	6.100000	10.000000	TNSJ	OK	158.803000	159.117544	0.038630	3.863030	5.520000	-0.020260	0.002067	-0.032826	600	0.013029	1.302883	300	2.964987	N	low_pgd_snr	Y	melgar_2015	cm	3d	hypocentral	median	6.756161	0.656161	0.656161
us-us2000atjv-m6-1-20170923-7-km-nne-of-ixtepec-mexico	us2000atjv	2017-09-23T12:53:01.480Z	Mexico	7 km NNE of Ixtepec, Mexico	6.100000	10.000000	TNSJ	OK	158.803000	159.117544	0.038630	3.863030	5.520000	-0.020260	0.002067	-0.032826	600	0.013029	1.302883	300	2.964987	N	low_pgd_snr	Y	crowell_2016_gfast	cm	3d	hypocentral	median	7.070081	0.970081	0.970081
us-us2000atjv-m6-1-20170923-7-km-nne-of-ixtepec-mexico	us2000atjv	2017-09-23T12:53:01.480Z	Mexico	7 km NNE of Ixtepec, Mexico	6.100000	10.000000	TNSJ	OK	158.803000	159.117544	0.038630	3.863030	5.520000	-0.020260	0.002067	-0.032826	600	0.013029	1.302883	300	2.964987	N	low_pgd_snr	Y	ruhl_2019	m	3d	hypocentral	median	6.532689	0.432689	0.432689
us-us2000cl83-m6-3-20180119-79-km-nne-of-loreto-mexico	us2000cl83	2018-01-19T16:17:44.720Z	Mexico	79 km NNE of Loreto, Mexico	6.300000	10.000000	TNHM	OK	266.536000	266.723526	0.042040	4.203974	466.280000	-0.002964	-0.016500	0.038553	600	0.013325	1.332470	300	3.155024	N	late_pgd_peak	Y	melgar_2015	cm	3d	hypocentral	median	7.101425	0.801425	0.801425
us-us2000cl83-m6-3-20180119-79-km-nne-of-loreto-mexico	us2000cl83	2018-01-19T16:17:44.720Z	Mexico	79 km NNE of Loreto, Mexico	6.300000	10.000000	TNHM	OK	266.536000	266.723526	0.042040	4.203974	466.280000	-0.002964	-0.016500	0.038553	600	0.013325	1.332470	300	3.155024	N	late_pgd_peak	Y	crowell_2016_gfast	cm	3d	hypocentral	median	7.453599	1.153599	1.153599
us-us2000cl83-m6-3-20180119-79-km-nne-of-loreto-mexico	us2000cl83	2018-01-19T16:17:44.720Z	Mexico	79 km NNE of Loreto, Mexico	6.300000	10.000000	TNHM	OK	266.536000	266.723526	0.042040	4.203974	466.280000	-0.002964	-0.016500	0.038553	600	0.013325	1.332470	300	3.155024	N	late_pgd_peak	Y	ruhl_2019	m	3d	hypocentral	median	6.911920	0.611920	0.611920
us-us2000cl83-m6-3-20180119-79-km-nne-of-loreto-mexico	us2000cl83	2018-01-19T16:17:44.720Z	Mexico	79 km NNE of Loreto, Mexico	6.300000	10.000000	TNTB	OK	235.192000	235.404496	0.057191	5.719065	41.280000	-0.002379	0.004736	-0.056945	600	0.013122	1.312169	300	4.358480	Y		Y	melgar_2015	cm	3d	hypocentral	median	7.213284	0.913284	0.913284
us-us2000cl83-m6-3-20180119-79-km-nne-of-loreto-mexico	us2000cl83	2018-01-19T16:17:44.720Z	Mexico	79 km NNE of Loreto, Mexico	6.300000	10.000000	TNTB	OK	235.192000	235.404496	0.057191	5.719065	41.280000	-0.002379	0.004736	-0.056945	600	0.013122	1.312169	300	4.358480	Y		Y	crowell_2016_gfast	cm	3d	hypocentral	median	7.501096	1.201096	1.201096
us-us2000cl83-m6-3-20180119-79-km-nne-of-loreto-mexico	us2000cl83	2018-01-19T16:17:44.720Z	Mexico	79 km NNE of Loreto, Mexico	6.300000	10.000000	TNTB	OK	235.192000	235.404496	0.057191	5.719065	41.280000	-0.002379	0.004736	-0.056945	600	0.013122	1.312169	300	4.358480	Y		Y	ruhl_2019	m	3d	hypocentral	median	7.031149	0.731149	0.731149
us-us2000d3km-m7-2-20180216-4-km-s-of-pinotepa-de-don-luis-mexico	us2000d3km	2018-02-16T23:39:39.280Z	Mexico	4 km S of Pinotepa de Don Luis, Mexico	7.200000	22.000000	OXPE	OK	111.189000	113.344580	0.060063	6.006288	595.720000	0.017748	0.002799	-0.057312	600	0.017923	1.792278	300	3.351203	N	late_pgd_peak	Y	melgar_2015	cm	3d	hypocentral	median	6.827316	-0.372684	0.372684
us-us2000d3km-m7-2-20180216-4-km-s-of-pinotepa-de-don-luis-mexico	us2000d3km	2018-02-16T23:39:39.280Z	Mexico	4 km S of Pinotepa de Don Luis, Mexico	7.200000	22.000000	OXPE	OK	111.189000	113.344580	0.060063	6.006288	595.720000	0.017748	0.002799	-0.057312	600	0.017923	1.792278	300	3.351203	N	late_pgd_peak	Y	crowell_2016_gfast	cm	3d	hypocentral	median	7.040645	-0.159355	0.159355
us-us2000d3km-m7-2-20180216-4-km-s-of-pinotepa-de-don-luis-mexico	us2000d3km	2018-02-16T23:39:39.280Z	Mexico	4 km S of Pinotepa de Don Luis, Mexico	7.200000	22.000000	OXPE	OK	111.189000	113.344580	0.060063	6.006288	595.720000	0.017748	0.002799	-0.057312	600	0.017923	1.792278	300	3.351203	N	late_pgd_peak	Y	ruhl_2019	m	3d	hypocentral	median	6.606001	-0.593999	0.593999
us-us2000d3km-m7-2-20180216-4-km-s-of-pinotepa-de-don-luis-mexico	us2000d3km	2018-02-16T23:39:39.280Z	Mexico	4 km S of Pinotepa de Don Luis, Mexico	7.200000	22.000000	OXUM	OK	177.418000	178.776807	0.076545	7.654521	348.720000	0.009676	0.008555	-0.075448	600	0.052626	5.262559	300	1.454525	N	low_pgd_snr,late_pgd_peak	Y	melgar_2015	cm	3d	hypocentral	median	7.223655	0.023655	0.023655
us-us2000d3km-m7-2-20180216-4-km-s-of-pinotepa-de-don-luis-mexico	us2000d3km	2018-02-16T23:39:39.280Z	Mexico	4 km S of Pinotepa de Don Luis, Mexico	7.200000	22.000000	OXUM	OK	177.418000	178.776807	0.076545	7.654521	348.720000	0.009676	0.008555	-0.075448	600	0.052626	5.262559	300	1.454525	N	low_pgd_snr,late_pgd_peak	Y	crowell_2016_gfast	cm	3d	hypocentral	median	7.437012	0.237012	0.237012
us-us2000d3km-m7-2-20180216-4-km-s-of-pinotepa-de-don-luis-mexico	us2000d3km	2018-02-16T23:39:39.280Z	Mexico	4 km S of Pinotepa de Don Luis, Mexico	7.200000	22.000000	OXUM	OK	177.418000	178.776807	0.076545	7.654521	348.720000	0.009676	0.008555	-0.075448	600	0.052626	5.262559	300	1.454525	N	low_pgd_snr,late_pgd_peak	Y	ruhl_2019	m	3d	hypocentral	median	7.038120	-0.161880	0.161880
us-us2000d3km-m7-2-20180216-4-km-s-of-pinotepa-de-don-luis-mexico	us2000d3km	2018-02-16T23:39:39.280Z	Mexico	4 km S of Pinotepa de Don Luis, Mexico	7.200000	22.000000	TNAT	OK	194.115000	195.357706	0.043270	4.326997	345.720000	0.000600	-0.003105	-0.043154	600	0.017524	1.752408	300	2.469172	N	low_pgd_snr,late_pgd_peak	Y	melgar_2015	cm	3d	hypocentral	median	6.937237	-0.262763	0.262763
us-us2000d3km-m7-2-20180216-4-km-s-of-pinotepa-de-don-luis-mexico	us2000d3km	2018-02-16T23:39:39.280Z	Mexico	4 km S of Pinotepa de Don Luis, Mexico	7.200000	22.000000	TNAT	OK	194.115000	195.357706	0.043270	4.326997	345.720000	0.000600	-0.003105	-0.043154	600	0.017524	1.752408	300	2.469172	N	low_pgd_snr,late_pgd_peak	Y	crowell_2016_gfast	cm	3d	hypocentral	median	7.252387	0.052387	0.052387
us-us2000d3km-m7-2-20180216-4-km-s-of-pinotepa-de-don-luis-mexico	us2000d3km	2018-02-16T23:39:39.280Z	Mexico	4 km S of Pinotepa de Don Luis, Mexico	7.200000	22.000000	TNAT	OK	194.115000	195.357706	0.043270	4.326997	345.720000	0.000600	-0.003105	-0.043154	600	0.017524	1.752408	300	2.469172	N	low_pgd_snr,late_pgd_peak	Y	ruhl_2019	m	3d	hypocentral	median	6.730183	-0.469817	0.469817
us-us2000d3km-m7-2-20180216-4-km-s-of-pinotepa-de-don-luis-mexico	us2000d3km	2018-02-16T23:39:39.280Z	Mexico	4 km S of Pinotepa de Don Luis, Mexico	7.200000	22.000000	TNCY	OK	43.259000	48.531856	0.204028	20.402757	13.720000	0.067211	-0.143626	0.128380	600	0.017611	1.761148	300	11.584916	Y		Y	melgar_2015	cm	3d	hypocentral	median	7.053284	-0.146716	0.146716
us-us2000d3km-m7-2-20180216-4-km-s-of-pinotepa-de-don-luis-mexico	us2000d3km	2018-02-16T23:39:39.280Z	Mexico	4 km S of Pinotepa de Don Luis, Mexico	7.200000	22.000000	TNCY	OK	43.259000	48.531856	0.204028	20.402757	13.720000	0.067211	-0.143626	0.128380	600	0.017611	1.761148	300	11.584916	Y		Y	crowell_2016_gfast	cm	3d	hypocentral	median	7.019625	-0.180375	0.180375
us-us2000d3km-m7-2-20180216-4-km-s-of-pinotepa-de-don-luis-mexico	us2000d3km	2018-02-16T23:39:39.280Z	Mexico	4 km S of Pinotepa de Don Luis, Mexico	7.200000	22.000000	TNCY	OK	43.259000	48.531856	0.204028	20.402757	13.720000	0.067211	-0.143626	0.128380	600	0.017611	1.761148	300	11.584916	Y		Y	ruhl_2019	m	3d	hypocentral	median	6.839124	-0.360876	0.360876
us-us2000d3km-m7-2-20180216-4-km-s-of-pinotepa-de-don-luis-mexico	us2000d3km	2018-02-16T23:39:39.280Z	Mexico	4 km S of Pinotepa de Don Luis, Mexico	7.200000	22.000000	TNMQ	OK	76.520000	79.619786	0.053694	5.369376	527.720000	0.020331	-0.001766	0.049664	600	0.019978	1.997761	300	2.687697	N	low_pgd_snr,late_pgd_peak	Y	melgar_2015	cm	3d	hypocentral	median	6.581105	-0.618895	0.618895
us-us2000d3km-m7-2-20180216-4-km-s-of-pinotepa-de-don-luis-mexico	us2000d3km	2018-02-16T23:39:39.280Z	Mexico	4 km S of Pinotepa de Don Luis, Mexico	7.200000	22.000000	TNMQ	OK	76.520000	79.619786	0.053694	5.369376	527.720000	0.020331	-0.001766	0.049664	600	0.019978	1.997761	300	2.687697	N	low_pgd_snr,late_pgd_peak	Y	crowell_2016_gfast	cm	3d	hypocentral	median	6.784714	-0.415286	0.415286
us-us2000d3km-m7-2-20180216-4-km-s-of-pinotepa-de-don-luis-mexico	us2000d3km	2018-02-16T23:39:39.280Z	Mexico	4 km S of Pinotepa de Don Luis, Mexico	7.200000	22.000000	TNMQ	OK	76.520000	79.619786	0.053694	5.369376	527.720000	0.020331	-0.001766	0.049664	600	0.019978	1.997761	300	2.687697	N	low_pgd_snr,late_pgd_peak	Y	ruhl_2019	m	3d	hypocentral	median	6.339281	-0.860719	0.860719
us-us2000d3km-m7-2-20180216-4-km-s-of-pinotepa-de-don-luis-mexico	us2000d3km	2018-02-16T23:39:39.280Z	Mexico	4 km S of Pinotepa de Don Luis, Mexico	7.200000	22.000000	TNNP	OK	94.064000	96.602464	0.084488	8.448816	286.720000	0.008732	0.011117	-0.083297	600	0.038002	3.800186	300	2.223264	N	low_pgd_snr	Y	melgar_2015	cm	3d	hypocentral	median	6.934410	-0.265590	0.265590
us-us2000d3km-m7-2-20180216-4-km-s-of-pinotepa-de-don-luis-mexico	us2000d3km	2018-02-16T23:39:39.280Z	Mexico	4 km S of Pinotepa de Don Luis, Mexico	7.200000	22.000000	TNNP	OK	94.064000	96.602464	0.084488	8.448816	286.720000	0.008732	0.011117	-0.083297	600	0.038002	3.800186	300	2.223264	N	low_pgd_snr	Y	crowell_2016_gfast	cm	3d	hypocentral	median	7.081201	-0.118799	0.118799
us-us2000d3km-m7-2-20180216-4-km-s-of-pinotepa-de-don-luis-mexico	us2000d3km	2018-02-16T23:39:39.280Z	Mexico	4 km S of Pinotepa de Don Luis, Mexico	7.200000	22.000000	TNNP	OK	94.064000	96.602464	0.084488	8.448816	286.720000	0.008732	0.011117	-0.083297	600	0.038002	3.800186	300	2.223264	N	low_pgd_snr	Y	ruhl_2019	m	3d	hypocentral	median	6.719291	-0.480709	0.480709
us-us2000d3km-m7-2-20180216-4-km-s-of-pinotepa-de-don-luis-mexico	us2000d3km	2018-02-16T23:39:39.280Z	Mexico	4 km S of Pinotepa de Don Luis, Mexico	7.200000	22.000000	TNNX	OK	139.161000	140.889261	0.060826	6.082606	57.720000	-0.012166	-0.029172	0.051969	600	0.016536	1.653628	300	3.678339	Y		Y	melgar_2015	cm	3d	hypocentral	median	6.953236	-0.246764	0.246764
us-us2000d3km-m7-2-20180216-4-km-s-of-pinotepa-de-don-luis-mexico	us2000d3km	2018-02-16T23:39:39.280Z	Mexico	4 km S of Pinotepa de Don Luis, Mexico	7.200000	22.000000	TNNX	OK	139.161000	140.889261	0.060826	6.082606	57.720000	-0.012166	-0.029172	0.051969	600	0.016536	1.653628	300	3.678339	Y		Y	crowell_2016_gfast	cm	3d	hypocentral	median	7.182772	-0.017228	0.017228
us-us2000d3km-m7-2-20180216-4-km-s-of-pinotepa-de-don-luis-mexico	us2000d3km	2018-02-16T23:39:39.280Z	Mexico	4 km S of Pinotepa de Don Luis, Mexico	7.200000	22.000000	TNNX	OK	139.161000	140.889261	0.060826	6.082606	57.720000	-0.012166	-0.029172	0.051969	600	0.016536	1.653628	300	3.678339	Y		Y	ruhl_2019	m	3d	hypocentral	median	6.743625	-0.456375	0.456375
us-us2000d3km-m7-2-20180216-4-km-s-of-pinotepa-de-don-luis-mexico	us2000d3km	2018-02-16T23:39:39.280Z	Mexico	4 km S of Pinotepa de Don Luis, Mexico	7.200000	22.000000	TNSJ	OK	160.709000	162.207838	0.063003	6.300302	473.720000	0.013124	0.014835	-0.059808	600	0.016470	1.647008	300	3.825301	N	late_pgd_peak	Y	melgar_2015	cm	3d	hypocentral	median	7.052952	-0.147048	0.147048
us-us2000d3km-m7-2-20180216-4-km-s-of-pinotepa-de-don-luis-mexico	us2000d3km	2018-02-16T23:39:39.280Z	Mexico	4 km S of Pinotepa de Don Luis, Mexico	7.200000	22.000000	TNSJ	OK	160.709000	162.207838	0.063003	6.300302	473.720000	0.013124	0.014835	-0.059808	600	0.016470	1.647008	300	3.825301	N	late_pgd_peak	Y	crowell_2016_gfast	cm	3d	hypocentral	median	7.289227	0.089227	0.089227
us-us2000d3km-m7-2-20180216-4-km-s-of-pinotepa-de-don-luis-mexico	us2000d3km	2018-02-16T23:39:39.280Z	Mexico	4 km S of Pinotepa de Don Luis, Mexico	7.200000	22.000000	TNSJ	OK	160.709000	162.207838	0.063003	6.300302	473.720000	0.013124	0.014835	-0.059808	600	0.016470	1.647008	300	3.825301	N	late_pgd_peak	Y	ruhl_2019	m	3d	hypocentral	median	6.852709	-0.347291	0.347291
us-us2000d3km-m7-2-20180216-4-km-s-of-pinotepa-de-don-luis-mexico	us2000d3km	2018-02-16T23:39:39.280Z	Mexico	4 km S of Pinotepa de Don Luis, Mexico	7.200000	22.000000	UTON	OK	296.595000	297.409808	0.072283	7.228319	341.720000	-0.012171	0.002101	-0.071220	600	0.038891	3.889112	300	1.858604	N	low_pgd_snr,late_pgd_peak	Y	melgar_2015	cm	3d	hypocentral	median	7.500652	0.300652	0.300652
us-us2000d3km-m7-2-20180216-4-km-s-of-pinotepa-de-don-luis-mexico	us2000d3km	2018-02-16T23:39:39.280Z	Mexico	4 km S of Pinotepa de Don Luis, Mexico	7.200000	22.000000	UTON	OK	296.595000	297.409808	0.072283	7.228319	341.720000	-0.012171	0.002101	-0.071220	600	0.038891	3.889112	300	1.858604	N	low_pgd_snr,late_pgd_peak	Y	crowell_2016_gfast	cm	3d	hypocentral	median	7.773794	0.573794	0.573794
us-us2000d3km-m7-2-20180216-4-km-s-of-pinotepa-de-don-luis-mexico	us2000d3km	2018-02-16T23:39:39.280Z	Mexico	4 km S of Pinotepa de Don Luis, Mexico	7.200000	22.000000	UTON	OK	296.595000	297.409808	0.072283	7.228319	341.720000	-0.012171	0.002101	-0.071220	600	0.038891	3.889112	300	1.858604	N	low_pgd_snr,late_pgd_peak	Y	ruhl_2019	m	3d	hypocentral	median	7.346718	0.146718	0.146718
us-us2000izcv-m6-0-20181231-87-km-se-of-king-cove-alaska	us2000izcv	2018-12-31T02:35:37.670000Z	United States	87 km SE of King Cove, Alaska	6.000000	31.000000	AC12	OK	131.719000	135.317756	0.060843	6.084291	529.330000	-0.015124	0.018366	0.055998	600	0.028509	2.850875	300	2.134184	N	low_pgd_snr,late_pgd_peak	Y	melgar_2015	cm	3d	hypocentral	median	6.931062	0.931062	0.931062
us-us2000izcv-m6-0-20181231-87-km-se-of-king-cove-alaska	us2000izcv	2018-12-31T02:35:37.670000Z	United States	87 km SE of King Cove, Alaska	6.000000	31.000000	AC12	OK	131.719000	135.317756	0.060843	6.084291	529.330000	-0.015124	0.018366	0.055998	600	0.028509	2.850875	300	2.134184	N	low_pgd_snr,late_pgd_peak	Y	crowell_2016_gfast	cm	3d	hypocentral	median	7.157085	1.157085	1.157085
us-us2000izcv-m6-0-20181231-87-km-se-of-king-cove-alaska	us2000izcv	2018-12-31T02:35:37.670000Z	United States	87 km SE of King Cove, Alaska	6.000000	31.000000	AC12	OK	131.719000	135.317756	0.060843	6.084291	529.330000	-0.015124	0.018366	0.055998	600	0.028509	2.850875	300	2.134184	N	low_pgd_snr,late_pgd_peak	Y	ruhl_2019	m	3d	hypocentral	median	6.719317	0.719317	0.719317
us-us60003r2r-m6-20190523-127-km-wsw-of-adak-alaska	us60003r2r	2019-05-23T08:45:17.746000Z	United States	127 km WSW of Adak, Alaska	6.000000	30.000000	AB01	OK	295.142000	296.662772	0.051523	5.152252	45.254000	-0.008604	-0.010636	-0.049673	600	0.014845	1.484535	300	3.470618	Y		Y	melgar_2015	cm	3d	hypocentral	median	7.290727	1.290727	1.290727
us-us60003r2r-m6-20190523-127-km-wsw-of-adak-alaska	us60003r2r	2019-05-23T08:45:17.746000Z	United States	127 km WSW of Adak, Alaska	6.000000	30.000000	AB01	OK	295.142000	296.662772	0.051523	5.152252	45.254000	-0.008604	-0.010636	-0.049673	600	0.014845	1.484535	300	3.470618	Y		Y	crowell_2016_gfast	cm	3d	hypocentral	median	7.620481	1.620481	1.620481
us-us60003r2r-m6-20190523-127-km-wsw-of-adak-alaska	us60003r2r	2019-05-23T08:45:17.746000Z	United States	127 km WSW of Adak, Alaska	6.000000	30.000000	AB01	OK	295.142000	296.662772	0.051523	5.152252	45.254000	-0.008604	-0.010636	-0.049673	600	0.014845	1.484535	300	3.470618	Y		Y	ruhl_2019	m	3d	hypocentral	median	7.118895	1.118895	1.118895
us-us60007djn-m6-2-20200123-84-km-w-of-adak-alaska	us60007djn	2020-01-23T05:53:02.618000Z	United States	84 km W of Adak, Alaska	6.200000	10.000000	AB01	OK	250.583000	250.782455	0.054948	5.494797	442.382000	0.003371	-0.039960	-0.037565	600	0.018763	1.876304	300	2.928522	N	low_pgd_snr,late_pgd_peak	Y	melgar_2015	cm	3d	hypocentral	median	7.227229	1.027229	1.027229
us-us60007djn-m6-2-20200123-84-km-w-of-adak-alaska	us60007djn	2020-01-23T05:53:02.618000Z	United States	84 km W of Adak, Alaska	6.200000	10.000000	AB01	OK	250.583000	250.782455	0.054948	5.494797	442.382000	0.003371	-0.039960	-0.037565	600	0.018763	1.876304	300	2.928522	N	low_pgd_snr,late_pgd_peak	Y	crowell_2016_gfast	cm	3d	hypocentral	median	7.528203	1.328203	1.328203
us-us60007djn-m6-2-20200123-84-km-w-of-adak-alaska	us60007djn	2020-01-23T05:53:02.618000Z	United States	84 km W of Adak, Alaska	6.200000	10.000000	AB01	OK	250.583000	250.782455	0.054948	5.494797	442.382000	0.003371	-0.039960	-0.037565	600	0.018763	1.876304	300	2.928522	N	low_pgd_snr,late_pgd_peak	Y	ruhl_2019	m	3d	hypocentral	median	7.047252	0.847252	0.847252
us-us60007djn-m6-2-20200123-84-km-w-of-adak-alaska	us60007djn	2020-01-23T05:53:02.618000Z	United States	84 km W of Adak, Alaska	6.200000	10.000000	AB21	OK	82.838000	83.439405	0.038901	3.890103	165.382000	0.001639	-0.014560	-0.036036	600	0.010972	1.097182	300	3.545540	Y		Y	melgar_2015	cm	3d	hypocentral	median	6.425729	0.225729	0.225729
us-us60007djn-m6-2-20200123-84-km-w-of-adak-alaska	us60007djn	2020-01-23T05:53:02.618000Z	United States	84 km W of Adak, Alaska	6.200000	10.000000	AB21	OK	82.838000	83.439405	0.038901	3.890103	165.382000	0.001639	-0.014560	-0.036036	600	0.010972	1.097182	300	3.545540	Y		Y	crowell_2016_gfast	cm	3d	hypocentral	median	6.683306	0.483306	0.483306
us-us60007djn-m6-2-20200123-84-km-w-of-adak-alaska	us60007djn	2020-01-23T05:53:02.618000Z	United States	84 km W of Adak, Alaska	6.200000	10.000000	AB21	OK	82.838000	83.439405	0.038901	3.890103	165.382000	0.001639	-0.014560	-0.036036	600	0.010972	1.097182	300	3.545540	Y		Y	ruhl_2019	m	3d	hypocentral	median	6.173266	-0.026734	0.026734
us-us60007djn-m6-2-20200123-84-km-w-of-adak-alaska	us60007djn	2020-01-23T05:53:02.618000Z	United States	84 km W of Adak, Alaska	6.200000	10.000000	AC66	OK	207.282000	207.523077	0.044532	4.453190	445.382000	0.003590	-0.012196	-0.042679	600	0.013135	1.313519	300	3.390275	N	late_pgd_peak	Y	melgar_2015	cm	3d	hypocentral	median	6.988941	0.788941	0.788941
us-us60007djn-m6-2-20200123-84-km-w-of-adak-alaska	us60007djn	2020-01-23T05:53:02.618000Z	United States	84 km W of Adak, Alaska	6.200000	10.000000	AC66	OK	207.282000	207.523077	0.044532	4.453190	445.382000	0.003590	-0.012196	-0.042679	600	0.013135	1.313519	300	3.390275	N	late_pgd_peak	Y	crowell_2016_gfast	cm	3d	hypocentral	median	7.305370	1.105370	1.105370
us-us60007djn-m6-2-20200123-84-km-w-of-adak-alaska	us60007djn	2020-01-23T05:53:02.618000Z	United States	84 km W of Adak, Alaska	6.200000	10.000000	AC66	OK	207.282000	207.523077	0.044532	4.453190	445.382000	0.003590	-0.012196	-0.042679	600	0.013135	1.313519	300	3.390275	N	late_pgd_peak	Y	ruhl_2019	m	3d	hypocentral	median	6.786774	0.586774	0.586774
us-us6000ah9t-m7-4-20200623-9-km-se-of-santa-mar-a-xadani-mexico	us6000ah9t	2020-06-23T15:29:04.350Z	Mexico	9 km SE of Santa María Xadani, Mexico	7.400000	20.000000	OXPE	WARN	114.177000	115.915432	0.067205	6.720513	30.650000	-0.052046	0.040565	0.012737	600	0.019541	1.954119	300	3.439152	Y		Y	melgar_2015	cm	3d	hypocentral	median	6.903382	-0.496618	0.496618
us-us6000ah9t-m7-4-20200623-9-km-se-of-santa-mar-a-xadani-mexico	us6000ah9t	2020-06-23T15:29:04.350Z	Mexico	9 km SE of Santa María Xadani, Mexico	7.400000	20.000000	OXPE	WARN	114.177000	115.915432	0.067205	6.720513	30.650000	-0.052046	0.040565	0.012737	600	0.019541	1.954119	300	3.439152	Y		Y	crowell_2016_gfast	cm	3d	hypocentral	median	7.100622	-0.299378	0.299378
us-us6000ah9t-m7-4-20200623-9-km-se-of-santa-mar-a-xadani-mexico	us6000ah9t	2020-06-23T15:29:04.350Z	Mexico	9 km SE of Santa María Xadani, Mexico	7.400000	20.000000	OXPE	WARN	114.177000	115.915432	0.067205	6.720513	30.650000	-0.052046	0.040565	0.012737	600	0.019541	1.954119	300	3.439152	Y		Y	ruhl_2019	m	3d	hypocentral	median	6.687904	-0.712096	0.712096
us-us6000ah9t-m7-4-20200623-9-km-se-of-santa-mar-a-xadani-mexico	us6000ah9t	2020-06-23T15:29:04.350Z	Mexico	9 km SE of Santa María Xadani, Mexico	7.400000	20.000000	OXUM	OK	58.170000	61.512185	0.333510	33.351021	18.650000	-0.253445	-0.121082	0.179816	600	0.062152	6.215221	300	5.366023	Y		Y	melgar_2015	cm	3d	hypocentral	median	7.445238	0.045238	0.045238
us-us6000ah9t-m7-4-20200623-9-km-se-of-santa-mar-a-xadani-mexico	us6000ah9t	2020-06-23T15:29:04.350Z	Mexico	9 km SE of Santa María Xadani, Mexico	7.400000	20.000000	OXUM	OK	58.170000	61.512185	0.333510	33.351021	18.650000	-0.253445	-0.121082	0.179816	600	0.062152	6.215221	300	5.366023	Y		Y	crowell_2016_gfast	cm	3d	hypocentral	median	7.349075	-0.050925	0.050925
us-us6000ah9t-m7-4-20200623-9-km-se-of-santa-mar-a-xadani-mexico	us6000ah9t	2020-06-23T15:29:04.350Z	Mexico	9 km SE of Santa María Xadani, Mexico	7.400000	20.000000	OXUM	OK	58.170000	61.512185	0.333510	33.351021	18.650000	-0.253445	-0.121082	0.179816	600	0.062152	6.215221	300	5.366023	Y		Y	ruhl_2019	m	3d	hypocentral	median	7.260011	-0.139989	0.139989
us-us6000ah9t-m7-4-20200623-9-km-se-of-santa-mar-a-xadani-mexico	us6000ah9t	2020-06-23T15:29:04.350Z	Mexico	9 km SE of Santa María Xadani, Mexico	7.400000	20.000000	TNMQ	OK	292.622000	293.304679	0.030423	3.042252	318.650000	0.009191	0.004972	-0.028572	600	0.009254	0.925428	300	3.287400	N	late_pgd_peak	Y	melgar_2015	cm	3d	hypocentral	median	6.959838	-0.440162	0.440162
us-us6000ah9t-m7-4-20200623-9-km-se-of-santa-mar-a-xadani-mexico	us6000ah9t	2020-06-23T15:29:04.350Z	Mexico	9 km SE of Santa María Xadani, Mexico	7.400000	20.000000	TNMQ	OK	292.622000	293.304679	0.030423	3.042252	318.650000	0.009191	0.004972	-0.028572	600	0.009254	0.925428	300	3.287400	N	late_pgd_peak	Y	crowell_2016_gfast	cm	3d	hypocentral	median	7.376792	-0.023208	0.023208
us-us6000ah9t-m7-4-20200623-9-km-se-of-santa-mar-a-xadani-mexico	us6000ah9t	2020-06-23T15:29:04.350Z	Mexico	9 km SE of Santa María Xadani, Mexico	7.400000	20.000000	TNMQ	OK	292.622000	293.304679	0.030423	3.042252	318.650000	0.009191	0.004972	-0.028572	600	0.009254	0.925428	300	3.287400	N	late_pgd_peak	Y	ruhl_2019	m	3d	hypocentral	median	6.759726	-0.640274	0.640274
us-us6000ah9t-m7-4-20200623-9-km-se-of-santa-mar-a-xadani-mexico	us6000ah9t	2020-06-23T15:29:04.350Z	Mexico	9 km SE of Santa María Xadani, Mexico	7.400000	20.000000	TNNP	OK	124.000000	125.602548	0.068124	6.812437	38.650000	-0.032678	-0.004421	0.059611	600	0.029358	2.935782	300	2.320485	N	low_pgd_snr	Y	melgar_2015	cm	3d	hypocentral	median	6.955020	-0.444980	0.444980
us-us6000ah9t-m7-4-20200623-9-km-se-of-santa-mar-a-xadani-mexico	us6000ah9t	2020-06-23T15:29:04.350Z	Mexico	9 km SE of Santa María Xadani, Mexico	7.400000	20.000000	TNNP	OK	124.000000	125.602548	0.068124	6.812437	38.650000	-0.032678	-0.004421	0.059611	600	0.029358	2.935782	300	2.320485	N	low_pgd_snr	Y	crowell_2016_gfast	cm	3d	hypocentral	median	7.156643	-0.243357	0.243357
us-us6000ah9t-m7-4-20200623-9-km-se-of-santa-mar-a-xadani-mexico	us6000ah9t	2020-06-23T15:29:04.350Z	Mexico	9 km SE of Santa María Xadani, Mexico	7.400000	20.000000	TNNP	OK	124.000000	125.602548	0.068124	6.812437	38.650000	-0.032678	-0.004421	0.059611	600	0.029358	2.935782	300	2.320485	N	low_pgd_snr	Y	ruhl_2019	m	3d	hypocentral	median	6.744249	-0.655751	0.655751
us-us6000ah9t-m7-4-20200623-9-km-se-of-santa-mar-a-xadani-mexico	us6000ah9t	2020-06-23T15:29:04.350Z	Mexico	9 km SE of Santa María Xadani, Mexico	7.400000	20.000000	TNNX	OK	213.095000	214.031491	0.071677	7.167691	66.650000	-0.053564	-0.044313	-0.017458	600	0.007256	0.725625	300	9.877961	Y		Y	melgar_2015	cm	3d	hypocentral	median	7.291732	-0.108268	0.108268
us-us6000ah9t-m7-4-20200623-9-km-se-of-santa-mar-a-xadani-mexico	us6000ah9t	2020-06-23T15:29:04.350Z	Mexico	9 km SE of Santa María Xadani, Mexico	7.400000	20.000000	TNNX	OK	213.095000	214.031491	0.071677	7.167691	66.650000	-0.053564	-0.044313	-0.017458	600	0.007256	0.725625	300	9.877961	Y		Y	crowell_2016_gfast	cm	3d	hypocentral	median	7.532754	0.132754	0.132754
us-us6000ah9t-m7-4-20200623-9-km-se-of-santa-mar-a-xadani-mexico	us6000ah9t	2020-06-23T15:29:04.350Z	Mexico	9 km SE of Santa María Xadani, Mexico	7.400000	20.000000	TNNX	OK	213.095000	214.031491	0.071677	7.167691	66.650000	-0.053564	-0.044313	-0.017458	600	0.007256	0.725625	300	9.877961	Y		Y	ruhl_2019	m	3d	hypocentral	median	7.114463	-0.285537	0.285537
us-us6000ah9t-m7-4-20200623-9-km-se-of-santa-mar-a-xadani-mexico	us6000ah9t	2020-06-23T15:29:04.350Z	Mexico	9 km SE of Santa María Xadani, Mexico	7.400000	20.000000	TNSJ	OK	60.537000	63.755222	0.137214	13.721356	20.650000	-0.099705	-0.086842	-0.036674	600	0.019629	1.962870	300	6.990455	Y		Y	melgar_2015	cm	3d	hypocentral	median	6.981903	-0.418097	0.418097
us-us6000ah9t-m7-4-20200623-9-km-se-of-santa-mar-a-xadani-mexico	us6000ah9t	2020-06-23T15:29:04.350Z	Mexico	9 km SE of Santa María Xadani, Mexico	7.400000	20.000000	TNSJ	OK	60.537000	63.755222	0.137214	13.721356	20.650000	-0.099705	-0.086842	-0.036674	600	0.019629	1.962870	300	6.990455	Y		Y	crowell_2016_gfast	cm	3d	hypocentral	median	7.024745	-0.375255	0.375255
us-us6000ah9t-m7-4-20200623-9-km-se-of-santa-mar-a-xadani-mexico	us6000ah9t	2020-06-23T15:29:04.350Z	Mexico	9 km SE of Santa María Xadani, Mexico	7.400000	20.000000	TNSJ	OK	60.537000	63.755222	0.137214	13.721356	20.650000	-0.099705	-0.086842	-0.036674	600	0.019629	1.962870	300	6.990455	Y		Y	ruhl_2019	m	3d	hypocentral	median	6.765812	-0.634188	0.634188
us-us6000b56k-m6-1-20200728-75-km-sw-of-sand-point-alaska	us6000b56k	2020-07-28T08:03:43.215000Z	United States	75 km SW of Sand Point, Alaska	6.100000	35.150000	AB07	OK	77.491000	85.090408	0.038751	3.875100	109.785000	0.005753	-0.002468	-0.038242	600	0.017091	1.709072	300	2.267371	N	low_pgd_snr	Y	melgar_2015	cm	3d	hypocentral	median	6.433245	0.333245	0.333245
us-us6000b56k-m6-1-20200728-75-km-sw-of-sand-point-alaska	us6000b56k	2020-07-28T08:03:43.215000Z	United States	75 km SW of Sand Point, Alaska	6.100000	35.150000	AB07	OK	77.491000	85.090408	0.038751	3.875100	109.785000	0.005753	-0.002468	-0.038242	600	0.017091	1.709072	300	2.267371	N	low_pgd_snr	Y	crowell_2016_gfast	cm	3d	hypocentral	median	6.692958	0.592958	0.592958
us-us6000b56k-m6-1-20200728-75-km-sw-of-sand-point-alaska	us6000b56k	2020-07-28T08:03:43.215000Z	United States	75 km SW of Sand Point, Alaska	6.100000	35.150000	AB07	OK	77.491000	85.090408	0.038751	3.875100	109.785000	0.005753	-0.002468	-0.038242	600	0.017091	1.709072	300	2.267371	N	low_pgd_snr	Y	ruhl_2019	m	3d	hypocentral	median	6.181411	0.081411	0.081411
us-us6000b56k-m6-1-20200728-75-km-sw-of-sand-point-alaska	us6000b56k	2020-07-28T08:03:43.215000Z	United States	75 km SW of Sand Point, Alaska	6.100000	35.150000	AC12	OK	103.552000	109.355106	0.035600	3.559972	394.785000	0.009682	-0.002862	-0.034138	600	0.012812	1.281151	300	2.778730	N	low_pgd_snr,late_pgd_peak	Y	melgar_2015	cm	3d	hypocentral	median	6.511474	0.411474	0.411474
us-us6000b56k-m6-1-20200728-75-km-sw-of-sand-point-alaska	us6000b56k	2020-07-28T08:03:43.215000Z	United States	75 km SW of Sand Point, Alaska	6.100000	35.150000	AC12	OK	103.552000	109.355106	0.035600	3.559972	394.785000	0.009682	-0.002862	-0.034138	600	0.012812	1.281151	300	2.778730	N	low_pgd_snr,late_pgd_peak	Y	crowell_2016_gfast	cm	3d	hypocentral	median	6.805044	0.705044	0.705044
us-us6000b56k-m6-1-20200728-75-km-sw-of-sand-point-alaska	us6000b56k	2020-07-28T08:03:43.215000Z	United States	75 km SW of Sand Point, Alaska	6.100000	35.150000	AC12	OK	103.552000	109.355106	0.035600	3.559972	394.785000	0.009682	-0.002862	-0.034138	600	0.012812	1.281151	300	2.778730	N	low_pgd_snr,late_pgd_peak	Y	ruhl_2019	m	3d	hypocentral	median	6.266674	0.166674	0.166674
us-us6000b56k-m6-1-20200728-75-km-sw-of-sand-point-alaska	us6000b56k	2020-07-28T08:03:43.215000Z	United States	75 km SW of Sand Point, Alaska	6.100000	35.150000	AC21	OK	181.733000	185.101069	0.036860	3.686014	310.785000	0.006357	0.001229	-0.036287	600	0.015343	1.534260	300	2.402470	N	low_pgd_snr,late_pgd_peak	Y	melgar_2015	cm	3d	hypocentral	median	6.811842	0.711842	0.711842
us-us6000b56k-m6-1-20200728-75-km-sw-of-sand-point-alaska	us6000b56k	2020-07-28T08:03:43.215000Z	United States	75 km SW of Sand Point, Alaska	6.100000	35.150000	AC21	OK	181.733000	185.101069	0.036860	3.686014	310.785000	0.006357	0.001229	-0.036287	600	0.015343	1.534260	300	2.402470	N	low_pgd_snr,late_pgd_peak	Y	crowell_2016_gfast	cm	3d	hypocentral	median	7.147950	1.047950	1.047950
us-us6000b56k-m6-1-20200728-75-km-sw-of-sand-point-alaska	us6000b56k	2020-07-28T08:03:43.215000Z	United States	75 km SW of Sand Point, Alaska	6.100000	35.150000	AC21	OK	181.733000	185.101069	0.036860	3.686014	310.785000	0.006357	0.001229	-0.036287	600	0.015343	1.534260	300	2.402470	N	low_pgd_snr,late_pgd_peak	Y	ruhl_2019	m	3d	hypocentral	median	6.594219	0.494219	0.494219
us-us6000b56k-m6-1-20200728-75-km-sw-of-sand-point-alaska	us6000b56k	2020-07-28T08:03:43.215000Z	United States	75 km SW of Sand Point, Alaska	6.100000	35.150000	AV34	OK	161.130000	164.919372	0.061069	6.106939	111.785000	0.009418	-0.007045	-0.059926	600	0.023500	2.350032	300	2.598662	N	low_pgd_snr	Y	melgar_2015	cm	3d	hypocentral	median	7.044139	0.944139	0.944139
us-us6000b56k-m6-1-20200728-75-km-sw-of-sand-point-alaska	us6000b56k	2020-07-28T08:03:43.215000Z	United States	75 km SW of Sand Point, Alaska	6.100000	35.150000	AV34	OK	161.130000	164.919372	0.061069	6.106939	111.785000	0.009418	-0.007045	-0.059926	600	0.023500	2.350032	300	2.598662	N	low_pgd_snr	Y	crowell_2016_gfast	cm	3d	hypocentral	median	7.286977	1.186977	1.186977
us-us6000b56k-m6-1-20200728-75-km-sw-of-sand-point-alaska	us6000b56k	2020-07-28T08:03:43.215000Z	United States	75 km SW of Sand Point, Alaska	6.100000	35.150000	AV34	OK	161.130000	164.919372	0.061069	6.106939	111.785000	0.009418	-0.007045	-0.059926	600	0.023500	2.350032	300	2.598662	N	low_pgd_snr	Y	ruhl_2019	m	3d	hypocentral	median	6.843423	0.743423	0.743423
us-us6000f652-m6-9-20210814-125-km-se-of-perryville-alaska	us6000f652	2021-08-14T11:57:43.447000Z	United States	125 km SE of Perryville, Alaska	6.900000	20.740000	AC12	OK	129.883000	131.528481	0.057664	5.766437	193.553000	0.001467	0.005132	0.057417	600	0.039894	3.989401	300	1.445440	N	low_pgd_snr	Y	melgar_2015	cm	3d	hypocentral	median	6.884545	-0.015455	0.015455
us-us6000f652-m6-9-20210814-125-km-se-of-perryville-alaska	us6000f652	2021-08-14T11:57:43.447000Z	United States	125 km SE of Perryville, Alaska	6.900000	20.740000	AC12	OK	129.883000	131.528481	0.057664	5.766437	193.553000	0.001467	0.005132	0.057417	600	0.039894	3.989401	300	1.445440	N	low_pgd_snr	Y	crowell_2016_gfast	cm	3d	hypocentral	median	7.116766	0.216766	0.216766
us-us6000f652-m6-9-20210814-125-km-se-of-perryville-alaska	us6000f652	2021-08-14T11:57:43.447000Z	United States	125 km SE of Perryville, Alaska	6.900000	20.740000	AC12	OK	129.883000	131.528481	0.057664	5.766437	193.553000	0.001467	0.005132	0.057417	600	0.039894	3.989401	300	1.445440	N	low_pgd_snr	Y	ruhl_2019	m	3d	hypocentral	median	6.668985	-0.231015	0.231015
us-us6000mzme-m6-20240519-169-km-sw-of-nikolski-alaska	us6000mzme	2024-05-19T09:35:24.660000Z	United States	169 km SW of Nikolski, Alaska	6.000000	28.000000	AB02	OK	171.602000	173.871350	0.051919	5.191936	9.340000	-0.006496	-0.001655	0.051485	600	0.014480	1.448030	300	3.585516	Y		Y	melgar_2015	cm	3d	hypocentral	median	6.978843	0.978843	0.978843
us-us6000mzme-m6-20240519-169-km-sw-of-nikolski-alaska	us6000mzme	2024-05-19T09:35:24.660000Z	United States	169 km SW of Nikolski, Alaska	6.000000	28.000000	AB02	OK	171.602000	173.871350	0.051919	5.191936	9.340000	-0.006496	-0.001655	0.051485	600	0.014480	1.448030	300	3.585516	Y		Y	crowell_2016_gfast	cm	3d	hypocentral	median	7.252982	1.252982	1.252982
us-us6000mzme-m6-20240519-169-km-sw-of-nikolski-alaska	us6000mzme	2024-05-19T09:35:24.660000Z	United States	169 km SW of Nikolski, Alaska	6.000000	28.000000	AB02	OK	171.602000	173.871350	0.051919	5.191936	9.340000	-0.006496	-0.001655	0.051485	600	0.014480	1.448030	300	3.585516	Y		Y	ruhl_2019	m	3d	hypocentral	median	6.773682	0.773682	0.773682
us-us6000pjig-m6-2-20250112-18-km-se-of-aquila-mexico	us6000pjig	2025-01-12T08:32:49.944Z	Mexico	18 km SE of Aquila, Mexico	6.200000	39.000000	TECO	OK	75.030000	84.560634	0.069510	6.951014	555.056000	0.023024	-0.024186	-0.060964	600	0.031416	3.141565	300	2.212596	N	low_pgd_snr,late_pgd_peak	Y	melgar_2015	cm	3d	hypocentral	median	6.755064	0.555064	0.555064
us-us6000pjig-m6-2-20250112-18-km-se-of-aquila-mexico	us6000pjig	2025-01-12T08:32:49.944Z	Mexico	18 km SE of Aquila, Mexico	6.200000	39.000000	TECO	OK	75.030000	84.560634	0.069510	6.951014	555.056000	0.023024	-0.024186	-0.060964	600	0.031416	3.141565	300	2.212596	N	low_pgd_snr,late_pgd_peak	Y	crowell_2016_gfast	cm	3d	hypocentral	median	6.922715	0.722715	0.722715
us-us6000pjig-m6-2-20250112-18-km-se-of-aquila-mexico	us6000pjig	2025-01-12T08:32:49.944Z	Mexico	18 km SE of Aquila, Mexico	6.200000	39.000000	TECO	OK	75.030000	84.560634	0.069510	6.951014	555.056000	0.023024	-0.024186	-0.060964	600	0.031416	3.141565	300	2.212596	N	low_pgd_snr,late_pgd_peak	Y	ruhl_2019	m	3d	hypocentral	median	6.525912	0.325912	0.325912
us-us6000pjig-m6-2-20250112-18-km-se-of-aquila-mexico	us6000pjig	2025-01-12T08:32:49.944Z	Mexico	18 km SE of Aquila, Mexico	6.200000	39.000000	TNAM	OK	234.821000	238.037606	0.033365	3.336510	581.056000	0.004205	-0.004213	0.032830	600	0.020612	2.061200	300	1.618722	N	low_pgd_snr,late_pgd_peak	Y	melgar_2015	cm	3d	hypocentral	median	6.894485	0.694485	0.694485
us-us6000pjig-m6-2-20250112-18-km-se-of-aquila-mexico	us6000pjig	2025-01-12T08:32:49.944Z	Mexico	18 km SE of Aquila, Mexico	6.200000	39.000000	TNAM	OK	234.821000	238.037606	0.033365	3.336510	581.056000	0.004205	-0.004213	0.032830	600	0.020612	2.061200	300	1.618722	N	low_pgd_snr,late_pgd_peak	Y	crowell_2016_gfast	cm	3d	hypocentral	median	7.272855	1.072855	1.072855
us-us6000pjig-m6-2-20250112-18-km-se-of-aquila-mexico	us6000pjig	2025-01-12T08:32:49.944Z	Mexico	18 km SE of Aquila, Mexico	6.200000	39.000000	TNAM	OK	234.821000	238.037606	0.033365	3.336510	581.056000	0.004205	-0.004213	0.032830	600	0.020612	2.061200	300	1.618722	N	low_pgd_snr,late_pgd_peak	Y	ruhl_2019	m	3d	hypocentral	median	6.686309	0.486309	0.486309
us-us6000pjig-m6-2-20250112-18-km-se-of-aquila-mexico	us6000pjig	2025-01-12T08:32:49.944Z	Mexico	18 km SE of Aquila, Mexico	6.200000	39.000000	TNCC	OK	37.885000	54.371622	0.038459	3.845907	9.056000	-0.007503	-0.000713	0.037713	600	0.020879	2.087873	300	1.842021	N	low_pgd_snr	Y	melgar_2015	cm	3d	hypocentral	median	6.215335	0.015335	0.015335
us-us6000pjig-m6-2-20250112-18-km-se-of-aquila-mexico	us6000pjig	2025-01-12T08:32:49.944Z	Mexico	18 km SE of Aquila, Mexico	6.200000	39.000000	TNCC	OK	37.885000	54.371622	0.038459	3.845907	9.056000	-0.007503	-0.000713	0.037713	600	0.020879	2.087873	300	1.842021	N	low_pgd_snr	Y	crowell_2016_gfast	cm	3d	hypocentral	median	6.443207	0.243207	0.243207
us-us6000pjig-m6-2-20250112-18-km-se-of-aquila-mexico	us6000pjig	2025-01-12T08:32:49.944Z	Mexico	18 km SE of Aquila, Mexico	6.200000	39.000000	TNCC	OK	37.885000	54.371622	0.038459	3.845907	9.056000	-0.007503	-0.000713	0.037713	600	0.020879	2.087873	300	1.842021	N	low_pgd_snr	Y	ruhl_2019	m	3d	hypocentral	median	5.946886	-0.253114	0.253114
us-us6000pjig-m6-2-20250112-18-km-se-of-aquila-mexico	us6000pjig	2025-01-12T08:32:49.944Z	Mexico	18 km SE of Aquila, Mexico	6.200000	39.000000	TNCM	OK	208.640000	212.253739	0.047584	4.758414	516.056000	0.012940	-0.013794	-0.043664	600	0.009268	0.926804	300	5.134219	N	late_pgd_peak	Y	melgar_2015	cm	3d	hypocentral	median	7.041610	0.841610	0.841610
us-us6000pjig-m6-2-20250112-18-km-se-of-aquila-mexico	us6000pjig	2025-01-12T08:32:49.944Z	Mexico	18 km SE of Aquila, Mexico	6.200000	39.000000	TNCM	OK	208.640000	212.253739	0.047584	4.758414	516.056000	0.012940	-0.013794	-0.043664	600	0.009268	0.926804	300	5.134219	N	late_pgd_peak	Y	crowell_2016_gfast	cm	3d	hypocentral	median	7.349374	1.149374	1.149374
us-us6000pjig-m6-2-20250112-18-km-se-of-aquila-mexico	us6000pjig	2025-01-12T08:32:49.944Z	Mexico	18 km SE of Aquila, Mexico	6.200000	39.000000	TNCM	OK	208.640000	212.253739	0.047584	4.758414	516.056000	0.012940	-0.013794	-0.043664	600	0.009268	0.926804	300	5.134219	N	late_pgd_peak	Y	ruhl_2019	m	3d	hypocentral	median	6.843986	0.643986	0.643986
us-us6000pjig-m6-2-20250112-18-km-se-of-aquila-mexico	us6000pjig	2025-01-12T08:32:49.944Z	Mexico	18 km SE of Aquila, Mexico	6.200000	39.000000	TNCN	OK	146.906000	151.994647	0.084114	8.411393	34.056000	0.008616	-0.024212	-0.080092	600	0.037641	3.764096	300	2.234638	N	low_pgd_snr	Y	melgar_2015	cm	3d	hypocentral	median	7.184358	0.984358	0.984358
us-us6000pjig-m6-2-20250112-18-km-se-of-aquila-mexico	us6000pjig	2025-01-12T08:32:49.944Z	Mexico	18 km SE of Aquila, Mexico	6.200000	39.000000	TNCN	OK	146.906000	151.994647	0.084114	8.411393	34.056000	0.008616	-0.024212	-0.080092	600	0.037641	3.764096	300	2.234638	N	low_pgd_snr	Y	crowell_2016_gfast	cm	3d	hypocentral	median	7.368068	1.168068	1.168068
us-us6000pjig-m6-2-20250112-18-km-se-of-aquila-mexico	us6000pjig	2025-01-12T08:32:49.944Z	Mexico	18 km SE of Aquila, Mexico	6.200000	39.000000	TNCN	OK	146.906000	151.994647	0.084114	8.411393	34.056000	0.008616	-0.024212	-0.080092	600	0.037641	3.764096	300	2.234638	N	low_pgd_snr	Y	ruhl_2019	m	3d	hypocentral	median	6.993393	0.793393	0.793393
us-us6000pjig-m6-2-20250112-18-km-se-of-aquila-mexico	us6000pjig	2025-01-12T08:32:49.944Z	Mexico	18 km SE of Aquila, Mexico	6.200000	39.000000	TNCT	OK	238.475000	241.642971	0.070378	7.037791	30.056000	0.009749	-0.014745	-0.068122	600	0.053801	5.380071	300	1.308122	N	low_pgd_snr	Y	melgar_2015	cm	3d	hypocentral	median	7.354512	1.154512	1.154512
us-us6000pjig-m6-2-20250112-18-km-se-of-aquila-mexico	us6000pjig	2025-01-12T08:32:49.944Z	Mexico	18 km SE of Aquila, Mexico	6.200000	39.000000	TNCT	OK	238.475000	241.642971	0.070378	7.037791	30.056000	0.009749	-0.014745	-0.068122	600	0.053801	5.380071	300	1.308122	N	low_pgd_snr	Y	crowell_2016_gfast	cm	3d	hypocentral	median	7.610536	1.410536	1.410536
us-us6000pjig-m6-2-20250112-18-km-se-of-aquila-mexico	us6000pjig	2025-01-12T08:32:49.944Z	Mexico	18 km SE of Aquila, Mexico	6.200000	39.000000	TNCT	OK	238.475000	241.642971	0.070378	7.037791	30.056000	0.009749	-0.014745	-0.068122	600	0.053801	5.380071	300	1.308122	N	low_pgd_snr	Y	ruhl_2019	m	3d	hypocentral	median	7.184430	0.984430	0.984430
us-us6000pjig-m6-2-20250112-18-km-se-of-aquila-mexico	us6000pjig	2025-01-12T08:32:49.944Z	Mexico	18 km SE of Aquila, Mexico	6.200000	39.000000	TNIF	OK	156.953000	161.725830	0.050241	5.024072	517.056000	0.022605	-0.004187	-0.044672	600	0.013757	1.375670	300	3.652091	N	late_pgd_peak	Y	melgar_2015	cm	3d	hypocentral	median	6.918803	0.718803	0.718803
us-us6000pjig-m6-2-20250112-18-km-se-of-aquila-mexico	us6000pjig	2025-01-12T08:32:49.944Z	Mexico	18 km SE of Aquila, Mexico	6.200000	39.000000	TNIF	OK	156.953000	161.725830	0.050241	5.024072	517.056000	0.022605	-0.004187	-0.044672	600	0.013757	1.375670	300	3.652091	N	late_pgd_peak	Y	crowell_2016_gfast	cm	3d	hypocentral	median	7.191573	0.991573	0.991573
us-us6000pjig-m6-2-20250112-18-km-se-of-aquila-mexico	us6000pjig	2025-01-12T08:32:49.944Z	Mexico	18 km SE of Aquila, Mexico	6.200000	39.000000	TNIF	OK	156.953000	161.725830	0.050241	5.024072	517.056000	0.022605	-0.004187	-0.044672	600	0.013757	1.375670	300	3.652091	N	late_pgd_peak	Y	ruhl_2019	m	3d	hypocentral	median	6.708109	0.508109	0.508109
us-us6000pjig-m6-2-20250112-18-km-se-of-aquila-mexico	us6000pjig	2025-01-12T08:32:49.944Z	Mexico	18 km SE of Aquila, Mexico	6.200000	39.000000	TNLC	OK	167.386000	171.869349	0.088512	8.851231	447.056000	0.006877	-0.009080	-0.087776	600	0.027008	2.700822	300	3.277236	N	late_pgd_peak	Y	melgar_2015	cm	3d	hypocentral	median	7.285976	1.085976	1.085976
us-us6000pjig-m6-2-20250112-18-km-se-of-aquila-mexico	us6000pjig	2025-01-12T08:32:49.944Z	Mexico	18 km SE of Aquila, Mexico	6.200000	39.000000	TNLC	OK	167.386000	171.869349	0.088512	8.851231	447.056000	0.006877	-0.009080	-0.087776	600	0.027008	2.700822	300	3.277236	N	late_pgd_peak	Y	crowell_2016_gfast	cm	3d	hypocentral	median	7.472102	1.272102	1.272102
us-us6000pjig-m6-2-20250112-18-km-se-of-aquila-mexico	us6000pjig	2025-01-12T08:32:49.944Z	Mexico	18 km SE of Aquila, Mexico	6.200000	39.000000	TNLC	OK	167.386000	171.869349	0.088512	8.851231	447.056000	0.006877	-0.009080	-0.087776	600	0.027008	2.700822	300	3.277236	N	late_pgd_peak	Y	ruhl_2019	m	3d	hypocentral	median	7.104731	0.904731	0.904731
us-us6000pjig-m6-2-20250112-18-km-se-of-aquila-mexico	us6000pjig	2025-01-12T08:32:49.944Z	Mexico	18 km SE of Aquila, Mexico	6.200000	39.000000	TNMT	OK	153.922000	158.785963	0.059359	5.935874	143.056000	-0.014206	-0.008378	-0.057022	600	0.020786	2.078574	300	2.855743	N	low_pgd_snr	Y	melgar_2015	cm	3d	hypocentral	median	7.006013	0.806013	0.806013
us-us6000pjig-m6-2-20250112-18-km-se-of-aquila-mexico	us6000pjig	2025-01-12T08:32:49.944Z	Mexico	18 km SE of Aquila, Mexico	6.200000	39.000000	TNMT	OK	153.922000	158.785963	0.059359	5.935874	143.056000	-0.014206	-0.008378	-0.057022	600	0.020786	2.078574	300	2.855743	N	low_pgd_snr	Y	crowell_2016_gfast	cm	3d	hypocentral	median	7.250043	1.050043	1.050043
us-us6000pjig-m6-2-20250112-18-km-se-of-aquila-mexico	us6000pjig	2025-01-12T08:32:49.944Z	Mexico	18 km SE of Aquila, Mexico	6.200000	39.000000	TNMT	OK	153.922000	158.785963	0.059359	5.935874	143.056000	-0.014206	-0.008378	-0.057022	600	0.020786	2.078574	300	2.855743	N	low_pgd_snr	Y	ruhl_2019	m	3d	hypocentral	median	6.801863	0.601863	0.601863
us-us6000pjig-m6-2-20250112-18-km-se-of-aquila-mexico	us6000pjig	2025-01-12T08:32:49.944Z	Mexico	18 km SE of Aquila, Mexico	6.200000	39.000000	TNTM	OK	171.046000	175.435840	0.038357	3.835688	211.056000	-0.001519	-0.004811	-0.038024	600	0.012118	1.211805	300	3.165269	Y		Y	melgar_2015	cm	3d	hypocentral	median	6.805593	0.605593	0.605593
us-us6000pjig-m6-2-20250112-18-km-se-of-aquila-mexico	us6000pjig	2025-01-12T08:32:49.944Z	Mexico	18 km SE of Aquila, Mexico	6.200000	39.000000	TNTM	OK	171.046000	175.435840	0.038357	3.835688	211.056000	-0.001519	-0.004811	-0.038024	600	0.012118	1.211805	300	3.165269	Y		Y	crowell_2016_gfast	cm	3d	hypocentral	median	7.129965	0.929965	0.929965
us-us6000pjig-m6-2-20250112-18-km-se-of-aquila-mexico	us6000pjig	2025-01-12T08:32:49.944Z	Mexico	18 km SE of Aquila, Mexico	6.200000	39.000000	TNTM	OK	171.046000	175.435840	0.038357	3.835688	211.056000	-0.001519	-0.004811	-0.038024	600	0.012118	1.211805	300	3.165269	Y		Y	ruhl_2019	m	3d	hypocentral	median	6.586929	0.386929	0.386929
us-us6000rsy1-m7-20251206-2025-hubbard-glacier-earthquake	us6000rsy1	2025-12-06T20:41:49.288000Z	United States	2025 Hubbard Glacier Earthquake	7.000000	10.317000	AB44	WARN	255.654000	255.862088	0.091703	9.170311	316.712000	0.025155	-0.024223	-0.084794	600	0.038540	3.853986	300	2.379436	N	low_pgd_snr,late_pgd_peak	Y	melgar_2015	cm	3d	hypocentral	median	7.550609	0.550609	0.550609
us-us6000rsy1-m7-20251206-2025-hubbard-glacier-earthquake	us6000rsy1	2025-12-06T20:41:49.288000Z	United States	2025 Hubbard Glacier Earthquake	7.000000	10.317000	AB44	WARN	255.654000	255.862088	0.091703	9.170311	316.712000	0.025155	-0.024223	-0.084794	600	0.038540	3.853986	300	2.379436	N	low_pgd_snr,late_pgd_peak	Y	crowell_2016_gfast	cm	3d	hypocentral	median	7.768343	0.768343	0.768343
us-us6000rsy1-m7-20251206-2025-hubbard-glacier-earthquake	us6000rsy1	2025-12-06T20:41:49.288000Z	United States	2025 Hubbard Glacier Earthquake	7.000000	10.317000	AB44	WARN	255.654000	255.862088	0.091703	9.170311	316.712000	0.025155	-0.024223	-0.084794	600	0.038540	3.853986	300	2.379436	N	low_pgd_snr,late_pgd_peak	Y	ruhl_2019	m	3d	hypocentral	median	7.397840	0.397840	0.397840
us-us6000sayv-m6-20260223-96-km-sw-of-nikolski-alaska	us6000sayv	2026-02-23T05:11:48.410000Z	United States	96 km SW of Nikolski, Alaska	6.000000	14.000000	AB02	OK	99.064000	100.048369	0.021703	2.170299	27.590000	0.002402	-0.010175	-0.019019	600	0.012259	1.225918	300	1.770347	N	low_pgd_snr	Y	melgar_2015	cm	3d	hypocentral	median	6.187677	0.187677	0.187677
us-us6000sayv-m6-20260223-96-km-sw-of-nikolski-alaska	us6000sayv	2026-02-23T05:11:48.410000Z	United States	96 km SW of Nikolski, Alaska	6.000000	14.000000	AB02	OK	99.064000	100.048369	0.021703	2.170299	27.590000	0.002402	-0.010175	-0.019019	600	0.012259	1.225918	300	1.770347	N	low_pgd_snr	Y	crowell_2016_gfast	cm	3d	hypocentral	median	6.552065	0.552065	0.552065
us-us6000sayv-m6-20260223-96-km-sw-of-nikolski-alaska	us6000sayv	2026-02-23T05:11:48.410000Z	United States	96 km SW of Nikolski, Alaska	6.000000	14.000000	AB02	OK	99.064000	100.048369	0.021703	2.170299	27.590000	0.002402	-0.010175	-0.019019	600	0.012259	1.225918	300	1.770347	N	low_pgd_snr	Y	ruhl_2019	m	3d	hypocentral	median	5.918915	-0.081085	0.081085
us-us6000sayv-m6-20260223-96-km-sw-of-nikolski-alaska	us6000sayv	2026-02-23T05:11:48.410000Z	United States	96 km SW of Nikolski, Alaska	6.000000	14.000000	AV09	OK	281.043000	281.391485	0.027816	2.781564	573.590000	0.017548	-0.003759	0.021252	600	0.011039	1.103949	300	2.519649	N	low_pgd_snr,late_pgd_peak	Y	melgar_2015	cm	3d	hypocentral	median	6.880568	0.880568	0.880568
us-us6000sayv-m6-20260223-96-km-sw-of-nikolski-alaska	us6000sayv	2026-02-23T05:11:48.410000Z	United States	96 km SW of Nikolski, Alaska	6.000000	14.000000	AV09	OK	281.043000	281.391485	0.027816	2.781564	573.590000	0.017548	-0.003759	0.021252	600	0.011039	1.103949	300	2.519649	N	low_pgd_snr,late_pgd_peak	Y	crowell_2016_gfast	cm	3d	hypocentral	median	7.307791	1.307791	1.307791
us-us6000sayv-m6-20260223-96-km-sw-of-nikolski-alaska	us6000sayv	2026-02-23T05:11:48.410000Z	United States	96 km SW of Nikolski, Alaska	6.000000	14.000000	AV09	OK	281.043000	281.391485	0.027816	2.781564	573.590000	0.017548	-0.003759	0.021252	600	0.011039	1.103949	300	2.519649	N	low_pgd_snr,late_pgd_peak	Y	ruhl_2019	m	3d	hypocentral	median	6.673227	0.673227	0.673227
us-us700059qh-m6-3-20190829-285-km-w-of-bandon-oregon	us700059qh	2019-08-29T15:07:58.646000Z	United States	285 km W of Bandon, Oregon	6.300000	10.000000	P364	OK	285.369000	285.544158	0.026315	2.631520	70.354000	-0.002594	-0.000516	-0.026182	600	0.010837	1.083668	300	2.428346	N	low_pgd_snr	Y	melgar_2015	cm	3d	hypocentral	median	6.855091	0.555091	0.555091
us-us700059qh-m6-3-20190829-285-km-w-of-bandon-oregon	us700059qh	2019-08-29T15:07:58.646000Z	United States	285 km W of Bandon, Oregon	6.300000	10.000000	P364	OK	285.369000	285.544158	0.026315	2.631520	70.354000	-0.002594	-0.000516	-0.026182	600	0.010837	1.083668	300	2.428346	N	low_pgd_snr	Y	crowell_2016_gfast	cm	3d	hypocentral	median	7.293288	0.993288	0.993288
us-us700059qh-m6-3-20190829-285-km-w-of-bandon-oregon	us700059qh	2019-08-29T15:07:58.646000Z	United States	285 km W of Bandon, Oregon	6.300000	10.000000	P364	OK	285.369000	285.544158	0.026315	2.631520	70.354000	-0.002594	-0.000516	-0.026182	600	0.010837	1.083668	300	2.428346	N	low_pgd_snr	Y	ruhl_2019	m	3d	hypocentral	median	6.645772	0.345772	0.345772
us-us700059qh-m6-3-20190829-285-km-w-of-bandon-oregon	us700059qh	2019-08-29T15:07:58.646000Z	United States	285 km W of Bandon, Oregon	6.300000	10.000000	P365	WARN	293.226000	293.396467	0.028794	2.879358	386.354000	-0.001787	-0.000036	-0.028738	491	0.013754	1.375434	300	2.093418	N	low_pgd_snr,late_pgd_peak	Y	melgar_2015	cm	3d	hypocentral	median	6.926194	0.626194	0.626194
us-us700059qh-m6-3-20190829-285-km-w-of-bandon-oregon	us700059qh	2019-08-29T15:07:58.646000Z	United States	285 km W of Bandon, Oregon	6.300000	10.000000	P365	WARN	293.226000	293.396467	0.028794	2.879358	386.354000	-0.001787	-0.000036	-0.028738	491	0.013754	1.375434	300	2.093418	N	low_pgd_snr,late_pgd_peak	Y	crowell_2016_gfast	cm	3d	hypocentral	median	7.352423	1.052423	1.052423
us-us700059qh-m6-3-20190829-285-km-w-of-bandon-oregon	us700059qh	2019-08-29T15:07:58.646000Z	United States	285 km W of Bandon, Oregon	6.300000	10.000000	P365	WARN	293.226000	293.396467	0.028794	2.879358	386.354000	-0.001787	-0.000036	-0.028738	491	0.013754	1.375434	300	2.093418	N	low_pgd_snr,late_pgd_peak	Y	ruhl_2019	m	3d	hypocentral	median	6.723230	0.423230	0.423230
us-us70008jr5-m6-5-20200331-stanley-idaho	us70008jr5	2020-03-31T23:52:30.781000Z	United States	Stanley, Idaho	6.500000	12.060000	P019	OK	130.406000	130.962470	0.025137	2.513742	320.219000	0.000762	0.005380	0.024543	431	0.012111	1.211132	300	2.075530	N	low_pgd_snr,late_pgd_peak	Y	melgar_2015	cm	3d	hypocentral	median	6.404484	-0.095516	0.095516
us-us70008jr5-m6-5-20200331-stanley-idaho	us70008jr5	2020-03-31T23:52:30.781000Z	United States	Stanley, Idaho	6.500000	12.060000	P019	OK	130.406000	130.962470	0.025137	2.513742	320.219000	0.000762	0.005380	0.024543	431	0.012111	1.211132	300	2.075530	N	low_pgd_snr,late_pgd_peak	Y	crowell_2016_gfast	cm	3d	hypocentral	median	6.769619	0.269619	0.269619
us-us70008jr5-m6-5-20200331-stanley-idaho	us70008jr5	2020-03-31T23:52:30.781000Z	United States	Stanley, Idaho	6.500000	12.060000	P019	OK	130.406000	130.962470	0.025137	2.513742	320.219000	0.000762	0.005380	0.024543	431	0.012111	1.211132	300	2.075530	N	low_pgd_snr,late_pgd_peak	Y	ruhl_2019	m	3d	hypocentral	median	6.152758	-0.347242	0.347242
us-us70008jr5-m6-5-20200331-stanley-idaho	us70008jr5	2020-03-31T23:52:30.781000Z	United States	Stanley, Idaho	6.500000	12.060000	P023	OK	91.638000	92.428170	0.037521	3.752079	415.219000	0.002310	-0.001223	-0.037430	431	0.029113	2.911329	300	1.288786	N	low_pgd_snr,late_pgd_peak	Y	melgar_2015	cm	3d	hypocentral	median	6.456297	-0.043703	0.043703
us-us70008jr5-m6-5-20200331-stanley-idaho	us70008jr5	2020-03-31T23:52:30.781000Z	United States	Stanley, Idaho	6.500000	12.060000	P023	OK	91.638000	92.428170	0.037521	3.752079	415.219000	0.002310	-0.001223	-0.037430	431	0.029113	2.911329	300	1.288786	N	low_pgd_snr,late_pgd_peak	Y	crowell_2016_gfast	cm	3d	hypocentral	median	6.727649	0.227649	0.227649
us-us70008jr5-m6-5-20200331-stanley-idaho	us70008jr5	2020-03-31T23:52:30.781000Z	United States	Stanley, Idaho	6.500000	12.060000	P023	OK	91.638000	92.428170	0.037521	3.752079	415.219000	0.002310	-0.001223	-0.037430	431	0.029113	2.911329	300	1.288786	N	low_pgd_snr,late_pgd_peak	Y	ruhl_2019	m	3d	hypocentral	median	6.206534	-0.293466	0.293466
us-us70008jr5-m6-5-20200331-stanley-idaho	us70008jr5	2020-03-31T23:52:30.781000Z	United States	Stanley, Idaho	6.500000	12.060000	P350	OK	105.595000	106.281455	0.051582	5.158246	323.219000	-0.008626	0.030441	0.040739	431	0.020855	2.085537	300	2.473342	N	low_pgd_snr,late_pgd_peak	Y	melgar_2015	cm	3d	hypocentral	median	6.706861	0.206861	0.206861
us-us70008jr5-m6-5-20200331-stanley-idaho	us70008jr5	2020-03-31T23:52:30.781000Z	United States	Stanley, Idaho	6.500000	12.060000	P350	OK	105.595000	106.281455	0.051582	5.158246	323.219000	-0.008626	0.030441	0.040739	431	0.020855	2.085537	300	2.473342	N	low_pgd_snr,late_pgd_peak	Y	crowell_2016_gfast	cm	3d	hypocentral	median	6.939171	0.439171	0.439171
us-us70008jr5-m6-5-20200331-stanley-idaho	us70008jr5	2020-03-31T23:52:30.781000Z	United States	Stanley, Idaho	6.500000	12.060000	P350	OK	105.595000	106.281455	0.051582	5.158246	323.219000	-0.008626	0.030441	0.040739	431	0.020855	2.085537	300	2.473342	N	low_pgd_snr,late_pgd_peak	Y	ruhl_2019	m	3d	hypocentral	median	6.476143	-0.023857	0.023857
us-us70008jr5-m6-5-20200331-stanley-idaho	us70008jr5	2020-03-31T23:52:30.781000Z	United States	Stanley, Idaho	6.500000	12.060000	P351	OK	72.911000	73.901675	0.027206	2.720551	326.219000	-0.005688	0.011036	0.024207	431	0.013245	1.324455	300	2.054091	N	low_pgd_snr,late_pgd_peak	Y	melgar_2015	cm	3d	hypocentral	median	6.169685	-0.330315	0.330315
us-us70008jr5-m6-5-20200331-stanley-idaho	us70008jr5	2020-03-31T23:52:30.781000Z	United States	Stanley, Idaho	6.500000	12.060000	P351	OK	72.911000	73.901675	0.027206	2.720551	326.219000	-0.005688	0.011036	0.024207	431	0.013245	1.324455	300	2.054091	N	low_pgd_snr,late_pgd_peak	Y	crowell_2016_gfast	cm	3d	hypocentral	median	6.473598	-0.026402	0.026402
us-us70008jr5-m6-5-20200331-stanley-idaho	us70008jr5	2020-03-31T23:52:30.781000Z	United States	Stanley, Idaho	6.500000	12.060000	P351	OK	72.911000	73.901675	0.027206	2.720551	326.219000	-0.005688	0.011036	0.024207	431	0.013245	1.324455	300	2.054091	N	low_pgd_snr,late_pgd_peak	Y	ruhl_2019	m	3d	hypocentral	median	5.898903	-0.601097	0.601097
us-us70008jr5-m6-5-20200331-stanley-idaho	us70008jr5	2020-03-31T23:52:30.781000Z	United States	Stanley, Idaho	6.500000	12.060000	P353	OK	101.501000	102.214953	0.060325	6.032512	331.219000	-0.011062	0.027404	0.052591	431	0.023440	2.344042	300	2.573552	N	low_pgd_snr,late_pgd_peak	Y	melgar_2015	cm	3d	hypocentral	median	6.774829	0.274829	0.274829
us-us70008jr5-m6-5-20200331-stanley-idaho	us70008jr5	2020-03-31T23:52:30.781000Z	United States	Stanley, Idaho	6.500000	12.060000	P353	OK	101.501000	102.214953	0.060325	6.032512	331.219000	-0.011062	0.027404	0.052591	431	0.023440	2.344042	300	2.573552	N	low_pgd_snr,late_pgd_peak	Y	crowell_2016_gfast	cm	3d	hypocentral	median	6.979206	0.479206	0.479206
us-us70008jr5-m6-5-20200331-stanley-idaho	us70008jr5	2020-03-31T23:52:30.781000Z	United States	Stanley, Idaho	6.500000	12.060000	P353	OK	101.501000	102.214953	0.060325	6.032512	331.219000	-0.011062	0.027404	0.052591	431	0.023440	2.344042	300	2.573552	N	low_pgd_snr,late_pgd_peak	Y	ruhl_2019	m	3d	hypocentral	median	6.548724	0.048724	0.048724
us-us70008jr5-m6-5-20200331-stanley-idaho	us70008jr5	2020-03-31T23:52:30.781000Z	United States	Stanley, Idaho	6.500000	12.060000	P354	OK	98.903000	99.635571	0.074481	7.448121	109.219000	0.000749	0.031246	0.067606	431	0.018306	1.830621	300	4.068630	Y		Y	melgar_2015	cm	3d	hypocentral	median	6.880079	0.380079	0.380079
us-us70008jr5-m6-5-20200331-stanley-idaho	us70008jr5	2020-03-31T23:52:30.781000Z	United States	Stanley, Idaho	6.500000	12.060000	P354	OK	98.903000	99.635571	0.074481	7.448121	109.219000	0.000749	0.031246	0.067606	431	0.018306	1.830621	300	4.068630	Y		Y	crowell_2016_gfast	cm	3d	hypocentral	median	7.049118	0.549118	0.549118
us-us70008jr5-m6-5-20200331-stanley-idaho	us70008jr5	2020-03-31T23:52:30.781000Z	United States	Stanley, Idaho	6.500000	12.060000	P354	OK	98.903000	99.635571	0.074481	7.448121	109.219000	0.000749	0.031246	0.067606	431	0.018306	1.830621	300	4.068630	Y		Y	ruhl_2019	m	3d	hypocentral	median	6.661356	0.161356	0.161356
us-us70008jr5-m6-5-20200331-stanley-idaho	us70008jr5	2020-03-31T23:52:30.781000Z	United States	Stanley, Idaho	6.500000	12.060000	P358	OK	149.179000	149.665686	0.034024	3.402382	327.219000	-0.010349	0.009665	0.030937	431	0.012671	1.267091	300	2.685191	N	low_pgd_snr,late_pgd_peak	Y	melgar_2015	cm	3d	hypocentral	median	6.649120	0.149120	0.149120
us-us70008jr5-m6-5-20200331-stanley-idaho	us70008jr5	2020-03-31T23:52:30.781000Z	United States	Stanley, Idaho	6.500000	12.060000	P358	OK	149.179000	149.665686	0.034024	3.402382	327.219000	-0.010349	0.009665	0.030937	431	0.012671	1.267091	300	2.685191	N	low_pgd_snr,late_pgd_peak	Y	crowell_2016_gfast	cm	3d	hypocentral	median	6.977880	0.477880	0.477880
us-us70008jr5-m6-5-20200331-stanley-idaho	us70008jr5	2020-03-31T23:52:30.781000Z	United States	Stanley, Idaho	6.500000	12.060000	P358	OK	149.179000	149.665686	0.034024	3.402382	327.219000	-0.010349	0.009665	0.030937	431	0.012671	1.267091	300	2.685191	N	low_pgd_snr,late_pgd_peak	Y	ruhl_2019	m	3d	hypocentral	median	6.416863	-0.083137	0.083137
us-us70008jr5-m6-5-20200331-stanley-idaho	us70008jr5	2020-03-31T23:52:30.781000Z	United States	Stanley, Idaho	6.500000	12.060000	P372	OK	199.211000	199.575715	0.067716	6.771566	324.219000	-0.012369	0.030219	0.059323	431	0.015522	1.552237	300	4.362456	N	late_pgd_peak	Y	melgar_2015	cm	3d	hypocentral	median	7.216004	0.716004	0.716004
us-us70008jr5-m6-5-20200331-stanley-idaho	us70008jr5	2020-03-31T23:52:30.781000Z	United States	Stanley, Idaho	6.500000	12.060000	P372	OK	199.211000	199.575715	0.067716	6.771566	324.219000	-0.012369	0.030219	0.059323	431	0.015522	1.552237	300	4.362456	N	late_pgd_peak	Y	crowell_2016_gfast	cm	3d	hypocentral	median	7.459676	0.959676	0.959676
us-us70008jr5-m6-5-20200331-stanley-idaho	us70008jr5	2020-03-31T23:52:30.781000Z	United States	Stanley, Idaho	6.500000	12.060000	P372	OK	199.211000	199.575715	0.067716	6.771566	324.219000	-0.012369	0.030219	0.059323	431	0.015522	1.552237	300	4.362456	N	late_pgd_peak	Y	ruhl_2019	m	3d	hypocentral	median	7.031531	0.531531	0.531531
us-us70008jr5-m6-5-20200331-stanley-idaho	us70008jr5	2020-03-31T23:52:30.781000Z	United States	Stanley, Idaho	6.500000	12.060000	P455	OK	189.560000	189.943247	0.036538	3.653751	25.219000	-0.001514	-0.003529	-0.036335	431	0.018497	1.849666	300	1.975357	N	low_pgd_snr	Y	melgar_2015	cm	3d	hypocentral	median	6.821022	0.321022	0.321022
us-us70008jr5-m6-5-20200331-stanley-idaho	us70008jr5	2020-03-31T23:52:30.781000Z	United States	Stanley, Idaho	6.500000	12.060000	P455	OK	189.560000	189.943247	0.036538	3.653751	25.219000	-0.001514	-0.003529	-0.036335	431	0.018497	1.849666	300	1.975357	N	low_pgd_snr	Y	crowell_2016_gfast	cm	3d	hypocentral	median	7.161124	0.661124	0.661124
us-us70008jr5-m6-5-20200331-stanley-idaho	us70008jr5	2020-03-31T23:52:30.781000Z	United States	Stanley, Idaho	6.500000	12.060000	P455	OK	189.560000	189.943247	0.036538	3.653751	25.219000	-0.001514	-0.003529	-0.036335	431	0.018497	1.849666	300	1.975357	N	low_pgd_snr	Y	ruhl_2019	m	3d	hypocentral	median	6.604394	0.104394	0.104394
us-us70008jr5-m6-5-20200331-stanley-idaho	us70008jr5	2020-03-31T23:52:30.781000Z	United States	Stanley, Idaho	6.500000	12.060000	P679	OK	151.773000	152.251395	0.033574	3.357380	325.219000	-0.004849	0.006402	0.032599	431	0.010073	1.007315	300	3.332998	N	late_pgd_peak	Y	melgar_2015	cm	3d	hypocentral	median	6.650519	0.150519	0.150519
us-us70008jr5-m6-5-20200331-stanley-idaho	us70008jr5	2020-03-31T23:52:30.781000Z	United States	Stanley, Idaho	6.500000	12.060000	P679	OK	151.773000	152.251395	0.033574	3.357380	325.219000	-0.004849	0.006402	0.032599	431	0.010073	1.007315	300	3.332998	N	late_pgd_peak	Y	crowell_2016_gfast	cm	3d	hypocentral	median	6.983036	0.483036	0.483036
us-us70008jr5-m6-5-20200331-stanley-idaho	us70008jr5	2020-03-31T23:52:30.781000Z	United States	Stanley, Idaho	6.500000	12.060000	P679	OK	151.773000	152.251395	0.033574	3.357380	325.219000	-0.004849	0.006402	0.032599	431	0.010073	1.007315	300	3.332998	N	late_pgd_peak	Y	ruhl_2019	m	3d	hypocentral	median	6.418508	-0.081492	0.081492
us-us70008jr5-m6-5-20200331-stanley-idaho	us70008jr5	2020-03-31T23:52:30.781000Z	United States	Stanley, Idaho	6.500000	12.060000	P681	OK	197.121000	197.489575	0.067211	6.721146	327.219000	-0.017653	0.043285	0.048292	431	0.021114	2.111416	300	3.183241	N	late_pgd_peak	Y	melgar_2015	cm	3d	hypocentral	median	7.205335	0.705335	0.705335
us-us70008jr5-m6-5-20200331-stanley-idaho	us70008jr5	2020-03-31T23:52:30.781000Z	United States	Stanley, Idaho	6.500000	12.060000	P681	OK	197.121000	197.489575	0.067211	6.721146	327.219000	-0.017653	0.043285	0.048292	431	0.021114	2.111416	300	3.183241	N	late_pgd_peak	Y	crowell_2016_gfast	cm	3d	hypocentral	median	7.449236	0.949236	0.949236
us-us70008jr5-m6-5-20200331-stanley-idaho	us70008jr5	2020-03-31T23:52:30.781000Z	United States	Stanley, Idaho	6.500000	12.060000	P681	OK	197.121000	197.489575	0.067211	6.721146	327.219000	-0.017653	0.043285	0.048292	431	0.021114	2.111416	300	3.183241	N	late_pgd_peak	Y	ruhl_2019	m	3d	hypocentral	median	7.019849	0.519849	0.519849
us-us7000asx4-m6-1-20200722-101-km-ese-of-sand-point-alaska	us7000asx4	2020-07-22T06:16:18.627000Z	United States	101 km ESE of Sand Point, Alaska	6.100000	16.530000	AB07	OK	100.516000	101.866124	0.222841	22.284104	311.373000	0.127600	-0.168348	-0.070960	600	0.166857	16.685675	300	1.335523	N	low_pgd_snr,late_pgd_peak	Y	melgar_2015	cm	3d	hypocentral	median	7.510139	1.410139	1.410139
us-us7000asx4-m6-1-20200722-101-km-ese-of-sand-point-alaska	us7000asx4	2020-07-22T06:16:18.627000Z	United States	101 km ESE of Sand Point, Alaska	6.100000	16.530000	AB07	OK	100.516000	101.866124	0.222841	22.284104	311.373000	0.127600	-0.168348	-0.070960	600	0.166857	16.685675	300	1.335523	N	low_pgd_snr,late_pgd_peak	Y	crowell_2016_gfast	cm	3d	hypocentral	median	7.507365	1.407365	1.407365
us-us7000asx4-m6-1-20200722-101-km-ese-of-sand-point-alaska	us7000asx4	2020-07-22T06:16:18.627000Z	United States	101 km ESE of Sand Point, Alaska	6.100000	16.530000	AB07	OK	100.516000	101.866124	0.222841	22.284104	311.373000	0.127600	-0.168348	-0.070960	600	0.166857	16.685675	300	1.335523	N	low_pgd_snr,late_pgd_peak	Y	ruhl_2019	m	3d	hypocentral	median	7.337327	1.237327	1.237327
us-us7000asx4-m6-1-20200722-101-km-ese-of-sand-point-alaska	us7000asx4	2020-07-22T06:16:18.627000Z	United States	101 km ESE of Sand Point, Alaska	6.100000	16.530000	AB13	OK	152.586000	153.478755	0.061248	6.124777	32.373000	-0.009817	-0.048760	0.035740	600	0.046331	4.633114	300	1.321957	N	low_pgd_snr	Y	melgar_2015	cm	3d	hypocentral	median	7.005116	0.905116	0.905116
us-us7000asx4-m6-1-20200722-101-km-ese-of-sand-point-alaska	us7000asx4	2020-07-22T06:16:18.627000Z	United States	101 km ESE of Sand Point, Alaska	6.100000	16.530000	AB13	OK	152.586000	153.478755	0.061248	6.124777	32.373000	-0.009817	-0.048760	0.035740	600	0.046331	4.633114	300	1.321957	N	low_pgd_snr	Y	crowell_2016_gfast	cm	3d	hypocentral	median	7.241033	1.141033	1.141033
us-us7000asx4-m6-1-20200722-101-km-ese-of-sand-point-alaska	us7000asx4	2020-07-22T06:16:18.627000Z	United States	101 km ESE of Sand Point, Alaska	6.100000	16.530000	AB13	OK	152.586000	153.478755	0.061248	6.124777	32.373000	-0.009817	-0.048760	0.035740	600	0.046331	4.633114	300	1.321957	N	low_pgd_snr	Y	ruhl_2019	m	3d	hypocentral	median	6.800483	0.700483	0.700483
us-us7000asx4-m6-1-20200722-101-km-ese-of-sand-point-alaska	us7000asx4	2020-07-22T06:16:18.627000Z	United States	101 km ESE of Sand Point, Alaska	6.100000	16.530000	AC12	OK	38.268000	41.685498	0.441756	44.175569	578.373000	0.065645	-0.243713	0.362550	600	0.342409	34.240891	300	1.290141	N	low_pgd_snr,late_pgd_peak	Y	melgar_2015	cm	3d	hypocentral	median	7.382647	1.282647	1.282647
us-us7000asx4-m6-1-20200722-101-km-ese-of-sand-point-alaska	us7000asx4	2020-07-22T06:16:18.627000Z	United States	101 km ESE of Sand Point, Alaska	6.100000	16.530000	AC12	OK	38.268000	41.685498	0.441756	44.175569	578.373000	0.065645	-0.243713	0.362550	600	0.342409	34.240891	300	1.290141	N	low_pgd_snr,late_pgd_peak	Y	crowell_2016_gfast	cm	3d	hypocentral	median	7.224499	1.124499	1.124499
us-us7000asx4-m6-1-20200722-101-km-ese-of-sand-point-alaska	us7000asx4	2020-07-22T06:16:18.627000Z	United States	101 km ESE of Sand Point, Alaska	6.100000	16.530000	AC12	OK	38.268000	41.685498	0.441756	44.175569	578.373000	0.065645	-0.243713	0.362550	600	0.342409	34.240891	300	1.290141	N	low_pgd_snr,late_pgd_peak	Y	ruhl_2019	m	3d	hypocentral	median	7.187917	1.087917	1.087917
us-us7000asx4-m6-1-20200722-101-km-ese-of-sand-point-alaska	us7000asx4	2020-07-22T06:16:18.627000Z	United States	101 km ESE of Sand Point, Alaska	6.100000	16.530000	AC21	OK	106.009000	107.290023	0.145739	14.573912	136.373000	0.015345	-0.143657	-0.019156	600	0.110216	11.021637	300	1.322300	N	low_pgd_snr	Y	melgar_2015	cm	3d	hypocentral	median	7.300080	1.200080	1.200080
us-us7000asx4-m6-1-20200722-101-km-ese-of-sand-point-alaska	us7000asx4	2020-07-22T06:16:18.627000Z	United States	101 km ESE of Sand Point, Alaska	6.100000	16.530000	AC21	OK	106.009000	107.290023	0.145739	14.573912	136.373000	0.015345	-0.143657	-0.019156	600	0.110216	11.021637	300	1.322300	N	low_pgd_snr	Y	crowell_2016_gfast	cm	3d	hypocentral	median	7.368248	1.268248	1.268248
us-us7000asx4-m6-1-20200722-101-km-ese-of-sand-point-alaska	us7000asx4	2020-07-22T06:16:18.627000Z	United States	101 km ESE of Sand Point, Alaska	6.100000	16.530000	AC21	OK	106.009000	107.290023	0.145739	14.573912	136.373000	0.015345	-0.143657	-0.019156	600	0.110216	11.021637	300	1.322300	N	low_pgd_snr	Y	ruhl_2019	m	3d	hypocentral	median	7.112787	1.012787	1.012787
us-us7000asx4-m6-1-20200722-101-km-ese-of-sand-point-alaska	us7000asx4	2020-07-22T06:16:18.627000Z	United States	101 km ESE of Sand Point, Alaska	6.100000	16.530000	AC28	OK	65.388000	67.445025	0.225926	22.592647	579.373000	0.130996	-0.177480	-0.048821	600	0.169143	16.914305	300	1.335712	N	low_pgd_snr,late_pgd_peak	Y	melgar_2015	cm	3d	hypocentral	median	7.284082	1.184082	1.184082
us-us7000asx4-m6-1-20200722-101-km-ese-of-sand-point-alaska	us7000asx4	2020-07-22T06:16:18.627000Z	United States	101 km ESE of Sand Point, Alaska	6.100000	16.530000	AC28	OK	65.388000	67.445025	0.225926	22.592647	579.373000	0.130996	-0.177480	-0.048821	600	0.169143	16.914305	300	1.335712	N	low_pgd_snr,late_pgd_peak	Y	crowell_2016_gfast	cm	3d	hypocentral	median	7.253232	1.153232	1.153232
us-us7000asx4-m6-1-20200722-101-km-ese-of-sand-point-alaska	us7000asx4	2020-07-22T06:16:18.627000Z	United States	101 km ESE of Sand Point, Alaska	6.100000	16.530000	AC28	OK	65.388000	67.445025	0.225926	22.592647	579.373000	0.130996	-0.177480	-0.048821	600	0.169143	16.914305	300	1.335712	N	low_pgd_snr,late_pgd_peak	Y	ruhl_2019	m	3d	hypocentral	median	7.089206	0.989206	0.989206
us-us7000clnv-m6-4-20201201-46-km-ese-of-nikolski-alaska	us7000clnv	2020-12-01T16:22:39.923000Z	United States	46 km ESE of Nikolski, Alaska	6.400000	23.000000	AB02	OK	47.712000	52.966357	0.056860	5.686009	497.077000	0.002964	-0.001480	-0.056763	600	0.017884	1.788405	300	3.179374	N	late_pgd_peak	Y	melgar_2015	cm	3d	hypocentral	median	6.413156	0.013156	0.013156
us-us7000clnv-m6-4-20201201-46-km-ese-of-nikolski-alaska	us7000clnv	2020-12-01T16:22:39.923000Z	United States	46 km ESE of Nikolski, Alaska	6.400000	23.000000	AB02	OK	47.712000	52.966357	0.056860	5.686009	497.077000	0.002964	-0.001480	-0.056763	600	0.017884	1.788405	300	3.179374	N	late_pgd_peak	Y	crowell_2016_gfast	cm	3d	hypocentral	median	6.579475	0.179475	0.179475
us-us7000clnv-m6-4-20201201-46-km-ese-of-nikolski-alaska	us7000clnv	2020-12-01T16:22:39.923000Z	United States	46 km ESE of Nikolski, Alaska	6.400000	23.000000	AB02	OK	47.712000	52.966357	0.056860	5.686009	497.077000	0.002964	-0.001480	-0.056763	600	0.017884	1.788405	300	3.179374	N	late_pgd_peak	Y	ruhl_2019	m	3d	hypocentral	median	6.157687	-0.242313	0.242313
us-us7000clnv-m6-4-20201201-46-km-ese-of-nikolski-alaska	us7000clnv	2020-12-01T16:22:39.923000Z	United States	46 km ESE of Nikolski, Alaska	6.400000	23.000000	AV09	OK	168.071000	169.637440	0.037770	3.777009	279.077000	0.011580	0.002222	-0.035882	600	0.014425	1.442523	300	2.618335	N	low_pgd_snr	Y	melgar_2015	cm	3d	hypocentral	median	6.777995	0.377995	0.377995
us-us7000clnv-m6-4-20201201-46-km-ese-of-nikolski-alaska	us7000clnv	2020-12-01T16:22:39.923000Z	United States	46 km ESE of Nikolski, Alaska	6.400000	23.000000	AV09	OK	168.071000	169.637440	0.037770	3.777009	279.077000	0.011580	0.002222	-0.035882	600	0.014425	1.442523	300	2.618335	N	low_pgd_snr	Y	crowell_2016_gfast	cm	3d	hypocentral	median	7.101646	0.701646	0.701646
us-us7000clnv-m6-4-20201201-46-km-ese-of-nikolski-alaska	us7000clnv	2020-12-01T16:22:39.923000Z	United States	46 km ESE of Nikolski, Alaska	6.400000	23.000000	AV09	OK	168.071000	169.637440	0.037770	3.777009	279.077000	0.011580	0.002222	-0.035882	600	0.014425	1.442523	300	2.618335	N	low_pgd_snr	Y	ruhl_2019	m	3d	hypocentral	median	6.556834	0.156834	0.156834
us-us7000f93v-m7-20210908-acapulco-mexico	us7000f93v	2021-09-08T01:47:47.437Z	Mexico	Acapulco, Mexico	7.000000	20.000000	TNAL	OK	267.977000	268.722296	0.060848	6.084819	98.563000	-0.042419	-0.043501	-0.003282	600	0.013332	1.333156	300	4.564221	Y		Y	melgar_2015	cm	3d	hypocentral	median	7.331511	0.331511	0.331511
us-us7000f93v-m7-20210908-acapulco-mexico	us7000f93v	2021-09-08T01:47:47.437Z	Mexico	Acapulco, Mexico	7.000000	20.000000	TNAL	OK	267.977000	268.722296	0.060848	6.084819	98.563000	-0.042419	-0.043501	-0.003282	600	0.013332	1.333156	300	4.564221	Y		Y	crowell_2016_gfast	cm	3d	hypocentral	median	7.622719	0.622719	0.622719
us-us7000f93v-m7-20210908-acapulco-mexico	us7000f93v	2021-09-08T01:47:47.437Z	Mexico	Acapulco, Mexico	7.000000	20.000000	TNAL	OK	267.977000	268.722296	0.060848	6.084819	98.563000	-0.042419	-0.043501	-0.003282	600	0.013332	1.333156	300	4.564221	Y		Y	ruhl_2019	m	3d	hypocentral	median	7.161387	0.161387	0.161387
us-us7000f93v-m7-20210908-acapulco-mexico	us7000f93v	2021-09-08T01:47:47.437Z	Mexico	Acapulco, Mexico	7.000000	20.000000	TNIF	OK	270.685000	271.422861	0.034925	3.492535	496.563000	-0.013340	-0.011473	0.030169	600	0.015535	1.553462	300	2.248228	N	low_pgd_snr,late_pgd_peak	Y	melgar_2015	cm	3d	hypocentral	median	6.998655	-0.001345	0.001345
us-us7000f93v-m7-20210908-acapulco-mexico	us7000f93v	2021-09-08T01:47:47.437Z	Mexico	Acapulco, Mexico	7.000000	20.000000	TNIF	OK	270.685000	271.422861	0.034925	3.492535	496.563000	-0.013340	-0.011473	0.030169	600	0.015535	1.553462	300	2.248228	N	low_pgd_snr,late_pgd_peak	Y	crowell_2016_gfast	cm	3d	hypocentral	median	7.383725	0.383725	0.383725
us-us7000f93v-m7-20210908-acapulco-mexico	us7000f93v	2021-09-08T01:47:47.437Z	Mexico	Acapulco, Mexico	7.000000	20.000000	TNIF	OK	270.685000	271.422861	0.034925	3.492535	496.563000	-0.013340	-0.011473	0.030169	600	0.015535	1.553462	300	2.248228	N	low_pgd_snr,late_pgd_peak	Y	ruhl_2019	m	3d	hypocentral	median	6.800787	-0.199213	0.199213
us-us7000f93v-m7-20210908-acapulco-mexico	us7000f93v	2021-09-08T01:47:47.437Z	Mexico	Acapulco, Mexico	7.000000	20.000000	TNMQ	OK	124.289000	125.887869	0.033773	3.377270	42.563000	0.007623	-0.022325	-0.024168	600	0.012966	1.296560	300	2.604793	N	low_pgd_snr	Y	melgar_2015	cm	3d	hypocentral	median	6.553818	-0.446182	0.446182
us-us7000f93v-m7-20210908-acapulco-mexico	us7000f93v	2021-09-08T01:47:47.437Z	Mexico	Acapulco, Mexico	7.000000	20.000000	TNMQ	OK	124.289000	125.887869	0.033773	3.377270	42.563000	0.007623	-0.022325	-0.024168	600	0.012966	1.296560	300	2.604793	N	low_pgd_snr	Y	crowell_2016_gfast	cm	3d	hypocentral	median	6.868020	-0.131980	0.131980
us-us7000f93v-m7-20210908-acapulco-mexico	us7000f93v	2021-09-08T01:47:47.437Z	Mexico	Acapulco, Mexico	7.000000	20.000000	TNMQ	OK	124.289000	125.887869	0.033773	3.377270	42.563000	0.007623	-0.022325	-0.024168	600	0.012966	1.296560	300	2.604793	N	low_pgd_snr	Y	ruhl_2019	m	3d	hypocentral	median	6.313060	-0.686940	0.686940
us-us7000f93v-m7-20210908-acapulco-mexico	us7000f93v	2021-09-08T01:47:47.437Z	Mexico	Acapulco, Mexico	7.000000	20.000000	TNNP	OK	293.095000	293.776580	0.050334	5.033418	487.563000	-0.000209	0.000637	0.050330	600	0.024478	2.447774	300	2.056324	N	low_pgd_snr,late_pgd_peak	Y	melgar_2015	cm	3d	hypocentral	median	7.270334	0.270334	0.270334
us-us7000f93v-m7-20210908-acapulco-mexico	us7000f93v	2021-09-08T01:47:47.437Z	Mexico	Acapulco, Mexico	7.000000	20.000000	TNNP	OK	293.095000	293.776580	0.050334	5.033418	487.563000	-0.000209	0.000637	0.050330	600	0.024478	2.447774	300	2.056324	N	low_pgd_snr,late_pgd_peak	Y	crowell_2016_gfast	cm	3d	hypocentral	median	7.602929	0.602929	0.602929
us-us7000f93v-m7-20210908-acapulco-mexico	us7000f93v	2021-09-08T01:47:47.437Z	Mexico	Acapulco, Mexico	7.000000	20.000000	TNNP	OK	293.095000	293.776580	0.050334	5.033418	487.563000	-0.000209	0.000637	0.050330	600	0.024478	2.447774	300	2.056324	N	low_pgd_snr,late_pgd_peak	Y	ruhl_2019	m	3d	hypocentral	median	7.096601	0.096601	0.096601
us-us7000f93v-m7-20210908-acapulco-mexico	us7000f93v	2021-09-08T01:47:47.437Z	Mexico	Acapulco, Mexico	7.000000	20.000000	TNNX	OK	273.526000	274.256217	0.029542	2.954183	84.563000	0.017108	-0.008009	-0.022713	600	0.009489	0.948861	300	3.113401	Y		Y	melgar_2015	cm	3d	hypocentral	median	6.902463	-0.097537	0.097537
us-us7000f93v-m7-20210908-acapulco-mexico	us7000f93v	2021-09-08T01:47:47.437Z	Mexico	Acapulco, Mexico	7.000000	20.000000	TNNX	OK	273.526000	274.256217	0.029542	2.954183	84.563000	0.017108	-0.008009	-0.022713	600	0.009489	0.948861	300	3.113401	Y		Y	crowell_2016_gfast	cm	3d	hypocentral	median	7.316689	0.316689	0.316689
us-us7000f93v-m7-20210908-acapulco-mexico	us7000f93v	2021-09-08T01:47:47.437Z	Mexico	Acapulco, Mexico	7.000000	20.000000	TNNX	OK	273.526000	274.256217	0.029542	2.954183	84.563000	0.017108	-0.008009	-0.022713	600	0.009489	0.948861	300	3.113401	Y		Y	ruhl_2019	m	3d	hypocentral	median	6.696654	-0.303346	0.303346
us-us7000f93v-m7-20210908-acapulco-mexico	us7000f93v	2021-09-08T01:47:47.437Z	Mexico	Acapulco, Mexico	7.000000	20.000000	UTON	OK	277.372000	278.092119	0.048266	4.826645	95.563000	0.028977	0.036578	0.012330	600	0.019870	1.987020	300	2.429088	N	low_pgd_snr	Y	melgar_2015	cm	3d	hypocentral	median	7.210978	0.210978	0.210978
us-us7000f93v-m7-20210908-acapulco-mexico	us7000f93v	2021-09-08T01:47:47.437Z	Mexico	Acapulco, Mexico	7.000000	20.000000	UTON	OK	277.372000	278.092119	0.048266	4.826645	95.563000	0.028977	0.036578	0.012330	600	0.019870	1.987020	300	2.429088	N	low_pgd_snr	Y	crowell_2016_gfast	cm	3d	hypocentral	median	7.544596	0.544596	0.544596
us-us7000f93v-m7-20210908-acapulco-mexico	us7000f93v	2021-09-08T01:47:47.437Z	Mexico	Acapulco, Mexico	7.000000	20.000000	UTON	OK	277.372000	278.092119	0.048266	4.826645	95.563000	0.028977	0.036578	0.012330	600	0.019870	1.987020	300	2.429088	N	low_pgd_snr	Y	ruhl_2019	m	3d	hypocentral	median	7.031312	0.031312	0.031312
us-us7000gavu-m6-8-20220111-100-km-se-of-nikolski-alaska	us7000gavu	2022-01-11T11:35:43.674000Z	United States	100 km SE of Nikolski, Alaska	6.800000	20.000000	AB02	OK	101.936000	103.879488	0.056482	5.648230	531.326000	-0.003526	-0.001771	0.056344	600	0.018048	1.804778	300	3.129598	N	late_pgd_peak	Y	melgar_2015	cm	3d	hypocentral	median	6.746175	-0.053825	0.053825
us-us7000gavu-m6-8-20220111-100-km-se-of-nikolski-alaska	us7000gavu	2022-01-11T11:35:43.674000Z	United States	100 km SE of Nikolski, Alaska	6.800000	20.000000	AB02	OK	101.936000	103.879488	0.056482	5.648230	531.326000	-0.003526	-0.001771	0.056344	600	0.018048	1.804778	300	3.129598	N	late_pgd_peak	Y	crowell_2016_gfast	cm	3d	hypocentral	median	6.962258	0.162258	0.162258
us-us7000gavu-m6-8-20220111-100-km-se-of-nikolski-alaska	us7000gavu	2022-01-11T11:35:43.674000Z	United States	100 km SE of Nikolski, Alaska	6.800000	20.000000	AB02	OK	101.936000	103.879488	0.056482	5.648230	531.326000	-0.003526	-0.001771	0.056344	600	0.018048	1.804778	300	3.129598	N	late_pgd_peak	Y	ruhl_2019	m	3d	hypocentral	median	6.518130	-0.281870	0.281870
us-us7000gawk-m6-6-20220111-53-km-se-of-nikolski-alaska	us7000gawk	2022-01-11T12:39:32.454000Z	United States	53 km SE of Nikolski, Alaska	6.600000	19.000000	AB02	OK	56.149000	59.276557	0.046522	4.652247	322.546000	-0.001406	-0.011036	0.045173	600	0.014364	1.436432	300	3.238753	N	late_pgd_peak	Y	melgar_2015	cm	3d	hypocentral	median	6.358463	-0.241537	0.241537
us-us7000gawk-m6-6-20220111-53-km-se-of-nikolski-alaska	us7000gawk	2022-01-11T12:39:32.454000Z	United States	53 km SE of Nikolski, Alaska	6.600000	19.000000	AB02	OK	56.149000	59.276557	0.046522	4.652247	322.546000	-0.001406	-0.011036	0.045173	600	0.014364	1.436432	300	3.238753	N	late_pgd_peak	Y	crowell_2016_gfast	cm	3d	hypocentral	median	6.563129	-0.036871	0.036871
us-us7000gawk-m6-6-20220111-53-km-se-of-nikolski-alaska	us7000gawk	2022-01-11T12:39:32.454000Z	United States	53 km SE of Nikolski, Alaska	6.600000	19.000000	AB02	OK	56.149000	59.276557	0.046522	4.652247	322.546000	-0.001406	-0.011036	0.045173	600	0.014364	1.436432	300	3.238753	N	late_pgd_peak	Y	ruhl_2019	m	3d	hypocentral	median	6.099837	-0.500163	0.500163
us-us7000ge5q-m6-2-20220122-71-km-s-of-unalaska-alaska	us7000ge5q	2022-01-22T05:17:04.896000Z	United States	71 km S of Unalaska, Alaska	6.200000	29.000000	AB02	OK	148.099000	150.911609	0.054690	5.468994	351.104000	0.000567	-0.013830	-0.052909	600	0.026805	2.680523	300	2.040272	N	low_pgd_snr,late_pgd_peak	Y	melgar_2015	cm	3d	hypocentral	median	6.929728	0.729728	0.729728
us-us7000ge5q-m6-2-20220122-71-km-s-of-unalaska-alaska	us7000ge5q	2022-01-22T05:17:04.896000Z	United States	71 km S of Unalaska, Alaska	6.200000	29.000000	AB02	OK	148.099000	150.911609	0.054690	5.468994	351.104000	0.000567	-0.013830	-0.052909	600	0.026805	2.680523	300	2.040272	N	low_pgd_snr,late_pgd_peak	Y	crowell_2016_gfast	cm	3d	hypocentral	median	7.182475	0.982475	0.982475
us-us7000ge5q-m6-2-20220122-71-km-s-of-unalaska-alaska	us7000ge5q	2022-01-22T05:17:04.896000Z	United States	71 km S of Unalaska, Alaska	6.200000	29.000000	AB02	OK	148.099000	150.911609	0.054690	5.468994	351.104000	0.000567	-0.013830	-0.052909	600	0.026805	2.680523	300	2.040272	N	low_pgd_snr,late_pgd_peak	Y	ruhl_2019	m	3d	hypocentral	median	6.719098	0.519098	0.519098
us-us7000i9bw-m7-6-20220919-35-km-ssw-of-aguililla-mexico	us7000i9bw	2022-09-19T18:05:08.217Z	Mexico	35 km SSW of Aguililla, Mexico	7.600000	26.943000	PENA	OK	159.157000	161.421423	0.148852	14.885191	59.783000	0.007297	-0.024067	0.146712	600	0.026626	2.662575	300	5.590525	Y		Y	melgar_2015	cm	3d	hypocentral	median	7.553205	-0.046795	0.046795
us-us7000i9bw-m7-6-20220919-35-km-ssw-of-aguililla-mexico	us7000i9bw	2022-09-19T18:05:08.217Z	Mexico	35 km SSW of Aguililla, Mexico	7.600000	26.943000	PENA	OK	159.157000	161.421423	0.148852	14.885191	59.783000	0.007297	-0.024067	0.146712	600	0.026626	2.662575	300	5.590525	Y		Y	crowell_2016_gfast	cm	3d	hypocentral	median	7.649423	0.049423	0.049423
us-us7000i9bw-m7-6-20220919-35-km-ssw-of-aguililla-mexico	us7000i9bw	2022-09-19T18:05:08.217Z	Mexico	35 km SSW of Aguililla, Mexico	7.600000	26.943000	PENA	OK	159.157000	161.421423	0.148852	14.885191	59.783000	0.007297	-0.024067	0.146712	600	0.026626	2.662575	300	5.590525	Y		Y	ruhl_2019	m	3d	hypocentral	median	7.391721	-0.208279	0.208279
us-us7000i9bw-m7-6-20220919-35-km-ssw-of-aguililla-mexico	us7000i9bw	2022-09-19T18:05:08.217Z	Mexico	35 km SSW of Aguililla, Mexico	7.600000	26.943000	TECO	WARN	112.012000	115.206829	0.278965	27.896476	39.783000	-0.185883	-0.123938	-0.167057	600	0.031171	3.117066	300	8.949593	Y		Y	melgar_2015	cm	3d	hypocentral	median	7.710723	0.110723	0.110723
us-us7000i9bw-m7-6-20220919-35-km-ssw-of-aguililla-mexico	us7000i9bw	2022-09-19T18:05:08.217Z	Mexico	35 km SSW of Aguililla, Mexico	7.600000	26.943000	TECO	WARN	112.012000	115.206829	0.278965	27.896476	39.783000	-0.185883	-0.123938	-0.167057	600	0.031171	3.117066	300	8.949593	Y		Y	crowell_2016_gfast	cm	3d	hypocentral	median	7.680595	0.080595	0.080595
us-us7000i9bw-m7-6-20220919-35-km-ssw-of-aguililla-mexico	us7000i9bw	2022-09-19T18:05:08.217Z	Mexico	35 km SSW of Aguililla, Mexico	7.600000	26.943000	TECO	WARN	112.012000	115.206829	0.278965	27.896476	39.783000	-0.185883	-0.123938	-0.167057	600	0.031171	3.117066	300	8.949593	Y		Y	ruhl_2019	m	3d	hypocentral	median	7.554792	-0.045208	0.045208
us-us7000i9bw-m7-6-20220919-35-km-ssw-of-aguililla-mexico	us7000i9bw	2022-09-19T18:05:08.217Z	Mexico	35 km SSW of Aguililla, Mexico	7.600000	26.943000	TNAM	WARN	254.432000	255.854583	0.215381	21.538141	97.783000	0.188860	-0.087901	0.054721	449	0.011292	1.129231	300	19.073286	Y		Y	melgar_2015	cm	3d	hypocentral	median	8.069446	0.469446	0.469446
us-us7000i9bw-m7-6-20220919-35-km-ssw-of-aguililla-mexico	us7000i9bw	2022-09-19T18:05:08.217Z	Mexico	35 km SSW of Aguililla, Mexico	7.600000	26.943000	TNAM	WARN	254.432000	255.854583	0.215381	21.538141	97.783000	0.188860	-0.087901	0.054721	449	0.011292	1.129231	300	19.073286	Y		Y	crowell_2016_gfast	cm	3d	hypocentral	median	8.144911	0.544911	0.544911
us-us7000i9bw-m7-6-20220919-35-km-ssw-of-aguililla-mexico	us7000i9bw	2022-09-19T18:05:08.217Z	Mexico	35 km SSW of Aguililla, Mexico	7.600000	26.943000	TNAM	WARN	254.432000	255.854583	0.215381	21.538141	97.783000	0.188860	-0.087901	0.054721	449	0.011292	1.129231	300	19.073286	Y		Y	ruhl_2019	m	3d	hypocentral	median	7.959809	0.359809	0.359809
us-us7000i9bw-m7-6-20220919-35-km-ssw-of-aguililla-mexico	us7000i9bw	2022-09-19T18:05:08.217Z	Mexico	35 km SSW of Aguililla, Mexico	7.600000	26.943000	TNCC	OK	43.788000	51.413171	0.301643	30.164265	29.783000	-0.179213	-0.223128	-0.095315	600	0.024445	2.444533	300	12.339478	Y		Y	melgar_2015	cm	3d	hypocentral	median	7.292760	-0.307240	0.307240
us-us7000i9bw-m7-6-20220919-35-km-ssw-of-aguililla-mexico	us7000i9bw	2022-09-19T18:05:08.217Z	Mexico	35 km SSW of Aguililla, Mexico	7.600000	26.943000	TNCC	OK	43.788000	51.413171	0.301643	30.164265	29.783000	-0.179213	-0.223128	-0.095315	600	0.024445	2.444533	300	12.339478	Y		Y	crowell_2016_gfast	cm	3d	hypocentral	median	7.202572	-0.397428	0.397428
us-us7000i9bw-m7-6-20220919-35-km-ssw-of-aguililla-mexico	us7000i9bw	2022-09-19T18:05:08.217Z	Mexico	35 km SSW of Aguililla, Mexico	7.600000	26.943000	TNCC	OK	43.788000	51.413171	0.301643	30.164265	29.783000	-0.179213	-0.223128	-0.095315	600	0.024445	2.444533	300	12.339478	Y		Y	ruhl_2019	m	3d	hypocentral	median	7.094932	-0.505068	0.505068
us-us7000i9bw-m7-6-20220919-35-km-ssw-of-aguililla-mexico	us7000i9bw	2022-09-19T18:05:08.217Z	Mexico	35 km SSW of Aguililla, Mexico	7.600000	26.943000	TNCM	OK	248.361000	249.818157	0.109424	10.942422	75.783000	-0.082141	-0.070996	-0.013640	600	0.010932	1.093169	300	10.009816	Y		Y	melgar_2015	cm	3d	hypocentral	median	7.642648	0.042648	0.042648
us-us7000i9bw-m7-6-20220919-35-km-ssw-of-aguililla-mexico	us7000i9bw	2022-09-19T18:05:08.217Z	Mexico	35 km SSW of Aguililla, Mexico	7.600000	26.943000	TNCM	OK	248.361000	249.818157	0.109424	10.942422	75.783000	-0.082141	-0.070996	-0.013640	600	0.010932	1.093169	300	10.009816	Y		Y	crowell_2016_gfast	cm	3d	hypocentral	median	7.828602	0.228602	0.228602
us-us7000i9bw-m7-6-20220919-35-km-ssw-of-aguililla-mexico	us7000i9bw	2022-09-19T18:05:08.217Z	Mexico	35 km SSW of Aguililla, Mexico	7.600000	26.943000	TNCM	OK	248.361000	249.818157	0.109424	10.942422	75.783000	-0.082141	-0.070996	-0.013640	600	0.010932	1.093169	300	10.009816	Y		Y	ruhl_2019	m	3d	hypocentral	median	7.497021	-0.102979	0.102979
us-us7000i9bw-m7-6-20220919-35-km-ssw-of-aguililla-mexico	us7000i9bw	2022-09-19T18:05:08.217Z	Mexico	35 km SSW of Aguililla, Mexico	7.600000	26.943000	TNCT	OK	277.744000	279.047764	0.087420	8.741951	83.783000	-0.056193	-0.065479	-0.014036	600	0.013679	1.367851	300	6.391013	Y		Y	melgar_2015	cm	3d	hypocentral	median	7.576654	-0.023346	0.023346
us-us7000i9bw-m7-6-20220919-35-km-ssw-of-aguililla-mexico	us7000i9bw	2022-09-19T18:05:08.217Z	Mexico	35 km SSW of Aguililla, Mexico	7.600000	26.943000	TNCT	OK	277.744000	279.047764	0.087420	8.741951	83.783000	-0.056193	-0.065479	-0.014036	600	0.013679	1.367851	300	6.391013	Y		Y	crowell_2016_gfast	cm	3d	hypocentral	median	7.811197	0.211197	0.211197
us-us7000i9bw-m7-6-20220919-35-km-ssw-of-aguililla-mexico	us7000i9bw	2022-09-19T18:05:08.217Z	Mexico	35 km SSW of Aguililla, Mexico	7.600000	26.943000	TNCT	OK	277.744000	279.047764	0.087420	8.741951	83.783000	-0.056193	-0.065479	-0.014036	600	0.013679	1.367851	300	6.391013	Y		Y	ruhl_2019	m	3d	hypocentral	median	7.427845	-0.172155	0.172155
us-us7000i9bw-m7-6-20220919-35-km-ssw-of-aguililla-mexico	us7000i9bw	2022-09-19T18:05:08.217Z	Mexico	35 km SSW of Aguililla, Mexico	7.600000	26.943000	TNLC	OK	204.241000	206.010464	0.146711	14.671149	64.783000	-0.093151	-0.083316	-0.076848	600	0.013673	1.367250	300	10.730406	Y		Y	melgar_2015	cm	3d	hypocentral	median	7.696294	0.096294	0.096294
us-us7000i9bw-m7-6-20220919-35-km-ssw-of-aguililla-mexico	us7000i9bw	2022-09-19T18:05:08.217Z	Mexico	35 km SSW of Aguililla, Mexico	7.600000	26.943000	TNLC	OK	204.241000	206.010464	0.146711	14.671149	64.783000	-0.093151	-0.083316	-0.076848	600	0.013673	1.367250	300	10.730406	Y		Y	crowell_2016_gfast	cm	3d	hypocentral	median	7.815732	0.215732	0.215732
us-us7000i9bw-m7-6-20220919-35-km-ssw-of-aguililla-mexico	us7000i9bw	2022-09-19T18:05:08.217Z	Mexico	35 km SSW of Aguililla, Mexico	7.600000	26.943000	TNLC	OK	204.241000	206.010464	0.146711	14.671149	64.783000	-0.093151	-0.083316	-0.076848	600	0.013673	1.367250	300	10.730406	Y		Y	ruhl_2019	m	3d	hypocentral	median	7.550957	-0.049043	0.049043
us-us7000i9bw-m7-6-20220919-35-km-ssw-of-aguililla-mexico	us7000i9bw	2022-09-19T18:05:08.217Z	Mexico	35 km SSW of Aguililla, Mexico	7.600000	26.943000	TNMO	OK	224.968000	226.575652	0.041898	4.189809	526.783000	-0.003636	-0.008305	-0.040906	600	0.014762	1.476226	300	2.838190	N	low_pgd_snr,late_pgd_peak	Y	melgar_2015	cm	3d	hypocentral	median	7.003228	-0.596772	0.596772
us-us7000i9bw-m7-6-20220919-35-km-ssw-of-aguililla-mexico	us7000i9bw	2022-09-19T18:05:08.217Z	Mexico	35 km SSW of Aguililla, Mexico	7.600000	26.943000	TNMO	OK	224.968000	226.575652	0.041898	4.189809	526.783000	-0.003636	-0.008305	-0.040906	600	0.014762	1.476226	300	2.838190	N	low_pgd_snr,late_pgd_peak	Y	crowell_2016_gfast	cm	3d	hypocentral	median	7.338664	-0.261336	0.261336
us-us7000i9bw-m7-6-20220919-35-km-ssw-of-aguililla-mexico	us7000i9bw	2022-09-19T18:05:08.217Z	Mexico	35 km SSW of Aguililla, Mexico	7.600000	26.943000	TNMO	OK	224.968000	226.575652	0.041898	4.189809	526.783000	-0.003636	-0.008305	-0.040906	600	0.014762	1.476226	300	2.838190	N	low_pgd_snr,late_pgd_peak	Y	ruhl_2019	m	3d	hypocentral	median	6.803348	-0.796652	0.796652
us-us7000i9bw-m7-6-20220919-35-km-ssw-of-aguililla-mexico	us7000i9bw	2022-09-19T18:05:08.217Z	Mexico	35 km SSW of Aguililla, Mexico	7.600000	26.943000	TNMT	OK	187.078000	189.008210	0.141051	14.105091	61.783000	-0.093657	-0.083897	-0.063915	600	0.037551	3.755105	300	3.756245	Y		Y	melgar_2015	cm	3d	hypocentral	median	7.618761	0.018761	0.018761
us-us7000i9bw-m7-6-20220919-35-km-ssw-of-aguililla-mexico	us7000i9bw	2022-09-19T18:05:08.217Z	Mexico	35 km SSW of Aguililla, Mexico	7.600000	26.943000	TNMT	OK	187.078000	189.008210	0.141051	14.105091	61.783000	-0.093657	-0.083897	-0.063915	600	0.037551	3.755105	300	3.756245	Y		Y	crowell_2016_gfast	cm	3d	hypocentral	median	7.737085	0.137085	0.137085
us-us7000i9bw-m7-6-20220919-35-km-ssw-of-aguililla-mexico	us7000i9bw	2022-09-19T18:05:08.217Z	Mexico	35 km SSW of Aguililla, Mexico	7.600000	26.943000	TNMT	OK	187.078000	189.008210	0.141051	14.105091	61.783000	-0.093657	-0.083897	-0.063915	600	0.037551	3.755105	300	3.756245	Y		Y	ruhl_2019	m	3d	hypocentral	median	7.465457	-0.134543	0.134543
us-us7000i9bw-m7-6-20220919-35-km-ssw-of-aguililla-mexico	us7000i9bw	2022-09-19T18:05:08.217Z	Mexico	35 km SSW of Aguililla, Mexico	7.600000	26.943000	TNTM	OK	211.747000	213.454251	0.132547	13.254694	64.783000	-0.093006	-0.094425	0.001575	600	0.032886	3.288584	300	4.030517	Y		Y	melgar_2015	cm	3d	hypocentral	median	7.658086	0.058086	0.058086
us-us7000i9bw-m7-6-20220919-35-km-ssw-of-aguililla-mexico	us7000i9bw	2022-09-19T18:05:08.217Z	Mexico	35 km SSW of Aguililla, Mexico	7.600000	26.943000	TNTM	OK	211.747000	213.454251	0.132547	13.254694	64.783000	-0.093006	-0.094425	0.001575	600	0.032886	3.288584	300	4.030517	Y		Y	crowell_2016_gfast	cm	3d	hypocentral	median	7.797449	0.197449	0.197449
us-us7000i9bw-m7-6-20220919-35-km-ssw-of-aguililla-mexico	us7000i9bw	2022-09-19T18:05:08.217Z	Mexico	35 km SSW of Aguililla, Mexico	7.600000	26.943000	TNTM	OK	211.747000	213.454251	0.132547	13.254694	64.783000	-0.093006	-0.094425	0.001575	600	0.032886	3.288584	300	4.030517	Y		Y	ruhl_2019	m	3d	hypocentral	median	7.510411	-0.089589	0.089589
us-us7000i9bw-m7-6-20220919-35-km-ssw-of-aguililla-mexico	us7000i9bw	2022-09-19T18:05:08.217Z	Mexico	35 km SSW of Aguililla, Mexico	7.600000	26.943000	UCOE	WARN	200.919000	202.717463	0.054854	5.485372	79.783000	-0.012301	-0.044211	0.030051	600	0.023369	2.336886	300	2.347300	N	low_pgd_snr	Y	melgar_2015	cm	3d	hypocentral	median	7.099723	-0.500277	0.500277
us-us7000i9bw-m7-6-20220919-35-km-ssw-of-aguililla-mexico	us7000i9bw	2022-09-19T18:05:08.217Z	Mexico	35 km SSW of Aguililla, Mexico	7.600000	26.943000	UCOE	WARN	200.919000	202.717463	0.054854	5.485372	79.783000	-0.012301	-0.044211	0.030051	600	0.023369	2.336886	300	2.347300	N	low_pgd_snr	Y	crowell_2016_gfast	cm	3d	hypocentral	median	7.379528	-0.220472	0.220472
us-us7000i9bw-m7-6-20220919-35-km-ssw-of-aguililla-mexico	us7000i9bw	2022-09-19T18:05:08.217Z	Mexico	35 km SSW of Aguililla, Mexico	7.600000	26.943000	UCOE	WARN	200.919000	202.717463	0.054854	5.485372	79.783000	-0.012301	-0.044211	0.030051	600	0.023369	2.336886	300	2.347300	N	low_pgd_snr	Y	ruhl_2019	m	3d	hypocentral	median	6.906154	-0.693846	0.693846
us-us7000ia36-m6-8-20220922-55-km-ssw-of-aguililla-mexico	us7000ia36	2022-09-22T06:16:09.459Z	Mexico	55 km SSW of Aguililla, Mexico	6.800000	20.000000	TECO	WARN	124.654000	126.248246	0.083968	8.396761	193.541000	0.025667	-0.005693	0.079746	600	0.050675	5.067532	300	1.656972	N	low_pgd_snr	Y	melgar_2015	cm	3d	hypocentral	median	7.077798	0.277798	0.277798
us-us7000ia36-m6-8-20220922-55-km-ssw-of-aguililla-mexico	us7000ia36	2022-09-22T06:16:09.459Z	Mexico	55 km SSW of Aguililla, Mexico	6.800000	20.000000	TECO	WARN	124.654000	126.248246	0.083968	8.396761	193.541000	0.025667	-0.005693	0.079746	600	0.050675	5.067532	300	1.656972	N	low_pgd_snr	Y	crowell_2016_gfast	cm	3d	hypocentral	median	7.246347	0.446347	0.446347
us-us7000ia36-m6-8-20220922-55-km-ssw-of-aguililla-mexico	us7000ia36	2022-09-22T06:16:09.459Z	Mexico	55 km SSW of Aguililla, Mexico	6.800000	20.000000	TECO	WARN	124.654000	126.248246	0.083968	8.396761	193.541000	0.025667	-0.005693	0.079746	600	0.050675	5.067532	300	1.656972	N	low_pgd_snr	Y	ruhl_2019	m	3d	hypocentral	median	6.876272	0.076272	0.076272
us-us7000ia36-m6-8-20220922-55-km-ssw-of-aguililla-mexico	us7000ia36	2022-09-22T06:16:09.459Z	Mexico	55 km SSW of Aguililla, Mexico	6.800000	20.000000	TNAM	OK	274.029000	274.757880	0.035917	3.591713	434.541000	-0.005717	-0.003113	0.035322	600	0.012100	1.209991	300	2.968379	N	low_pgd_snr,late_pgd_peak	Y	melgar_2015	cm	3d	hypocentral	median	7.022983	0.222983	0.222983
us-us7000ia36-m6-8-20220922-55-km-ssw-of-aguililla-mexico	us7000ia36	2022-09-22T06:16:09.459Z	Mexico	55 km SSW of Aguililla, Mexico	6.800000	20.000000	TNAM	OK	274.029000	274.757880	0.035917	3.591713	434.541000	-0.005717	-0.003113	0.035322	600	0.012100	1.209991	300	2.968379	N	low_pgd_snr,late_pgd_peak	Y	crowell_2016_gfast	cm	3d	hypocentral	median	7.404727	0.604727	0.604727
us-us7000ia36-m6-8-20220922-55-km-ssw-of-aguililla-mexico	us7000ia36	2022-09-22T06:16:09.459Z	Mexico	55 km SSW of Aguililla, Mexico	6.800000	20.000000	TNAM	OK	274.029000	274.757880	0.035917	3.591713	434.541000	-0.005717	-0.003113	0.035322	600	0.012100	1.209991	300	2.968379	N	low_pgd_snr,late_pgd_peak	Y	ruhl_2019	m	3d	hypocentral	median	6.827323	0.027323	0.027323
us-us7000ia36-m6-8-20220922-55-km-ssw-of-aguililla-mexico	us7000ia36	2022-09-22T06:16:09.459Z	Mexico	55 km SSW of Aguililla, Mexico	6.800000	20.000000	TNCC	OK	63.014000	66.111755	0.050150	5.014987	4.541000	-0.004149	0.001696	0.049949	600	0.023830	2.382963	300	2.104518	N	low_pgd_snr	Y	melgar_2015	cm	3d	hypocentral	median	6.451696	-0.348304	0.348304
us-us7000ia36-m6-8-20220922-55-km-ssw-of-aguililla-mexico	us7000ia36	2022-09-22T06:16:09.459Z	Mexico	55 km SSW of Aguililla, Mexico	6.800000	20.000000	TNCC	OK	63.014000	66.111755	0.050150	5.014987	4.541000	-0.004149	0.001696	0.049949	600	0.023830	2.382963	300	2.104518	N	low_pgd_snr	Y	crowell_2016_gfast	cm	3d	hypocentral	median	6.652439	-0.147561	0.147561
us-us7000ia36-m6-8-20220922-55-km-ssw-of-aguililla-mexico	us7000ia36	2022-09-22T06:16:09.459Z	Mexico	55 km SSW of Aguililla, Mexico	6.800000	20.000000	TNCC	OK	63.014000	66.111755	0.050150	5.014987	4.541000	-0.004149	0.001696	0.049949	600	0.023830	2.382963	300	2.104518	N	low_pgd_snr	Y	ruhl_2019	m	3d	hypocentral	median	6.199866	-0.600134	0.600134
us-us7000ia36-m6-8-20220922-55-km-ssw-of-aguililla-mexico	us7000ia36	2022-09-22T06:16:09.459Z	Mexico	55 km SSW of Aguililla, Mexico	6.800000	20.000000	TNCM	OK	259.181000	259.951516	0.028354	2.835366	287.541000	-0.001897	0.004622	-0.027910	600	0.014646	1.464570	300	1.935972	N	low_pgd_snr	Y	melgar_2015	cm	3d	hypocentral	median	6.846437	0.046437	0.046437
us-us7000ia36-m6-8-20220922-55-km-ssw-of-aguililla-mexico	us7000ia36	2022-09-22T06:16:09.459Z	Mexico	55 km SSW of Aguililla, Mexico	6.800000	20.000000	TNCM	OK	259.181000	259.951516	0.028354	2.835366	287.541000	-0.001897	0.004622	-0.027910	600	0.014646	1.464570	300	1.935972	N	low_pgd_snr	Y	crowell_2016_gfast	cm	3d	hypocentral	median	7.261508	0.461508	0.461508
us-us7000ia36-m6-8-20220922-55-km-ssw-of-aguililla-mexico	us7000ia36	2022-09-22T06:16:09.459Z	Mexico	55 km SSW of Aguililla, Mexico	6.800000	20.000000	TNCM	OK	259.181000	259.951516	0.028354	2.835366	287.541000	-0.001897	0.004622	-0.027910	600	0.014646	1.464570	300	1.935972	N	low_pgd_snr	Y	ruhl_2019	m	3d	hypocentral	median	6.635306	-0.164694	0.164694
us-us7000ia36-m6-8-20220922-55-km-ssw-of-aguililla-mexico	us7000ia36	2022-09-22T06:16:09.459Z	Mexico	55 km SSW of Aguililla, Mexico	6.800000	20.000000	TNCN	OK	108.786000	110.609194	0.047972	4.797187	46.541000	-0.020692	0.000858	0.043271	600	0.022953	2.295322	300	2.089984	N	low_pgd_snr	Y	melgar_2015	cm	3d	hypocentral	median	6.686635	-0.113365	0.113365
us-us7000ia36-m6-8-20220922-55-km-ssw-of-aguililla-mexico	us7000ia36	2022-09-22T06:16:09.459Z	Mexico	55 km SSW of Aguililla, Mexico	6.800000	20.000000	TNCN	OK	108.786000	110.609194	0.047972	4.797187	46.541000	-0.020692	0.000858	0.043271	600	0.022953	2.295322	300	2.089984	N	low_pgd_snr	Y	crowell_2016_gfast	cm	3d	hypocentral	median	6.933736	0.133736	0.133736
us-us7000ia36-m6-8-20220922-55-km-ssw-of-aguililla-mexico	us7000ia36	2022-09-22T06:16:09.459Z	Mexico	55 km SSW of Aguililla, Mexico	6.800000	20.000000	TNCN	OK	108.786000	110.609194	0.047972	4.797187	46.541000	-0.020692	0.000858	0.043271	600	0.022953	2.295322	300	2.089984	N	low_pgd_snr	Y	ruhl_2019	m	3d	hypocentral	median	6.454760	-0.345240	0.345240
us-us7000ia36-m6-8-20220922-55-km-ssw-of-aguililla-mexico	us7000ia36	2022-09-22T06:16:09.459Z	Mexico	55 km SSW of Aguililla, Mexico	6.800000	20.000000	TNLC	OK	217.286000	218.204505	0.051360	5.136020	47.541000	-0.017397	-0.010747	0.047114	600	0.019492	1.949193	300	2.634947	N	low_pgd_snr	Y	melgar_2015	cm	3d	hypocentral	median	7.103515	0.303515	0.303515
us-us7000ia36-m6-8-20220922-55-km-ssw-of-aguililla-mexico	us7000ia36	2022-09-22T06:16:09.459Z	Mexico	55 km SSW of Aguililla, Mexico	6.800000	20.000000	TNLC	OK	217.286000	218.204505	0.051360	5.136020	47.541000	-0.017397	-0.010747	0.047114	600	0.019492	1.949193	300	2.634947	N	low_pgd_snr	Y	crowell_2016_gfast	cm	3d	hypocentral	median	7.401452	0.601452	0.601452
us-us7000ia36-m6-8-20220922-55-km-ssw-of-aguililla-mexico	us7000ia36	2022-09-22T06:16:09.459Z	Mexico	55 km SSW of Aguililla, Mexico	6.800000	20.000000	TNLC	OK	217.286000	218.204505	0.051360	5.136020	47.541000	-0.017397	-0.010747	0.047114	600	0.019492	1.949193	300	2.634947	N	low_pgd_snr	Y	ruhl_2019	m	3d	hypocentral	median	6.911286	0.111286	0.111286
us-us7000ia36-m6-8-20220922-55-km-ssw-of-aguililla-mexico	us7000ia36	2022-09-22T06:16:09.459Z	Mexico	55 km SSW of Aguililla, Mexico	6.800000	20.000000	TNMT	WARN	202.140000	203.127004	0.062919	6.291947	197.541000	-0.002116	0.006092	0.062588	600	0.023584	2.358360	300	2.667933	N	low_pgd_snr	Y	melgar_2015	cm	3d	hypocentral	median	7.182682	0.382682	0.382682
us-us7000ia36-m6-8-20220922-55-km-ssw-of-aguililla-mexico	us7000ia36	2022-09-22T06:16:09.459Z	Mexico	55 km SSW of Aguililla, Mexico	6.800000	20.000000	TNMT	WARN	202.140000	203.127004	0.062919	6.291947	197.541000	-0.002116	0.006092	0.062588	600	0.023584	2.358360	300	2.667933	N	low_pgd_snr	Y	crowell_2016_gfast	cm	3d	hypocentral	median	7.440120	0.640120	0.640120
us-us7000ia36-m6-8-20220922-55-km-ssw-of-aguililla-mexico	us7000ia36	2022-09-22T06:16:09.459Z	Mexico	55 km SSW of Aguililla, Mexico	6.800000	20.000000	TNMT	WARN	202.140000	203.127004	0.062919	6.291947	197.541000	-0.002116	0.006092	0.062588	600	0.023584	2.358360	300	2.667933	N	low_pgd_snr	Y	ruhl_2019	m	3d	hypocentral	median	6.995802	0.195802	0.195802
us-us7000ia36-m6-8-20220922-55-km-ssw-of-aguililla-mexico	us7000ia36	2022-09-22T06:16:09.459Z	Mexico	55 km SSW of Aguililla, Mexico	6.800000	20.000000	UCOE	OK	217.414000	218.331966	0.065665	6.566498	529.541000	-0.008491	0.011467	-0.064096	600	0.019311	1.931087	300	3.400415	N	late_pgd_peak	Y	melgar_2015	cm	3d	hypocentral	median	7.251202	0.451202	0.451202
us-us7000ia36-m6-8-20220922-55-km-ssw-of-aguililla-mexico	us7000ia36	2022-09-22T06:16:09.459Z	Mexico	55 km SSW of Aguililla, Mexico	6.800000	20.000000	UCOE	OK	217.414000	218.331966	0.065665	6.566498	529.541000	-0.008491	0.011467	-0.064096	600	0.019311	1.931087	300	3.400415	N	late_pgd_peak	Y	crowell_2016_gfast	cm	3d	hypocentral	median	7.508622	0.708622	0.708622
us-us7000ia36-m6-8-20220922-55-km-ssw-of-aguililla-mexico	us7000ia36	2022-09-22T06:16:09.459Z	Mexico	55 km SSW of Aguililla, Mexico	6.800000	20.000000	UCOE	OK	217.414000	218.331966	0.065665	6.566498	529.541000	-0.008491	0.011467	-0.064096	600	0.019311	1.931087	300	3.400415	N	late_pgd_peak	Y	ruhl_2019	m	3d	hypocentral	median	7.070970	0.270970	0.270970
us-us7000imgl-m6-1-20221104-82-km-ssw-of-bah-a-de-kino-mexico	us7000imgl	2022-11-04T10:02:46.346Z	Mexico	82 km SSW of Bahía de Kino, Mexico	6.100000	10.000000	TNHM	OK	166.346000	166.646307	0.044091	4.409116	132.654000	0.003071	0.001187	0.043968	600	0.020894	2.089366	300	2.110264	N	low_pgd_snr	Y	melgar_2015	cm	3d	hypocentral	median	6.859002	0.759002	0.759002
us-us7000imgl-m6-1-20221104-82-km-ssw-of-bah-a-de-kino-mexico	us7000imgl	2022-11-04T10:02:46.346Z	Mexico	82 km SSW of Bahía de Kino, Mexico	6.100000	10.000000	TNHM	OK	166.346000	166.646307	0.044091	4.409116	132.654000	0.003071	0.001187	0.043968	600	0.020894	2.089366	300	2.110264	N	low_pgd_snr	Y	crowell_2016_gfast	cm	3d	hypocentral	median	7.155779	1.055779	1.055779
us-us7000imgl-m6-1-20221104-82-km-ssw-of-bah-a-de-kino-mexico	us7000imgl	2022-11-04T10:02:46.346Z	Mexico	82 km SSW of Bahía de Kino, Mexico	6.100000	10.000000	TNHM	OK	166.346000	166.646307	0.044091	4.409116	132.654000	0.003071	0.001187	0.043968	600	0.020894	2.089366	300	2.110264	N	low_pgd_snr	Y	ruhl_2019	m	3d	hypocentral	median	6.643984	0.543984	0.543984
us-us7000irjd-m6-2-20221122-28-km-sw-of-las-brisas-mexico	us7000irjd	2022-11-22T16:39:05.789Z	Mexico	28 km SW of Las Brisas, Mexico	6.200000	10.000000	ACSB	WARN	293.190000	293.360488	0.044226	4.422556	402.211000	0.006488	-0.003193	-0.043630	600	0.015703	1.570309	300	2.816360	N	low_pgd_snr,late_pgd_peak	Y	melgar_2015	cm	3d	hypocentral	median	7.189927	0.989927	0.989927
us-us7000irjd-m6-2-20221122-28-km-sw-of-las-brisas-mexico	us7000irjd	2022-11-22T16:39:05.789Z	Mexico	28 km SW of Las Brisas, Mexico	6.200000	10.000000	ACSB	WARN	293.190000	293.360488	0.044226	4.422556	402.211000	0.006488	-0.003193	-0.043630	600	0.015703	1.570309	300	2.816360	N	low_pgd_snr,late_pgd_peak	Y	crowell_2016_gfast	cm	3d	hypocentral	median	7.544088	1.344088	1.344088
us-us7000irjd-m6-2-20221122-28-km-sw-of-las-brisas-mexico	us7000irjd	2022-11-22T16:39:05.789Z	Mexico	28 km SW of Las Brisas, Mexico	6.200000	10.000000	ACSB	WARN	293.190000	293.360488	0.044226	4.422556	402.211000	0.006488	-0.003193	-0.043630	600	0.015703	1.570309	300	2.816360	N	low_pgd_snr,late_pgd_peak	Y	ruhl_2019	m	3d	hypocentral	median	7.009345	0.809345	0.809345
us-us7000irjd-m6-2-20221122-28-km-sw-of-las-brisas-mexico	us7000irjd	2022-11-22T16:39:05.789Z	Mexico	28 km SW of Las Brisas, Mexico	6.200000	10.000000	ACSX	OK	293.190000	293.360488	0.047757	4.775699	140.211000	0.006038	-0.003211	-0.047265	600	0.016498	1.649816	300	2.894686	N	low_pgd_snr	Y	melgar_2015	cm	3d	hypocentral	median	7.237151	1.037151	1.037151
us-us7000irjd-m6-2-20221122-28-km-sw-of-las-brisas-mexico	us7000irjd	2022-11-22T16:39:05.789Z	Mexico	28 km SW of Las Brisas, Mexico	6.200000	10.000000	ACSX	OK	293.190000	293.360488	0.047757	4.775699	140.211000	0.006038	-0.003211	-0.047265	600	0.016498	1.649816	300	2.894686	N	low_pgd_snr	Y	crowell_2016_gfast	cm	3d	hypocentral	median	7.578414	1.378414	1.378414
us-us7000irjd-m6-2-20221122-28-km-sw-of-las-brisas-mexico	us7000irjd	2022-11-22T16:39:05.789Z	Mexico	28 km SW of Las Brisas, Mexico	6.200000	10.000000	ACSX	OK	293.190000	293.360488	0.047757	4.775699	140.211000	0.006038	-0.003211	-0.047265	600	0.016498	1.649816	300	2.894686	N	low_pgd_snr	Y	ruhl_2019	m	3d	hypocentral	median	7.060577	0.860577	0.860577
us-us7000irjd-m6-2-20221122-28-km-sw-of-las-brisas-mexico	us7000irjd	2022-11-22T16:39:05.789Z	Mexico	28 km SW of Las Brisas, Mexico	6.200000	10.000000	AR27	OK	296.712000	296.880466	0.039817	3.981708	477.211000	-0.000294	-0.007133	-0.039172	600	0.011350	1.134965	300	3.508220	N	late_pgd_peak	Y	melgar_2015	cm	3d	hypocentral	median	7.132595	0.932595	0.932595
us-us7000irjd-m6-2-20221122-28-km-sw-of-las-brisas-mexico	us7000irjd	2022-11-22T16:39:05.789Z	Mexico	28 km SW of Las Brisas, Mexico	6.200000	10.000000	AR27	OK	296.712000	296.880466	0.039817	3.981708	477.211000	-0.000294	-0.007133	-0.039172	600	0.011350	1.134965	300	3.508220	N	late_pgd_peak	Y	crowell_2016_gfast	cm	3d	hypocentral	median	7.505730	1.305730	1.305730
us-us7000irjd-m6-2-20221122-28-km-sw-of-las-brisas-mexico	us7000irjd	2022-11-22T16:39:05.789Z	Mexico	28 km SW of Las Brisas, Mexico	6.200000	10.000000	AR27	OK	296.712000	296.880466	0.039817	3.981708	477.211000	-0.000294	-0.007133	-0.039172	600	0.011350	1.134965	300	3.508220	N	late_pgd_peak	Y	ruhl_2019	m	3d	hypocentral	median	6.947330	0.747330	0.747330
us-us7000irjd-m6-2-20221122-28-km-sw-of-las-brisas-mexico	us7000irjd	2022-11-22T16:39:05.789Z	Mexico	28 km SW of Las Brisas, Mexico	6.200000	10.000000	CLBD	OK	274.484000	274.666100	0.046041	4.604096	112.211000	0.014802	-0.003527	-0.043454	600	0.013338	1.333803	300	3.451856	Y		Y	melgar_2015	cm	3d	hypocentral	median	7.174581	0.974581	0.974581
us-us7000irjd-m6-2-20221122-28-km-sw-of-las-brisas-mexico	us7000irjd	2022-11-22T16:39:05.789Z	Mexico	28 km SW of Las Brisas, Mexico	6.200000	10.000000	CLBD	OK	274.484000	274.666100	0.046041	4.604096	112.211000	0.014802	-0.003527	-0.043454	600	0.013338	1.333803	300	3.451856	Y		Y	crowell_2016_gfast	cm	3d	hypocentral	median	7.514750	1.314750	1.314750
us-us7000irjd-m6-2-20221122-28-km-sw-of-las-brisas-mexico	us7000irjd	2022-11-22T16:39:05.789Z	Mexico	28 km SW of Las Brisas, Mexico	6.200000	10.000000	CLBD	OK	274.484000	274.666100	0.046041	4.604096	112.211000	0.014802	-0.003527	-0.043454	600	0.013338	1.333803	300	3.451856	Y		Y	ruhl_2019	m	3d	hypocentral	median	6.991656	0.791656	0.791656
us-us7000irjd-m6-2-20221122-28-km-sw-of-las-brisas-mexico	us7000irjd	2022-11-22T16:39:05.789Z	Mexico	28 km SW of Las Brisas, Mexico	6.200000	10.000000	CRRS	OK	260.554000	260.745828	0.049791	4.979136	86.211000	-0.001751	-0.011227	0.048477	600	0.013258	1.325838	300	3.755463	Y		Y	melgar_2015	cm	3d	hypocentral	median	7.190901	0.990901	0.990901
us-us7000irjd-m6-2-20221122-28-km-sw-of-las-brisas-mexico	us7000irjd	2022-11-22T16:39:05.789Z	Mexico	28 km SW of Las Brisas, Mexico	6.200000	10.000000	CRRS	OK	260.554000	260.745828	0.049791	4.979136	86.211000	-0.001751	-0.011227	0.048477	600	0.013258	1.325838	300	3.755463	Y		Y	crowell_2016_gfast	cm	3d	hypocentral	median	7.512394	1.312394	1.312394
us-us7000irjd-m6-2-20221122-28-km-sw-of-las-brisas-mexico	us7000irjd	2022-11-22T16:39:05.789Z	Mexico	28 km SW of Las Brisas, Mexico	6.200000	10.000000	CRRS	OK	260.554000	260.745828	0.049791	4.979136	86.211000	-0.001751	-0.011227	0.048477	600	0.013258	1.325838	300	3.755463	Y		Y	ruhl_2019	m	3d	hypocentral	median	7.008525	0.808525	0.808525
us-us7000irjd-m6-2-20221122-28-km-sw-of-las-brisas-mexico	us7000irjd	2022-11-22T16:39:05.789Z	Mexico	28 km SW of Las Brisas, Mexico	6.200000	10.000000	GLRS	OK	287.805000	287.978676	0.057109	5.710876	139.211000	-0.003698	-0.008509	-0.056350	600	0.018087	1.808684	300	3.157475	Y		Y	melgar_2015	cm	3d	hypocentral	median	7.335560	1.135560	1.135560
us-us7000irjd-m6-2-20221122-28-km-sw-of-las-brisas-mexico	us7000irjd	2022-11-22T16:39:05.789Z	Mexico	28 km SW of Las Brisas, Mexico	6.200000	10.000000	GLRS	OK	287.805000	287.978676	0.057109	5.710876	139.211000	-0.003698	-0.008509	-0.056350	600	0.018087	1.808684	300	3.157475	Y		Y	crowell_2016_gfast	cm	3d	hypocentral	median	7.644784	1.444784	1.444784
us-us7000irjd-m6-2-20221122-28-km-sw-of-las-brisas-mexico	us7000irjd	2022-11-22T16:39:05.789Z	Mexico	28 km SW of Las Brisas, Mexico	6.200000	10.000000	GLRS	OK	287.805000	287.978676	0.057109	5.710876	139.211000	-0.003698	-0.008509	-0.056350	600	0.018087	1.808684	300	3.157475	Y		Y	ruhl_2019	m	3d	hypocentral	median	7.167006	0.967006	0.967006
us-us7000irjd-m6-2-20221122-28-km-sw-of-las-brisas-mexico	us7000irjd	2022-11-22T16:39:05.789Z	Mexico	28 km SW of Las Brisas, Mexico	6.200000	10.000000	GMPK	OK	291.166000	291.337673	0.043998	4.399841	86.211000	0.010151	0.003249	0.042688	600	0.012614	1.261431	300	3.487977	Y		Y	melgar_2015	cm	3d	hypocentral	median	7.182546	0.982546	0.982546
us-us7000irjd-m6-2-20221122-28-km-sw-of-las-brisas-mexico	us7000irjd	2022-11-22T16:39:05.789Z	Mexico	28 km SW of Las Brisas, Mexico	6.200000	10.000000	GMPK	OK	291.166000	291.337673	0.043998	4.399841	86.211000	0.010151	0.003249	0.042688	600	0.012614	1.261431	300	3.487977	Y		Y	crowell_2016_gfast	cm	3d	hypocentral	median	7.536801	1.336801	1.336801
us-us7000irjd-m6-2-20221122-28-km-sw-of-las-brisas-mexico	us7000irjd	2022-11-22T16:39:05.789Z	Mexico	28 km SW of Las Brisas, Mexico	6.200000	10.000000	GMPK	OK	291.166000	291.337673	0.043998	4.399841	86.211000	0.010151	0.003249	0.042688	600	0.012614	1.261431	300	3.487977	Y		Y	ruhl_2019	m	3d	hypocentral	median	7.001227	0.801227	0.801227
us-us7000irjd-m6-2-20221122-28-km-sw-of-las-brisas-mexico	us7000irjd	2022-11-22T16:39:05.789Z	Mexico	28 km SW of Las Brisas, Mexico	6.200000	10.000000	IID2	OK	248.467000	248.668153	0.056462	5.646167	504.211000	-0.002524	-0.008038	-0.055830	600	0.013896	1.389565	300	4.063262	N	late_pgd_peak	Y	melgar_2015	cm	3d	hypocentral	median	7.238584	1.038584	1.038584
us-us7000irjd-m6-2-20221122-28-km-sw-of-las-brisas-mexico	us7000irjd	2022-11-22T16:39:05.789Z	Mexico	28 km SW of Las Brisas, Mexico	6.200000	10.000000	IID2	OK	248.467000	248.668153	0.056462	5.646167	504.211000	-0.002524	-0.008038	-0.055830	600	0.013896	1.389565	300	4.063262	N	late_pgd_peak	Y	crowell_2016_gfast	cm	3d	hypocentral	median	7.534157	1.334157	1.334157
us-us7000irjd-m6-2-20221122-28-km-sw-of-las-brisas-mexico	us7000irjd	2022-11-22T16:39:05.789Z	Mexico	28 km SW of Las Brisas, Mexico	6.200000	10.000000	IID2	OK	248.467000	248.668153	0.056462	5.646167	504.211000	-0.002524	-0.008038	-0.055830	600	0.013896	1.389565	300	4.063262	N	late_pgd_peak	Y	ruhl_2019	m	3d	hypocentral	median	7.059411	0.859411	0.859411
us-us7000irjd-m6-2-20221122-28-km-sw-of-las-brisas-mexico	us7000irjd	2022-11-22T16:39:05.789Z	Mexico	28 km SW of Las Brisas, Mexico	6.200000	10.000000	OCSD	WARN	286.640000	286.814382	0.067093	6.709285	411.211000	0.003715	-0.001142	-0.066980	600	0.018237	1.823740	300	3.678859	N	late_pgd_peak	Y	melgar_2015	cm	3d	hypocentral	median	7.431897	1.231897	1.231897
us-us7000irjd-m6-2-20221122-28-km-sw-of-las-brisas-mexico	us7000irjd	2022-11-22T16:39:05.789Z	Mexico	28 km SW of Las Brisas, Mexico	6.200000	10.000000	OCSD	WARN	286.640000	286.814382	0.067093	6.709285	411.211000	0.003715	-0.001142	-0.066980	600	0.018237	1.823740	300	3.678859	N	late_pgd_peak	Y	crowell_2016_gfast	cm	3d	hypocentral	median	7.713665	1.513665	1.513665
us-us7000irjd-m6-2-20221122-28-km-sw-of-las-brisas-mexico	us7000irjd	2022-11-22T16:39:05.789Z	Mexico	28 km SW of Las Brisas, Mexico	6.200000	10.000000	OCSD	WARN	286.640000	286.814382	0.067093	6.709285	411.211000	0.003715	-0.001142	-0.066980	600	0.018237	1.823740	300	3.678859	N	late_pgd_peak	Y	ruhl_2019	m	3d	hypocentral	median	7.271419	1.071419	1.071419
us-us7000irjd-m6-2-20221122-28-km-sw-of-las-brisas-mexico	us7000irjd	2022-11-22T16:39:05.789Z	Mexico	28 km SW of Las Brisas, Mexico	6.200000	10.000000	P066	OK	203.772000	204.017225	0.063101	6.310103	403.211000	0.005788	0.003158	-0.062756	600	0.015502	1.550178	300	4.070565	N	late_pgd_peak	Y	melgar_2015	cm	3d	hypocentral	median	7.186985	0.986985	0.986985
us-us7000irjd-m6-2-20221122-28-km-sw-of-las-brisas-mexico	us7000irjd	2022-11-22T16:39:05.789Z	Mexico	28 km SW of Las Brisas, Mexico	6.200000	10.000000	P066	OK	203.772000	204.017225	0.063101	6.310103	403.211000	0.005788	0.003158	-0.062756	600	0.015502	1.550178	300	4.070565	N	late_pgd_peak	Y	crowell_2016_gfast	cm	3d	hypocentral	median	7.444371	1.244371	1.244371
us-us7000irjd-m6-2-20221122-28-km-sw-of-las-brisas-mexico	us7000irjd	2022-11-22T16:39:05.789Z	Mexico	28 km SW of Las Brisas, Mexico	6.200000	10.000000	P066	OK	203.772000	204.017225	0.063101	6.310103	403.211000	0.005788	0.003158	-0.062756	600	0.015502	1.550178	300	4.070565	N	late_pgd_peak	Y	ruhl_2019	m	3d	hypocentral	median	7.000517	0.800517	0.800517
us-us7000irjd-m6-2-20221122-28-km-sw-of-las-brisas-mexico	us7000irjd	2022-11-22T16:39:05.789Z	Mexico	28 km SW of Las Brisas, Mexico	6.200000	10.000000	P472	OK	242.583000	242.789028	0.032791	3.279116	412.211000	0.004603	-0.005207	-0.032046	600	0.015672	1.567169	300	2.092381	N	low_pgd_snr,late_pgd_peak	Y	melgar_2015	cm	3d	hypocentral	median	6.895364	0.695364	0.695364
us-us7000irjd-m6-2-20221122-28-km-sw-of-las-brisas-mexico	us7000irjd	2022-11-22T16:39:05.789Z	Mexico	28 km SW of Las Brisas, Mexico	6.200000	10.000000	P472	OK	242.583000	242.789028	0.032791	3.279116	412.211000	0.004603	-0.005207	-0.032046	600	0.015672	1.567169	300	2.092381	N	low_pgd_snr,late_pgd_peak	Y	crowell_2016_gfast	cm	3d	hypocentral	median	7.278740	1.078740	1.078740
us-us7000irjd-m6-2-20221122-28-km-sw-of-las-brisas-mexico	us7000irjd	2022-11-22T16:39:05.789Z	Mexico	28 km SW of Las Brisas, Mexico	6.200000	10.000000	P472	OK	242.583000	242.789028	0.032791	3.279116	412.211000	0.004603	-0.005207	-0.032046	600	0.015672	1.567169	300	2.092381	N	low_pgd_snr,late_pgd_peak	Y	ruhl_2019	m	3d	hypocentral	median	6.687494	0.487494	0.487494
us-us7000irjd-m6-2-20221122-28-km-sw-of-las-brisas-mexico	us7000irjd	2022-11-22T16:39:05.789Z	Mexico	28 km SW of Las Brisas, Mexico	6.200000	10.000000	P473	OK	222.114000	222.338996	0.044949	4.494853	139.211000	0.001834	-0.007564	-0.044269	600	0.015988	1.598799	300	2.811393	N	low_pgd_snr	Y	melgar_2015	cm	3d	hypocentral	median	7.034480	0.834480	0.834480
us-us7000irjd-m6-2-20221122-28-km-sw-of-las-brisas-mexico	us7000irjd	2022-11-22T16:39:05.789Z	Mexico	28 km SW of Las Brisas, Mexico	6.200000	10.000000	P473	OK	222.114000	222.338996	0.044949	4.494853	139.211000	0.001834	-0.007564	-0.044269	600	0.015988	1.598799	300	2.811393	N	low_pgd_snr	Y	crowell_2016_gfast	cm	3d	hypocentral	median	7.356351	1.156351	1.156351
us-us7000irjd-m6-2-20221122-28-km-sw-of-las-brisas-mexico	us7000irjd	2022-11-22T16:39:05.789Z	Mexico	28 km SW of Las Brisas, Mexico	6.200000	10.000000	P473	OK	222.114000	222.338996	0.044949	4.494853	139.211000	0.001834	-0.007564	-0.044269	600	0.015988	1.598799	300	2.811393	N	low_pgd_snr	Y	ruhl_2019	m	3d	hypocentral	median	6.836898	0.636898	0.636898
us-us7000irjd-m6-2-20221122-28-km-sw-of-las-brisas-mexico	us7000irjd	2022-11-22T16:39:05.789Z	Mexico	28 km SW of Las Brisas, Mexico	6.200000	10.000000	P474	OK	296.083000	296.251823	0.043391	4.339147	410.211000	0.004517	0.002713	-0.043070	600	0.009961	0.996086	300	4.356198	N	late_pgd_peak	Y	melgar_2015	cm	3d	hypocentral	median	7.184200	0.984200	0.984200
us-us7000irjd-m6-2-20221122-28-km-sw-of-las-brisas-mexico	us7000irjd	2022-11-22T16:39:05.789Z	Mexico	28 km SW of Las Brisas, Mexico	6.200000	10.000000	P474	OK	296.083000	296.251823	0.043391	4.339147	410.211000	0.004517	0.002713	-0.043070	600	0.009961	0.996086	300	4.356198	N	late_pgd_peak	Y	crowell_2016_gfast	cm	3d	hypocentral	median	7.542655	1.342655	1.342655
us-us7000irjd-m6-2-20221122-28-km-sw-of-las-brisas-mexico	us7000irjd	2022-11-22T16:39:05.789Z	Mexico	28 km SW of Las Brisas, Mexico	6.200000	10.000000	P474	OK	296.083000	296.251823	0.043391	4.339147	410.211000	0.004517	0.002713	-0.043070	600	0.009961	0.996086	300	4.356198	N	late_pgd_peak	Y	ruhl_2019	m	3d	hypocentral	median	7.003290	0.803290	0.803290
us-us7000irjd-m6-2-20221122-28-km-sw-of-las-brisas-mexico	us7000irjd	2022-11-22T16:39:05.789Z	Mexico	28 km SW of Las Brisas, Mexico	6.200000	10.000000	P475	OK	223.330000	223.553772	0.054159	5.415903	402.211000	0.002557	-0.007884	-0.053521	600	0.021132	2.113228	300	2.562858	N	low_pgd_snr,late_pgd_peak	Y	melgar_2015	cm	3d	hypocentral	median	7.149662	0.949662	0.949662
us-us7000irjd-m6-2-20221122-28-km-sw-of-las-brisas-mexico	us7000irjd	2022-11-22T16:39:05.789Z	Mexico	28 km SW of Las Brisas, Mexico	6.200000	10.000000	P475	OK	223.330000	223.553772	0.054159	5.415903	402.211000	0.002557	-0.007884	-0.053521	600	0.021132	2.113228	300	2.562858	N	low_pgd_snr,late_pgd_peak	Y	crowell_2016_gfast	cm	3d	hypocentral	median	7.441266	1.241266	1.241266
us-us7000irjd-m6-2-20221122-28-km-sw-of-las-brisas-mexico	us7000irjd	2022-11-22T16:39:05.789Z	Mexico	28 km SW of Las Brisas, Mexico	6.200000	10.000000	P475	OK	223.330000	223.553772	0.054159	5.415903	402.211000	0.002557	-0.007884	-0.053521	600	0.021132	2.113228	300	2.562858	N	low_pgd_snr,late_pgd_peak	Y	ruhl_2019	m	3d	hypocentral	median	6.961537	0.761537	0.761537
us-us7000irjd-m6-2-20221122-28-km-sw-of-las-brisas-mexico	us7000irjd	2022-11-22T16:39:05.789Z	Mexico	28 km SW of Las Brisas, Mexico	6.200000	10.000000	P478	OK	279.032000	279.211133	0.044209	4.420894	410.211000	0.005371	-0.003130	-0.043770	600	0.015004	1.500410	300	2.946457	N	low_pgd_snr,late_pgd_peak	Y	melgar_2015	cm	3d	hypocentral	median	7.159672	0.959672	0.959672
us-us7000irjd-m6-2-20221122-28-km-sw-of-las-brisas-mexico	us7000irjd	2022-11-22T16:39:05.789Z	Mexico	28 km SW of Las Brisas, Mexico	6.200000	10.000000	P478	OK	279.032000	279.211133	0.044209	4.420894	410.211000	0.005371	-0.003130	-0.043770	600	0.015004	1.500410	300	2.946457	N	low_pgd_snr,late_pgd_peak	Y	crowell_2016_gfast	cm	3d	hypocentral	median	7.508430	1.308430	1.308430
us-us7000irjd-m6-2-20221122-28-km-sw-of-las-brisas-mexico	us7000irjd	2022-11-22T16:39:05.789Z	Mexico	28 km SW of Las Brisas, Mexico	6.200000	10.000000	P478	OK	279.032000	279.211133	0.044209	4.420894	410.211000	0.005371	-0.003130	-0.043770	600	0.015004	1.500410	300	2.946457	N	low_pgd_snr,late_pgd_peak	Y	ruhl_2019	m	3d	hypocentral	median	6.975749	0.775749	0.775749
us-us7000irjd-m6-2-20221122-28-km-sw-of-las-brisas-mexico	us7000irjd	2022-11-22T16:39:05.789Z	Mexico	28 km SW of Las Brisas, Mexico	6.200000	10.000000	P480	OK	242.705000	242.910924	0.062906	6.290588	85.211000	0.010663	-0.004059	0.061863	600	0.014463	1.446317	300	4.349385	Y		Y	melgar_2015	cm	3d	hypocentral	median	7.289817	1.089817	1.089817
us-us7000irjd-m6-2-20221122-28-km-sw-of-las-brisas-mexico	us7000irjd	2022-11-22T16:39:05.789Z	Mexico	28 km SW of Las Brisas, Mexico	6.200000	10.000000	P480	OK	242.705000	242.910924	0.062906	6.290588	85.211000	0.010663	-0.004059	0.061863	600	0.014463	1.446317	300	4.349385	Y		Y	crowell_2016_gfast	cm	3d	hypocentral	median	7.565015	1.365015	1.365015
us-us7000irjd-m6-2-20221122-28-km-sw-of-las-brisas-mexico	us7000irjd	2022-11-22T16:39:05.789Z	Mexico	28 km SW of Las Brisas, Mexico	6.200000	10.000000	P480	OK	242.705000	242.910924	0.062906	6.290588	85.211000	0.010663	-0.004059	0.061863	600	0.014463	1.446317	300	4.349385	Y		Y	ruhl_2019	m	3d	hypocentral	median	7.114491	0.914491	0.914491
us-us7000irjd-m6-2-20221122-28-km-sw-of-las-brisas-mexico	us7000irjd	2022-11-22T16:39:05.789Z	Mexico	28 km SW of Las Brisas, Mexico	6.200000	10.000000	P481	OK	228.408000	228.626802	0.049220	4.922012	16.211000	-0.000018	-0.004109	0.049048	600	0.011714	1.171448	300	4.201649	Y		Y	melgar_2015	cm	3d	hypocentral	median	7.105427	0.905427	0.905427
us-us7000irjd-m6-2-20221122-28-km-sw-of-las-brisas-mexico	us7000irjd	2022-11-22T16:39:05.789Z	Mexico	28 km SW of Las Brisas, Mexico	6.200000	10.000000	P481	OK	228.408000	228.626802	0.049220	4.922012	16.211000	-0.000018	-0.004109	0.049048	600	0.011714	1.171448	300	4.201649	Y		Y	crowell_2016_gfast	cm	3d	hypocentral	median	7.415130	1.215130	1.215130
us-us7000irjd-m6-2-20221122-28-km-sw-of-las-brisas-mexico	us7000irjd	2022-11-22T16:39:05.789Z	Mexico	28 km SW of Las Brisas, Mexico	6.200000	10.000000	P481	OK	228.408000	228.626802	0.049220	4.922012	16.211000	-0.000018	-0.004109	0.049048	600	0.011714	1.171448	300	4.201649	Y		Y	ruhl_2019	m	3d	hypocentral	median	6.914019	0.714019	0.714019
us-us7000irjd-m6-2-20221122-28-km-sw-of-las-brisas-mexico	us7000irjd	2022-11-22T16:39:05.789Z	Mexico	28 km SW of Las Brisas, Mexico	6.200000	10.000000	P482	OK	273.334000	273.516865	0.049613	4.961341	411.211000	0.009500	-0.004596	-0.048478	600	0.013021	1.302067	300	3.810358	N	late_pgd_peak	Y	melgar_2015	cm	3d	hypocentral	median	7.217710	1.017710	1.017710
us-us7000irjd-m6-2-20221122-28-km-sw-of-las-brisas-mexico	us7000irjd	2022-11-22T16:39:05.789Z	Mexico	28 km SW of Las Brisas, Mexico	6.200000	10.000000	P482	OK	273.334000	273.516865	0.049613	4.961341	411.211000	0.009500	-0.004596	-0.048478	600	0.013021	1.302067	300	3.810358	N	late_pgd_peak	Y	crowell_2016_gfast	cm	3d	hypocentral	median	7.544925	1.344925	1.344925
us-us7000irjd-m6-2-20221122-28-km-sw-of-las-brisas-mexico	us7000irjd	2022-11-22T16:39:05.789Z	Mexico	28 km SW of Las Brisas, Mexico	6.200000	10.000000	P482	OK	273.334000	273.516865	0.049613	4.961341	411.211000	0.009500	-0.004596	-0.048478	600	0.013021	1.302067	300	3.810358	N	late_pgd_peak	Y	ruhl_2019	m	3d	hypocentral	median	7.038341	0.838341	0.838341
us-us7000irjd-m6-2-20221122-28-km-sw-of-las-brisas-mexico	us7000irjd	2022-11-22T16:39:05.789Z	Mexico	28 km SW of Las Brisas, Mexico	6.200000	10.000000	P483	OK	252.487000	252.684952	0.059982	5.998216	410.211000	0.007465	-0.000942	-0.059508	600	0.016461	1.646073	300	3.643955	N	late_pgd_peak	Y	melgar_2015	cm	3d	hypocentral	median	7.285017	1.085017	1.085017
us-us7000irjd-m6-2-20221122-28-km-sw-of-las-brisas-mexico	us7000irjd	2022-11-22T16:39:05.789Z	Mexico	28 km SW of Las Brisas, Mexico	6.200000	10.000000	P483	OK	252.487000	252.684952	0.059982	5.998216	410.211000	0.007465	-0.000942	-0.059508	600	0.016461	1.646073	300	3.643955	N	late_pgd_peak	Y	crowell_2016_gfast	cm	3d	hypocentral	median	7.572184	1.372184	1.372184
us-us7000irjd-m6-2-20221122-28-km-sw-of-las-brisas-mexico	us7000irjd	2022-11-22T16:39:05.789Z	Mexico	28 km SW of Las Brisas, Mexico	6.200000	10.000000	P483	OK	252.487000	252.684952	0.059982	5.998216	410.211000	0.007465	-0.000942	-0.059508	600	0.016461	1.646073	300	3.643955	N	late_pgd_peak	Y	ruhl_2019	m	3d	hypocentral	median	7.109957	0.909957	0.909957
us-us7000irjd-m6-2-20221122-28-km-sw-of-las-brisas-mexico	us7000irjd	2022-11-22T16:39:05.789Z	Mexico	28 km SW of Las Brisas, Mexico	6.200000	10.000000	P484	OK	287.923000	288.096605	0.046611	4.661084	406.211000	0.003453	-0.004248	-0.046288	600	0.018409	1.840926	300	2.531924	N	low_pgd_snr,late_pgd_peak	Y	melgar_2015	cm	3d	hypocentral	median	7.211142	1.011142	1.011142
us-us7000irjd-m6-2-20221122-28-km-sw-of-las-brisas-mexico	us7000irjd	2022-11-22T16:39:05.789Z	Mexico	28 km SW of Las Brisas, Mexico	6.200000	10.000000	P484	OK	287.923000	288.096605	0.046611	4.661084	406.211000	0.003453	-0.004248	-0.046288	600	0.018409	1.840926	300	2.531924	N	low_pgd_snr,late_pgd_peak	Y	crowell_2016_gfast	cm	3d	hypocentral	median	7.554481	1.354481	1.354481
us-us7000irjd-m6-2-20221122-28-km-sw-of-las-brisas-mexico	us7000irjd	2022-11-22T16:39:05.789Z	Mexico	28 km SW of Las Brisas, Mexico	6.200000	10.000000	P484	OK	287.923000	288.096605	0.046611	4.661084	406.211000	0.003453	-0.004248	-0.046288	600	0.018409	1.840926	300	2.531924	N	low_pgd_snr,late_pgd_peak	Y	ruhl_2019	m	3d	hypocentral	median	7.032065	0.832065	0.832065
us-us7000irjd-m6-2-20221122-28-km-sw-of-las-brisas-mexico	us7000irjd	2022-11-22T16:39:05.789Z	Mexico	28 km SW of Las Brisas, Mexico	6.200000	10.000000	P485	OK	268.720000	268.906003	0.040889	4.088936	404.211000	0.002013	-0.002107	-0.040785	600	0.014870	1.486993	300	2.749802	N	low_pgd_snr,late_pgd_peak	Y	melgar_2015	cm	3d	hypocentral	median	7.089368	0.889368	0.889368
us-us7000irjd-m6-2-20221122-28-km-sw-of-las-brisas-mexico	us7000irjd	2022-11-22T16:39:05.789Z	Mexico	28 km SW of Las Brisas, Mexico	6.200000	10.000000	P485	OK	268.720000	268.906003	0.040889	4.088936	404.211000	0.002013	-0.002107	-0.040785	600	0.014870	1.486993	300	2.749802	N	low_pgd_snr,late_pgd_peak	Y	crowell_2016_gfast	cm	3d	hypocentral	median	7.447064	1.247064	1.247064
us-us7000irjd-m6-2-20221122-28-km-sw-of-las-brisas-mexico	us7000irjd	2022-11-22T16:39:05.789Z	Mexico	28 km SW of Las Brisas, Mexico	6.200000	10.000000	P485	OK	268.720000	268.906003	0.040889	4.088936	404.211000	0.002013	-0.002107	-0.040785	600	0.014870	1.486993	300	2.749802	N	low_pgd_snr,late_pgd_peak	Y	ruhl_2019	m	3d	hypocentral	median	6.898973	0.698973	0.698973
us-us7000irjd-m6-2-20221122-28-km-sw-of-las-brisas-mexico	us7000irjd	2022-11-22T16:39:05.789Z	Mexico	28 km SW of Las Brisas, Mexico	6.200000	10.000000	P486	OK	274.350000	274.532188	0.044169	4.416888	594.211000	0.001149	0.003833	-0.043987	600	0.012903	1.290340	300	3.423041	N	late_pgd_peak	Y	melgar_2015	cm	3d	hypocentral	median	7.148911	0.948911	0.948911
us-us7000irjd-m6-2-20221122-28-km-sw-of-las-brisas-mexico	us7000irjd	2022-11-22T16:39:05.789Z	Mexico	28 km SW of Las Brisas, Mexico	6.200000	10.000000	P486	OK	274.350000	274.532188	0.044169	4.416888	594.211000	0.001149	0.003833	-0.043987	600	0.012903	1.290340	300	3.423041	N	late_pgd_peak	Y	crowell_2016_gfast	cm	3d	hypocentral	median	7.495971	1.295971	1.295971
us-us7000irjd-m6-2-20221122-28-km-sw-of-las-brisas-mexico	us7000irjd	2022-11-22T16:39:05.789Z	Mexico	28 km SW of Las Brisas, Mexico	6.200000	10.000000	P486	OK	274.350000	274.532188	0.044169	4.416888	594.211000	0.001149	0.003833	-0.043987	600	0.012903	1.290340	300	3.423041	N	late_pgd_peak	Y	ruhl_2019	m	3d	hypocentral	median	6.963822	0.763822	0.763822
us-us7000irjd-m6-2-20221122-28-km-sw-of-las-brisas-mexico	us7000irjd	2022-11-22T16:39:05.789Z	Mexico	28 km SW of Las Brisas, Mexico	6.200000	10.000000	P487	WARN	269.792000	269.977264	0.045270	4.526953	413.211000	0.003334	-0.001187	-0.045131	600	0.010418	1.041810	300	4.345276	N	late_pgd_peak	Y	melgar_2015	cm	3d	hypocentral	median	7.153860	0.953860	0.953860
us-us7000irjd-m6-2-20221122-28-km-sw-of-las-brisas-mexico	us7000irjd	2022-11-22T16:39:05.789Z	Mexico	28 km SW of Las Brisas, Mexico	6.200000	10.000000	P487	WARN	269.792000	269.977264	0.045270	4.526953	413.211000	0.003334	-0.001187	-0.045131	600	0.010418	1.041810	300	4.345276	N	late_pgd_peak	Y	crowell_2016_gfast	cm	3d	hypocentral	median	7.494984	1.294984	1.294984
us-us7000irjd-m6-2-20221122-28-km-sw-of-las-brisas-mexico	us7000irjd	2022-11-22T16:39:05.789Z	Mexico	28 km SW of Las Brisas, Mexico	6.200000	10.000000	P487	WARN	269.792000	269.977264	0.045270	4.526953	413.211000	0.003334	-0.001187	-0.045131	600	0.010418	1.041810	300	4.345276	N	late_pgd_peak	Y	ruhl_2019	m	3d	hypocentral	median	6.968929	0.768929	0.768929
us-us7000irjd-m6-2-20221122-28-km-sw-of-las-brisas-mexico	us7000irjd	2022-11-22T16:39:05.789Z	Mexico	28 km SW of Las Brisas, Mexico	6.200000	10.000000	P488	OK	269.302000	269.487601	0.046814	4.681389	412.211000	0.003678	-0.001647	-0.046640	600	0.011880	1.187979	300	3.940633	N	late_pgd_peak	Y	melgar_2015	cm	3d	hypocentral	median	7.173240	0.973240	0.973240
us-us7000irjd-m6-2-20221122-28-km-sw-of-las-brisas-mexico	us7000irjd	2022-11-22T16:39:05.789Z	Mexico	28 km SW of Las Brisas, Mexico	6.200000	10.000000	P488	OK	269.302000	269.487601	0.046814	4.681389	412.211000	0.003678	-0.001647	-0.046640	600	0.011880	1.187979	300	3.940633	N	late_pgd_peak	Y	crowell_2016_gfast	cm	3d	hypocentral	median	7.508562	1.308562	1.308562
us-us7000irjd-m6-2-20221122-28-km-sw-of-las-brisas-mexico	us7000irjd	2022-11-22T16:39:05.789Z	Mexico	28 km SW of Las Brisas, Mexico	6.200000	10.000000	P488	OK	269.302000	269.487601	0.046814	4.681389	412.211000	0.003678	-0.001647	-0.046640	600	0.011880	1.187979	300	3.940633	N	late_pgd_peak	Y	ruhl_2019	m	3d	hypocentral	median	6.989904	0.789904	0.789904
us-us7000irjd-m6-2-20221122-28-km-sw-of-las-brisas-mexico	us7000irjd	2022-11-22T16:39:05.789Z	Mexico	28 km SW of Las Brisas, Mexico	6.200000	10.000000	P489	OK	279.517000	279.695823	0.042168	4.216800	139.211000	0.000767	-0.009640	-0.041044	600	0.013033	1.303345	300	3.235367	Y		Y	melgar_2015	cm	3d	hypocentral	median	7.131784	0.931784	0.931784
us-us7000irjd-m6-2-20221122-28-km-sw-of-las-brisas-mexico	us7000irjd	2022-11-22T16:39:05.789Z	Mexico	28 km SW of Las Brisas, Mexico	6.200000	10.000000	P489	OK	279.517000	279.695823	0.042168	4.216800	139.211000	0.000767	-0.009640	-0.041044	600	0.013033	1.303345	300	3.235367	Y		Y	crowell_2016_gfast	cm	3d	hypocentral	median	7.488646	1.288646	1.288646
us-us7000irjd-m6-2-20221122-28-km-sw-of-las-brisas-mexico	us7000irjd	2022-11-22T16:39:05.789Z	Mexico	28 km SW of Las Brisas, Mexico	6.200000	10.000000	P489	OK	279.517000	279.695823	0.042168	4.216800	139.211000	0.000767	-0.009640	-0.041044	600	0.013033	1.303345	300	3.235367	Y		Y	ruhl_2019	m	3d	hypocentral	median	6.945538	0.745538	0.745538
us-us7000irjd-m6-2-20221122-28-km-sw-of-las-brisas-mexico	us7000irjd	2022-11-22T16:39:05.789Z	Mexico	28 km SW of Las Brisas, Mexico	6.200000	10.000000	P492	OK	236.152000	236.363633	0.056818	5.681813	410.211000	-0.001282	-0.005778	-0.056509	600	0.008773	0.877258	300	6.476787	N	late_pgd_peak	Y	melgar_2015	cm	3d	hypocentral	median	7.211782	1.011782	1.011782
us-us7000irjd-m6-2-20221122-28-km-sw-of-las-brisas-mexico	us7000irjd	2022-11-22T16:39:05.789Z	Mexico	28 km SW of Las Brisas, Mexico	6.200000	10.000000	P492	OK	236.152000	236.363633	0.056818	5.681813	410.211000	-0.001282	-0.005778	-0.056509	600	0.008773	0.877258	300	6.476787	N	late_pgd_peak	Y	crowell_2016_gfast	cm	3d	hypocentral	median	7.501093	1.301093	1.301093
us-us7000irjd-m6-2-20221122-28-km-sw-of-las-brisas-mexico	us7000irjd	2022-11-22T16:39:05.789Z	Mexico	28 km SW of Las Brisas, Mexico	6.200000	10.000000	P492	OK	236.152000	236.363633	0.056818	5.681813	410.211000	-0.001282	-0.005778	-0.056509	600	0.008773	0.877258	300	6.476787	N	late_pgd_peak	Y	ruhl_2019	m	3d	hypocentral	median	7.029588	0.829588	0.829588
us-us7000irjd-m6-2-20221122-28-km-sw-of-las-brisas-mexico	us7000irjd	2022-11-22T16:39:05.789Z	Mexico	28 km SW of Las Brisas, Mexico	6.200000	10.000000	P493	OK	246.170000	246.373028	0.038807	3.880747	504.211000	0.000425	-0.005341	-0.038436	600	0.009049	0.904882	300	4.288680	N	late_pgd_peak	Y	melgar_2015	cm	3d	hypocentral	median	7.005850	0.805850	0.805850
us-us7000irjd-m6-2-20221122-28-km-sw-of-las-brisas-mexico	us7000irjd	2022-11-22T16:39:05.789Z	Mexico	28 km SW of Las Brisas, Mexico	6.200000	10.000000	P493	OK	246.170000	246.373028	0.038807	3.880747	504.211000	0.000425	-0.005341	-0.038436	600	0.009049	0.904882	300	4.288680	N	late_pgd_peak	Y	crowell_2016_gfast	cm	3d	hypocentral	median	7.362803	1.162803	1.162803
us-us7000irjd-m6-2-20221122-28-km-sw-of-las-brisas-mexico	us7000irjd	2022-11-22T16:39:05.789Z	Mexico	28 km SW of Las Brisas, Mexico	6.200000	10.000000	P493	OK	246.170000	246.373028	0.038807	3.880747	504.211000	0.000425	-0.005341	-0.038436	600	0.009049	0.904882	300	4.288680	N	late_pgd_peak	Y	ruhl_2019	m	3d	hypocentral	median	6.807288	0.607288	0.607288
us-us7000irjd-m6-2-20221122-28-km-sw-of-las-brisas-mexico	us7000irjd	2022-11-22T16:39:05.789Z	Mexico	28 km SW of Las Brisas, Mexico	6.200000	10.000000	P494	OK	227.310000	227.529858	0.070297	7.029651	89.211000	0.002719	0.000202	0.070244	600	0.013516	1.351634	300	5.200855	Y		Y	melgar_2015	cm	3d	hypocentral	median	7.317062	1.117062	1.117062
us-us7000irjd-m6-2-20221122-28-km-sw-of-las-brisas-mexico	us7000irjd	2022-11-22T16:39:05.789Z	Mexico	28 km SW of Las Brisas, Mexico	6.200000	10.000000	P494	OK	227.310000	227.529858	0.070297	7.029651	89.211000	0.002719	0.000202	0.070244	600	0.013516	1.351634	300	5.200855	Y		Y	crowell_2016_gfast	cm	3d	hypocentral	median	7.567277	1.367277	1.367277
us-us7000irjd-m6-2-20221122-28-km-sw-of-las-brisas-mexico	us7000irjd	2022-11-22T16:39:05.789Z	Mexico	28 km SW of Las Brisas, Mexico	6.200000	10.000000	P494	OK	227.310000	227.529858	0.070297	7.029651	89.211000	0.002719	0.000202	0.070244	600	0.013516	1.351634	300	5.200855	Y		Y	ruhl_2019	m	3d	hypocentral	median	7.142871	0.942871	0.942871
us-us7000irjd-m6-2-20221122-28-km-sw-of-las-brisas-mexico	us7000irjd	2022-11-22T16:39:05.789Z	Mexico	28 km SW of Las Brisas, Mexico	6.200000	10.000000	P495	OK	260.475000	260.666886	0.070285	7.028520	108.211000	0.013441	-0.003214	-0.068913	600	0.027809	2.780934	300	2.527395	N	low_pgd_snr	Y	melgar_2015	cm	3d	hypocentral	median	7.400520	1.200520	1.200520
us-us7000irjd-m6-2-20221122-28-km-sw-of-las-brisas-mexico	us7000irjd	2022-11-22T16:39:05.789Z	Mexico	28 km SW of Las Brisas, Mexico	6.200000	10.000000	P495	OK	260.475000	260.666886	0.070285	7.028520	108.211000	0.013441	-0.003214	-0.068913	600	0.027809	2.780934	300	2.527395	N	low_pgd_snr	Y	crowell_2016_gfast	cm	3d	hypocentral	median	7.664485	1.464485	1.464485
us-us7000irjd-m6-2-20221122-28-km-sw-of-las-brisas-mexico	us7000irjd	2022-11-22T16:39:05.789Z	Mexico	28 km SW of Las Brisas, Mexico	6.200000	10.000000	P495	OK	260.475000	260.666886	0.070285	7.028520	108.211000	0.013441	-0.003214	-0.068913	600	0.027809	2.780934	300	2.527395	N	low_pgd_snr	Y	ruhl_2019	m	3d	hypocentral	median	7.235614	1.035614	1.035614
us-us7000irjd-m6-2-20221122-28-km-sw-of-las-brisas-mexico	us7000irjd	2022-11-22T16:39:05.789Z	Mexico	28 km SW of Las Brisas, Mexico	6.200000	10.000000	P496	WARN	230.209000	230.426092	0.075250	7.525038	24.211000	-0.007918	-0.000935	0.074827	600	0.020902	2.090152	300	3.600235	Y		Y	melgar_2015	cm	3d	hypocentral	median	7.365777	1.165777	1.165777
us-us7000irjd-m6-2-20221122-28-km-sw-of-las-brisas-mexico	us7000irjd	2022-11-22T16:39:05.789Z	Mexico	28 km SW of Las Brisas, Mexico	6.200000	10.000000	P496	WARN	230.209000	230.426092	0.075250	7.525038	24.211000	-0.007918	-0.000935	0.074827	600	0.020902	2.090152	300	3.600235	Y		Y	crowell_2016_gfast	cm	3d	hypocentral	median	7.605963	1.405963	1.405963
us-us7000irjd-m6-2-20221122-28-km-sw-of-las-brisas-mexico	us7000irjd	2022-11-22T16:39:05.789Z	Mexico	28 km SW of Las Brisas, Mexico	6.200000	10.000000	P496	WARN	230.209000	230.426092	0.075250	7.525038	24.211000	-0.007918	-0.000935	0.074827	600	0.020902	2.090152	300	3.600235	Y		Y	ruhl_2019	m	3d	hypocentral	median	7.195786	0.995786	0.995786
us-us7000irjd-m6-2-20221122-28-km-sw-of-las-brisas-mexico	us7000irjd	2022-11-22T16:39:05.789Z	Mexico	28 km SW of Las Brisas, Mexico	6.200000	10.000000	P497	OK	239.627000	239.835567	0.054399	5.439936	327.211000	0.007318	-0.004029	-0.053754	600	0.011263	1.126329	300	4.829791	N	late_pgd_peak	Y	melgar_2015	cm	3d	hypocentral	median	7.194261	0.994261	0.994261
us-us7000irjd-m6-2-20221122-28-km-sw-of-las-brisas-mexico	us7000irjd	2022-11-22T16:39:05.789Z	Mexico	28 km SW of Las Brisas, Mexico	6.200000	10.000000	P497	OK	239.627000	239.835567	0.054399	5.439936	327.211000	0.007318	-0.004029	-0.053754	600	0.011263	1.126329	300	4.829791	N	late_pgd_peak	Y	crowell_2016_gfast	cm	3d	hypocentral	median	7.492283	1.292283	1.292283
us-us7000irjd-m6-2-20221122-28-km-sw-of-las-brisas-mexico	us7000irjd	2022-11-22T16:39:05.789Z	Mexico	28 km SW of Las Brisas, Mexico	6.200000	10.000000	P497	OK	239.627000	239.835567	0.054399	5.439936	327.211000	0.007318	-0.004029	-0.053754	600	0.011263	1.126329	300	4.829791	N	late_pgd_peak	Y	ruhl_2019	m	3d	hypocentral	median	7.010854	0.810854	0.810854
us-us7000irjd-m6-2-20221122-28-km-sw-of-las-brisas-mexico	us7000irjd	2022-11-22T16:39:05.789Z	Mexico	28 km SW of Las Brisas, Mexico	6.200000	10.000000	P498	OK	246.557000	246.759710	0.038946	3.894624	107.211000	0.003882	-0.007688	-0.037982	600	0.011073	1.107329	300	3.517134	Y		Y	melgar_2015	cm	3d	hypocentral	median	7.008931	0.808931	0.808931
us-us7000irjd-m6-2-20221122-28-km-sw-of-las-brisas-mexico	us7000irjd	2022-11-22T16:39:05.789Z	Mexico	28 km SW of Las Brisas, Mexico	6.200000	10.000000	P498	OK	246.557000	246.759710	0.038946	3.894624	107.211000	0.003882	-0.007688	-0.037982	600	0.011073	1.107329	300	3.517134	Y		Y	crowell_2016_gfast	cm	3d	hypocentral	median	7.365458	1.165458	1.165458
us-us7000irjd-m6-2-20221122-28-km-sw-of-las-brisas-mexico	us7000irjd	2022-11-22T16:39:05.789Z	Mexico	28 km SW of Las Brisas, Mexico	6.200000	10.000000	P498	OK	246.557000	246.759710	0.038946	3.894624	107.211000	0.003882	-0.007688	-0.037982	600	0.011073	1.107329	300	3.517134	Y		Y	ruhl_2019	m	3d	hypocentral	median	6.810645	0.610645	0.610645
us-us7000irjd-m6-2-20221122-28-km-sw-of-las-brisas-mexico	us7000irjd	2022-11-22T16:39:05.789Z	Mexico	28 km SW of Las Brisas, Mexico	6.200000	10.000000	P499	OK	257.581000	257.775041	0.051800	5.179971	408.211000	0.007296	-0.004174	-0.051113	600	0.025768	2.576767	300	2.010260	N	low_pgd_snr,late_pgd_peak	Y	melgar_2015	cm	3d	hypocentral	median	7.208031	1.008031	1.008031
us-us7000irjd-m6-2-20221122-28-km-sw-of-las-brisas-mexico	us7000irjd	2022-11-22T16:39:05.789Z	Mexico	28 km SW of Las Brisas, Mexico	6.200000	10.000000	P499	OK	257.581000	257.775041	0.051800	5.179971	408.211000	0.007296	-0.004174	-0.051113	600	0.025768	2.576767	300	2.010260	N	low_pgd_snr,late_pgd_peak	Y	crowell_2016_gfast	cm	3d	hypocentral	median	7.521717	1.321717	1.321717
us-us7000irjd-m6-2-20221122-28-km-sw-of-las-brisas-mexico	us7000irjd	2022-11-22T16:39:05.789Z	Mexico	28 km SW of Las Brisas, Mexico	6.200000	10.000000	P499	OK	257.581000	257.775041	0.051800	5.179971	408.211000	0.007296	-0.004174	-0.051113	600	0.025768	2.576767	300	2.010260	N	low_pgd_snr,late_pgd_peak	Y	ruhl_2019	m	3d	hypocentral	median	7.026900	0.826900	0.826900
us-us7000irjd-m6-2-20221122-28-km-sw-of-las-brisas-mexico	us7000irjd	2022-11-22T16:39:05.789Z	Mexico	28 km SW of Las Brisas, Mexico	6.200000	10.000000	P500	OK	234.742000	234.954903	0.038006	3.800605	408.211000	0.006260	-0.002360	-0.037413	600	0.017914	1.791409	300	2.121574	N	low_pgd_snr,late_pgd_peak	Y	melgar_2015	cm	3d	hypocentral	median	6.965579	0.765579	0.765579
us-us7000irjd-m6-2-20221122-28-km-sw-of-las-brisas-mexico	us7000irjd	2022-11-22T16:39:05.789Z	Mexico	28 km SW of Las Brisas, Mexico	6.200000	10.000000	P500	OK	234.742000	234.954903	0.038006	3.800605	408.211000	0.006260	-0.002360	-0.037413	600	0.017914	1.791409	300	2.121574	N	low_pgd_snr,late_pgd_peak	Y	crowell_2016_gfast	cm	3d	hypocentral	median	7.320960	1.120960	1.120960
us-us7000irjd-m6-2-20221122-28-km-sw-of-las-brisas-mexico	us7000irjd	2022-11-22T16:39:05.789Z	Mexico	28 km SW of Las Brisas, Mexico	6.200000	10.000000	P500	OK	234.742000	234.954903	0.038006	3.800605	408.211000	0.006260	-0.002360	-0.037413	600	0.017914	1.791409	300	2.121574	N	low_pgd_snr,late_pgd_peak	Y	ruhl_2019	m	3d	hypocentral	median	6.763084	0.563084	0.563084
us-us7000irjd-m6-2-20221122-28-km-sw-of-las-brisas-mexico	us7000irjd	2022-11-22T16:39:05.789Z	Mexico	28 km SW of Las Brisas, Mexico	6.200000	10.000000	P501	OK	249.801000	250.001079	0.062165	6.216478	86.211000	-0.010465	-0.011859	0.060119	600	0.015091	1.509109	300	4.119303	Y		Y	melgar_2015	cm	3d	hypocentral	median	7.300183	1.100183	1.100183
us-us7000irjd-m6-2-20221122-28-km-sw-of-las-brisas-mexico	us7000irjd	2022-11-22T16:39:05.789Z	Mexico	28 km SW of Las Brisas, Mexico	6.200000	10.000000	P501	OK	249.801000	250.001079	0.062165	6.216478	86.211000	-0.010465	-0.011859	0.060119	600	0.015091	1.509109	300	4.119303	Y		Y	crowell_2016_gfast	cm	3d	hypocentral	median	7.580298	1.380298	1.380298
us-us7000irjd-m6-2-20221122-28-km-sw-of-las-brisas-mexico	us7000irjd	2022-11-22T16:39:05.789Z	Mexico	28 km SW of Las Brisas, Mexico	6.200000	10.000000	P501	OK	249.801000	250.001079	0.062165	6.216478	86.211000	-0.010465	-0.011859	0.060119	600	0.015091	1.509109	300	4.119303	Y		Y	ruhl_2019	m	3d	hypocentral	median	7.126199	0.926199	0.926199
us-us7000irjd-m6-2-20221122-28-km-sw-of-las-brisas-mexico	us7000irjd	2022-11-22T16:39:05.789Z	Mexico	28 km SW of Las Brisas, Mexico	6.200000	10.000000	P502	OK	260.010000	260.202229	0.038370	3.837043	326.211000	0.001132	-0.000262	-0.038353	600	0.010083	1.008312	300	3.805413	N	late_pgd_peak	Y	melgar_2015	cm	3d	hypocentral	median	7.031088	0.831088	0.831088
us-us7000irjd-m6-2-20221122-28-km-sw-of-las-brisas-mexico	us7000irjd	2022-11-22T16:39:05.789Z	Mexico	28 km SW of Las Brisas, Mexico	6.200000	10.000000	P502	OK	260.010000	260.202229	0.038370	3.837043	326.211000	0.001132	-0.000262	-0.038353	600	0.010083	1.008312	300	3.805413	N	late_pgd_peak	Y	crowell_2016_gfast	cm	3d	hypocentral	median	7.395813	1.195813	1.195813
us-us7000irjd-m6-2-20221122-28-km-sw-of-las-brisas-mexico	us7000irjd	2022-11-22T16:39:05.789Z	Mexico	28 km SW of Las Brisas, Mexico	6.200000	10.000000	P502	OK	260.010000	260.202229	0.038370	3.837043	326.211000	0.001132	-0.000262	-0.038353	600	0.010083	1.008312	300	3.805413	N	late_pgd_peak	Y	ruhl_2019	m	3d	hypocentral	median	6.835358	0.635358	0.635358
us-us7000irjd-m6-2-20221122-28-km-sw-of-las-brisas-mexico	us7000irjd	2022-11-22T16:39:05.789Z	Mexico	28 km SW of Las Brisas, Mexico	6.200000	10.000000	P505	WARN	299.889000	300.055682	0.055647	5.564656	409.211000	0.002824	-0.003956	-0.055434	600	0.022185	2.218548	300	2.508242	N	low_pgd_snr,late_pgd_peak	N	melgar_2015	cm	3d	hypocentral	median	7.345198	1.145198	1.145198
us-us7000irjd-m6-2-20221122-28-km-sw-of-las-brisas-mexico	us7000irjd	2022-11-22T16:39:05.789Z	Mexico	28 km SW of Las Brisas, Mexico	6.200000	10.000000	P505	WARN	299.889000	300.055682	0.055647	5.564656	409.211000	0.002824	-0.003956	-0.055434	600	0.022185	2.218548	300	2.508242	N	low_pgd_snr,late_pgd_peak	N	crowell_2016_gfast	cm	3d	hypocentral	median	7.663265	1.463265	1.463265
us-us7000irjd-m6-2-20221122-28-km-sw-of-las-brisas-mexico	us7000irjd	2022-11-22T16:39:05.789Z	Mexico	28 km SW of Las Brisas, Mexico	6.200000	10.000000	P505	WARN	299.889000	300.055682	0.055647	5.564656	409.211000	0.002824	-0.003956	-0.055434	600	0.022185	2.218548	300	2.508242	N	low_pgd_snr,late_pgd_peak	N	ruhl_2019	m	3d	hypocentral	median	7.178204	0.978204	0.978204
us-us7000irjd-m6-2-20221122-28-km-sw-of-las-brisas-mexico	us7000irjd	2022-11-22T16:39:05.789Z	Mexico	28 km SW of Las Brisas, Mexico	6.200000	10.000000	P507	WARN	277.460000	277.640148	0.052275	5.227488	326.211000	0.006341	-0.001958	-0.051852	600	0.012343	1.234304	300	4.235169	N	late_pgd_peak	Y	melgar_2015	cm	3d	hypocentral	median	7.258801	1.058801	1.058801
us-us7000irjd-m6-2-20221122-28-km-sw-of-las-brisas-mexico	us7000irjd	2022-11-22T16:39:05.789Z	Mexico	28 km SW of Las Brisas, Mexico	6.200000	10.000000	P507	WARN	277.460000	277.640148	0.052275	5.227488	326.211000	0.006341	-0.001958	-0.051852	600	0.012343	1.234304	300	4.235169	N	late_pgd_peak	Y	crowell_2016_gfast	cm	3d	hypocentral	median	7.578889	1.378889	1.378889
us-us7000irjd-m6-2-20221122-28-km-sw-of-las-brisas-mexico	us7000irjd	2022-11-22T16:39:05.789Z	Mexico	28 km SW of Las Brisas, Mexico	6.200000	10.000000	P507	WARN	277.460000	277.640148	0.052275	5.227488	326.211000	0.006341	-0.001958	-0.051852	600	0.012343	1.234304	300	4.235169	N	late_pgd_peak	Y	ruhl_2019	m	3d	hypocentral	median	7.083134	0.883134	0.883134
us-us7000irjd-m6-2-20221122-28-km-sw-of-las-brisas-mexico	us7000irjd	2022-11-22T16:39:05.789Z	Mexico	28 km SW of Las Brisas, Mexico	6.200000	10.000000	P508	OK	287.566000	287.739821	0.043691	4.369085	140.211000	-0.001305	-0.008640	-0.042808	600	0.014464	1.446415	300	3.020629	Y		Y	melgar_2015	cm	3d	hypocentral	median	7.170682	0.970682	0.970682
us-us7000irjd-m6-2-20221122-28-km-sw-of-las-brisas-mexico	us7000irjd	2022-11-22T16:39:05.789Z	Mexico	28 km SW of Las Brisas, Mexico	6.200000	10.000000	P508	OK	287.566000	287.739821	0.043691	4.369085	140.211000	-0.001305	-0.008640	-0.042808	600	0.014464	1.446415	300	3.020629	Y		Y	crowell_2016_gfast	cm	3d	hypocentral	median	7.524734	1.324734	1.324734
us-us7000irjd-m6-2-20221122-28-km-sw-of-las-brisas-mexico	us7000irjd	2022-11-22T16:39:05.789Z	Mexico	28 km SW of Las Brisas, Mexico	6.200000	10.000000	P508	OK	287.566000	287.739821	0.043691	4.369085	140.211000	-0.001305	-0.008640	-0.042808	600	0.014464	1.446415	300	3.020629	Y		Y	ruhl_2019	m	3d	hypocentral	median	6.988161	0.788161	0.788161
us-us7000irjd-m6-2-20221122-28-km-sw-of-las-brisas-mexico	us7000irjd	2022-11-22T16:39:05.789Z	Mexico	28 km SW of Las Brisas, Mexico	6.200000	10.000000	P509	OK	255.162000	255.357879	0.045037	4.503721	407.211000	0.003182	-0.002197	-0.044871	600	0.014555	1.455461	300	3.094361	N	late_pgd_peak	Y	melgar_2015	cm	3d	hypocentral	median	7.117342	0.917342	0.917342
us-us7000irjd-m6-2-20221122-28-km-sw-of-las-brisas-mexico	us7000irjd	2022-11-22T16:39:05.789Z	Mexico	28 km SW of Las Brisas, Mexico	6.200000	10.000000	P509	OK	255.162000	255.357879	0.045037	4.503721	407.211000	0.003182	-0.002197	-0.044871	600	0.014555	1.455461	300	3.094361	N	late_pgd_peak	Y	crowell_2016_gfast	cm	3d	hypocentral	median	7.453340	1.253340	1.253340
us-us7000irjd-m6-2-20221122-28-km-sw-of-las-brisas-mexico	us7000irjd	2022-11-22T16:39:05.789Z	Mexico	28 km SW of Las Brisas, Mexico	6.200000	10.000000	P509	OK	255.162000	255.357879	0.045037	4.503721	407.211000	0.003182	-0.002197	-0.044871	600	0.014555	1.455461	300	3.094361	N	late_pgd_peak	Y	ruhl_2019	m	3d	hypocentral	median	6.928523	0.728523	0.728523
us-us7000irjd-m6-2-20221122-28-km-sw-of-las-brisas-mexico	us7000irjd	2022-11-22T16:39:05.789Z	Mexico	28 km SW of Las Brisas, Mexico	6.200000	10.000000	P510	WARN	279.358000	279.536925	0.054011	5.401130	402.211000	0.000264	-0.009227	-0.053217	600	0.019187	1.918732	300	2.814947	N	low_pgd_snr,late_pgd_peak	Y	melgar_2015	cm	3d	hypocentral	median	7.282982	1.082982	1.082982
us-us7000irjd-m6-2-20221122-28-km-sw-of-las-brisas-mexico	us7000irjd	2022-11-22T16:39:05.789Z	Mexico	28 km SW of Las Brisas, Mexico	6.200000	10.000000	P510	WARN	279.358000	279.536925	0.054011	5.401130	402.211000	0.000264	-0.009227	-0.053217	600	0.019187	1.918732	300	2.814947	N	low_pgd_snr,late_pgd_peak	Y	crowell_2016_gfast	cm	3d	hypocentral	median	7.598334	1.398334	1.398334
us-us7000irjd-m6-2-20221122-28-km-sw-of-las-brisas-mexico	us7000irjd	2022-11-22T16:39:05.789Z	Mexico	28 km SW of Las Brisas, Mexico	6.200000	10.000000	P510	WARN	279.358000	279.536925	0.054011	5.401130	402.211000	0.000264	-0.009227	-0.053217	600	0.019187	1.918732	300	2.814947	N	low_pgd_snr,late_pgd_peak	Y	ruhl_2019	m	3d	hypocentral	median	7.109467	0.909467	0.909467
us-us7000irjd-m6-2-20221122-28-km-sw-of-las-brisas-mexico	us7000irjd	2022-11-22T16:39:05.789Z	Mexico	28 km SW of Las Brisas, Mexico	6.200000	10.000000	P744	OK	241.232000	241.439180	0.042421	4.242099	143.211000	0.005063	-0.009308	-0.041076	600	0.009292	0.929242	300	4.565116	Y		Y	melgar_2015	cm	3d	hypocentral	median	7.047862	0.847862	0.847862
us-us7000irjd-m6-2-20221122-28-km-sw-of-las-brisas-mexico	us7000irjd	2022-11-22T16:39:05.789Z	Mexico	28 km SW of Las Brisas, Mexico	6.200000	10.000000	P744	OK	241.232000	241.439180	0.042421	4.242099	143.211000	0.005063	-0.009308	-0.041076	600	0.009292	0.929242	300	4.565116	Y		Y	crowell_2016_gfast	cm	3d	hypocentral	median	7.387875	1.187875	1.187875
us-us7000irjd-m6-2-20221122-28-km-sw-of-las-brisas-mexico	us7000irjd	2022-11-22T16:39:05.789Z	Mexico	28 km SW of Las Brisas, Mexico	6.200000	10.000000	P744	OK	241.232000	241.439180	0.042421	4.242099	143.211000	0.005063	-0.009308	-0.041076	600	0.009292	0.929242	300	4.565116	Y		Y	ruhl_2019	m	3d	hypocentral	median	6.852494	0.652494	0.652494
us-us7000irjd-m6-2-20221122-28-km-sw-of-las-brisas-mexico	us7000irjd	2022-11-22T16:39:05.789Z	Mexico	28 km SW of Las Brisas, Mexico	6.200000	10.000000	P796	OK	244.456000	244.660450	0.048415	4.841498	401.211000	0.008881	0.000411	-0.047592	600	0.012060	1.206019	300	4.014446	N	late_pgd_peak	Y	melgar_2015	cm	3d	hypocentral	median	7.135678	0.935678	0.935678
us-us7000irjd-m6-2-20221122-28-km-sw-of-las-brisas-mexico	us7000irjd	2022-11-22T16:39:05.789Z	Mexico	28 km SW of Las Brisas, Mexico	6.200000	10.000000	P796	OK	244.456000	244.660450	0.048415	4.841498	401.211000	0.008881	0.000411	-0.047592	600	0.012060	1.206019	300	4.014446	N	late_pgd_peak	Y	crowell_2016_gfast	cm	3d	hypocentral	median	7.455124	1.255124	1.255124
us-us7000irjd-m6-2-20221122-28-km-sw-of-las-brisas-mexico	us7000irjd	2022-11-22T16:39:05.789Z	Mexico	28 km SW of Las Brisas, Mexico	6.200000	10.000000	P796	OK	244.456000	244.660450	0.048415	4.841498	401.211000	0.008881	0.000411	-0.047592	600	0.012060	1.206019	300	4.014446	N	late_pgd_peak	Y	ruhl_2019	m	3d	hypocentral	median	6.947744	0.747744	0.747744
us-us7000irjd-m6-2-20221122-28-km-sw-of-las-brisas-mexico	us7000irjd	2022-11-22T16:39:05.789Z	Mexico	28 km SW of Las Brisas, Mexico	6.200000	10.000000	PALX	OK	90.623000	91.173067	0.051503	5.150252	19.211000	-0.016058	0.001196	0.048921	600	0.015458	1.545845	300	3.331673	Y		Y	melgar_2015	cm	3d	hypocentral	median	6.626625	0.426625	0.426625
us-us7000irjd-m6-2-20221122-28-km-sw-of-las-brisas-mexico	us7000irjd	2022-11-22T16:39:05.789Z	Mexico	28 km SW of Las Brisas, Mexico	6.200000	10.000000	PALX	OK	90.623000	91.173067	0.051503	5.150252	19.211000	-0.016058	0.001196	0.048921	600	0.015458	1.545845	300	3.331673	Y		Y	crowell_2016_gfast	cm	3d	hypocentral	median	6.847036	0.647036	0.647036
us-us7000irjd-m6-2-20221122-28-km-sw-of-las-brisas-mexico	us7000irjd	2022-11-22T16:39:05.789Z	Mexico	28 km SW of Las Brisas, Mexico	6.200000	10.000000	PALX	OK	90.623000	91.173067	0.051503	5.150252	19.211000	-0.016058	0.001196	0.048921	600	0.015458	1.545845	300	3.331673	Y		Y	ruhl_2019	m	3d	hypocentral	median	6.388942	0.188942	0.188942
us-us7000irjd-m6-2-20221122-28-km-sw-of-las-brisas-mexico	us7000irjd	2022-11-22T16:39:05.789Z	Mexico	28 km SW of Las Brisas, Mexico	6.200000	10.000000	PTEX	OK	166.685000	166.984698	0.073644	7.364360	20.211000	-0.005454	0.011105	0.072597	600	0.013929	1.392868	300	5.287191	Y		Y	melgar_2015	cm	3d	hypocentral	median	7.161077	0.961077	0.961077
us-us7000irjd-m6-2-20221122-28-km-sw-of-las-brisas-mexico	us7000irjd	2022-11-22T16:39:05.789Z	Mexico	28 km SW of Las Brisas, Mexico	6.200000	10.000000	PTEX	OK	166.685000	166.984698	0.073644	7.364360	20.211000	-0.005454	0.011105	0.072597	600	0.013929	1.392868	300	5.287191	Y		Y	crowell_2016_gfast	cm	3d	hypocentral	median	7.374585	1.174585	1.174585
us-us7000irjd-m6-2-20221122-28-km-sw-of-las-brisas-mexico	us7000irjd	2022-11-22T16:39:05.789Z	Mexico	28 km SW of Las Brisas, Mexico	6.200000	10.000000	PTEX	OK	166.685000	166.984698	0.073644	7.364360	20.211000	-0.005454	0.011105	0.072597	600	0.013929	1.392868	300	5.287191	Y		Y	ruhl_2019	m	3d	hypocentral	median	6.969641	0.769641	0.769641
us-us7000irjd-m6-2-20221122-28-km-sw-of-las-brisas-mexico	us7000irjd	2022-11-22T16:39:05.789Z	Mexico	28 km SW of Las Brisas, Mexico	6.200000	10.000000	SLMS	OK	280.544000	280.722169	0.043900	4.390000	401.211000	0.005164	-0.006506	-0.043107	600	0.016803	1.680277	300	2.612665	N	low_pgd_snr,late_pgd_peak	Y	melgar_2015	cm	3d	hypocentral	median	7.158643	0.958643	0.958643
us-us7000irjd-m6-2-20221122-28-km-sw-of-las-brisas-mexico	us7000irjd	2022-11-22T16:39:05.789Z	Mexico	28 km SW of Las Brisas, Mexico	6.200000	10.000000	SLMS	OK	280.544000	280.722169	0.043900	4.390000	401.211000	0.005164	-0.006506	-0.043107	600	0.016803	1.680277	300	2.612665	N	low_pgd_snr,late_pgd_peak	Y	crowell_2016_gfast	cm	3d	hypocentral	median	7.509168	1.309168	1.309168
us-us7000irjd-m6-2-20221122-28-km-sw-of-las-brisas-mexico	us7000irjd	2022-11-22T16:39:05.789Z	Mexico	28 km SW of Las Brisas, Mexico	6.200000	10.000000	SLMS	OK	280.544000	280.722169	0.043900	4.390000	401.211000	0.005164	-0.006506	-0.043107	600	0.016803	1.680277	300	2.612665	N	low_pgd_snr,late_pgd_peak	Y	ruhl_2019	m	3d	hypocentral	median	6.974718	0.774718	0.774718
us-us7000irjd-m6-2-20221122-28-km-sw-of-las-brisas-mexico	us7000irjd	2022-11-22T16:39:05.789Z	Mexico	28 km SW of Las Brisas, Mexico	6.200000	10.000000	TNPP	WARN	269.610000	269.795389	0.043092	4.309188	408.211000	0.002684	-0.004894	-0.042729	600	0.016926	1.692577	300	2.545933	N	low_pgd_snr,late_pgd_peak	Y	melgar_2015	cm	3d	hypocentral	median	7.123363	0.923363	0.923363
us-us7000irjd-m6-2-20221122-28-km-sw-of-las-brisas-mexico	us7000irjd	2022-11-22T16:39:05.789Z	Mexico	28 km SW of Las Brisas, Mexico	6.200000	10.000000	TNPP	WARN	269.610000	269.795389	0.043092	4.309188	408.211000	0.002684	-0.004894	-0.042729	600	0.016926	1.692577	300	2.545933	N	low_pgd_snr,late_pgd_peak	Y	crowell_2016_gfast	cm	3d	hypocentral	median	7.472652	1.272652	1.272652
us-us7000irjd-m6-2-20221122-28-km-sw-of-las-brisas-mexico	us7000irjd	2022-11-22T16:39:05.789Z	Mexico	28 km SW of Las Brisas, Mexico	6.200000	10.000000	TNPP	WARN	269.610000	269.795389	0.043092	4.309188	408.211000	0.002684	-0.004894	-0.042729	600	0.016926	1.692577	300	2.545933	N	low_pgd_snr,late_pgd_peak	Y	ruhl_2019	m	3d	hypocentral	median	6.935865	0.735865	0.735865
us-us7000irjd-m6-2-20221122-28-km-sw-of-las-brisas-mexico	us7000irjd	2022-11-22T16:39:05.789Z	Mexico	28 km SW of Las Brisas, Mexico	6.200000	10.000000	USGC	OK	250.352000	250.551639	0.063558	6.355753	555.211000	-0.003274	0.008920	-0.062843	600	0.017101	1.710136	300	3.716520	N	late_pgd_peak	Y	melgar_2015	cm	3d	hypocentral	median	7.314968	1.114968	1.114968
us-us7000irjd-m6-2-20221122-28-km-sw-of-las-brisas-mexico	us7000irjd	2022-11-22T16:39:05.789Z	Mexico	28 km SW of Las Brisas, Mexico	6.200000	10.000000	USGC	OK	250.352000	250.551639	0.063558	6.355753	555.211000	-0.003274	0.008920	-0.062843	600	0.017101	1.710136	300	3.716520	N	late_pgd_peak	Y	crowell_2016_gfast	cm	3d	hypocentral	median	7.591622	1.391622	1.391622
us-us7000irjd-m6-2-20221122-28-km-sw-of-las-brisas-mexico	us7000irjd	2022-11-22T16:39:05.789Z	Mexico	28 km SW of Las Brisas, Mexico	6.200000	10.000000	USGC	OK	250.352000	250.551639	0.063558	6.355753	555.211000	-0.003274	0.008920	-0.062843	600	0.017101	1.710136	300	3.716520	N	late_pgd_peak	Y	ruhl_2019	m	3d	hypocentral	median	7.142247	0.942247	0.942247
us-us7000irjd-m6-2-20221122-28-km-sw-of-las-brisas-mexico	us7000irjd	2022-11-22T16:39:05.789Z	Mexico	28 km SW of Las Brisas, Mexico	6.200000	10.000000	VTOR	OK	280.745000	280.923041	0.045199	4.519911	404.211000	0.005416	-0.002340	-0.044812	600	0.014502	1.450207	300	3.116736	N	late_pgd_peak	Y	melgar_2015	cm	3d	hypocentral	median	7.176937	0.976937	0.976937
us-us7000irjd-m6-2-20221122-28-km-sw-of-las-brisas-mexico	us7000irjd	2022-11-22T16:39:05.789Z	Mexico	28 km SW of Las Brisas, Mexico	6.200000	10.000000	VTOR	OK	280.745000	280.923041	0.045199	4.519911	404.211000	0.005416	-0.002340	-0.044812	600	0.014502	1.450207	300	3.116736	N	late_pgd_peak	Y	crowell_2016_gfast	cm	3d	hypocentral	median	7.522656	1.322656	1.322656
us-us7000irjd-m6-2-20221122-28-km-sw-of-las-brisas-mexico	us7000irjd	2022-11-22T16:39:05.789Z	Mexico	28 km SW of Las Brisas, Mexico	6.200000	10.000000	VTOR	OK	280.745000	280.923041	0.045199	4.519911	404.211000	0.005416	-0.002340	-0.044812	600	0.014502	1.450207	300	3.116736	N	late_pgd_peak	Y	ruhl_2019	m	3d	hypocentral	median	6.994566	0.794566	0.794566
us-us7000kfnc-m6-3-20230714-offshore-chiapas-mexico	us7000kfnc	2023-07-14T09:29:00.404Z	Mexico	Offshore Chiapas, Mexico	6.300000	34.000000	CN25	OK	240.213000	242.607266	0.052512	5.251181	274.596000	0.025491	-0.008501	-0.045116	600	0.020313	2.031251	300	2.585196	N	low_pgd_snr	Y	melgar_2015	cm	3d	hypocentral	median	7.179798	0.879798	0.879798
us-us7000kfnc-m6-3-20230714-offshore-chiapas-mexico	us7000kfnc	2023-07-14T09:29:00.404Z	Mexico	Offshore Chiapas, Mexico	6.300000	34.000000	CN25	OK	240.213000	242.607266	0.052512	5.251181	274.596000	0.025491	-0.008501	-0.045116	600	0.020313	2.031251	300	2.585196	N	low_pgd_snr	Y	crowell_2016_gfast	cm	3d	hypocentral	median	7.484871	1.184871	1.184871
us-us7000kfnc-m6-3-20230714-offshore-chiapas-mexico	us7000kfnc	2023-07-14T09:29:00.404Z	Mexico	Offshore Chiapas, Mexico	6.300000	34.000000	CN25	OK	240.213000	242.607266	0.052512	5.251181	274.596000	0.025491	-0.008501	-0.045116	600	0.020313	2.031251	300	2.585196	N	low_pgd_snr	Y	ruhl_2019	m	3d	hypocentral	median	6.995377	0.695377	0.695377
us-us7000kg30-m7-2-20230716-2023-sand-point-alaska-earthquake	us7000kg30	2023-07-16T06:48:21.158000Z	United States	2023 Sand Point, Alaska Earthquake	7.200000	25.000000	AB06	OK	179.807000	181.536655	0.049422	4.942155	64.842000	0.000521	-0.000232	0.049418	600	0.012742	1.274154	300	3.878775	Y		Y	melgar_2015	cm	3d	hypocentral	median	6.974262	-0.225738	0.225738
us-us7000kg30-m7-2-20230716-2023-sand-point-alaska-earthquake	us7000kg30	2023-07-16T06:48:21.158000Z	United States	2023 Sand Point, Alaska Earthquake	7.200000	25.000000	AB06	OK	179.807000	181.536655	0.049422	4.942155	64.842000	0.000521	-0.000232	0.049418	600	0.012742	1.274154	300	3.878775	Y		Y	crowell_2016_gfast	cm	3d	hypocentral	median	7.260525	0.060525	0.060525
us-us7000kg30-m7-2-20230716-2023-sand-point-alaska-earthquake	us7000kg30	2023-07-16T06:48:21.158000Z	United States	2023 Sand Point, Alaska Earthquake	7.200000	25.000000	AB06	OK	179.807000	181.536655	0.049422	4.942155	64.842000	0.000521	-0.000232	0.049418	600	0.012742	1.274154	300	3.878775	Y		Y	ruhl_2019	m	3d	hypocentral	median	6.769264	-0.430736	0.430736
us-us7000kg30-m7-2-20230716-2023-sand-point-alaska-earthquake	us7000kg30	2023-07-16T06:48:21.158000Z	United States	2023 Sand Point, Alaska Earthquake	7.200000	25.000000	AB07	OK	107.934000	110.791463	0.059267	5.926736	30.842000	-0.030094	-0.044808	0.024478	600	0.011336	1.133565	300	5.228403	Y		Y	melgar_2015	cm	3d	hypocentral	median	6.807557	-0.392443	0.392443
us-us7000kg30-m7-2-20230716-2023-sand-point-alaska-earthquake	us7000kg30	2023-07-16T06:48:21.158000Z	United States	2023 Sand Point, Alaska Earthquake	7.200000	25.000000	AB07	OK	107.934000	110.791463	0.059267	5.926736	30.842000	-0.030094	-0.044808	0.024478	600	0.011336	1.133565	300	5.228403	Y		Y	crowell_2016_gfast	cm	3d	hypocentral	median	7.021164	-0.178836	0.178836
us-us7000kg30-m7-2-20230716-2023-sand-point-alaska-earthquake	us7000kg30	2023-07-16T06:48:21.158000Z	United States	2023 Sand Point, Alaska Earthquake	7.200000	25.000000	AB07	OK	107.934000	110.791463	0.059267	5.926736	30.842000	-0.030094	-0.044808	0.024478	600	0.011336	1.133565	300	5.228403	Y		Y	ruhl_2019	m	3d	hypocentral	median	6.584574	-0.615426	0.615426
us-us7000kg30-m7-2-20230716-2023-sand-point-alaska-earthquake	us7000kg30	2023-07-16T06:48:21.158000Z	United States	2023 Sand Point, Alaska Earthquake	7.200000	25.000000	AC12	OK	89.865000	93.277641	0.026982	2.698240	160.842000	0.009194	0.001796	-0.025304	600	0.009390	0.938959	300	2.873650	N	low_pgd_snr	Y	melgar_2015	cm	3d	hypocentral	median	6.276141	-0.923859	0.923859
us-us7000kg30-m7-2-20230716-2023-sand-point-alaska-earthquake	us7000kg30	2023-07-16T06:48:21.158000Z	United States	2023 Sand Point, Alaska Earthquake	7.200000	25.000000	AC12	OK	89.865000	93.277641	0.026982	2.698240	160.842000	0.009194	0.001796	-0.025304	600	0.009390	0.938959	300	2.873650	N	low_pgd_snr	Y	crowell_2016_gfast	cm	3d	hypocentral	median	6.600180	-0.599820	0.599820
us-us7000kg30-m7-2-20230716-2023-sand-point-alaska-earthquake	us7000kg30	2023-07-16T06:48:21.158000Z	United States	2023 Sand Point, Alaska Earthquake	7.200000	25.000000	AC12	OK	89.865000	93.277641	0.026982	2.698240	160.842000	0.009194	0.001796	-0.025304	600	0.009390	0.938959	300	2.873650	N	low_pgd_snr	Y	ruhl_2019	m	3d	hypocentral	median	6.013530	-1.186470	1.186470
us-us7000kg30-m7-2-20230716-2023-sand-point-alaska-earthquake	us7000kg30	2023-07-16T06:48:21.158000Z	United States	2023 Sand Point, Alaska Earthquake	7.200000	25.000000	AC21	OK	199.152000	200.715020	0.037413	3.741256	451.842000	0.006150	-0.010783	0.035293	600	0.022311	2.231099	300	1.676867	N	low_pgd_snr,late_pgd_peak	Y	melgar_2015	cm	3d	hypocentral	median	6.866039	-0.333961	0.333961
us-us7000kg30-m7-2-20230716-2023-sand-point-alaska-earthquake	us7000kg30	2023-07-16T06:48:21.158000Z	United States	2023 Sand Point, Alaska Earthquake	7.200000	25.000000	AC21	OK	199.152000	200.715020	0.037413	3.741256	451.842000	0.006150	-0.010783	0.035293	600	0.022311	2.231099	300	1.676867	N	low_pgd_snr,late_pgd_peak	Y	crowell_2016_gfast	cm	3d	hypocentral	median	7.207776	0.007776	0.007776
us-us7000kg30-m7-2-20230716-2023-sand-point-alaska-earthquake	us7000kg30	2023-07-16T06:48:21.158000Z	United States	2023 Sand Point, Alaska Earthquake	7.200000	25.000000	AC21	OK	199.152000	200.715020	0.037413	3.741256	451.842000	0.006150	-0.010783	0.035293	600	0.022311	2.231099	300	1.676867	N	low_pgd_snr,late_pgd_peak	Y	ruhl_2019	m	3d	hypocentral	median	6.653600	-0.546400	0.546400
us-us7000kg30-m7-2-20230716-2023-sand-point-alaska-earthquake	us7000kg30	2023-07-16T06:48:21.158000Z	United States	2023 Sand Point, Alaska Earthquake	7.200000	25.000000	AC25	OK	126.179000	128.631800	0.066419	6.641935	34.842000	0.062131	-0.000020	0.023479	600	0.042226	4.222605	300	1.572947	N	low_pgd_snr	Y	melgar_2015	cm	3d	hypocentral	median	6.953599	-0.246401	0.246401
us-us7000kg30-m7-2-20230716-2023-sand-point-alaska-earthquake	us7000kg30	2023-07-16T06:48:21.158000Z	United States	2023 Sand Point, Alaska Earthquake	7.200000	25.000000	AC25	OK	126.179000	128.631800	0.066419	6.641935	34.842000	0.062131	-0.000020	0.023479	600	0.042226	4.222605	300	1.572947	N	low_pgd_snr	Y	crowell_2016_gfast	cm	3d	hypocentral	median	7.161261	-0.038739	0.038739
us-us7000kg30-m7-2-20230716-2023-sand-point-alaska-earthquake	us7000kg30	2023-07-16T06:48:21.158000Z	United States	2023 Sand Point, Alaska Earthquake	7.200000	25.000000	AC25	OK	126.179000	128.631800	0.066419	6.641935	34.842000	0.062131	-0.000020	0.023479	600	0.042226	4.222605	300	1.572947	N	low_pgd_snr	Y	ruhl_2019	m	3d	hypocentral	median	6.742988	-0.457012	0.457012
us-us7000kg30-m7-2-20230716-2023-sand-point-alaska-earthquake	us7000kg30	2023-07-16T06:48:21.158000Z	United States	2023 Sand Point, Alaska Earthquake	7.200000	25.000000	AC28	OK	88.942000	92.388740	0.045452	4.545173	154.842000	0.004304	-0.022948	-0.038997	600	0.025428	2.542791	300	1.787474	N	low_pgd_snr	Y	melgar_2015	cm	3d	hypocentral	median	6.563437	-0.636563	0.636563
us-us7000kg30-m7-2-20230716-2023-sand-point-alaska-earthquake	us7000kg30	2023-07-16T06:48:21.158000Z	United States	2023 Sand Point, Alaska Earthquake	7.200000	25.000000	AC28	OK	88.942000	92.388740	0.045452	4.545173	154.842000	0.004304	-0.022948	-0.038997	600	0.025428	2.542791	300	1.787474	N	low_pgd_snr	Y	crowell_2016_gfast	cm	3d	hypocentral	median	6.804558	-0.395442	0.395442
us-us7000kg30-m7-2-20230716-2023-sand-point-alaska-earthquake	us7000kg30	2023-07-16T06:48:21.158000Z	United States	2023 Sand Point, Alaska Earthquake	7.200000	25.000000	AC28	OK	88.942000	92.388740	0.045452	4.545173	154.842000	0.004304	-0.022948	-0.038997	600	0.025428	2.542791	300	1.787474	N	low_pgd_snr	Y	ruhl_2019	m	3d	hypocentral	median	6.321331	-0.878669	0.878669
us-us7000kg30-m7-2-20230716-2023-sand-point-alaska-earthquake	us7000kg30	2023-07-16T06:48:21.158000Z	United States	2023 Sand Point, Alaska Earthquake	7.200000	25.000000	AC42	OK	131.045000	133.408366	0.054663	5.466315	35.842000	0.026717	-0.019347	0.043588	600	0.029575	2.957523	300	1.848275	N	low_pgd_snr	Y	melgar_2015	cm	3d	hypocentral	median	6.861516	-0.338484	0.338484
us-us7000kg30-m7-2-20230716-2023-sand-point-alaska-earthquake	us7000kg30	2023-07-16T06:48:21.158000Z	United States	2023 Sand Point, Alaska Earthquake	7.200000	25.000000	AC42	OK	131.045000	133.408366	0.054663	5.466315	35.842000	0.026717	-0.019347	0.043588	600	0.029575	2.957523	300	1.848275	N	low_pgd_snr	Y	crowell_2016_gfast	cm	3d	hypocentral	median	7.103538	-0.096462	0.096462
us-us7000kg30-m7-2-20230716-2023-sand-point-alaska-earthquake	us7000kg30	2023-07-16T06:48:21.158000Z	United States	2023 Sand Point, Alaska Earthquake	7.200000	25.000000	AC42	OK	131.045000	133.408366	0.054663	5.466315	35.842000	0.026717	-0.019347	0.043588	600	0.029575	2.957523	300	1.848275	N	low_pgd_snr	Y	ruhl_2019	m	3d	hypocentral	median	6.644367	-0.555633	0.555633
us-us7000n068-m6-20240719-168-km-sw-of-nikolski-alaska	us7000n068	2024-07-19T03:13:47.417000Z	United States	168 km SW of Nikolski, Alaska	6.000000	40.972000	AB02	OK	170.397000	175.253652	0.052911	5.291125	520.583000	0.001092	-0.009364	0.052065	600	0.014292	1.429222	300	3.702101	N	late_pgd_peak	Y	melgar_2015	cm	3d	hypocentral	median	6.994481	0.994481	0.994481
us-us7000n068-m6-20240719-168-km-sw-of-nikolski-alaska	us7000n068	2024-07-19T03:13:47.417000Z	United States	168 km SW of Nikolski, Alaska	6.000000	40.972000	AB02	OK	170.397000	175.253652	0.052911	5.291125	520.583000	0.001092	-0.009364	0.052065	600	0.014292	1.429222	300	3.702101	N	late_pgd_peak	Y	crowell_2016_gfast	cm	3d	hypocentral	median	7.266274	1.266274	1.266274
us-us7000n068-m6-20240719-168-km-sw-of-nikolski-alaska	us7000n068	2024-07-19T03:13:47.417000Z	United States	168 km SW of Nikolski, Alaska	6.000000	40.972000	AB02	OK	170.397000	175.253652	0.052911	5.291125	520.583000	0.001092	-0.009364	0.052065	600	0.014292	1.429222	300	3.702101	N	late_pgd_peak	Y	ruhl_2019	m	3d	hypocentral	median	6.790644	0.790644	0.790644
us-us7000np33-m6-20241030-267-km-w-of-bandon-oregon	us7000np33	2024-10-30T20:15:20.095000Z	United States	267 km W of Bandon, Oregon	6.000000	10.000000	CABL	OK	262.977000	263.167062	0.171498	17.149828	546.905000	-0.004765	-0.010878	0.171087	600	0.130647	13.064684	300	1.312686	N	low_pgd_snr,late_pgd_peak	Y	melgar_2015	cm	3d	hypocentral	median	7.949784	1.949784	1.949784
us-us7000np33-m6-20241030-267-km-w-of-bandon-oregon	us7000np33	2024-10-30T20:15:20.095000Z	United States	267 km W of Bandon, Oregon	6.000000	10.000000	CABL	OK	262.977000	263.167062	0.171498	17.149828	546.905000	-0.004765	-0.010878	0.171087	600	0.130647	13.064684	300	1.312686	N	low_pgd_snr,late_pgd_peak	Y	crowell_2016_gfast	cm	3d	hypocentral	median	8.065877	2.065877	2.065877
us-us7000np33-m6-20241030-267-km-w-of-bandon-oregon	us7000np33	2024-10-30T20:15:20.095000Z	United States	267 km W of Bandon, Oregon	6.000000	10.000000	CABL	OK	262.977000	263.167062	0.171498	17.149828	546.905000	-0.004765	-0.010878	0.171087	600	0.130647	13.064684	300	1.312686	N	low_pgd_snr,late_pgd_peak	Y	ruhl_2019	m	3d	hypocentral	median	7.830911	1.830911	1.830911
us-us7000np33-m6-20241030-267-km-w-of-bandon-oregon	us7000np33	2024-10-30T20:15:20.095000Z	United States	267 km W of Bandon, Oregon	6.000000	10.000000	P364	OK	267.116000	267.303119	0.117331	11.733099	414.905000	0.005119	-0.005597	0.117086	600	0.046592	4.659209	300	2.518259	N	low_pgd_snr,late_pgd_peak	Y	melgar_2015	cm	3d	hypocentral	median	7.728715	1.728715	1.728715
us-us7000np33-m6-20241030-267-km-w-of-bandon-oregon	us7000np33	2024-10-30T20:15:20.095000Z	United States	267 km W of Bandon, Oregon	6.000000	10.000000	P364	OK	267.116000	267.303119	0.117331	11.733099	414.905000	0.005119	-0.005597	0.117086	600	0.046592	4.659209	300	2.518259	N	low_pgd_snr,late_pgd_peak	Y	crowell_2016_gfast	cm	3d	hypocentral	median	7.909694	1.909694	1.909694
us-us7000np33-m6-20241030-267-km-w-of-bandon-oregon	us7000np33	2024-10-30T20:15:20.095000Z	United States	267 km W of Bandon, Oregon	6.000000	10.000000	P364	OK	267.116000	267.303119	0.117331	11.733099	414.905000	0.005119	-0.005597	0.117086	600	0.046592	4.659209	300	2.518259	N	low_pgd_snr,late_pgd_peak	Y	ruhl_2019	m	3d	hypocentral	median	7.591738	1.591738	1.591738
us-us7000np33-m6-20241030-267-km-w-of-bandon-oregon	us7000np33	2024-10-30T20:15:20.095000Z	United States	267 km W of Bandon, Oregon	6.000000	10.000000	P365	OK	274.125000	274.307338	0.140743	14.074345	330.905000	0.004089	-0.013281	0.140056	600	0.101196	10.119644	300	1.390795	N	low_pgd_snr,late_pgd_peak	Y	melgar_2015	cm	3d	hypocentral	median	7.856785	1.856785	1.856785
us-us7000np33-m6-20241030-267-km-w-of-bandon-oregon	us7000np33	2024-10-30T20:15:20.095000Z	United States	267 km W of Bandon, Oregon	6.000000	10.000000	P365	OK	274.125000	274.307338	0.140743	14.074345	330.905000	0.004089	-0.013281	0.140056	600	0.101196	10.119644	300	1.390795	N	low_pgd_snr,late_pgd_peak	Y	crowell_2016_gfast	cm	3d	hypocentral	median	8.009906	2.009906	2.009906
us-us7000np33-m6-20241030-267-km-w-of-bandon-oregon	us7000np33	2024-10-30T20:15:20.095000Z	United States	267 km W of Bandon, Oregon	6.000000	10.000000	P365	OK	274.125000	274.307338	0.140743	14.074345	330.905000	0.004089	-0.013281	0.140056	600	0.101196	10.119644	300	1.390795	N	low_pgd_snr,late_pgd_peak	Y	ruhl_2019	m	3d	hypocentral	median	7.731154	1.731154	1.731154
us-us7000np33-m6-20241030-267-km-w-of-bandon-oregon	us7000np33	2024-10-30T20:15:20.095000Z	United States	267 km W of Bandon, Oregon	6.000000	10.000000	P366	OK	294.895000	295.064503	0.024833	2.483345	486.905000	-0.000944	0.002369	0.024702	600	0.014478	1.447760	300	1.715301	N	low_pgd_snr,late_pgd_peak	Y	melgar_2015	cm	3d	hypocentral	median	6.838529	0.838529	0.838529
us-us7000np33-m6-20241030-267-km-w-of-bandon-oregon	us7000np33	2024-10-30T20:15:20.095000Z	United States	267 km W of Bandon, Oregon	6.000000	10.000000	P366	OK	294.895000	295.064503	0.024833	2.483345	486.905000	-0.000944	0.002369	0.024702	600	0.014478	1.447760	300	1.715301	N	low_pgd_snr,late_pgd_peak	Y	crowell_2016_gfast	cm	3d	hypocentral	median	7.290263	1.290263	1.290263
us-us7000np33-m6-20241030-267-km-w-of-bandon-oregon	us7000np33	2024-10-30T20:15:20.095000Z	United States	267 km W of Bandon, Oregon	6.000000	10.000000	P366	OK	294.895000	295.064503	0.024833	2.483345	486.905000	-0.000944	0.002369	0.024702	600	0.014478	1.447760	300	1.715301	N	low_pgd_snr,late_pgd_peak	Y	ruhl_2019	m	3d	hypocentral	median	6.628190	0.628190	0.628190
us-us7000np33-m6-20241030-267-km-w-of-bandon-oregon	us7000np33	2024-10-30T20:15:20.095000Z	United States	267 km W of Bandon, Oregon	6.000000	10.000000	P733	OK	291.578000	291.749430	0.062191	6.219108	260.905000	0.002552	0.003530	-0.062038	600	0.039490	3.948975	300	1.574866	N	low_pgd_snr	Y	melgar_2015	cm	3d	hypocentral	median	7.396033	1.396033	1.396033
us-us7000np33-m6-20241030-267-km-w-of-bandon-oregon	us7000np33	2024-10-30T20:15:20.095000Z	United States	267 km W of Bandon, Oregon	6.000000	10.000000	P733	OK	291.578000	291.749430	0.062191	6.219108	260.905000	0.002552	0.003530	-0.062038	600	0.039490	3.948975	300	1.574866	N	low_pgd_snr	Y	crowell_2016_gfast	cm	3d	hypocentral	median	7.692361	1.692361	1.692361
us-us7000np33-m6-20241030-267-km-w-of-bandon-oregon	us7000np33	2024-10-30T20:15:20.095000Z	United States	267 km W of Bandon, Oregon	6.000000	10.000000	P733	OK	291.578000	291.749430	0.062191	6.219108	260.905000	0.002552	0.003530	-0.062038	600	0.039490	3.948975	300	1.574866	N	low_pgd_snr	Y	ruhl_2019	m	3d	hypocentral	median	7.232841	1.232841	1.232841
us-us7000np33-m6-20241030-267-km-w-of-bandon-oregon	us7000np33	2024-10-30T20:15:20.095000Z	United States	267 km W of Bandon, Oregon	6.000000	10.000000	YACH	OK	295.824000	295.992971	0.056141	5.614143	1.905000	0.009313	-0.006368	0.054996	600	0.045635	4.563491	300	1.230230	N	low_pgd_snr	Y	melgar_2015	cm	3d	hypocentral	median	7.342144	1.342144	1.342144
us-us7000np33-m6-20241030-267-km-w-of-bandon-oregon	us7000np33	2024-10-30T20:15:20.095000Z	United States	267 km W of Bandon, Oregon	6.000000	10.000000	YACH	OK	295.824000	295.992971	0.056141	5.614143	1.905000	0.009313	-0.006368	0.054996	600	0.045635	4.563491	300	1.230230	N	low_pgd_snr	Y	crowell_2016_gfast	cm	3d	hypocentral	median	7.657227	1.657227	1.657227
us-us7000np33-m6-20241030-267-km-w-of-bandon-oregon	us7000np33	2024-10-30T20:15:20.095000Z	United States	267 km W of Bandon, Oregon	6.000000	10.000000	YACH	OK	295.824000	295.992971	0.056141	5.614143	1.905000	0.009313	-0.006368	0.054996	600	0.045635	4.563491	300	1.230230	N	low_pgd_snr	Y	ruhl_2019	m	3d	hypocentral	median	7.174643	1.174643	1.174643
us-us7000nx3z-m6-3-20241208-108-km-ssw-of-adak-alaska	us7000nx3z	2024-12-08T19:57:08.602000Z	United States	108 km SSW of Adak, Alaska	6.300000	18.000000	AB21	OK	106.405000	107.916746	0.029052	2.905202	226.398000	-0.005298	0.010334	0.026630	600	0.011724	1.172385	300	2.478028	N	low_pgd_snr	Y	melgar_2015	cm	3d	hypocentral	median	6.389563	0.089563	0.089563
us-us7000nx3z-m6-3-20241208-108-km-ssw-of-adak-alaska	us7000nx3z	2024-12-08T19:57:08.602000Z	United States	108 km SSW of Adak, Alaska	6.300000	18.000000	AB21	OK	106.405000	107.916746	0.029052	2.905202	226.398000	-0.005298	0.010334	0.026630	600	0.011724	1.172385	300	2.478028	N	low_pgd_snr	Y	crowell_2016_gfast	cm	3d	hypocentral	median	6.714291	0.414291	0.414291
us-us7000nx3z-m6-3-20241208-108-km-ssw-of-adak-alaska	us7000nx3z	2024-12-08T19:57:08.602000Z	United States	108 km SSW of Adak, Alaska	6.300000	18.000000	AB21	OK	106.405000	107.916746	0.029052	2.905202	226.398000	-0.005298	0.010334	0.026630	600	0.011724	1.172385	300	2.478028	N	low_pgd_snr	Y	ruhl_2019	m	3d	hypocentral	median	6.135765	-0.164235	0.164235
us-us7000nx3z-m6-3-20241208-108-km-ssw-of-adak-alaska	us7000nx3z	2024-12-08T19:57:08.602000Z	United States	108 km SSW of Adak, Alaska	6.300000	18.000000	AC66	OK	238.594000	239.272014	0.029142	2.914155	340.398000	-0.008952	0.006091	0.027055	600	0.007288	0.728752	300	3.998831	N	late_pgd_peak	Y	melgar_2015	cm	3d	hypocentral	median	6.815674	0.515674	0.515674
us-us7000nx3z-m6-3-20241208-108-km-ssw-of-adak-alaska	us7000nx3z	2024-12-08T19:57:08.602000Z	United States	108 km SSW of Adak, Alaska	6.300000	18.000000	AC66	OK	238.594000	239.272014	0.029142	2.914155	340.398000	-0.008952	0.006091	0.027055	600	0.007288	0.728752	300	3.998831	N	late_pgd_peak	Y	crowell_2016_gfast	cm	3d	hypocentral	median	7.217064	0.917064	0.917064
us-us7000nx3z-m6-3-20241208-108-km-ssw-of-adak-alaska	us7000nx3z	2024-12-08T19:57:08.602000Z	United States	108 km SSW of Adak, Alaska	6.300000	18.000000	AC66	OK	238.594000	239.272014	0.029142	2.914155	340.398000	-0.008952	0.006091	0.027055	600	0.007288	0.728752	300	3.998831	N	late_pgd_peak	Y	ruhl_2019	m	3d	hypocentral	median	6.601073	0.301073	0.301073
us-us7000pllu-m6-2-20250321-88-km-sse-of-adak-alaska	us7000pllu	2025-03-21T14:53:41.774000Z	United States	88 km SSE of Adak, Alaska	6.200000	17.000000	AB01	OK	173.970000	174.798630	0.079247	7.924651	278.226000	0.005086	-0.005504	0.078891	600	0.044007	4.400684	300	1.800777	N	low_pgd_snr	Y	melgar_2015	cm	3d	hypocentral	median	7.230868	1.030868	1.030868
us-us7000pllu-m6-2-20250321-88-km-sse-of-adak-alaska	us7000pllu	2025-03-21T14:53:41.774000Z	United States	88 km SSE of Adak, Alaska	6.200000	17.000000	AB01	OK	173.970000	174.798630	0.079247	7.924651	278.226000	0.005086	-0.005504	0.078891	600	0.044007	4.400684	300	1.800777	N	low_pgd_snr	Y	crowell_2016_gfast	cm	3d	hypocentral	median	7.436529	1.236529	1.236529
us-us7000pllu-m6-2-20250321-88-km-sse-of-adak-alaska	us7000pllu	2025-03-21T14:53:41.774000Z	United States	88 km SSE of Adak, Alaska	6.200000	17.000000	AB01	OK	173.970000	174.798630	0.079247	7.924651	278.226000	0.005086	-0.005504	0.078891	600	0.044007	4.400684	300	1.800777	N	low_pgd_snr	Y	ruhl_2019	m	3d	hypocentral	median	7.045561	0.845561	0.845561
us-us7000qe51-m6-2-20250720-91-km-sse-of-sand-point-alaska	us7000qe51	2025-07-20T22:28:00.041000Z	United States	91 km SSE of Sand Point, Alaska	6.200000	40.000000	AB07	OK	92.241000	100.540549	0.045667	4.566717	55.959000	0.001001	-0.027904	-0.036137	600	0.013692	1.369178	300	3.335370	Y		Y	melgar_2015	cm	3d	hypocentral	median	6.609260	0.409260	0.409260
us-us7000qe51-m6-2-20250720-91-km-sse-of-sand-point-alaska	us7000qe51	2025-07-20T22:28:00.041000Z	United States	91 km SSE of Sand Point, Alaska	6.200000	40.000000	AB07	OK	92.241000	100.540549	0.045667	4.566717	55.959000	0.001001	-0.027904	-0.036137	600	0.013692	1.369178	300	3.335370	Y		Y	crowell_2016_gfast	cm	3d	hypocentral	median	6.856380	0.656380	0.656380
us-us7000qe51-m6-2-20250720-91-km-sse-of-sand-point-alaska	us7000qe51	2025-07-20T22:28:00.041000Z	United States	91 km SSE of Sand Point, Alaska	6.200000	40.000000	AB07	OK	92.241000	100.540549	0.045667	4.566717	55.959000	0.001001	-0.027904	-0.036137	600	0.013692	1.369178	300	3.335370	Y		Y	ruhl_2019	m	3d	hypocentral	median	6.371025	0.171025	0.171025
us-us7000qe51-m6-2-20250720-91-km-sse-of-sand-point-alaska	us7000qe51	2025-07-20T22:28:00.041000Z	United States	91 km SSE of Sand Point, Alaska	6.200000	40.000000	AC12	OK	29.764000	49.858757	0.047606	4.760620	51.959000	0.006441	-0.016183	-0.044305	600	0.023638	2.363780	300	2.013986	N	low_pgd_snr	Y	melgar_2015	cm	3d	hypocentral	median	6.289640	0.089640	0.089640
us-us7000qe51-m6-2-20250720-91-km-sse-of-sand-point-alaska	us7000qe51	2025-07-20T22:28:00.041000Z	United States	91 km SSE of Sand Point, Alaska	6.200000	40.000000	AC12	OK	29.764000	49.858757	0.047606	4.760620	51.959000	0.006441	-0.016183	-0.044305	600	0.023638	2.363780	300	2.013986	N	low_pgd_snr	Y	crowell_2016_gfast	cm	3d	hypocentral	median	6.479081	0.279081	0.279081
us-us7000qe51-m6-2-20250720-91-km-sse-of-sand-point-alaska	us7000qe51	2025-07-20T22:28:00.041000Z	United States	91 km SSE of Sand Point, Alaska	6.200000	40.000000	AC12	OK	29.764000	49.858757	0.047606	4.760620	51.959000	0.006441	-0.016183	-0.044305	600	0.023638	2.363780	300	2.013986	N	low_pgd_snr	Y	ruhl_2019	m	3d	hypocentral	median	6.025823	-0.174177	0.174177
us-us7000qe51-m6-2-20250720-91-km-sse-of-sand-point-alaska	us7000qe51	2025-07-20T22:28:00.041000Z	United States	91 km SSE of Sand Point, Alaska	6.200000	40.000000	AC21	OK	153.098000	158.237156	0.060426	6.042591	53.959000	-0.002310	-0.021347	-0.056482	600	0.045267	4.526739	300	1.334866	N	low_pgd_snr	Y	melgar_2015	cm	3d	hypocentral	median	7.014466	0.814466	0.814466
us-us7000qe51-m6-2-20250720-91-km-sse-of-sand-point-alaska	us7000qe51	2025-07-20T22:28:00.041000Z	United States	91 km SSE of Sand Point, Alaska	6.200000	40.000000	AC21	OK	153.098000	158.237156	0.060426	6.042591	53.959000	-0.002310	-0.021347	-0.056482	600	0.045267	4.526739	300	1.334866	N	low_pgd_snr	Y	crowell_2016_gfast	cm	3d	hypocentral	median	7.255295	1.055295	1.055295
us-us7000qe51-m6-2-20250720-91-km-sse-of-sand-point-alaska	us7000qe51	2025-07-20T22:28:00.041000Z	United States	91 km SSE of Sand Point, Alaska	6.200000	40.000000	AC21	OK	153.098000	158.237156	0.060426	6.042591	53.959000	-0.002310	-0.021347	-0.056482	600	0.045267	4.526739	300	1.334866	N	low_pgd_snr	Y	ruhl_2019	m	3d	hypocentral	median	6.810928	0.610928	0.610928
us-us7000qe51-m6-2-20250720-91-km-sse-of-sand-point-alaska	us7000qe51	2025-07-20T22:28:00.041000Z	United States	91 km SSE of Sand Point, Alaska	6.200000	40.000000	AC25	OK	167.384000	172.097076	0.033876	3.387595	18.959000	-0.001164	0.021023	0.026538	600	0.020262	2.026203	300	1.671893	N	low_pgd_snr	Y	melgar_2015	cm	3d	hypocentral	median	6.721921	0.521921	0.521921
us-us7000qe51-m6-2-20250720-91-km-sse-of-sand-point-alaska	us7000qe51	2025-07-20T22:28:00.041000Z	United States	91 km SSE of Sand Point, Alaska	6.200000	40.000000	AC25	OK	167.384000	172.097076	0.033876	3.387595	18.959000	-0.001164	0.021023	0.026538	600	0.020262	2.026203	300	1.671893	N	low_pgd_snr	Y	crowell_2016_gfast	cm	3d	hypocentral	median	7.064687	0.864687	0.864687
us-us7000qe51-m6-2-20250720-91-km-sse-of-sand-point-alaska	us7000qe51	2025-07-20T22:28:00.041000Z	United States	91 km SSE of Sand Point, Alaska	6.200000	40.000000	AC25	OK	167.384000	172.097076	0.033876	3.387595	18.959000	-0.001164	0.021023	0.026538	600	0.020262	2.026203	300	1.671893	N	low_pgd_snr	Y	ruhl_2019	m	3d	hypocentral	median	6.496507	0.296507	0.296507
us-us7000qe51-m6-2-20250720-91-km-sse-of-sand-point-alaska	us7000qe51	2025-07-20T22:28:00.041000Z	United States	91 km SSE of Sand Point, Alaska	6.200000	40.000000	AC28	OK	54.346000	67.479536	0.036204	3.620428	150.959000	-0.005819	0.015426	-0.032233	600	0.024532	2.453155	300	1.475825	N	low_pgd_snr	Y	melgar_2015	cm	3d	hypocentral	median	6.283566	0.083566	0.083566
us-us7000qe51-m6-2-20250720-91-km-sse-of-sand-point-alaska	us7000qe51	2025-07-20T22:28:00.041000Z	United States	91 km SSE of Sand Point, Alaska	6.200000	40.000000	AC28	OK	54.346000	67.479536	0.036204	3.620428	150.959000	-0.005819	0.015426	-0.032233	600	0.024532	2.453155	300	1.475825	N	low_pgd_snr	Y	crowell_2016_gfast	cm	3d	hypocentral	median	6.536208	0.336208	0.336208
us-us7000qe51-m6-2-20250720-91-km-sse-of-sand-point-alaska	us7000qe51	2025-07-20T22:28:00.041000Z	United States	91 km SSE of Sand Point, Alaska	6.200000	40.000000	AC28	OK	54.346000	67.479536	0.036204	3.620428	150.959000	-0.005819	0.015426	-0.032233	600	0.024532	2.453155	300	1.475825	N	low_pgd_snr	Y	ruhl_2019	m	3d	hypocentral	median	6.020355	-0.179645	0.179645
us-us7000qe51-m6-2-20250720-91-km-sse-of-sand-point-alaska	us7000qe51	2025-07-20T22:28:00.041000Z	United States	91 km SSE of Sand Point, Alaska	6.200000	40.000000	AC42	OK	190.572000	194.724645	0.049255	4.925454	57.959000	-0.000079	0.023064	0.043521	600	0.039664	3.966393	300	1.241797	N	low_pgd_snr	Y	melgar_2015	cm	3d	hypocentral	median	7.012348	0.812348	0.812348
us-us7000qe51-m6-2-20250720-91-km-sse-of-sand-point-alaska	us7000qe51	2025-07-20T22:28:00.041000Z	United States	91 km SSE of Sand Point, Alaska	6.200000	40.000000	AC42	OK	190.572000	194.724645	0.049255	4.925454	57.959000	-0.000079	0.023064	0.043521	600	0.039664	3.966393	300	1.241797	N	low_pgd_snr	Y	crowell_2016_gfast	cm	3d	hypocentral	median	7.305920	1.105920	1.105920
us-us7000qe51-m6-2-20250720-91-km-sse-of-sand-point-alaska	us7000qe51	2025-07-20T22:28:00.041000Z	United States	91 km SSE of Sand Point, Alaska	6.200000	40.000000	AC42	OK	190.572000	194.724645	0.049255	4.925454	57.959000	-0.000079	0.023064	0.043521	600	0.039664	3.966393	300	1.241797	N	low_pgd_snr	Y	ruhl_2019	m	3d	hypocentral	median	6.811248	0.611248	0.611248
us-us7000rm3k-m6-5-20260102-0-km-w-of-san-marcos-mexico	us7000rm3k	2026-01-02T13:58:15.741Z	Mexico	0 km W of San Marcos, Mexico	6.500000	18.000000	TNAT	OK	206.233000	207.017029	0.025111	2.511135	242.259000	-0.001297	-0.002133	0.024987	600	0.010012	1.001205	300	2.508112	N	low_pgd_snr	Y	melgar_2015	cm	3d	hypocentral	median	6.645489	0.145489	0.145489
us-us7000rm3k-m6-5-20260102-0-km-w-of-san-marcos-mexico	us7000rm3k	2026-01-02T13:58:15.741Z	Mexico	0 km W of San Marcos, Mexico	6.500000	18.000000	TNAT	OK	206.233000	207.017029	0.025111	2.511135	242.259000	-0.001297	-0.002133	0.024987	600	0.010012	1.001205	300	2.508112	N	low_pgd_snr	Y	crowell_2016_gfast	cm	3d	hypocentral	median	7.056002	0.556002	0.556002
us-us7000rm3k-m6-5-20260102-0-km-w-of-san-marcos-mexico	us7000rm3k	2026-01-02T13:58:15.741Z	Mexico	0 km W of San Marcos, Mexico	6.500000	18.000000	TNAT	OK	206.233000	207.017029	0.025111	2.511135	242.259000	-0.001297	-0.002133	0.024987	600	0.010012	1.001205	300	2.508112	N	low_pgd_snr	Y	ruhl_2019	m	3d	hypocentral	median	6.415633	-0.084367	0.084367
us-us7000rq0d-m6-20260116-off-the-coast-of-oregon	us7000rq0d	2026-01-16T03:25:53.034000Z	United States	off the coast of Oregon	6.000000	10.000000	CABL	OK	298.267000	298.434588	0.024495	2.449531	40.966000	0.001355	-0.006054	0.023697	600	0.011563	1.156300	300	2.118421	N	low_pgd_snr	Y	melgar_2015	cm	3d	hypocentral	median	6.836687	0.836687	0.836687
us-us7000rq0d-m6-20260116-off-the-coast-of-oregon	us7000rq0d	2026-01-16T03:25:53.034000Z	United States	off the coast of Oregon	6.000000	10.000000	CABL	OK	298.267000	298.434588	0.024495	2.449531	40.966000	0.001355	-0.006054	0.023697	600	0.011563	1.156300	300	2.118421	N	low_pgd_snr	Y	crowell_2016_gfast	cm	3d	hypocentral	median	7.292057	1.292057	1.292057
us-us7000rq0d-m6-20260116-off-the-coast-of-oregon	us7000rq0d	2026-01-16T03:25:53.034000Z	United States	off the coast of Oregon	6.000000	10.000000	CABL	OK	298.267000	298.434588	0.024495	2.449531	40.966000	0.001355	-0.006054	0.023697	600	0.011563	1.156300	300	2.118421	N	low_pgd_snr	Y	ruhl_2019	m	3d	hypocentral	median	6.626323	0.626323	0.626323
us-usb000jdt7-m7-20130830-101-km-sw-of-atka-alaska	usb000jdt7	2013-08-30T16:25:02.300000Z	United States	101 km SW of Atka, Alaska	7.000000	29.000000	AB01	OK	102.675000	106.691872	0.074246	7.424635	4.700000	-0.000323	-0.041318	0.061687	600	0.079596	7.959623	300	0.932787	N	low_pgd_snr	Y	melgar_2015	cm	3d	hypocentral	median	6.915072	-0.084928	0.084928
us-usb000jdt7-m7-20130830-101-km-sw-of-atka-alaska	usb000jdt7	2013-08-30T16:25:02.300000Z	United States	101 km SW of Atka, Alaska	7.000000	29.000000	AB01	OK	102.675000	106.691872	0.074246	7.424635	4.700000	-0.000323	-0.041318	0.061687	600	0.079596	7.959623	300	0.932787	N	low_pgd_snr	Y	crowell_2016_gfast	cm	3d	hypocentral	median	7.089885	0.089885	0.089885
us-usb000jdt7-m7-20130830-101-km-sw-of-atka-alaska	usb000jdt7	2013-08-30T16:25:02.300000Z	United States	101 km SW of Atka, Alaska	7.000000	29.000000	AB01	OK	102.675000	106.691872	0.074246	7.424635	4.700000	-0.000323	-0.041318	0.061687	600	0.079596	7.959623	300	0.932787	N	low_pgd_snr	Y	ruhl_2019	m	3d	hypocentral	median	6.699587	-0.300413	0.300413
us-usb000je9f-m6-20130831-118-km-ssw-of-atka-alaska	usb000je9f	2013-08-31T06:38:36.350000Z	United States	118 km SSW of Atka, Alaska	6.000000	18.000000	AB01	OK	119.315000	120.665112	0.070389	7.038935	44.650000	-0.011724	0.023631	-0.065259	600	0.040913	4.091282	300	1.720472	N	low_pgd_snr	Y	melgar_2015	cm	3d	hypocentral	median	6.951714	0.951714	0.951714
us-usb000je9f-m6-20130831-118-km-ssw-of-atka-alaska	usb000je9f	2013-08-31T06:38:36.350000Z	United States	118 km SSW of Atka, Alaska	6.000000	18.000000	AB01	OK	119.315000	120.665112	0.070389	7.038935	44.650000	-0.011724	0.023631	-0.065259	600	0.040913	4.091282	300	1.720472	N	low_pgd_snr	Y	crowell_2016_gfast	cm	3d	hypocentral	median	7.144818	1.144818	1.144818
us-usb000je9f-m6-20130831-118-km-ssw-of-atka-alaska	usb000je9f	2013-08-31T06:38:36.350000Z	United States	118 km SSW of Atka, Alaska	6.000000	18.000000	AB01	OK	119.315000	120.665112	0.070389	7.038935	44.650000	-0.011724	0.023631	-0.065259	600	0.040913	4.091282	300	1.720472	N	low_pgd_snr	Y	ruhl_2019	m	3d	hypocentral	median	6.740250	0.740250	0.740250
us-usb000jgju-m6-5-20130904-81-km-ssw-of-atka-alaska	usb000jgju	2013-09-04T02:32:30.600000Z	United States	81 km SSW of Atka, Alaska	6.500000	20.000000	AB01	OK	82.151000	84.550499	0.045392	4.539174	177.400000	0.001691	0.021965	0.039687	600	0.017802	1.780222	300	2.549780	N	low_pgd_snr	Y	melgar_2015	cm	3d	hypocentral	median	6.518052	0.018052	0.018052
us-usb000jgju-m6-5-20130904-81-km-ssw-of-atka-alaska	usb000jgju	2013-09-04T02:32:30.600000Z	United States	81 km SSW of Atka, Alaska	6.500000	20.000000	AB01	OK	82.151000	84.550499	0.045392	4.539174	177.400000	0.001691	0.021965	0.039687	600	0.017802	1.780222	300	2.549780	N	low_pgd_snr	Y	crowell_2016_gfast	cm	3d	hypocentral	median	6.752479	0.252479	0.252479
us-usb000jgju-m6-5-20130904-81-km-ssw-of-atka-alaska	usb000jgju	2013-09-04T02:32:30.600000Z	United States	81 km SSW of Atka, Alaska	6.500000	20.000000	AB01	OK	82.151000	84.550499	0.045392	4.539174	177.400000	0.001691	0.021965	0.039687	600	0.017802	1.780222	300	2.549780	N	low_pgd_snr	Y	ruhl_2019	m	3d	hypocentral	median	6.272172	-0.227828	0.227828
us-usb000jguz-m6-20130904-82-km-ssw-of-atka-alaska	usb000jguz	2013-09-04T06:27:03.560000Z	United States	82 km SSW of Atka, Alaska	6.000000	17.000000	AB01	OK	83.618000	85.328600	0.032734	3.273423	123.440000	0.003364	0.010425	-0.030847	600	0.012039	1.203857	300	2.719112	N	low_pgd_snr	Y	melgar_2015	cm	3d	hypocentral	median	6.340737	0.340737	0.340737
us-usb000jguz-m6-20130904-82-km-ssw-of-atka-alaska	usb000jguz	2013-09-04T06:27:03.560000Z	United States	82 km SSW of Atka, Alaska	6.000000	17.000000	AB01	OK	83.618000	85.328600	0.032734	3.273423	123.440000	0.003364	0.010425	-0.030847	600	0.012039	1.203857	300	2.719112	N	low_pgd_snr	Y	crowell_2016_gfast	cm	3d	hypocentral	median	6.627127	0.627127	0.627127
us-usb000jguz-m6-20130904-82-km-ssw-of-atka-alaska	usb000jguz	2013-09-04T06:27:03.560000Z	United States	82 km SSW of Atka, Alaska	6.000000	17.000000	AB01	OK	83.618000	85.328600	0.032734	3.273423	123.440000	0.003364	0.010425	-0.030847	600	0.012039	1.203857	300	2.719112	N	low_pgd_snr	Y	ruhl_2019	m	3d	hypocentral	median	6.082380	0.082380	0.082380
us-usb000rtp6-m6-0-20140717-90-km-nnw-of-yakutat-alaska	usb000rtp6	2014-07-17T11:49:33.930000Z	United States	90 km NNW of Yakutat, Alaska	6.000000	10.000000	AB35	OK	116.109000	116.538834	0.036121	3.612063	49.070000	-0.013421	-0.018115	-0.028221	600	0.021747	2.174749	300	1.660910	N	low_pgd_snr	Y	melgar_2015	cm	3d	hypocentral	median	6.552347	0.552347	0.552347
us-usb000rtp6-m6-0-20140717-90-km-nnw-of-yakutat-alaska	usb000rtp6	2014-07-17T11:49:33.930000Z	United States	90 km NNW of Yakutat, Alaska	6.000000	10.000000	AB35	OK	116.109000	116.538834	0.036121	3.612063	49.070000	-0.013421	-0.018115	-0.028221	600	0.021747	2.174749	300	1.660910	N	low_pgd_snr	Y	crowell_2016_gfast	cm	3d	hypocentral	median	6.849050	0.849050	0.849050
us-usb000rtp6-m6-0-20140717-90-km-nnw-of-yakutat-alaska	usb000rtp6	2014-07-17T11:49:33.930000Z	United States	90 km NNW of Yakutat, Alaska	6.000000	10.000000	AB35	OK	116.109000	116.538834	0.036121	3.612063	49.070000	-0.013421	-0.018115	-0.028221	600	0.021747	2.174749	300	1.660910	N	low_pgd_snr	Y	ruhl_2019	m	3d	hypocentral	median	6.310962	0.310962	0.310962
us-usb000rtp6-m6-0-20140717-90-km-nnw-of-yakutat-alaska	usb000rtp6	2014-07-17T11:49:33.930000Z	United States	90 km NNW of Yakutat, Alaska	6.000000	10.000000	AB42	OK	133.535000	133.908910	0.045954	4.595443	299.070000	0.000010	-0.011106	0.044592	600	0.020327	2.032653	300	2.260810	N	low_pgd_snr	Y	melgar_2015	cm	3d	hypocentral	median	6.763537	0.763537	0.763537
us-usb000rtp6-m6-0-20140717-90-km-nnw-of-yakutat-alaska	usb000rtp6	2014-07-17T11:49:33.930000Z	United States	90 km NNW of Yakutat, Alaska	6.000000	10.000000	AB42	OK	133.535000	133.908910	0.045954	4.595443	299.070000	0.000010	-0.011106	0.044592	600	0.020327	2.032653	300	2.260810	N	low_pgd_snr	Y	crowell_2016_gfast	cm	3d	hypocentral	median	7.033773	1.033773	1.033773
us-usb000rtp6-m6-0-20140717-90-km-nnw-of-yakutat-alaska	usb000rtp6	2014-07-17T11:49:33.930000Z	United States	90 km NNW of Yakutat, Alaska	6.000000	10.000000	AB42	OK	133.535000	133.908910	0.045954	4.595443	299.070000	0.000010	-0.011106	0.044592	600	0.020327	2.032653	300	2.260810	N	low_pgd_snr	Y	ruhl_2019	m	3d	hypocentral	median	6.539031	0.539031	0.539031
us-usc000juwv-m6-1-20130915-77-km-ssw-of-atka-alaska	usc000juwv	2013-09-15T16:21:37.150000Z	United States	77 km SSW of Atka, Alaska	6.100000	24.020000	AB01	OK	78.783000	82.363350	0.089203	8.920342	51.850000	-0.001197	0.022304	0.086362	600	0.020476	2.047631	300	4.356421	Y		Y	melgar_2015	cm	3d	hypocentral	median	6.879867	0.779867	0.779867
us-usc000juwv-m6-1-20130915-77-km-ssw-of-atka-alaska	usc000juwv	2013-09-15T16:21:37.150000Z	United States	77 km SSW of Atka, Alaska	6.100000	24.020000	AB01	OK	78.783000	82.363350	0.089203	8.920342	51.850000	-0.001197	0.022304	0.086362	600	0.020476	2.047631	300	4.356421	Y		Y	crowell_2016_gfast	cm	3d	hypocentral	median	7.006560	0.906560	0.906560
us-usc000juwv-m6-1-20130915-77-km-ssw-of-atka-alaska	usc000juwv	2013-09-15T16:21:37.150000Z	United States	77 km SSW of Atka, Alaska	6.100000	24.020000	AB01	OK	78.783000	82.363350	0.089203	8.920342	51.850000	-0.001197	0.022304	0.086362	600	0.020476	2.047631	300	4.356421	Y		Y	ruhl_2019	m	3d	hypocentral	median	6.659269	0.559269	0.559269
us-usc000m1w9-m6-4-20140113-61-km-n-of-hatillo-puerto-rico	usc000m1w9	2014-01-13T04:01:03.240000Z	United States	61 km N of Hatillo, Puerto Rico	6.400000	20.000000	BYSP	OK	98.216000	100.231645	0.103215	10.321502	57.760000	0.022482	-0.018317	0.099057	600	0.029236	2.923624	300	3.530379	Y		Y	melgar_2015	cm	3d	hypocentral	median	7.067085	0.667085	0.667085
us-usc000m1w9-m6-4-20140113-61-km-n-of-hatillo-puerto-rico	usc000m1w9	2014-01-13T04:01:03.240000Z	United States	61 km N of Hatillo, Puerto Rico	6.400000	20.000000	BYSP	OK	98.216000	100.231645	0.103215	10.321502	57.760000	0.022482	-0.018317	0.099057	600	0.029236	2.923624	300	3.530379	Y		Y	crowell_2016_gfast	cm	3d	hypocentral	median	7.184970	0.784970	0.784970
us-usc000m1w9-m6-4-20140113-61-km-n-of-hatillo-puerto-rico	usc000m1w9	2014-01-13T04:01:03.240000Z	United States	61 km N of Hatillo, Puerto Rico	6.400000	20.000000	BYSP	OK	98.216000	100.231645	0.103215	10.321502	57.760000	0.022482	-0.018317	0.099057	600	0.029236	2.923624	300	3.530379	Y		Y	ruhl_2019	m	3d	hypocentral	median	6.861951	0.461951	0.461951
us-usc000m1w9-m6-4-20140113-61-km-n-of-hatillo-puerto-rico	usc000m1w9	2014-01-13T04:01:03.240000Z	United States	61 km N of Hatillo, Puerto Rico	6.400000	20.000000	MAYZ	OK	98.860000	100.862776	0.088866	8.886636	443.760000	-0.037054	0.037038	-0.071780	600	0.025397	2.539733	300	3.499044	N	late_pgd_peak	Y	melgar_2015	cm	3d	hypocentral	median	6.986166	0.586166	0.586166
us-usc000m1w9-m6-4-20140113-61-km-n-of-hatillo-puerto-rico	usc000m1w9	2014-01-13T04:01:03.240000Z	United States	61 km N of Hatillo, Puerto Rico	6.400000	20.000000	MAYZ	OK	98.860000	100.862776	0.088866	8.886636	443.760000	-0.037054	0.037038	-0.071780	600	0.025397	2.539733	300	3.499044	N	late_pgd_peak	Y	crowell_2016_gfast	cm	3d	hypocentral	median	7.128198	0.728198	0.728198
us-usc000m1w9-m6-4-20140113-61-km-n-of-hatillo-puerto-rico	usc000m1w9	2014-01-13T04:01:03.240000Z	United States	61 km N of Hatillo, Puerto Rico	6.400000	20.000000	MAYZ	OK	98.860000	100.862776	0.088866	8.886636	443.760000	-0.037054	0.037038	-0.071780	600	0.025397	2.539733	300	3.499044	N	late_pgd_peak	Y	ruhl_2019	m	3d	hypocentral	median	6.775247	0.375247	0.375247
us-usc000myqq-m6-1-20140226-210-km-wnw-of-nikolski-alaska	usc000myqq	2014-02-26T21:13:40.110000Z	United States	210 km WNW of Nikolski, Alaska	6.100000	265.000000	AB01	OK	222.743000	346.178341	0.064396	6.439588	436.890000	-0.004273	-0.017494	-0.061827	600	0.032254	3.225432	300	1.996504	N	low_pgd_snr,late_pgd_peak	N	melgar_2015	cm	3d	hypocentral	median	7.526607	1.426607	1.426607
us-usc000myqq-m6-1-20140226-210-km-wnw-of-nikolski-alaska	usc000myqq	2014-02-26T21:13:40.110000Z	United States	210 km WNW of Nikolski, Alaska	6.100000	265.000000	AB01	OK	222.743000	346.178341	0.064396	6.439588	436.890000	-0.004273	-0.017494	-0.061827	600	0.032254	3.225432	300	1.996504	N	low_pgd_snr,late_pgd_peak	N	crowell_2016_gfast	cm	3d	hypocentral	median	7.836021	1.736021	1.736021
us-usc000myqq-m6-1-20140226-210-km-wnw-of-nikolski-alaska	usc000myqq	2014-02-26T21:13:40.110000Z	United States	210 km WNW of Nikolski, Alaska	6.100000	265.000000	AB01	OK	222.743000	346.178341	0.064396	6.439588	436.890000	-0.004273	-0.017494	-0.061827	600	0.032254	3.225432	300	1.996504	N	low_pgd_snr,late_pgd_peak	N	ruhl_2019	m	3d	hypocentral	median	7.378038	1.278038	1.278038
us-usc000myqq-m6-1-20140226-210-km-wnw-of-nikolski-alaska	usc000myqq	2014-02-26T21:13:40.110000Z	United States	210 km WNW of Nikolski, Alaska	6.100000	265.000000	AB02	OK	209.384000	337.737560	0.038094	3.809357	104.890000	0.002406	-0.000540	-0.038014	600	0.018805	1.880452	300	2.025767	N	low_pgd_snr	N	melgar_2015	cm	3d	hypocentral	median	7.184024	1.084024	1.084024
us-usc000myqq-m6-1-20140226-210-km-wnw-of-nikolski-alaska	usc000myqq	2014-02-26T21:13:40.110000Z	United States	210 km WNW of Nikolski, Alaska	6.100000	265.000000	AB02	OK	209.384000	337.737560	0.038094	3.809357	104.890000	0.002406	-0.000540	-0.038014	600	0.018805	1.880452	300	2.025767	N	low_pgd_snr	N	crowell_2016_gfast	cm	3d	hypocentral	median	7.579490	1.479490	1.479490
us-usc000myqq-m6-1-20140226-210-km-wnw-of-nikolski-alaska	usc000myqq	2014-02-26T21:13:40.110000Z	United States	210 km WNW of Nikolski, Alaska	6.100000	265.000000	AB02	OK	209.384000	337.737560	0.038094	3.809357	104.890000	0.002406	-0.000540	-0.038014	600	0.018805	1.880452	300	2.025767	N	low_pgd_snr	N	ruhl_2019	m	3d	hypocentral	median	7.005230	0.905230	0.905230
us-usp000jhpg-m6-20120411-266-km-w-of-bandon-oregon	usp000jhpg	2012-04-11T22:41:46.040000Z	United States	266 km W of Bandon, Oregon	6.000000	8.000000	CABL	WARN	262.678000	262.799794	0.028678	2.867787	281.960000	-0.004851	-0.023416	0.015830	600	0.013581	1.358135	300	2.111563	N	low_pgd_snr	Y	melgar_2015	cm	3d	hypocentral	median	6.859632	0.859632	0.859632
us-usp000jhpg-m6-20120411-266-km-w-of-bandon-oregon	usp000jhpg	2012-04-11T22:41:46.040000Z	United States	266 km W of Bandon, Oregon	6.000000	8.000000	CABL	WARN	262.678000	262.799794	0.028678	2.867787	281.960000	-0.004851	-0.023416	0.015830	600	0.013581	1.358135	300	2.111563	N	low_pgd_snr	Y	crowell_2016_gfast	cm	3d	hypocentral	median	7.274023	1.274023	1.274023
us-usp000jhpg-m6-20120411-266-km-w-of-bandon-oregon	usp000jhpg	2012-04-11T22:41:46.040000Z	United States	266 km W of Bandon, Oregon	6.000000	8.000000	CABL	WARN	262.678000	262.799794	0.028678	2.867787	281.960000	-0.004851	-0.023416	0.015830	600	0.013581	1.358135	300	2.111563	N	low_pgd_snr	Y	ruhl_2019	m	3d	hypocentral	median	6.649727	0.649727	0.649727
us-usp000jhpg-m6-20120411-266-km-w-of-bandon-oregon	usp000jhpg	2012-04-11T22:41:46.040000Z	United States	266 km W of Bandon, Oregon	6.000000	8.000000	P364	OK	266.811000	266.930908	0.047997	4.799729	285.960000	-0.000832	-0.022565	0.042354	600	0.012549	1.254859	300	3.824915	Y		Y	melgar_2015	cm	3d	hypocentral	median	7.182710	1.182710	1.182710
us-usp000jhpg-m6-20120411-266-km-w-of-bandon-oregon	usp000jhpg	2012-04-11T22:41:46.040000Z	United States	266 km W of Bandon, Oregon	6.000000	8.000000	P364	OK	266.811000	266.930908	0.047997	4.799729	285.960000	-0.000832	-0.022565	0.042354	600	0.012549	1.254859	300	3.824915	Y		Y	crowell_2016_gfast	cm	3d	hypocentral	median	7.512834	1.512834	1.512834
us-usp000jhpg-m6-20120411-266-km-w-of-bandon-oregon	usp000jhpg	2012-04-11T22:41:46.040000Z	United States	266 km W of Bandon, Oregon	6.000000	8.000000	P364	OK	266.811000	266.930908	0.047997	4.799729	285.960000	-0.000832	-0.022565	0.042354	600	0.012549	1.254859	300	3.824915	Y		Y	ruhl_2019	m	3d	hypocentral	median	7.000018	1.000018	1.000018
us-usp000jhpg-m6-20120411-266-km-w-of-bandon-oregon	usp000jhpg	2012-04-11T22:41:46.040000Z	United States	266 km W of Bandon, Oregon	6.000000	8.000000	P365	OK	273.817000	273.933841	0.035553	3.555323	314.960000	0.015709	-0.006053	-0.031315	600	0.020364	2.036421	300	1.745869	N	low_pgd_snr,late_pgd_peak	Y	melgar_2015	cm	3d	hypocentral	median	7.014980	1.014980	1.014980
us-usp000jhpg-m6-20120411-266-km-w-of-bandon-oregon	usp000jhpg	2012-04-11T22:41:46.040000Z	United States	266 km W of Bandon, Oregon	6.000000	8.000000	P365	OK	273.817000	273.933841	0.035553	3.555323	314.960000	0.015709	-0.006053	-0.031315	600	0.020364	2.036421	300	1.745869	N	low_pgd_snr,late_pgd_peak	Y	crowell_2016_gfast	cm	3d	hypocentral	median	7.398094	1.398094	1.398094
us-usp000jhpg-m6-20120411-266-km-w-of-bandon-oregon	usp000jhpg	2012-04-11T22:41:46.040000Z	United States	266 km W of Bandon, Oregon	6.000000	8.000000	P365	OK	273.817000	273.933841	0.035553	3.555323	314.960000	0.015709	-0.006053	-0.031315	600	0.020364	2.036421	300	1.745869	N	low_pgd_snr,late_pgd_peak	Y	ruhl_2019	m	3d	hypocentral	median	6.818607	0.818607	0.818607
us-usp000jhpg-m6-20120411-266-km-w-of-bandon-oregon	usp000jhpg	2012-04-11T22:41:46.040000Z	United States	266 km W of Bandon, Oregon	6.000000	8.000000	P366	OK	294.589000	294.697606	0.085144	8.514353	254.960000	-0.015904	0.011617	-0.082834	600	0.032472	3.247210	300	2.622052	N	low_pgd_snr	Y	melgar_2015	cm	3d	hypocentral	median	7.595517	1.595517	1.595517
us-usp000jhpg-m6-20120411-266-km-w-of-bandon-oregon	usp000jhpg	2012-04-11T22:41:46.040000Z	United States	266 km W of Bandon, Oregon	6.000000	8.000000	P366	OK	294.589000	294.697606	0.085144	8.514353	254.960000	-0.015904	0.011617	-0.082834	600	0.032472	3.247210	300	2.622052	N	low_pgd_snr	Y	crowell_2016_gfast	cm	3d	hypocentral	median	7.840178	1.840178	1.840178
us-usp000jhpg-m6-20120411-266-km-w-of-bandon-oregon	usp000jhpg	2012-04-11T22:41:46.040000Z	United States	266 km W of Bandon, Oregon	6.000000	8.000000	P366	OK	294.589000	294.697606	0.085144	8.514353	254.960000	-0.015904	0.011617	-0.082834	600	0.032472	3.247210	300	2.622052	N	low_pgd_snr	Y	ruhl_2019	m	3d	hypocentral	median	7.449456	1.449456	1.449456
us-usp000jhpg-m6-20120411-266-km-w-of-bandon-oregon	usp000jhpg	2012-04-11T22:41:46.040000Z	United States	266 km W of Bandon, Oregon	6.000000	8.000000	P733	WARN	291.290000	291.399835	0.031193	3.119327	194.960000	0.001893	-0.011442	0.028957	600	0.013531	1.353053	300	2.305400	N	low_pgd_snr	Y	melgar_2015	cm	3d	hypocentral	median	6.971364	0.971364	0.971364
us-usp000jhpg-m6-20120411-266-km-w-of-bandon-oregon	usp000jhpg	2012-04-11T22:41:46.040000Z	United States	266 km W of Bandon, Oregon	6.000000	8.000000	P733	WARN	291.290000	291.399835	0.031193	3.119327	194.960000	0.001893	-0.011442	0.028957	600	0.013531	1.353053	300	2.305400	N	low_pgd_snr	Y	crowell_2016_gfast	cm	3d	hypocentral	median	7.383370	1.383370	1.383370
us-usp000jhpg-m6-20120411-266-km-w-of-bandon-oregon	usp000jhpg	2012-04-11T22:41:46.040000Z	United States	266 km W of Bandon, Oregon	6.000000	8.000000	P733	WARN	291.290000	291.399835	0.031193	3.119327	194.960000	0.001893	-0.011442	0.028957	600	0.013531	1.353053	300	2.305400	N	low_pgd_snr	Y	ruhl_2019	m	3d	hypocentral	median	6.772143	0.772143	0.772143
us-usp000jt0h-m6-4-20120926-118-km-wsw-of-adak-alaska	usp000jt0h	2012-09-26T23:39:55.110000Z	United States	118 km WSW of Adak, Alaska	6.400000	16.000000	AB01	OK	288.863000	289.305777	0.055098	5.509828	242.890000	-0.012675	0.002010	-0.053583	600	0.019786	1.978561	300	2.784766	N	low_pgd_snr	Y	melgar_2015	cm	3d	hypocentral	median	7.316413	0.916413	0.916413
us-usp000jt0h-m6-4-20120926-118-km-wsw-of-adak-alaska	usp000jt0h	2012-09-26T23:39:55.110000Z	United States	118 km WSW of Adak, Alaska	6.400000	16.000000	AB01	OK	288.863000	289.305777	0.055098	5.509828	242.890000	-0.012675	0.002010	-0.053583	600	0.019786	1.978561	300	2.784766	N	low_pgd_snr	Y	crowell_2016_gfast	cm	3d	hypocentral	median	7.632149	1.232149	1.232149
us-usp000jt0h-m6-4-20120926-118-km-wsw-of-adak-alaska	usp000jt0h	2012-09-26T23:39:55.110000Z	United States	118 km WSW of Adak, Alaska	6.400000	16.000000	AB01	OK	288.863000	289.305777	0.055098	5.509828	242.890000	-0.012675	0.002010	-0.053583	600	0.019786	1.978561	300	2.784766	N	low_pgd_snr	Y	ruhl_2019	m	3d	hypocentral	median	7.146320	0.746320	0.746320
us-usp000jt0h-m6-4-20120926-118-km-wsw-of-adak-alaska	usp000jt0h	2012-09-26T23:39:55.110000Z	United States	118 km WSW of Adak, Alaska	6.400000	16.000000	AB21	OK	116.429000	117.523240	0.055817	5.581711	242.890000	-0.000844	0.010490	-0.054816	600	0.016476	1.647553	300	3.387881	Y		Y	melgar_2015	cm	3d	hypocentral	median	6.804954	0.404954	0.404954
us-usp000jt0h-m6-4-20120926-118-km-wsw-of-adak-alaska	usp000jt0h	2012-09-26T23:39:55.110000Z	United States	118 km WSW of Adak, Alaska	6.400000	16.000000	AB21	OK	116.429000	117.523240	0.055817	5.581711	242.890000	-0.000844	0.010490	-0.054816	600	0.016476	1.647553	300	3.387881	Y		Y	crowell_2016_gfast	cm	3d	hypocentral	median	7.032936	0.632936	0.632936
us-usp000jt0h-m6-4-20120926-118-km-wsw-of-adak-alaska	usp000jt0h	2012-09-26T23:39:55.110000Z	United States	118 km WSW of Adak, Alaska	6.400000	16.000000	AB21	OK	116.429000	117.523240	0.055817	5.581711	242.890000	-0.000844	0.010490	-0.054816	600	0.016476	1.647553	300	3.387881	Y		Y	ruhl_2019	m	3d	hypocentral	median	6.582331	0.182331	0.182331
us-usp000jwyb-m6-3-20121214-279-km-ssw-of-avalon-california	usp000jwyb	2012-12-14T10:36:01.590000Z	United States	279 km SSW of Avalon, California	6.300000	13.000000	CAT2	OK	276.253000	276.558710	0.044240	4.424048	326.410000	-0.012870	0.003303	-0.042198	600	0.020573	2.057251	300	2.150466	N	low_pgd_snr,late_pgd_peak	Y	melgar_2015	cm	3d	hypocentral	median	7.154340	0.854340	0.854340
us-usp000jwyb-m6-3-20121214-279-km-ssw-of-avalon-california	usp000jwyb	2012-12-14T10:36:01.590000Z	United States	279 km SSW of Avalon, California	6.300000	13.000000	CAT2	OK	276.253000	276.558710	0.044240	4.424048	326.410000	-0.012870	0.003303	-0.042198	600	0.020573	2.057251	300	2.150466	N	low_pgd_snr,late_pgd_peak	Y	crowell_2016_gfast	cm	3d	hypocentral	median	7.501932	1.201932	1.201932
us-usp000jwyb-m6-3-20121214-279-km-ssw-of-avalon-california	usp000jwyb	2012-12-14T10:36:01.590000Z	United States	279 km SSW of Avalon, California	6.300000	13.000000	CAT2	OK	276.253000	276.558710	0.044240	4.424048	326.410000	-0.012870	0.003303	-0.042198	600	0.020573	2.057251	300	2.150466	N	low_pgd_snr,late_pgd_peak	Y	ruhl_2019	m	3d	hypocentral	median	6.969820	0.669820	0.669820
us-usp000jwyb-m6-3-20121214-279-km-ssw-of-avalon-california	usp000jwyb	2012-12-14T10:36:01.590000Z	United States	279 km SSW of Avalon, California	6.300000	13.000000	P475	OK	287.342000	287.635924	0.071210	7.121018	357.410000	0.009720	0.028660	0.064459	600	0.030064	3.006410	300	2.368612	N	low_pgd_snr,late_pgd_peak	Y	melgar_2015	cm	3d	hypocentral	median	7.470247	1.170247	1.170247
us-usp000jwyb-m6-3-20121214-279-km-ssw-of-avalon-california	usp000jwyb	2012-12-14T10:36:01.590000Z	United States	279 km SSW of Avalon, California	6.300000	13.000000	P475	OK	287.342000	287.635924	0.071210	7.121018	357.410000	0.009720	0.028660	0.064459	600	0.030064	3.006410	300	2.368612	N	low_pgd_snr,late_pgd_peak	Y	crowell_2016_gfast	cm	3d	hypocentral	median	7.742333	1.442333	1.442333
us-usp000jwyb-m6-3-20121214-279-km-ssw-of-avalon-california	usp000jwyb	2012-12-14T10:36:01.590000Z	United States	279 km SSW of Avalon, California	6.300000	13.000000	P475	OK	287.342000	287.635924	0.071210	7.121018	357.410000	0.009720	0.028660	0.064459	600	0.030064	3.006410	300	2.368612	N	low_pgd_snr,late_pgd_peak	Y	ruhl_2019	m	3d	hypocentral	median	7.313070	1.013070	1.013070
