event_dir,event_id,event_time,country,region,source,place,usgs_magnitude,depth_km,formula,pgd_component,distance_mode,station_aggregation,station_count,usable_station_count,near_station_count,median_pgd_snr,median_distance_km,pgd_reliability,reliability_flags,estimated_mw_median,estimated_mw_p16,estimated_mw_p84,residual_mw,abs_residual_mw,usable_estimated_mw_median,usable_residual_mw,usable_abs_residual_mw,station_residual_mean,station_residual_rmse,raw_estimated_mw_median,raw_residual_mw,calibration,calibration_intercept,calibration_slope,full_sample_calibration_intercept,full_sample_calibration_slope
au-us7000pvtr-m6-8-20250429-macquarie-island-region,us7000pvtr,2025-04-29T14:53:37.897Z,Americas,Americas,EarthScope PRIDE PPP-AR kin quality-passing stations,Macquarie Island region,6.800000,18.957000,melgar_2015,3d,hypocentral,median,1,1,1,3.020086,215.590069,LOW,,6.380995,6.380995,6.380995,-0.419005,0.419005,6.380995,-0.419005,0.419005,-0.419005,0.419005,,,,,,,
au-us7000pvtr-m6-8-20250429-macquarie-island-region,us7000pvtr,2025-04-29T14:53:37.897Z,Americas,Americas,EarthScope PRIDE PPP-AR kin quality-passing stations,Macquarie Island region,6.800000,18.957000,crowell_2016_gfast,3d,hypocentral,median,1,1,1,3.020086,215.590069,LOW,,6.874813,6.874813,6.874813,0.074813,0.074813,6.874813,0.074813,0.074813,0.074813,0.074813,,,,,,,
au-us7000pvtr-m6-8-20250429-macquarie-island-region,us7000pvtr,2025-04-29T14:53:37.897Z,Americas,Americas,EarthScope PRIDE PPP-AR kin quality-passing stations,Macquarie Island region,6.800000,18.957000,ruhl_2019,3d,hypocentral,median,1,1,1,3.020086,215.590069,LOW,,6.130056,6.130056,6.130056,-0.669944,0.669944,6.130056,-0.669944,0.669944,-0.669944,0.669944,,,,,,,
au-us7000s8q0-m7-3-20260330-51-km-ene-of-luganville-vanuatu,us7000s8q0,2026-03-30T08:44:13.780Z,Americas,Americas,EarthScope PRIDE PPP-AR kin quality-passing stations,"51 km ENE of Luganville, Vanuatu",7.300000,120.628000,melgar_2015,3d,hypocentral,median,1,0,0,,309.274575,UNUSABLE,late_pgd_peak,8.041166,8.041166,8.041166,0.741166,0.741166,,,,0.741166,0.741166,,,,,,,
au-us7000s8q0-m7-3-20260330-51-km-ene-of-luganville-vanuatu,us7000s8q0,2026-03-30T08:44:13.780Z,Americas,Americas,EarthScope PRIDE PPP-AR kin quality-passing stations,"51 km ENE of Luganville, Vanuatu",7.300000,120.628000,crowell_2016_gfast,3d,hypocentral,median,1,0,0,,309.274575,UNUSABLE,late_pgd_peak,8.177943,8.177943,8.177943,0.877943,0.877943,,,,0.877943,0.877943,,,,,,,
au-us7000s8q0-m7-3-20260330-51-km-ene-of-luganville-vanuatu,us7000s8q0,2026-03-30T08:44:13.780Z,Americas,Americas,EarthScope PRIDE PPP-AR kin quality-passing stations,"51 km ENE of Luganville, Vanuatu",7.300000,120.628000,ruhl_2019,3d,hypocentral,median,1,0,0,,309.274575,UNUSABLE,late_pgd_peak,7.934269,7.934269,7.934269,0.634269,0.634269,,,,0.634269,0.634269,,,,,,,
nz-2013p543824-m6-5-20130721-20-km-east-of-seddon,2013p543824,2013-07-21T05:09:30Z,New Zealand,New Zealand,EarthScope PRIDE PPP-AR kin quality-passing stations,20 km east of Seddon,6.500000,15.600000,melgar_2015,3d,hypocentral,median,33,8,33,3.776974,102.600889,MEDIUM,"late_pgd_peak,low_pgd_snr",6.538393,6.362696,6.787549,0.038393,0.038393,6.423921,-0.076079,0.076079,0.071581,0.239708,,,,,,,
nz-2013p543824-m6-5-20130721-20-km-east-of-seddon,2013p543824,2013-07-21T05:09:30Z,New Zealand,New Zealand,EarthScope PRIDE PPP-AR kin quality-passing stations,20 km east of Seddon,6.500000,15.600000,crowell_2016_gfast,3d,hypocentral,median,33,8,33,3.776974,102.600889,MEDIUM,"late_pgd_peak,low_pgd_snr",6.805172,6.517907,7.116749,0.305172,0.305172,6.546212,0.046212,0.046212,0.327462,0.420107,,,,,,,
nz-2013p543824-m6-5-20130721-20-km-east-of-seddon,2013p543824,2013-07-21T05:09:30Z,New Zealand,New Zealand,EarthScope PRIDE PPP-AR kin quality-passing stations,20 km east of Seddon,6.500000,15.600000,ruhl_2019,3d,hypocentral,median,33,8,33,3.776974,102.600889,MEDIUM,"late_pgd_peak,low_pgd_snr",6.293931,6.105678,6.568108,-0.206069,0.206069,6.168579,-0.331421,0.331421,-0.168497,0.299797,,,,,,,
nz-2013p613797-m6-5-20130816-5-km-south-east-of-seddon,2013p613797,2013-08-16T02:31:05Z,New Zealand,New Zealand,EarthScope PRIDE PPP-AR kin quality-passing stations,5 km south-east of Seddon,6.500000,7.500000,melgar_2015,3d,hypocentral,median,35,22,35,4.097682,112.726774,MEDIUM,"late_pgd_peak,low_pgd_snr",6.720846,6.541015,6.962268,0.220846,0.220846,6.671792,0.171792,0.171792,0.235415,0.325676,,,,,,,
nz-2013p613797-m6-5-20130816-5-km-south-east-of-seddon,2013p613797,2013-08-16T02:31:05Z,New Zealand,New Zealand,EarthScope PRIDE PPP-AR kin quality-passing stations,5 km south-east of Seddon,6.500000,7.500000,crowell_2016_gfast,3d,hypocentral,median,35,22,35,4.097682,112.726774,MEDIUM,"late_pgd_peak,low_pgd_snr",6.934499,6.726888,7.233470,0.434499,0.434499,6.889435,0.389435,0.389435,0.461966,0.534090,,,,,,,
nz-2013p613797-m6-5-20130816-5-km-south-east-of-seddon,2013p613797,2013-08-16T02:31:05Z,New Zealand,New Zealand,EarthScope PRIDE PPP-AR kin quality-passing stations,5 km south-east of Seddon,6.500000,7.500000,ruhl_2019,3d,hypocentral,median,35,22,35,4.097682,112.726774,MEDIUM,"late_pgd_peak,low_pgd_snr",6.492071,6.290987,6.750515,-0.007929,0.007929,6.438752,-0.061248,0.061248,0.007802,0.244957,,,,,,,
nz-2013p944608-m6-1-20131216-120-km-west-of-tuatapere,2013p944608,2013-12-16T12:07:24Z,New Zealand,New Zealand,EarthScope PRIDE PPP-AR kin quality-passing stations,120 km west of Tuatapere,6.100000,5.000000,melgar_2015,3d,hypocentral,median,4,1,4,3.249596,179.893512,LOW,late_pgd_peak,6.953620,6.581560,7.178854,0.853620,0.853620,6.285076,0.185076,0.185076,0.783031,0.870902,,,,,,,
nz-2013p944608-m6-1-20131216-120-km-west-of-tuatapere,2013p944608,2013-12-16T12:07:24Z,New Zealand,New Zealand,EarthScope PRIDE PPP-AR kin quality-passing stations,120 km west of Tuatapere,6.100000,5.000000,crowell_2016_gfast,3d,hypocentral,median,4,1,4,3.249596,179.893512,LOW,late_pgd_peak,7.243287,6.820663,7.464990,1.143287,1.143287,6.467654,0.367654,0.367654,1.046691,1.129300,,,,,,,
nz-2013p944608-m6-1-20131216-120-km-west-of-tuatapere,2013p944608,2013-12-16T12:07:24Z,New Zealand,New Zealand,EarthScope PRIDE PPP-AR kin quality-passing stations,120 km west of Tuatapere,6.100000,5.000000,ruhl_2019,3d,hypocentral,median,4,1,4,3.249596,179.893512,LOW,late_pgd_peak,6.746891,6.342918,6.993651,0.646891,0.646891,6.020827,-0.079173,0.079173,0.571308,0.706310,,,,,,,
nz-2014p051675-m6-2-20140120-10-km-east-of-eketahuna,2014p051675,2014-01-20T02:52:45Z,New Zealand,New Zealand,EarthScope PRIDE PPP-AR kin quality-passing stations,10 km east of Eketahuna,6.200000,34.200000,melgar_2015,3d,hypocentral,median,12,1,12,3.690456,51.660165,LOW,"late_pgd_peak,low_pgd_snr",6.304541,6.183559,6.504799,0.104541,0.104541,6.217904,0.017904,0.017904,0.134541,0.212301,,,,,,,
nz-2014p051675-m6-2-20140120-10-km-east-of-eketahuna,2014p051675,2014-01-20T02:52:45Z,New Zealand,New Zealand,EarthScope PRIDE PPP-AR kin quality-passing stations,10 km east of Eketahuna,6.200000,34.200000,crowell_2016_gfast,3d,hypocentral,median,12,1,12,3.690456,51.660165,LOW,"late_pgd_peak,low_pgd_snr",6.499044,6.392590,6.618698,0.299044,0.299044,6.403154,0.203154,0.203154,0.310112,0.334788,,,,,,,
nz-2014p051675-m6-2-20140120-10-km-east-of-eketahuna,2014p051675,2014-01-20T02:52:45Z,New Zealand,New Zealand,EarthScope PRIDE PPP-AR kin quality-passing stations,10 km east of Eketahuna,6.200000,34.200000,ruhl_2019,3d,hypocentral,median,12,1,12,3.690456,51.660165,LOW,"late_pgd_peak,low_pgd_snr",6.041837,5.913196,6.254090,-0.158163,0.158163,5.949071,-0.250929,0.250929,-0.126327,0.215825,,,,,,,
nz-2014p770859-m6-2-20141013-140-km-west-of-tuatapere,2014p770859,2014-10-13T05:13:41Z,New Zealand,New Zealand,EarthScope PRIDE PPP-AR kin quality-passing stations,140 km west of Tuatapere,6.200000,9.700000,melgar_2015,3d,hypocentral,median,1,0,1,,64.798138,UNUSABLE,"late_pgd_peak,low_pgd_snr",6.387116,6.387116,6.387116,0.187116,0.187116,,,,0.187116,0.187116,,,,,,,
nz-2014p770859-m6-2-20141013-140-km-west-of-tuatapere,2014p770859,2014-10-13T05:13:41Z,New Zealand,New Zealand,EarthScope PRIDE PPP-AR kin quality-passing stations,140 km west of Tuatapere,6.200000,9.700000,crowell_2016_gfast,3d,hypocentral,median,1,0,1,,64.798138,UNUSABLE,"late_pgd_peak,low_pgd_snr",6.601987,6.601987,6.601987,0.401987,0.401987,,,,0.401987,0.401987,,,,,,,
nz-2014p770859-m6-2-20141013-140-km-west-of-tuatapere,2014p770859,2014-10-13T05:13:41Z,New Zealand,New Zealand,EarthScope PRIDE PPP-AR kin quality-passing stations,140 km west of Tuatapere,6.200000,9.700000,ruhl_2019,3d,hypocentral,median,1,0,1,,64.798138,UNUSABLE,"late_pgd_peak,low_pgd_snr",6.130799,6.130799,6.130799,-0.069201,0.069201,,,,-0.069201,0.069201,,,,,,,
nz-2014p864702-m6-5-20141116-150-km-east-of-te-araroa,2014p864702,2014-11-16T22:33:17Z,New Zealand,New Zealand,EarthScope PRIDE PPP-AR kin quality-passing stations,150 km east of Te Araroa,6.500000,32.200000,melgar_2015,3d,hypocentral,median,6,1,6,3.055999,181.739384,LOW,"late_pgd_peak,low_pgd_snr",7.192839,7.035145,7.426743,0.692839,0.692839,7.059639,0.559639,0.559639,0.707535,0.730637,,,,,,,
nz-2014p864702-m6-5-20141116-150-km-east-of-te-araroa,2014p864702,2014-11-16T22:33:17Z,New Zealand,New Zealand,EarthScope PRIDE PPP-AR kin quality-passing stations,150 km east of Te Araroa,6.500000,32.200000,crowell_2016_gfast,3d,hypocentral,median,6,1,6,3.055999,181.739384,LOW,"late_pgd_peak,low_pgd_snr",7.430596,7.296428,7.567453,0.930596,0.930596,7.318972,0.818972,0.818972,0.925262,0.935395,,,,,,,
nz-2014p864702-m6-5-20141116-150-km-east-of-te-araroa,2014p864702,2014-11-16T22:33:17Z,New Zealand,New Zealand,EarthScope PRIDE PPP-AR kin quality-passing stations,150 km east of Te Araroa,6.500000,32.200000,ruhl_2019,3d,hypocentral,median,6,1,6,3.055999,181.739384,LOW,"late_pgd_peak,low_pgd_snr",7.005812,6.834562,7.258148,0.505812,0.505812,6.861211,0.361211,0.361211,0.520755,0.556686,,,,,,,
nz-2015p305812-m6-2-20150424-35-km-south-east-of-st-arnaud,2015p305812,2015-04-24T03:36:42Z,New Zealand,New Zealand,EarthScope PRIDE PPP-AR kin quality-passing stations,35 km south-east of St Arnaud,6.200000,51.500000,melgar_2015,3d,hypocentral,median,3,1,2,4.060270,76.241891,LOW,"late_pgd_peak,low_pgd_snr",6.493094,6.376299,6.993769,0.293094,0.293094,7.229381,1.029381,1.029381,0.481271,0.621893,,,,,,,
nz-2015p305812-m6-2-20150424-35-km-south-east-of-st-arnaud,2015p305812,2015-04-24T03:36:42Z,New Zealand,New Zealand,EarthScope PRIDE PPP-AR kin quality-passing stations,35 km south-east of St Arnaud,6.200000,51.500000,crowell_2016_gfast,3d,hypocentral,median,3,1,2,4.060270,76.241891,LOW,"late_pgd_peak,low_pgd_snr",6.706572,6.626622,7.301738,0.506572,0.506572,7.581816,1.381816,1.381816,0.759129,0.878891,,,,,,,
nz-2015p305812-m6-2-20150424-35-km-south-east-of-st-arnaud,2015p305812,2015-04-24T03:36:42Z,New Zealand,New Zealand,EarthScope PRIDE PPP-AR kin quality-passing stations,35 km south-east of St Arnaud,6.200000,51.500000,ruhl_2019,3d,hypocentral,median,3,1,2,4.060270,76.241891,LOW,"late_pgd_peak,low_pgd_snr",6.244721,6.119907,6.794139,0.044721,0.044721,7.052688,0.852688,0.852688,0.252860,0.499450,,,,,,,
nz-2016p661332-m7-1-20160901-120-km-north-east-of-te-araroa,2016p661332,2016-09-01T16:37:55Z,New Zealand,New Zealand,EarthScope PRIDE PPP-AR kin quality-passing stations,120 km north-east of Te Araroa,7.100000,21.800000,melgar_2015,3d,hypocentral,median,8,4,8,3.234344,173.572461,MEDIUM,"late_pgd_peak,low_pgd_snr",6.944877,6.827258,7.108611,-0.155123,0.155123,6.994843,-0.105157,0.105157,-0.128308,0.189627,,,,,,,
nz-2016p661332-m7-1-20160901-120-km-north-east-of-te-araroa,2016p661332,2016-09-01T16:37:55Z,New Zealand,New Zealand,EarthScope PRIDE PPP-AR kin quality-passing stations,120 km north-east of Te Araroa,7.100000,21.800000,crowell_2016_gfast,3d,hypocentral,median,8,4,8,3.234344,173.572461,MEDIUM,"late_pgd_peak,low_pgd_snr",7.223835,7.125124,7.360924,0.123835,0.123835,7.241025,0.141025,0.141025,0.145622,0.203036,,,,,,,
nz-2016p661332-m7-1-20160901-120-km-north-east-of-te-araroa,2016p661332,2016-09-01T16:37:55Z,New Zealand,New Zealand,EarthScope PRIDE PPP-AR kin quality-passing stations,120 km north-east of Te Araroa,7.100000,21.800000,ruhl_2019,3d,hypocentral,median,8,4,8,3.234344,173.572461,MEDIUM,"late_pgd_peak,low_pgd_snr",6.736597,6.609722,6.914245,-0.363403,0.363403,6.789956,-0.310044,0.310044,-0.333894,0.367065,,,,,,,
nz-2016p661400-m6-2-20160901-105-km-north-east-of-te-araroa,2016p661400,2016-09-01T17:14:05Z,New Zealand,New Zealand,EarthScope PRIDE PPP-AR kin quality-passing stations,105 km north-east of Te Araroa,6.200000,19.700000,melgar_2015,3d,hypocentral,median,8,2,8,3.187792,164.379035,LOW,"late_pgd_peak,low_pgd_snr",6.804521,6.774542,6.897420,0.604521,0.604521,6.845067,0.645067,0.645067,0.614517,0.619869,,,,,,,
nz-2016p661400-m6-2-20160901-105-km-north-east-of-te-araroa,2016p661400,2016-09-01T17:14:05Z,New Zealand,New Zealand,EarthScope PRIDE PPP-AR kin quality-passing stations,105 km north-east of Te Araroa,6.200000,19.700000,crowell_2016_gfast,3d,hypocentral,median,8,2,8,3.187792,164.379035,LOW,"late_pgd_peak,low_pgd_snr",7.128296,7.042348,7.180791,0.928296,0.928296,7.098775,0.898775,0.898775,0.912741,0.918599,,,,,,,
nz-2016p661400-m6-2-20160901-105-km-north-east-of-te-araroa,2016p661400,2016-09-01T17:14:05Z,New Zealand,New Zealand,EarthScope PRIDE PPP-AR kin quality-passing stations,105 km north-east of Te Araroa,6.200000,19.700000,ruhl_2019,3d,hypocentral,median,8,2,8,3.187792,164.379035,LOW,"late_pgd_peak,low_pgd_snr",6.585737,6.552050,6.684461,0.385737,0.385737,6.627030,0.427030,0.427030,0.395733,0.405644,,,,,,,
nz-2016p858000-m7-8-20161113-15-km-north-east-of-culverden,2016p858000,2016-11-13T11:02:56Z,New Zealand,New Zealand,EarthScope PRIDE PPP-AR kin quality-passing stations,15 km north-east of Culverden,7.800000,15.100000,melgar_2015,3d,hypocentral,median,14,14,14,13.944506,147.886022,HIGH,,7.560875,7.242867,8.199608,-0.239125,0.239125,7.560875,-0.239125,0.239125,-0.082262,0.512772,,,,,,,
nz-2016p858000-m7-8-20161113-15-km-north-east-of-culverden,2016p858000,2016-11-13T11:02:56Z,New Zealand,New Zealand,EarthScope PRIDE PPP-AR kin quality-passing stations,15 km north-east of Culverden,7.800000,15.100000,crowell_2016_gfast,3d,hypocentral,median,14,14,14,13.944506,147.886022,HIGH,,7.592933,7.274865,8.129197,-0.207067,0.207067,7.592933,-0.207067,0.207067,-0.118572,0.471774,,,,,,,
nz-2016p858000-m7-8-20161113-15-km-north-east-of-culverden,2016p858000,2016-11-13T11:02:56Z,New Zealand,New Zealand,EarthScope PRIDE PPP-AR kin quality-passing stations,15 km north-east of Culverden,7.800000,15.100000,ruhl_2019,3d,hypocentral,median,14,14,14,13.944506,147.886022,HIGH,,7.386467,7.045086,8.089527,-0.413533,0.413533,7.386467,-0.413533,0.413533,-0.236331,0.598724,,,,,,,
nz-2016p858007-m6-0-20161113-45-km-south-west-of-seddon,2016p858007,2016-11-13T11:05:14Z,New Zealand,New Zealand,EarthScope PRIDE PPP-AR kin quality-passing stations,45 km south-west of Seddon,6.000000,4.900000,melgar_2015,3d,hypocentral,median,22,2,22,5.578345,148.467382,LOW,low_pgd_snr,7.383383,7.061839,7.707145,1.383383,1.383383,7.960073,1.960073,1.960073,1.390579,1.428118,,,,,,,
nz-2016p858007-m6-0-20161113-45-km-south-west-of-seddon,2016p858007,2016-11-13T11:05:14Z,New Zealand,New Zealand,EarthScope PRIDE PPP-AR kin quality-passing stations,45 km south-west of Seddon,6.000000,4.900000,crowell_2016_gfast,3d,hypocentral,median,22,2,22,5.578345,148.467382,LOW,low_pgd_snr,7.466593,7.226199,7.790036,1.466593,1.466593,7.980409,1.980409,1.980409,1.493658,1.518812,,,,,,,
nz-2016p858007-m6-0-20161113-45-km-south-west-of-seddon,2016p858007,2016-11-13T11:05:14Z,New Zealand,New Zealand,EarthScope PRIDE PPP-AR kin quality-passing stations,45 km south-west of Seddon,6.000000,4.900000,ruhl_2019,3d,hypocentral,median,22,2,22,5.578345,148.467382,LOW,low_pgd_snr,7.204731,6.860054,7.557340,1.204731,1.204731,7.833476,1.833476,1.833476,1.214442,1.264564,,,,,,,
nz-2016p858021-m6-0-20161113-5-km-east-of-kaikoura,2016p858021,2016-11-13T11:12:35Z,New Zealand,New Zealand,EarthScope PRIDE PPP-AR kin quality-passing stations,5 km east of Kaikoura,6.000000,5.600000,melgar_2015,3d,hypocentral,median,20,0,20,,162.855379,UNUSABLE,"late_pgd_peak,low_pgd_snr",7.103324,6.955483,7.437549,1.103324,1.103324,,,,1.135827,1.159159,,,,,,,
nz-2016p858021-m6-0-20161113-5-km-east-of-kaikoura,2016p858021,2016-11-13T11:12:35Z,New Zealand,New Zealand,EarthScope PRIDE PPP-AR kin quality-passing stations,5 km east of Kaikoura,6.000000,5.600000,crowell_2016_gfast,3d,hypocentral,median,20,0,20,,162.855379,UNUSABLE,"late_pgd_peak,low_pgd_snr",7.312627,7.261497,7.552880,1.312627,1.312627,,,,1.351150,1.360356,,,,,,,
nz-2016p858021-m6-0-20161113-5-km-east-of-kaikoura,2016p858021,2016-11-13T11:12:35Z,New Zealand,New Zealand,EarthScope PRIDE PPP-AR kin quality-passing stations,5 km east of Kaikoura,6.000000,5.600000,ruhl_2019,3d,hypocentral,median,20,0,20,,162.855379,UNUSABLE,"late_pgd_peak,low_pgd_snr",6.908145,6.749705,7.266723,0.908145,0.908145,,,,0.942008,0.974259,,,,,,,
nz-2016p858055-m6-2-20161113-15-km-north-of-kaikoura,2016p858055,2016-11-13T11:32:07Z,New Zealand,New Zealand,EarthScope PRIDE PPP-AR kin quality-passing stations,15 km north of Kaikoura,6.200000,11.300000,melgar_2015,3d,hypocentral,median,29,11,29,3.294003,157.097930,MEDIUM,"late_pgd_peak,low_pgd_snr",6.835379,6.585704,6.982844,0.635379,0.635379,6.844783,0.644783,0.644783,0.599324,0.658977,,,,,,,
nz-2016p858055-m6-2-20161113-15-km-north-of-kaikoura,2016p858055,2016-11-13T11:32:07Z,New Zealand,New Zealand,EarthScope PRIDE PPP-AR kin quality-passing stations,15 km north of Kaikoura,6.200000,11.300000,crowell_2016_gfast,3d,hypocentral,median,29,11,29,3.294003,157.097930,MEDIUM,"late_pgd_peak,low_pgd_snr",7.124169,6.851821,7.231339,0.924169,0.924169,7.168982,0.968982,0.968982,0.870339,0.911148,,,,,,,
nz-2016p858055-m6-2-20161113-15-km-north-of-kaikoura,2016p858055,2016-11-13T11:32:07Z,New Zealand,New Zealand,EarthScope PRIDE PPP-AR kin quality-passing stations,15 km north of Kaikoura,6.200000,11.300000,ruhl_2019,3d,hypocentral,median,29,11,29,3.294003,157.097930,MEDIUM,"late_pgd_peak,low_pgd_snr",6.617911,6.346092,6.777254,0.417911,0.417911,6.629795,0.429795,0.429795,0.378791,0.480764,,,,,,,
nz-2016p858094-m6-1-20161113-20-km-north-of-kaikoura,2016p858094,2016-11-13T11:52:44Z,New Zealand,New Zealand,EarthScope PRIDE PPP-AR kin quality-passing stations,20 km north of Kaikoura,6.100000,9.000000,melgar_2015,3d,hypocentral,median,30,6,30,3.277307,155.602525,MEDIUM,"late_pgd_peak,low_pgd_snr",6.662619,6.376432,6.889142,0.562619,0.562619,6.678314,0.578314,0.578314,0.580562,0.676525,,,,,,,
nz-2016p858094-m6-1-20161113-20-km-north-of-kaikoura,2016p858094,2016-11-13T11:52:44Z,New Zealand,New Zealand,EarthScope PRIDE PPP-AR kin quality-passing stations,20 km north of Kaikoura,6.100000,9.000000,crowell_2016_gfast,3d,hypocentral,median,30,6,30,3.277307,155.602525,MEDIUM,"late_pgd_peak,low_pgd_snr",6.994879,6.665788,7.176853,0.894879,0.894879,6.966324,0.866324,0.866324,0.877903,0.935434,,,,,,,
nz-2016p858094-m6-1-20161113-20-km-north-of-kaikoura,2016p858094,2016-11-13T11:52:44Z,New Zealand,New Zealand,EarthScope PRIDE PPP-AR kin quality-passing stations,20 km north of Kaikoura,6.100000,9.000000,ruhl_2019,3d,hypocentral,median,30,6,30,3.277307,155.602525,MEDIUM,"late_pgd_peak,low_pgd_snr",6.431948,6.120931,6.676344,0.331948,0.331948,6.447163,0.347163,0.347163,0.351014,0.513556,,,,,,,
nz-2016p859524-m6-7-20161114-25-km-east-of-hanmer-springs,2016p859524,2016-11-14T00:34:23Z,New Zealand,New Zealand,EarthScope PRIDE PPP-AR kin quality-passing stations,25 km east of Hanmer Springs,6.700000,5.000000,melgar_2015,3d,hypocentral,median,21,4,21,3.571043,141.431410,MEDIUM,"late_pgd_peak,low_pgd_snr",6.872470,6.508838,7.118850,0.172470,0.172470,7.003357,0.303357,0.303357,0.131129,0.384031,,,,,,,
nz-2016p859524-m6-7-20161114-25-km-east-of-hanmer-springs,2016p859524,2016-11-14T00:34:23Z,New Zealand,New Zealand,EarthScope PRIDE PPP-AR kin quality-passing stations,25 km east of Hanmer Springs,6.700000,5.000000,crowell_2016_gfast,3d,hypocentral,median,21,4,21,3.571043,141.431410,MEDIUM,"late_pgd_peak,low_pgd_snr",7.098035,6.756394,7.367917,0.398035,0.398035,7.278809,0.578809,0.578809,0.362244,0.505095,,,,,,,
nz-2016p859524-m6-7-20161114-25-km-east-of-hanmer-springs,2016p859524,2016-11-14T00:34:23Z,New Zealand,New Zealand,EarthScope PRIDE PPP-AR kin quality-passing stations,25 km east of Hanmer Springs,6.700000,5.000000,ruhl_2019,3d,hypocentral,median,21,4,21,3.571043,141.431410,MEDIUM,"late_pgd_peak,low_pgd_snr",6.656757,6.264168,6.925790,-0.043243,0.043243,6.800544,0.100544,0.100544,-0.087786,0.399462,,,,,,,
nz-2021p169083-m7-2-20210304-140-km-east-of-te-araroa,2021p169083,2021-03-04T13:27:35Z,New Zealand,New Zealand,EarthScope PRIDE PPP-AR kin quality-passing stations,140 km east of Te Araroa,7.200000,33.000000,melgar_2015,3d,hypocentral,median,12,3,12,3.279507,201.247350,MEDIUM,"late_pgd_peak,low_pgd_snr",7.169688,7.007871,7.348352,-0.030312,0.030312,7.081614,-0.118386,0.118386,-0.042478,0.158900,,,,,,,
nz-2021p169083-m7-2-20210304-140-km-east-of-te-araroa,2021p169083,2021-03-04T13:27:35Z,New Zealand,New Zealand,EarthScope PRIDE PPP-AR kin quality-passing stations,140 km east of Te Araroa,7.200000,33.000000,crowell_2016_gfast,3d,hypocentral,median,12,3,12,3.279507,201.247350,MEDIUM,"late_pgd_peak,low_pgd_snr",7.375758,7.290960,7.567699,0.175758,0.175758,7.368823,0.168823,0.168823,0.218308,0.254291,,,,,,,
nz-2021p169083-m7-2-20210304-140-km-east-of-te-araroa,2021p169083,2021-03-04T13:27:35Z,New Zealand,New Zealand,EarthScope PRIDE PPP-AR kin quality-passing stations,140 km east of Te Araroa,7.200000,33.000000,ruhl_2019,3d,hypocentral,median,12,3,12,3.279507,201.247350,MEDIUM,"late_pgd_peak,low_pgd_snr",6.981441,6.806138,7.175274,-0.218559,0.218559,6.886719,-0.313281,0.313281,-0.231496,0.284982,,,,,,,
nz-2025p224518-m6-8-20250325-155-km-north-west-of-snares-islands,2025p224518,2025-03-25T01:43:09Z,New Zealand,New Zealand,EarthScope PRIDE PPP-AR kin quality-passing stations,155 km north-west of Snares Islands,6.800000,12.000000,melgar_2015,3d,hypocentral,median,3,1,3,3.141953,200.895715,LOW,"late_pgd_peak,low_pgd_snr",6.677154,6.416499,6.761738,-0.122846,0.122846,6.293838,-0.506162,0.506162,-0.209155,0.300718,,,,,,,
nz-2025p224518-m6-8-20250325-155-km-north-west-of-snares-islands,2025p224518,2025-03-25T01:43:09Z,New Zealand,New Zealand,EarthScope PRIDE PPP-AR kin quality-passing stations,155 km north-west of Snares Islands,6.800000,12.000000,crowell_2016_gfast,3d,hypocentral,median,3,1,3,3.141953,200.895715,LOW,"late_pgd_peak,low_pgd_snr",7.122547,6.790398,7.148907,0.322547,0.322547,6.634092,-0.165908,0.165908,0.172650,0.295583,,,,,,,
nz-2025p224518-m6-8-20250325-155-km-north-west-of-snares-islands,2025p224518,2025-03-25T01:43:09Z,New Zealand,New Zealand,EarthScope PRIDE PPP-AR kin quality-passing stations,155 km north-west of Snares Islands,6.800000,12.000000,ruhl_2019,3d,hypocentral,median,3,1,3,3.141953,200.895715,LOW,"late_pgd_peak,low_pgd_snr",6.451359,6.166773,6.541515,-0.348641,0.348641,6.032850,-0.767150,0.767150,-0.443950,0.502245,,,,,,,
nz-2025p506857-m6-1-20250707-120-km-north-west-of-snares-islands,2025p506857,2025-07-07T12:53:41Z,New Zealand,New Zealand,EarthScope PRIDE PPP-AR kin quality-passing stations,120 km north-west of Snares Islands,6.100000,12.000000,melgar_2015,3d,hypocentral,median,5,1,5,3.065144,227.873185,LOW,"late_pgd_peak,low_pgd_snr",6.668006,6.653259,6.710668,0.568006,0.568006,6.712830,0.612830,0.612830,0.579194,0.579809,,,,,,,
nz-2025p506857-m6-1-20250707-120-km-north-west-of-snares-islands,2025p506857,2025-07-07T12:53:41Z,New Zealand,New Zealand,EarthScope PRIDE PPP-AR kin quality-passing stations,120 km north-west of Snares Islands,6.100000,12.000000,crowell_2016_gfast,3d,hypocentral,median,5,1,5,3.065144,227.873185,LOW,"late_pgd_peak,low_pgd_snr",7.105146,7.048534,7.151421,1.005146,1.005146,7.129649,1.029649,1.029649,0.999181,1.001349,,,,,,,
nz-2025p506857-m6-1-20250707-120-km-north-west-of-snares-islands,2025p506857,2025-07-07T12:53:41Z,New Zealand,New Zealand,EarthScope PRIDE PPP-AR kin quality-passing stations,120 km north-west of Snares Islands,6.100000,12.000000,ruhl_2019,3d,hypocentral,median,5,1,5,3.065144,227.873185,LOW,"late_pgd_peak,low_pgd_snr",6.437110,6.425210,6.488416,0.337110,0.337110,6.489299,0.389299,0.389299,0.352729,0.353975,,,,,,,
us-ak0138esnzr-m7-5-20130105-110-km-sw-of-edna-bay-alaska,ak0138esnzr,2013-01-05T08:58:14.957000Z,United States,US,EarthScope PRIDE PPP-AR kin quality-passing stations,"110 km SW of Edna Bay, Alaska",7.500000,8.700000,melgar_2015,3d,hypocentral,median,2,2,2,9.012014,163.348518,LOW,,7.778059,7.754075,7.802043,0.278059,0.278059,7.778059,0.278059,0.278059,0.278059,0.280287,,,,,,,
us-ak0138esnzr-m7-5-20130105-110-km-sw-of-edna-bay-alaska,ak0138esnzr,2013-01-05T08:58:14.957000Z,United States,US,EarthScope PRIDE PPP-AR kin quality-passing stations,"110 km SW of Edna Bay, Alaska",7.500000,8.700000,crowell_2016_gfast,3d,hypocentral,median,2,2,2,9.012014,163.348518,LOW,,7.805161,7.734746,7.875576,0.305161,0.305161,7.805161,0.305161,0.305161,0.305161,0.322252,,,,,,,
us-ak0138esnzr-m7-5-20130105-110-km-sw-of-edna-bay-alaska,ak0138esnzr,2013-01-05T08:58:14.957000Z,United States,US,EarthScope PRIDE PPP-AR kin quality-passing stations,"110 km SW of Edna Bay, Alaska",7.500000,8.700000,ruhl_2019,3d,hypocentral,median,2,2,2,9.012014,163.348518,LOW,,7.633583,7.603304,7.663863,0.133583,0.133583,7.633583,0.133583,0.133583,0.133583,0.140810,,,,,,,
us-ak0149guzic1-m6-0-20140725-40-km-wnw-of-elfin-cove-alaska,ak0149guzic1,2014-07-25T10:54:50.417000Z,United States,US,EarthScope PRIDE PPP-AR kin quality-passing stations,"40 km WNW of Elfin Cove, Alaska",6.000000,10.000000,melgar_2015,3d,hypocentral,median,3,2,3,3.168473,142.068380,LOW,late_pgd_peak,6.655415,6.190800,6.836444,0.655415,0.655415,6.788524,0.788524,0.788524,0.516402,0.653134,,,,,,,
us-ak0149guzic1-m6-0-20140725-40-km-wnw-of-elfin-cove-alaska,ak0149guzic1,2014-07-25T10:54:50.417000Z,United States,US,EarthScope PRIDE PPP-AR kin quality-passing stations,"40 km WNW of Elfin Cove, Alaska",6.000000,10.000000,crowell_2016_gfast,3d,hypocentral,median,3,2,3,3.168473,142.068380,LOW,late_pgd_peak,6.995212,6.409802,7.108615,0.995212,0.995212,7.078596,1.078596,1.078596,0.763836,0.886696,,,,,,,
us-ak0149guzic1-m6-0-20140725-40-km-wnw-of-elfin-cove-alaska,ak0149guzic1,2014-07-25T10:54:50.417000Z,United States,US,EarthScope PRIDE PPP-AR kin quality-passing stations,"40 km WNW of Elfin Cove, Alaska",6.000000,10.000000,ruhl_2019,3d,hypocentral,median,3,2,3,3.168473,142.068380,LOW,late_pgd_peak,6.424071,5.923131,6.618306,0.424071,0.424071,6.566891,0.566891,0.566891,0.273726,0.510310,,,,,,,
us-ak014cbigci8-m6-2-20140925-22-km-wsw-of-skwentna-alaska,ak014cbigci8,2014-09-25T17:51:17.606000Z,United States,US,EarthScope PRIDE PPP-AR kin quality-passing stations,"22 km WSW of Skwentna, Alaska",6.200000,108.900000,melgar_2015,3d,hypocentral,median,8,4,8,3.867654,140.610392,MEDIUM,"late_pgd_peak,low_pgd_snr",6.914386,6.825696,7.130189,0.714386,0.714386,6.925740,0.725740,0.725740,0.754261,0.766123,,,,,,,
us-ak014cbigci8-m6-2-20140925-22-km-wsw-of-skwentna-alaska,ak014cbigci8,2014-09-25T17:51:17.606000Z,United States,US,EarthScope PRIDE PPP-AR kin quality-passing stations,"22 km WSW of Skwentna, Alaska",6.200000,108.900000,crowell_2016_gfast,3d,hypocentral,median,8,4,8,3.867654,140.610392,MEDIUM,"late_pgd_peak,low_pgd_snr",7.185227,7.052188,7.361558,0.985227,0.985227,7.137236,0.937236,0.937236,0.990096,0.999680,,,,,,,
us-ak014cbigci8-m6-2-20140925-22-km-wsw-of-skwentna-alaska,ak014cbigci8,2014-09-25T17:51:17.606000Z,United States,US,EarthScope PRIDE PPP-AR kin quality-passing stations,"22 km WSW of Skwentna, Alaska",6.200000,108.900000,ruhl_2019,3d,hypocentral,median,8,4,8,3.867654,140.610392,MEDIUM,"late_pgd_peak,low_pgd_snr",6.703558,6.604788,6.938017,0.503558,0.503558,6.712917,0.512917,0.512917,0.545269,0.564578,,,,,,,
us-ak0156uj8rk3-m6-8-20150529-117-km-sse-of-ugashik-alaska,ak0156uj8rk3,2015-05-29T07:00:09.634000Z,United States,US,EarthScope PRIDE PPP-AR kin quality-passing stations,"117 km SSE of Ugashik, Alaska",6.800000,72.600000,melgar_2015,3d,hypocentral,median,5,2,5,3.234172,150.082964,LOW,low_pgd_snr,6.703249,6.586037,6.819889,-0.096751,0.096751,6.806363,0.006363,0.006363,-0.090070,0.152298,,,,,,,
us-ak0156uj8rk3-m6-8-20150529-117-km-sse-of-ugashik-alaska,ak0156uj8rk3,2015-05-29T07:00:09.634000Z,United States,US,EarthScope PRIDE PPP-AR kin quality-passing stations,"117 km SSE of Ugashik, Alaska",6.800000,72.600000,crowell_2016_gfast,3d,hypocentral,median,5,2,5,3.234172,150.082964,LOW,low_pgd_snr,7.033155,6.912688,7.102781,0.233155,0.233155,7.104866,0.304866,0.304866,0.217307,0.240117,,,,,,,
us-ak0156uj8rk3-m6-8-20150529-117-km-sse-of-ugashik-alaska,ak0156uj8rk3,2015-05-29T07:00:09.634000Z,United States,US,EarthScope PRIDE PPP-AR kin quality-passing stations,"117 km SSE of Ugashik, Alaska",6.800000,72.600000,ruhl_2019,3d,hypocentral,median,5,2,5,3.234172,150.082964,LOW,low_pgd_snr,6.475726,6.348034,6.600824,-0.324274,0.324274,6.586706,-0.213294,0.213294,-0.317755,0.344329,,,,,,,
us-ak0159nc9dk8-m6-4-20150729-52-km-ene-of-pedro-bay-alaska,ak0159nc9dk8,2015-07-29T02:35:59.449000Z,United States,US,EarthScope PRIDE PPP-AR kin quality-passing stations,"52 km ENE of Pedro Bay, Alaska",6.400000,119.300000,melgar_2015,3d,hypocentral,median,24,0,24,,140.080694,UNUSABLE,"late_pgd_peak,low_pgd_snr",7.045167,6.858617,7.208347,0.645167,0.645167,,,,0.630706,0.651104,,,,,,,
us-ak0159nc9dk8-m6-4-20150729-52-km-ene-of-pedro-bay-alaska,ak0159nc9dk8,2015-07-29T02:35:59.449000Z,United States,US,EarthScope PRIDE PPP-AR kin quality-passing stations,"52 km ENE of Pedro Bay, Alaska",6.400000,119.300000,crowell_2016_gfast,3d,hypocentral,median,24,0,24,,140.080694,UNUSABLE,"late_pgd_peak,low_pgd_snr",7.262744,7.128259,7.372279,0.862744,0.862744,,,,0.855711,0.866738,,,,,,,
us-ak0159nc9dk8-m6-4-20150729-52-km-ene-of-pedro-bay-alaska,ak0159nc9dk8,2015-07-29T02:35:59.449000Z,United States,US,EarthScope PRIDE PPP-AR kin quality-passing stations,"52 km ENE of Pedro Bay, Alaska",6.400000,119.300000,ruhl_2019,3d,hypocentral,median,24,0,24,,140.080694,UNUSABLE,"late_pgd_peak,low_pgd_snr",6.843846,6.642942,7.018465,0.443846,0.443846,,,,0.427965,0.462329,,,,,,,
us-ak01613v15nv-m7-1-20160124-47-km-ese-of-pedro-bay-alaska,ak01613v15nv,2016-01-24T10:30:29.557000Z,United States,US,EarthScope PRIDE PPP-AR kin quality-passing stations,"47 km ESE of Pedro Bay, Alaska",7.100000,125.600000,melgar_2015,3d,hypocentral,median,17,2,17,4.447339,150.095796,LOW,"late_pgd_peak,low_pgd_snr",6.999605,6.928483,7.183479,-0.100395,0.100395,7.422944,0.322944,0.322944,-0.034761,0.191425,,,,,,,
us-ak01613v15nv-m7-1-20160124-47-km-ese-of-pedro-bay-alaska,ak01613v15nv,2016-01-24T10:30:29.557000Z,United States,US,EarthScope PRIDE PPP-AR kin quality-passing stations,"47 km ESE of Pedro Bay, Alaska",7.100000,125.600000,crowell_2016_gfast,3d,hypocentral,median,17,2,17,4.447339,150.095796,LOW,"late_pgd_peak,low_pgd_snr",7.214723,7.162989,7.382239,0.114723,0.114723,7.572009,0.472009,0.472009,0.181621,0.244321,,,,,,,
us-ak01613v15nv-m7-1-20160124-47-km-ese-of-pedro-bay-alaska,ak01613v15nv,2016-01-24T10:30:29.557000Z,United States,US,EarthScope PRIDE PPP-AR kin quality-passing stations,"47 km ESE of Pedro Bay, Alaska",7.100000,125.600000,ruhl_2019,3d,hypocentral,median,17,2,17,4.447339,150.095796,LOW,"late_pgd_peak,low_pgd_snr",6.792457,6.717034,6.993237,-0.307543,0.307543,7.252889,0.152889,0.152889,-0.234696,0.311243,,,,,,,
us-ak01649w95tp-m6-2-20160402-42-km-e-of-port-heiden-alaska,ak01649w95tp,2016-04-02T05:50:00.932000Z,United States,US,EarthScope PRIDE PPP-AR kin quality-passing stations,"42 km E of Port Heiden, Alaska",6.200000,11.400000,melgar_2015,3d,hypocentral,median,3,0,3,,66.776295,UNUSABLE,"late_pgd_peak,low_pgd_snr",6.631302,6.382678,6.677441,0.431302,0.431302,,,,0.332044,0.382748,,,,,,,
us-ak01649w95tp-m6-2-20160402-42-km-e-of-port-heiden-alaska,ak01649w95tp,2016-04-02T05:50:00.932000Z,United States,US,EarthScope PRIDE PPP-AR kin quality-passing stations,"42 km E of Port Heiden, Alaska",6.200000,11.400000,crowell_2016_gfast,3d,hypocentral,median,3,0,3,,66.776295,UNUSABLE,"late_pgd_peak,low_pgd_snr",6.831879,6.563625,6.835972,0.631879,0.631879,,,,0.502389,0.536202,,,,,,,
us-ak01649w95tp-m6-2-20160402-42-km-e-of-port-heiden-alaska,ak01649w95tp,2016-04-02T05:50:00.932000Z,United States,US,EarthScope PRIDE PPP-AR kin quality-passing stations,"42 km E of Port Heiden, Alaska",6.200000,11.400000,ruhl_2019,3d,hypocentral,median,3,0,3,,66.776295,UNUSABLE,"late_pgd_peak,low_pgd_snr",6.393547,6.125877,6.441626,0.193547,0.193547,,,,0.085904,0.221602,,,,,,,
us-ak018aap2cqu-m6-4-20180812-89-km-sw-of-kaktovik-alaska,ak018aap2cqu,2018-08-12T14:58:53.503000Z,United States,US,EarthScope PRIDE PPP-AR kin quality-passing stations,"89 km SW of Kaktovik, Alaska",6.400000,15.800000,melgar_2015,3d,hypocentral,median,2,0,2,,185.025607,UNUSABLE,"late_pgd_peak,low_pgd_snr",7.232306,7.219096,7.245516,0.832306,0.832306,,,,0.832306,0.832533,,,,,,,
us-ak018aap2cqu-m6-4-20180812-89-km-sw-of-kaktovik-alaska,ak018aap2cqu,2018-08-12T14:58:53.503000Z,United States,US,EarthScope PRIDE PPP-AR kin quality-passing stations,"89 km SW of Kaktovik, Alaska",6.400000,15.800000,crowell_2016_gfast,3d,hypocentral,median,2,0,2,,185.025607,UNUSABLE,"late_pgd_peak,low_pgd_snr",7.451199,7.445532,7.456867,1.051199,1.051199,,,,1.051199,1.051232,,,,,,,
us-ak018aap2cqu-m6-4-20180812-89-km-sw-of-kaktovik-alaska,ak018aap2cqu,2018-08-12T14:58:53.503000Z,United States,US,EarthScope PRIDE PPP-AR kin quality-passing stations,"89 km SW of Kaktovik, Alaska",6.400000,15.800000,ruhl_2019,3d,hypocentral,median,2,0,2,,185.025607,UNUSABLE,"late_pgd_peak,low_pgd_snr",7.047907,7.034561,7.061254,0.647907,0.647907,,,,0.647907,0.648205,,,,,,,
us-ak018aasz24z-m6-20180812-73-km-ssw-of-kaktovik-alaska,ak018aasz24z,2018-08-12T21:15:00.999000Z,United States,US,EarthScope PRIDE PPP-AR kin quality-passing stations,"73 km SSW of Kaktovik, Alaska",6.000000,16.200000,melgar_2015,3d,hypocentral,median,2,0,2,,215.380665,UNUSABLE,low_pgd_snr,7.517430,7.363127,7.671734,1.517430,1.517430,,,,1.517430,1.534303,,,,,,,
us-ak018aasz24z-m6-20180812-73-km-ssw-of-kaktovik-alaska,ak018aasz24z,2018-08-12T21:15:00.999000Z,United States,US,EarthScope PRIDE PPP-AR kin quality-passing stations,"73 km SSW of Kaktovik, Alaska",6.000000,16.200000,crowell_2016_gfast,3d,hypocentral,median,2,0,2,,215.380665,UNUSABLE,low_pgd_snr,7.697434,7.571972,7.822896,1.697434,1.697434,,,,1.697434,1.707432,,,,,,,
us-ak018aasz24z-m6-20180812-73-km-ssw-of-kaktovik-alaska,ak018aasz24z,2018-08-12T21:15:00.999000Z,United States,US,EarthScope PRIDE PPP-AR kin quality-passing stations,"73 km SSW of Kaktovik, Alaska",6.000000,16.200000,ruhl_2019,3d,hypocentral,median,2,0,2,,215.380665,UNUSABLE,low_pgd_snr,7.358713,7.190925,7.526501,1.358713,1.358713,,,,1.358713,1.380936,,,,,,,
us-ak0216xu2rod-m6-1-20210531-73-km-n-of-chickaloon-alaska,ak0216xu2rod,2021-05-31T06:59:55.581000Z,United States,US,EarthScope PRIDE PPP-AR kin quality-passing stations,"73 km N of Chickaloon, Alaska",6.100000,44.000000,melgar_2015,3d,hypocentral,median,13,2,13,3.505839,128.997016,LOW,"late_pgd_peak,low_pgd_snr",6.583344,6.355860,6.719935,0.483344,0.483344,6.567059,0.467059,0.467059,0.475985,0.534650,,,,,,,
us-ak0216xu2rod-m6-1-20210531-73-km-n-of-chickaloon-alaska,ak0216xu2rod,2021-05-31T06:59:55.581000Z,United States,US,EarthScope PRIDE PPP-AR kin quality-passing stations,"73 km N of Chickaloon, Alaska",6.100000,44.000000,crowell_2016_gfast,3d,hypocentral,median,13,2,13,3.505839,128.997016,LOW,"late_pgd_peak,low_pgd_snr",6.929549,6.716821,7.015388,0.829549,0.829549,6.868873,0.768873,0.768873,0.798390,0.826972,,,,,,,
us-ak0216xu2rod-m6-1-20210531-73-km-n-of-chickaloon-alaska,ak0216xu2rod,2021-05-31T06:59:55.581000Z,United States,US,EarthScope PRIDE PPP-AR kin quality-passing stations,"73 km N of Chickaloon, Alaska",6.100000,44.000000,ruhl_2019,3d,hypocentral,median,13,2,13,3.505839,128.997016,LOW,"late_pgd_peak,low_pgd_snr",6.346733,6.100144,6.492634,0.246733,0.246733,6.327098,0.227098,0.227098,0.237740,0.354569,,,,,,,
us-ak021d1u1nos-m6-9-20211011-112-km-e-of-chignik-alaska,ak021d1u1nos,2021-10-11T09:10:25.147000Z,United States,US,EarthScope PRIDE PPP-AR kin quality-passing stations,"112 km E of Chignik, Alaska",6.900000,51.600000,melgar_2015,3d,hypocentral,median,1,0,1,,171.713324,UNUSABLE,"late_pgd_peak,low_pgd_snr",6.853737,6.853737,6.853737,-0.046263,0.046263,,,,-0.046263,0.046263,,,,,,,
us-ak021d1u1nos-m6-9-20211011-112-km-e-of-chignik-alaska,ak021d1u1nos,2021-10-11T09:10:25.147000Z,United States,US,EarthScope PRIDE PPP-AR kin quality-passing stations,"112 km E of Chignik, Alaska",6.900000,51.600000,crowell_2016_gfast,3d,hypocentral,median,1,0,1,,171.713324,UNUSABLE,"late_pgd_peak,low_pgd_snr",7.159418,7.159418,7.159418,0.259418,0.259418,,,,0.259418,0.259418,,,,,,,
us-ak021d1u1nos-m6-9-20211011-112-km-e-of-chignik-alaska,ak021d1u1nos,2021-10-11T09:10:25.147000Z,United States,US,EarthScope PRIDE PPP-AR kin quality-passing stations,"112 km E of Chignik, Alaska",6.900000,51.600000,ruhl_2019,3d,hypocentral,median,1,0,1,,171.713324,UNUSABLE,"late_pgd_peak,low_pgd_snr",6.638626,6.638626,6.638626,-0.261374,0.261374,,,,-0.261374,0.261374,,,,,,,
us-ak2025xjbvhj-m6-0-20251127-12-km-wnw-of-susitna-alaska,ak2025xjbvhj,2025-11-27T17:11:29.059000Z,United States,US,EarthScope PRIDE PPP-AR kin quality-passing stations,"12 km WNW of Susitna, Alaska",6.000000,69.433395,melgar_2015,3d,hypocentral,median,7,0,7,,124.429892,UNUSABLE,"late_pgd_peak,low_pgd_snr",6.407797,6.214077,6.702227,0.407797,0.407797,,,,0.442565,0.538773,,,,,,,
us-ak2025xjbvhj-m6-0-20251127-12-km-wnw-of-susitna-alaska,ak2025xjbvhj,2025-11-27T17:11:29.059000Z,United States,US,EarthScope PRIDE PPP-AR kin quality-passing stations,"12 km WNW of Susitna, Alaska",6.000000,69.433395,crowell_2016_gfast,3d,hypocentral,median,7,0,7,,124.429892,UNUSABLE,"late_pgd_peak,low_pgd_snr",6.849512,6.524819,7.015074,0.849512,0.849512,,,,0.775317,0.821587,,,,,,,
us-ak2025xjbvhj-m6-0-20251127-12-km-wnw-of-susitna-alaska,ak2025xjbvhj,2025-11-27T17:11:29.059000Z,United States,US,EarthScope PRIDE PPP-AR kin quality-passing stations,"12 km WNW of Susitna, Alaska",6.000000,69.433395,ruhl_2019,3d,hypocentral,median,7,0,7,,124.429892,UNUSABLE,"late_pgd_peak,low_pgd_snr",6.158118,5.946638,6.473982,0.158118,0.158118,,,,0.193827,0.383146,,,,,,,
us-hv72748782-m6-21-20211010-27-km-sse-of-naalehu-hawaii,hv72748782,2021-10-10T21:48:36.560000Z,United States,US,EarthScope PRIDE PPP-AR kin quality-passing stations,"27 km SSE of Naalehu, Hawaii",6.210000,35.060000,melgar_2015,3d,hypocentral,median,4,0,4,,77.422160,UNUSABLE,"late_pgd_peak,low_pgd_snr",6.472074,6.308576,6.705942,0.262074,0.262074,,,,0.295906,0.377366,,,,,,,
us-hv72748782-m6-21-20211010-27-km-sse-of-naalehu-hawaii,hv72748782,2021-10-10T21:48:36.560000Z,United States,US,EarthScope PRIDE PPP-AR kin quality-passing stations,"27 km SSE of Naalehu, Hawaii",6.210000,35.060000,crowell_2016_gfast,3d,hypocentral,median,4,0,4,,77.422160,UNUSABLE,"late_pgd_peak,low_pgd_snr",6.690914,6.530394,6.916780,0.480914,0.480914,,,,0.512330,0.570321,,,,,,,
us-hv72748782-m6-21-20211010-27-km-sse-of-naalehu-hawaii,hv72748782,2021-10-10T21:48:36.560000Z,United States,US,EarthScope PRIDE PPP-AR kin quality-passing stations,"27 km SSE of Naalehu, Hawaii",6.210000,35.060000,ruhl_2019,3d,hypocentral,median,4,0,4,,77.422160,UNUSABLE,"late_pgd_peak,low_pgd_snr",6.222017,6.047420,6.474360,0.012017,0.012017,,,,0.049395,0.257587,,,,,,,
us-nc71338066-m6-5-20100110-the-2010-eureka-california-earthquake,nc71338066,2010-01-10T00:27:39.320000Z,United States,US,EarthScope PRIDE PPP-AR kin quality-passing stations,"The 2010 Eureka, California Earthquake",6.500000,28.737000,melgar_2015,3d,hypocentral,median,1,0,1,,47.863806,UNUSABLE,"late_pgd_peak,low_pgd_snr",6.236135,6.236135,6.236135,-0.263865,0.263865,,,,-0.263865,0.263865,,,,,,,
us-nc71338066-m6-5-20100110-the-2010-eureka-california-earthquake,nc71338066,2010-01-10T00:27:39.320000Z,United States,US,EarthScope PRIDE PPP-AR kin quality-passing stations,"The 2010 Eureka, California Earthquake",6.500000,28.737000,crowell_2016_gfast,3d,hypocentral,median,1,0,1,,47.863806,UNUSABLE,"late_pgd_peak,low_pgd_snr",6.432775,6.432775,6.432775,-0.067225,0.067225,,,,-0.067225,0.067225,,,,,,,
us-nc71338066-m6-5-20100110-the-2010-eureka-california-earthquake,nc71338066,2010-01-10T00:27:39.320000Z,United States,US,EarthScope PRIDE PPP-AR kin quality-passing stations,"The 2010 Eureka, California Earthquake",6.500000,28.737000,ruhl_2019,3d,hypocentral,median,1,0,1,,47.863806,UNUSABLE,"late_pgd_peak,low_pgd_snr",5.968707,5.968707,5.968707,-0.531293,0.531293,,,,-0.531293,0.531293,,,,,,,
us-nc73666231-m6-2-20211220-7km-n-of-petrolia-ca,nc73666231,2021-12-20T20:10:31.310000Z,United States,US,EarthScope PRIDE PPP-AR kin quality-passing stations,"7km N of Petrolia, CA",6.200000,27.040000,melgar_2015,3d,hypocentral,median,4,1,4,3.316799,33.502648,LOW,"late_pgd_peak,low_pgd_snr",6.040895,6.024938,6.075302,-0.159105,0.159105,6.026098,-0.173902,0.173902,-0.150235,0.152850,,,,,,,
us-nc73666231-m6-2-20211220-7km-n-of-petrolia-ca,nc73666231,2021-12-20T20:10:31.310000Z,United States,US,EarthScope PRIDE PPP-AR kin quality-passing stations,"7km N of Petrolia, CA",6.200000,27.040000,crowell_2016_gfast,3d,hypocentral,median,4,1,4,3.316799,33.502648,LOW,"late_pgd_peak,low_pgd_snr",6.225273,6.198507,6.269013,0.025273,0.025273,6.204807,0.004807,0.004807,0.033433,0.050887,,,,,,,
us-nc73666231-m6-2-20211220-7km-n-of-petrolia-ca,nc73666231,2021-12-20T20:10:31.310000Z,United States,US,EarthScope PRIDE PPP-AR kin quality-passing stations,"7km N of Petrolia, CA",6.200000,27.040000,ruhl_2019,3d,hypocentral,median,4,1,4,3.316799,33.502648,LOW,"late_pgd_peak,low_pgd_snr",5.760451,5.743439,5.797109,-0.439549,0.439549,5.744693,-0.455307,0.455307,-0.430104,0.431149,,,,,,,
us-nc73821036-m6-4-20221220-15km-wsw-of-ferndale-ca,nc73821036,2022-12-20T10:34:24.770000Z,United States,US,EarthScope PRIDE PPP-AR kin quality-passing stations,"15km WSW of Ferndale, CA",6.400000,17.910000,melgar_2015,3d,hypocentral,median,58,14,58,5.299428,119.350969,HIGH,"late_pgd_peak,low_pgd_snr",6.396311,6.282038,6.651668,-0.003689,0.003689,6.344188,-0.055812,0.055812,0.030949,0.217249,,,,,,,
us-nc73821036-m6-4-20221220-15km-wsw-of-ferndale-ca,nc73821036,2022-12-20T10:34:24.770000Z,United States,US,EarthScope PRIDE PPP-AR kin quality-passing stations,"15km WSW of Ferndale, CA",6.400000,17.910000,crowell_2016_gfast,3d,hypocentral,median,58,14,58,5.299428,119.350969,HIGH,"late_pgd_peak,low_pgd_snr",6.748739,6.512965,7.000347,0.348739,0.348739,6.534010,0.134010,0.134010,0.334910,0.415674,,,,,,,
us-nc73821036-m6-4-20221220-15km-wsw-of-ferndale-ca,nc73821036,2022-12-20T10:34:24.770000Z,United States,US,EarthScope PRIDE PPP-AR kin quality-passing stations,"15km WSW of Ferndale, CA",6.400000,17.910000,ruhl_2019,3d,hypocentral,median,58,14,58,5.299428,119.350969,HIGH,"late_pgd_peak,low_pgd_snr",6.144597,6.017899,6.420335,-0.255403,0.255403,6.083897,-0.316103,0.316103,-0.219327,0.319209,,,,,,,
us-pr2019267000-m6-20190924-67-km-nnw-of-san-antonio-puerto-rico,pr2019267000,2019-09-24T03:23:40.000000Z,United States,US,EarthScope PRIDE PPP-AR kin quality-passing stations,"67 km NNW of San Antonio, Puerto Rico",6.000000,10.000000,melgar_2015,3d,hypocentral,median,9,0,9,,133.485101,UNUSABLE,"late_pgd_peak,low_pgd_snr",7.077603,6.878957,7.121274,1.077603,1.077603,,,,1.029922,1.052179,,,,,,,
us-pr2019267000-m6-20190924-67-km-nnw-of-san-antonio-puerto-rico,pr2019267000,2019-09-24T03:23:40.000000Z,United States,US,EarthScope PRIDE PPP-AR kin quality-passing stations,"67 km NNW of San Antonio, Puerto Rico",6.000000,10.000000,crowell_2016_gfast,3d,hypocentral,median,9,0,9,,133.485101,UNUSABLE,"late_pgd_peak,low_pgd_snr",7.284079,7.088937,7.338273,1.284079,1.284079,,,,1.228287,1.246941,,,,,,,
us-pr2019267000-m6-20190924-67-km-nnw-of-san-antonio-puerto-rico,pr2019267000,2019-09-24T03:23:40.000000Z,United States,US,EarthScope PRIDE PPP-AR kin quality-passing stations,"67 km NNW of San Antonio, Puerto Rico",6.000000,10.000000,ruhl_2019,3d,hypocentral,median,9,0,9,,133.485101,UNUSABLE,"late_pgd_peak,low_pgd_snr",6.881144,6.661858,6.921334,0.881144,0.881144,,,,0.826148,0.858602,,,,,,,
us-pr2020007007-m6-4-20200107-4-km-sse-of-indios-puerto-rico,pr2020007007,2020-01-07T08:24:27.370Z,Puerto Rico,Americas,EarthScope PRIDE PPP-AR kin quality-passing stations,"4 km SSE of Indios, Puerto Rico",6.400000,6.000000,melgar_2015,3d,hypocentral,median,9,0,9,,74.765143,UNUSABLE,"late_pgd_peak,low_pgd_snr",7.067454,6.640730,7.291114,0.667454,0.667454,,,,0.564717,0.683040,,,,,,,
us-pr2020007007-m6-4-20200107-4-km-sse-of-indios-puerto-rico,pr2020007007,2020-01-07T08:24:27.370Z,Puerto Rico,Americas,EarthScope PRIDE PPP-AR kin quality-passing stations,"4 km SSE of Indios, Puerto Rico",6.400000,6.000000,crowell_2016_gfast,3d,hypocentral,median,9,0,9,,74.765143,UNUSABLE,"late_pgd_peak,low_pgd_snr",7.102913,6.751090,7.455232,0.702913,0.702913,,,,0.684802,0.797678,,,,,,,
us-pr2020007007-m6-4-20200107-4-km-sse-of-indios-puerto-rico,pr2020007007,2020-01-07T08:24:27.370Z,Puerto Rico,Americas,EarthScope PRIDE PPP-AR kin quality-passing stations,"4 km SSE of Indios, Puerto Rico",6.400000,6.000000,ruhl_2019,3d,hypocentral,median,9,0,9,,74.765143,UNUSABLE,"late_pgd_peak,low_pgd_snr",6.857413,6.402402,7.109330,0.457413,0.457413,,,,0.352956,0.545813,,,,,,,
us-us10003vyx-m6-5-20151109-99-km-se-of-atka-alaska,us10003vyx,2015-11-09T16:03:46.070000Z,United States,US,EarthScope PRIDE PPP-AR kin quality-passing stations,"99 km SE of Atka, Alaska",6.500000,15.000000,melgar_2015,3d,hypocentral,median,1,0,1,,101.241372,UNUSABLE,"late_pgd_peak,low_pgd_snr",6.794276,6.794276,6.794276,0.294276,0.294276,,,,0.294276,0.294276,,,,,,,
us-us10003vyx-m6-5-20151109-99-km-se-of-atka-alaska,us10003vyx,2015-11-09T16:03:46.070000Z,United States,US,EarthScope PRIDE PPP-AR kin quality-passing stations,"99 km SE of Atka, Alaska",6.500000,15.000000,crowell_2016_gfast,3d,hypocentral,median,1,0,1,,101.241372,UNUSABLE,"late_pgd_peak,low_pgd_snr",6.991025,6.991025,6.991025,0.491025,0.491025,,,,0.491025,0.491025,,,,,,,
us-us10003vyx-m6-5-20151109-99-km-se-of-atka-alaska,us10003vyx,2015-11-09T16:03:46.070000Z,United States,US,EarthScope PRIDE PPP-AR kin quality-passing stations,"99 km SE of Atka, Alaska",6.500000,15.000000,ruhl_2019,3d,hypocentral,median,1,0,1,,101.241372,UNUSABLE,"late_pgd_peak,low_pgd_snr",6.569495,6.569495,6.569495,0.069495,0.069495,,,,0.069495,0.069495,,,,,,,
us-us100047zq-m6-6-20151217-4-km-w-of-manuel-vila-camacho-ponte-duro-mexico,us100047zq,2015-12-17T19:49:53.050Z,Mexico,Americas,EarthScope PRIDE PPP-AR kin quality-passing stations,"4 km W of Manuel Ávila Camacho (Ponte Duro), Mexico",6.600000,85.000000,melgar_2015,3d,hypocentral,median,1,0,1,,199.126305,UNUSABLE,"late_pgd_peak,low_pgd_snr",7.176932,7.176932,7.176932,0.576932,0.576932,,,,0.576932,0.576932,,,,,,,
us-us100047zq-m6-6-20151217-4-km-w-of-manuel-vila-camacho-ponte-duro-mexico,us100047zq,2015-12-17T19:49:53.050Z,Mexico,Americas,EarthScope PRIDE PPP-AR kin quality-passing stations,"4 km W of Manuel Ávila Camacho (Ponte Duro), Mexico",6.600000,85.000000,crowell_2016_gfast,3d,hypocentral,median,1,0,1,,199.126305,UNUSABLE,"late_pgd_peak,low_pgd_snr",7.430807,7.430807,7.430807,0.830807,0.830807,,,,0.830807,0.830807,,,,,,,
us-us100047zq-m6-6-20151217-4-km-w-of-manuel-vila-camacho-ponte-duro-mexico,us100047zq,2015-12-17T19:49:53.050Z,Mexico,Americas,EarthScope PRIDE PPP-AR kin quality-passing stations,"4 km W of Manuel Ávila Camacho (Ponte Duro), Mexico",6.600000,85.000000,ruhl_2019,3d,hypocentral,median,1,0,1,,199.126305,UNUSABLE,"late_pgd_peak,low_pgd_snr",6.989296,6.989296,6.989296,0.389296,0.389296,,,,0.389296,0.389296,,,,,,,
us-us10004x1w-m6-3-20160312-72-km-sse-of-atka-alaska,us10004x1w,2016-03-12T18:06:44.760000Z,United States,US,EarthScope PRIDE PPP-AR kin quality-passing stations,"72 km SSE of Atka, Alaska",6.300000,19.000000,melgar_2015,3d,hypocentral,median,1,0,1,,76.318904,UNUSABLE,late_pgd_peak,6.622046,6.622046,6.622046,0.322046,0.322046,,,,0.322046,0.322046,,,,,,,
us-us10004x1w-m6-3-20160312-72-km-sse-of-atka-alaska,us10004x1w,2016-03-12T18:06:44.760000Z,United States,US,EarthScope PRIDE PPP-AR kin quality-passing stations,"72 km SSE of Atka, Alaska",6.300000,19.000000,crowell_2016_gfast,3d,hypocentral,median,1,0,1,,76.318904,UNUSABLE,late_pgd_peak,6.804976,6.804976,6.804976,0.504976,0.504976,,,,0.504976,0.504976,,,,,,,
us-us10004x1w-m6-3-20160312-72-km-sse-of-atka-alaska,us10004x1w,2016-03-12T18:06:44.760000Z,United States,US,EarthScope PRIDE PPP-AR kin quality-passing stations,"72 km SSE of Atka, Alaska",6.300000,19.000000,ruhl_2019,3d,hypocentral,median,1,0,1,,76.318904,UNUSABLE,late_pgd_peak,6.382794,6.382794,6.382794,0.082794,0.082794,,,,0.082794,0.082794,,,,,,,
us-us10007c4w-m6-9-20161124-156-km-ssw-of-puerto-el-triunfo-el-salvador,us10007c4w,2016-11-24T18:43:47.710Z,El Salvador,Americas,EarthScope PRIDE PPP-AR kin quality-passing stations,"156 km SSW of Puerto El Triunfo, El Salvador",6.900000,10.000000,melgar_2015,3d,hypocentral,median,2,0,2,,204.395863,UNUSABLE,"late_pgd_peak,low_pgd_snr",7.306728,7.234401,7.379055,0.406728,0.406728,,,,0.406728,0.420406,,,,,,,
us-us10007c4w-m6-9-20161124-156-km-ssw-of-puerto-el-triunfo-el-salvador,us10007c4w,2016-11-24T18:43:47.710Z,El Salvador,Americas,EarthScope PRIDE PPP-AR kin quality-passing stations,"156 km SSW of Puerto El Triunfo, El Salvador",6.900000,10.000000,crowell_2016_gfast,3d,hypocentral,median,2,0,2,,204.395863,UNUSABLE,"late_pgd_peak,low_pgd_snr",7.531507,7.482577,7.580436,0.631507,0.631507,,,,0.631507,0.635593,,,,,,,
us-us10007c4w-m6-9-20161124-156-km-ssw-of-puerto-el-triunfo-el-salvador,us10007c4w,2016-11-24T18:43:47.710Z,El Salvador,Americas,EarthScope PRIDE PPP-AR kin quality-passing stations,"156 km SSW of Puerto El Triunfo, El Salvador",6.900000,10.000000,ruhl_2019,3d,hypocentral,median,2,0,2,,204.395863,UNUSABLE,"late_pgd_peak,low_pgd_snr",7.129885,7.051962,7.207809,0.229885,0.229885,,,,0.229885,0.256863,,,,,,,
us-us10008mel-m6-2-20170501-47-km-nw-of-mosquito-lake-alaska,us10008mel,2017-05-01T12:31:55.590000Z,United States,US,EarthScope PRIDE PPP-AR kin quality-passing stations,"47 km NW of Mosquito Lake, Alaska",6.200000,10.000000,melgar_2015,3d,hypocentral,median,4,1,4,3.032472,157.649446,LOW,"late_pgd_peak,low_pgd_snr",6.757492,6.598147,6.898732,0.557492,0.557492,6.745884,0.545884,0.545884,0.548788,0.583129,,,,,,,
us-us10008mel-m6-2-20170501-47-km-nw-of-mosquito-lake-alaska,us10008mel,2017-05-01T12:31:55.590000Z,United States,US,EarthScope PRIDE PPP-AR kin quality-passing stations,"47 km NW of Mosquito Lake, Alaska",6.200000,10.000000,crowell_2016_gfast,3d,hypocentral,median,4,1,4,3.032472,157.649446,LOW,"late_pgd_peak,low_pgd_snr",7.066599,6.876060,7.209709,0.866599,0.866599,7.094176,0.894176,0.894176,0.843796,0.869777,,,,,,,
us-us10008mel-m6-2-20170501-47-km-nw-of-mosquito-lake-alaska,us10008mel,2017-05-01T12:31:55.590000Z,United States,US,EarthScope PRIDE PPP-AR kin quality-passing stations,"47 km NW of Mosquito Lake, Alaska",6.200000,10.000000,ruhl_2019,3d,hypocentral,median,4,1,4,3.032472,157.649446,LOW,"late_pgd_peak,low_pgd_snr",6.533935,6.361321,6.687030,0.333935,0.333935,6.522807,0.322807,0.322807,0.324551,0.389051,,,,,,,
us-us10008mgu-m6-3-20170501-48-km-nw-of-mosquito-lake-alaska,us10008mgu,2017-05-01T14:18:15.290000Z,United States,US,EarthScope PRIDE PPP-AR kin quality-passing stations,"48 km NW of Mosquito Lake, Alaska",6.300000,2.530000,melgar_2015,3d,hypocentral,median,4,0,4,,158.188678,UNUSABLE,"late_pgd_peak,low_pgd_snr",6.726522,6.604473,6.837206,0.426522,0.426522,,,,0.421058,0.448152,,,,,,,
us-us10008mgu-m6-3-20170501-48-km-nw-of-mosquito-lake-alaska,us10008mgu,2017-05-01T14:18:15.290000Z,United States,US,EarthScope PRIDE PPP-AR kin quality-passing stations,"48 km NW of Mosquito Lake, Alaska",6.300000,2.530000,crowell_2016_gfast,3d,hypocentral,median,4,0,4,,158.188678,UNUSABLE,"late_pgd_peak,low_pgd_snr",7.009959,6.875629,7.172823,0.709959,0.709959,,,,0.723677,0.739957,,,,,,,
us-us10008mgu-m6-3-20170501-48-km-nw-of-mosquito-lake-alaska,us10008mgu,2017-05-01T14:18:15.290000Z,United States,US,EarthScope PRIDE PPP-AR kin quality-passing stations,"48 km NW of Mosquito Lake, Alaska",6.300000,2.530000,ruhl_2019,3d,hypocentral,median,4,0,4,,158.188678,UNUSABLE,"late_pgd_peak,low_pgd_snr",6.499361,6.366362,6.621809,0.199361,0.199361,,,,0.194289,0.255757,,,,,,,
us-us10008rtu-m6-2-20170512-78-km-ssw-of-acajutla-el-salvador,us10008rtu,2017-05-12T10:41:26.710Z,El Salvador,Americas,EarthScope PRIDE PPP-AR kin quality-passing stations,"78 km SSW of Acajutla, El Salvador",6.200000,16.000000,melgar_2015,3d,hypocentral,median,2,0,2,,212.775520,UNUSABLE,"late_pgd_peak,low_pgd_snr",7.324191,6.915125,7.733257,1.124191,1.124191,,,,1.124191,1.275025,,,,,,,
us-us10008rtu-m6-2-20170512-78-km-ssw-of-acajutla-el-salvador,us10008rtu,2017-05-12T10:41:26.710Z,El Salvador,Americas,EarthScope PRIDE PPP-AR kin quality-passing stations,"78 km SSW of Acajutla, El Salvador",6.200000,16.000000,crowell_2016_gfast,3d,hypocentral,median,2,0,2,,212.775520,UNUSABLE,"late_pgd_peak,low_pgd_snr",7.541158,7.177242,7.905074,1.341158,1.341158,,,,1.341158,1.443992,,,,,,,
us-us10008rtu-m6-2-20170512-78-km-ssw-of-acajutla-el-salvador,us10008rtu,2017-05-12T10:41:26.710Z,El Salvador,Americas,EarthScope PRIDE PPP-AR kin quality-passing stations,"78 km SSW of Acajutla, El Salvador",6.200000,16.000000,ruhl_2019,3d,hypocentral,median,2,0,2,,212.775520,UNUSABLE,"late_pgd_peak,low_pgd_snr",7.151243,6.705060,7.597426,0.951243,0.951243,,,,0.951243,1.155594,,,,,,,
us-us1000ga0z-m6-5-20180815-108-km-wsw-of-adak-alaska,us1000ga0z,2018-08-15T21:56:56.310000Z,United States,US,EarthScope PRIDE PPP-AR kin quality-passing stations,"108 km WSW of Adak, Alaska",6.500000,38.000000,melgar_2015,3d,hypocentral,median,1,0,1,,166.055410,UNUSABLE,low_pgd_snr,6.771661,6.771661,6.771661,0.271661,0.271661,,,,0.271661,0.271661,,,,,,,
us-us1000ga0z-m6-5-20180815-108-km-wsw-of-adak-alaska,us1000ga0z,2018-08-15T21:56:56.310000Z,United States,US,EarthScope PRIDE PPP-AR kin quality-passing stations,"108 km WSW of Adak, Alaska",6.500000,38.000000,crowell_2016_gfast,3d,hypocentral,median,1,0,1,,166.055410,UNUSABLE,low_pgd_snr,7.091784,7.091784,7.091784,0.591784,0.591784,,,,0.591784,0.591784,,,,,,,
us-us1000ga0z-m6-5-20180815-108-km-wsw-of-adak-alaska,us1000ga0z,2018-08-15T21:56:56.310000Z,United States,US,EarthScope PRIDE PPP-AR kin quality-passing stations,"108 km WSW of Adak, Alaska",6.500000,38.000000,ruhl_2019,3d,hypocentral,median,1,0,1,,166.055410,UNUSABLE,low_pgd_snr,6.549799,6.549799,6.549799,0.049799,0.049799,,,,0.049799,0.049799,,,,,,,
us-us1000gc0k-m6-1-20180817-19-km-nnw-of-golfito-costa-rica,us1000gc0k,2018-08-17T23:22:24.950Z,Costa Rica,Americas,EarthScope PRIDE PPP-AR kin quality-passing stations,"19 km NNW of Golfito, Costa Rica",6.100000,15.000000,melgar_2015,3d,hypocentral,median,2,0,2,,193.879709,UNUSABLE,"late_pgd_peak,low_pgd_snr",7.682830,7.628578,7.737082,1.582830,1.582830,,,,1.582830,1.584839,,,,,,,
us-us1000gc0k-m6-1-20180817-19-km-nnw-of-golfito-costa-rica,us1000gc0k,2018-08-17T23:22:24.950Z,Costa Rica,Americas,EarthScope PRIDE PPP-AR kin quality-passing stations,"19 km NNW of Golfito, Costa Rica",6.100000,15.000000,crowell_2016_gfast,3d,hypocentral,median,2,0,2,,193.879709,UNUSABLE,"late_pgd_peak,low_pgd_snr",7.772887,7.661521,7.884252,1.672887,1.672887,,,,1.672887,1.680884,,,,,,,
us-us1000gc0k-m6-1-20180817-19-km-nnw-of-golfito-costa-rica,us1000gc0k,2018-08-17T23:22:24.950Z,Costa Rica,Americas,EarthScope PRIDE PPP-AR kin quality-passing stations,"19 km NNW of Golfito, Costa Rica",6.100000,15.000000,ruhl_2019,3d,hypocentral,median,2,0,2,,193.879709,UNUSABLE,"late_pgd_peak,low_pgd_snr",7.534147,7.469874,7.598421,1.434147,1.434147,,,,1.434147,1.437258,,,,,,,
us-us1000gez7-m7-3-20180821-40-km-ene-of-car-pano-venezuela,us1000gez7,2018-08-21T21:31:47.600Z,Venezuela,Americas,EarthScope PRIDE PPP-AR kin quality-passing stations,"40 km ENE of Carúpano, Venezuela",7.300000,146.820000,melgar_2015,3d,hypocentral,median,3,0,3,,221.950553,UNUSABLE,low_pgd_snr,7.388925,7.362176,7.533297,0.088925,0.088925,,,,0.146583,0.183584,,,,,,,
us-us1000gez7-m7-3-20180821-40-km-ene-of-car-pano-venezuela,us1000gez7,2018-08-21T21:31:47.600Z,Venezuela,Americas,EarthScope PRIDE PPP-AR kin quality-passing stations,"40 km ENE of Carúpano, Venezuela",7.300000,146.820000,crowell_2016_gfast,3d,hypocentral,median,3,0,3,,221.950553,UNUSABLE,low_pgd_snr,7.612771,7.592420,7.744867,0.312771,0.312771,,,,0.367548,0.380747,,,,,,,
us-us1000gez7-m7-3-20180821-40-km-ene-of-car-pano-venezuela,us1000gez7,2018-08-21T21:31:47.600Z,Venezuela,Americas,EarthScope PRIDE PPP-AR kin quality-passing stations,"40 km ENE of Carúpano, Venezuela",7.300000,146.820000,ruhl_2019,3d,hypocentral,median,3,0,3,,221.950553,UNUSABLE,low_pgd_snr,7.220163,7.191174,7.378372,-0.079837,0.079837,,,,-0.016494,0.122103,,,,,,,
us-us1000gf8u-m6-2-20180822-272-km-w-of-bandon-oregon,us1000gf8u,2018-08-22T09:31:45.530000Z,United States,US,EarthScope PRIDE PPP-AR kin quality-passing stations,"272 km W of Bandon, Oregon",6.200000,10.000000,melgar_2015,3d,hypocentral,median,4,0,4,,276.510417,UNUSABLE,"late_pgd_peak,low_pgd_snr",6.811665,6.733865,6.884049,0.611665,0.611665,,,,0.609061,0.617240,,,,,,,
us-us1000gf8u-m6-2-20180822-272-km-w-of-bandon-oregon,us1000gf8u,2018-08-22T09:31:45.530000Z,United States,US,EarthScope PRIDE PPP-AR kin quality-passing stations,"272 km W of Bandon, Oregon",6.200000,10.000000,crowell_2016_gfast,3d,hypocentral,median,4,0,4,,276.510417,UNUSABLE,"late_pgd_peak,low_pgd_snr",7.260599,7.192601,7.314356,1.060599,1.060599,,,,1.053753,1.056595,,,,,,,
us-us1000gf8u-m6-2-20180822-272-km-w-of-bandon-oregon,us1000gf8u,2018-08-22T09:31:45.530000Z,United States,US,EarthScope PRIDE PPP-AR kin quality-passing stations,"272 km W of Bandon, Oregon",6.200000,10.000000,ruhl_2019,3d,hypocentral,median,4,0,4,,276.510417,UNUSABLE,"late_pgd_peak,low_pgd_snr",6.598628,6.514198,6.676808,0.398628,0.398628,,,,0.395623,0.410293,,,,,,,
us-us1000gfvg-m6-3-20180823-97-km-sw-of-adak-alaska,us1000gfvg,2018-08-23T03:35:12.270000Z,United States,US,EarthScope PRIDE PPP-AR kin quality-passing stations,"97 km SW of Adak, Alaska",6.300000,20.000000,melgar_2015,3d,hypocentral,median,1,0,1,,263.340571,UNUSABLE,"late_pgd_peak,low_pgd_snr",7.162351,7.162351,7.162351,0.862351,0.862351,,,,0.862351,0.862351,,,,,,,
us-us1000gfvg-m6-3-20180823-97-km-sw-of-adak-alaska,us1000gfvg,2018-08-23T03:35:12.270000Z,United States,US,EarthScope PRIDE PPP-AR kin quality-passing stations,"97 km SW of Adak, Alaska",6.300000,20.000000,crowell_2016_gfast,3d,hypocentral,median,1,0,1,,263.340571,UNUSABLE,"late_pgd_peak,low_pgd_snr",7.494360,7.494360,7.494360,1.194360,1.194360,,,,1.194360,1.194360,,,,,,,
us-us1000gfvg-m6-3-20180823-97-km-sw-of-adak-alaska,us1000gfvg,2018-08-23T03:35:12.270000Z,United States,US,EarthScope PRIDE PPP-AR kin quality-passing stations,"97 km SW of Adak, Alaska",6.300000,20.000000,ruhl_2019,3d,hypocentral,median,1,0,1,,263.340571,UNUSABLE,"late_pgd_peak,low_pgd_snr",6.977746,6.977746,6.977746,0.677746,0.677746,,,,0.677746,0.677746,,,,,,,
us-us200030aq-m6-9-20150727-fox-islands-aleutian-islands-alaska,us200030aq,2015-07-27T04:49:46.400000Z,United States,US,EarthScope PRIDE PPP-AR kin quality-passing stations,"Fox Islands, Aleutian Islands, Alaska",6.900000,29.000000,melgar_2015,3d,hypocentral,median,1,0,1,,82.466269,UNUSABLE,"late_pgd_peak,low_pgd_snr",6.347247,6.347247,6.347247,-0.552753,0.552753,,,,-0.552753,0.552753,,,,,,,
us-us200030aq-m6-9-20150727-fox-islands-aleutian-islands-alaska,us200030aq,2015-07-27T04:49:46.400000Z,United States,US,EarthScope PRIDE PPP-AR kin quality-passing stations,"Fox Islands, Aleutian Islands, Alaska",6.900000,29.000000,crowell_2016_gfast,3d,hypocentral,median,1,0,1,,82.466269,UNUSABLE,"late_pgd_peak,low_pgd_snr",6.624416,6.624416,6.624416,-0.275584,0.275584,,,,-0.275584,0.275584,,,,,,,
us-us200030aq-m6-9-20150727-fox-islands-aleutian-islands-alaska,us200030aq,2015-07-27T04:49:46.400000Z,United States,US,EarthScope PRIDE PPP-AR kin quality-passing stations,"Fox Islands, Aleutian Islands, Alaska",6.900000,29.000000,ruhl_2019,3d,hypocentral,median,1,0,1,,82.466269,UNUSABLE,"late_pgd_peak,low_pgd_snr",6.089207,6.089207,6.089207,-0.810793,0.810793,,,,-0.810793,0.810793,,,,,,,
us-us20003hq5-m6-20150910-104-km-ssw-of-nikolski-alaska,us20003hq5,2015-09-10T10:26:44.810000Z,United States,US,EarthScope PRIDE PPP-AR kin quality-passing stations,"104 km SSW of Nikolski, Alaska",6.000000,20.000000,melgar_2015,3d,hypocentral,median,1,0,1,,109.179477,UNUSABLE,"late_pgd_peak,low_pgd_snr",6.616916,6.616916,6.616916,0.616916,0.616916,,,,0.616916,0.616916,,,,,,,
us-us20003hq5-m6-20150910-104-km-ssw-of-nikolski-alaska,us20003hq5,2015-09-10T10:26:44.810000Z,United States,US,EarthScope PRIDE PPP-AR kin quality-passing stations,"104 km SSW of Nikolski, Alaska",6.000000,20.000000,crowell_2016_gfast,3d,hypocentral,median,1,0,1,,109.179477,UNUSABLE,"late_pgd_peak,low_pgd_snr",6.880574,6.880574,6.880574,0.880574,0.880574,,,,0.880574,0.880574,,,,,,,
us-us20003hq5-m6-20150910-104-km-ssw-of-nikolski-alaska,us20003hq5,2015-09-10T10:26:44.810000Z,United States,US,EarthScope PRIDE PPP-AR kin quality-passing stations,"104 km SSW of Nikolski, Alaska",6.000000,20.000000,ruhl_2019,3d,hypocentral,median,1,0,1,,109.179477,UNUSABLE,"late_pgd_peak,low_pgd_snr",6.379830,6.379830,6.379830,0.379830,0.379830,,,,0.379830,0.379830,,,,,,,
us-us20005axu-m6-20160319-75-km-s-of-atka-alaska,us20005axu,2016-03-19T01:35:12.170000Z,United States,US,EarthScope PRIDE PPP-AR kin quality-passing stations,"75 km S of Atka, Alaska",6.000000,17.000000,melgar_2015,3d,hypocentral,median,1,0,1,,79.244937,UNUSABLE,"late_pgd_peak,low_pgd_snr",6.413080,6.413080,6.413080,0.413080,0.413080,,,,0.413080,0.413080,,,,,,,
us-us20005axu-m6-20160319-75-km-s-of-atka-alaska,us20005axu,2016-03-19T01:35:12.170000Z,United States,US,EarthScope PRIDE PPP-AR kin quality-passing stations,"75 km S of Atka, Alaska",6.000000,17.000000,crowell_2016_gfast,3d,hypocentral,median,1,0,1,,79.244937,UNUSABLE,"late_pgd_peak,low_pgd_snr",6.663096,6.663096,6.663096,0.663096,0.663096,,,,0.663096,0.663096,,,,,,,
us-us20005axu-m6-20160319-75-km-s-of-atka-alaska,us20005axu,2016-03-19T01:35:12.170000Z,United States,US,EarthScope PRIDE PPP-AR kin quality-passing stations,"75 km S of Atka, Alaska",6.000000,17.000000,ruhl_2019,3d,hypocentral,median,1,0,1,,79.244937,UNUSABLE,"late_pgd_peak,low_pgd_snr",6.159478,6.159478,6.159478,0.159478,0.159478,,,,0.159478,0.159478,,,,,,,
us-us200063cy-m6-1-20160610-nicaragua,us200063cy,2016-06-10T03:25:22.920Z,Nicaragua,Americas,EarthScope PRIDE PPP-AR kin quality-passing stations,Nicaragua,6.100000,10.000000,melgar_2015,3d,hypocentral,median,11,0,11,,52.306797,UNUSABLE,"late_pgd_peak,low_pgd_snr",6.559820,6.449627,6.957449,0.459820,0.459820,,,,0.567107,0.622353,,,,,,,
us-us200063cy-m6-1-20160610-nicaragua,us200063cy,2016-06-10T03:25:22.920Z,Nicaragua,Americas,EarthScope PRIDE PPP-AR kin quality-passing stations,Nicaragua,6.100000,10.000000,crowell_2016_gfast,3d,hypocentral,median,11,0,11,,52.306797,UNUSABLE,"late_pgd_peak,low_pgd_snr",6.728684,6.537411,7.054743,0.628684,0.628684,,,,0.692527,0.750352,,,,,,,
us-us200063cy-m6-1-20160610-nicaragua,us200063cy,2016-06-10T03:25:22.920Z,Nicaragua,Americas,EarthScope PRIDE PPP-AR kin quality-passing stations,Nicaragua,6.100000,10.000000,ruhl_2019,3d,hypocentral,median,11,0,11,,52.306797,UNUSABLE,"late_pgd_peak,low_pgd_snr",6.310923,6.196026,6.738245,0.210923,0.210923,,,,0.330494,0.431214,,,,,,,
us-us20007z6r-m6-6-20161208-164-km-w-of-ferndale-california,us20007z6r,2016-12-08T14:49:45.910000Z,United States,US,EarthScope PRIDE PPP-AR kin quality-passing stations,"164 km W of Ferndale, California",6.600000,8.450000,melgar_2015,3d,hypocentral,median,3,0,3,,183.119066,UNUSABLE,"late_pgd_peak,low_pgd_snr",6.727371,6.725793,6.859850,0.127371,0.127371,,,,0.191538,0.212657,,,,,,,
us-us20007z6r-m6-6-20161208-164-km-w-of-ferndale-california,us20007z6r,2016-12-08T14:49:45.910000Z,United States,US,EarthScope PRIDE PPP-AR kin quality-passing stations,"164 km W of Ferndale, California",6.600000,8.450000,crowell_2016_gfast,3d,hypocentral,median,3,0,3,,183.119066,UNUSABLE,"late_pgd_peak,low_pgd_snr",7.099697,7.068031,7.184941,0.499697,0.499697,,,,0.525960,0.530948,,,,,,,
us-us20007z6r-m6-6-20161208-164-km-w-of-ferndale-california,us20007z6r,2016-12-08T14:49:45.910000Z,United States,US,EarthScope PRIDE PPP-AR kin quality-passing stations,"164 km W of Ferndale, California",6.600000,8.450000,ruhl_2019,3d,hypocentral,median,3,0,3,,183.119066,UNUSABLE,"late_pgd_peak,low_pgd_snr",6.501812,6.501320,6.645544,-0.098188,0.098188,,,,-0.027972,0.103658,,,,,,,
us-us20009p1a-m6-8-20170622-28-km-sw-of-puerto-san-jos-guatemala,us20009p1a,2017-06-22T12:31:03.490Z,Guatemala,Americas,EarthScope PRIDE PPP-AR kin quality-passing stations,"28 km SW of Puerto San José, Guatemala",6.800000,38.120000,melgar_2015,3d,hypocentral,median,1,0,1,,204.018911,UNUSABLE,low_pgd_snr,7.044054,7.044054,7.044054,0.244054,0.244054,,,,0.244054,0.244054,,,,,,,
us-us20009p1a-m6-8-20170622-28-km-sw-of-puerto-san-jos-guatemala,us20009p1a,2017-06-22T12:31:03.490Z,Guatemala,Americas,EarthScope PRIDE PPP-AR kin quality-passing stations,"28 km SW of Puerto San José, Guatemala",6.800000,38.120000,crowell_2016_gfast,3d,hypocentral,median,1,0,1,,204.018911,UNUSABLE,low_pgd_snr,7.340874,7.340874,7.340874,0.540874,0.540874,,,,0.540874,0.540874,,,,,,,
us-us20009p1a-m6-8-20170622-28-km-sw-of-puerto-san-jos-guatemala,us20009p1a,2017-06-22T12:31:03.490Z,Guatemala,Americas,EarthScope PRIDE PPP-AR kin quality-passing stations,"28 km SW of Puerto San José, Guatemala",6.800000,38.120000,ruhl_2019,3d,hypocentral,median,1,0,1,,204.018911,UNUSABLE,low_pgd_snr,6.846100,6.846100,6.846100,0.046100,0.046100,,,,0.046100,0.046100,,,,,,,
us-us2000ahv0-m8-2-20170908-2017-tehuantepec-mexico-earthquake,us2000ahv0,2017-09-08T04:49:19.180Z,Mexico,Americas,EarthScope PRIDE PPP-AR kin quality-passing stations,"2017 Tehuantepec, Mexico Earthquake",8.200000,47.390000,melgar_2015,3d,hypocentral,median,2,2,2,9.889718,264.143158,LOW,,7.978285,7.681835,8.274735,-0.221715,0.221715,7.978285,-0.221715,0.221715,-0.221715,0.489096,,,,,,,
us-us2000ahv0-m8-2-20170908-2017-tehuantepec-mexico-earthquake,us2000ahv0,2017-09-08T04:49:19.180Z,Mexico,Americas,EarthScope PRIDE PPP-AR kin quality-passing stations,"2017 Tehuantepec, Mexico Earthquake",8.200000,47.390000,crowell_2016_gfast,3d,hypocentral,median,2,2,2,9.889718,264.143158,LOW,,8.086725,7.851763,8.321688,-0.113275,0.113275,8.086725,-0.113275,0.113275,-0.113275,0.363627,,,,,,,
us-us2000ahv0-m8-2-20170908-2017-tehuantepec-mexico-earthquake,us2000ahv0,2017-09-08T04:49:19.180Z,Mexico,Americas,EarthScope PRIDE PPP-AR kin quality-passing stations,"2017 Tehuantepec, Mexico Earthquake",8.200000,47.390000,ruhl_2019,3d,hypocentral,median,2,2,2,9.889718,264.143158,LOW,,7.862347,7.539327,8.185368,-0.337653,0.337653,7.862347,-0.337653,0.337653,-0.337653,0.582806,,,,,,,
us-us2000ar20-m7-1-20170919-1-km-s-of-matzaco-mexico,us2000ar20,2017-09-19T18:14:38.090Z,Mexico,Americas,EarthScope PRIDE PPP-AR kin quality-passing stations,"1 km S of Matzaco, Mexico",7.100000,48.000000,melgar_2015,3d,hypocentral,median,7,1,7,5.225264,190.608775,LOW,"late_pgd_peak,low_pgd_snr",6.964519,6.846714,7.117170,-0.135481,0.135481,6.871931,-0.228069,0.228069,-0.120007,0.255142,,,,,,,
us-us2000ar20-m7-1-20170919-1-km-s-of-matzaco-mexico,us2000ar20,2017-09-19T18:14:38.090Z,Mexico,Americas,EarthScope PRIDE PPP-AR kin quality-passing stations,"1 km S of Matzaco, Mexico",7.100000,48.000000,crowell_2016_gfast,3d,hypocentral,median,7,1,7,5.225264,190.608775,LOW,"late_pgd_peak,low_pgd_snr",7.188289,7.054659,7.405492,0.088289,0.088289,7.090780,-0.009220,0.009220,0.123987,0.293113,,,,,,,
us-us2000ar20-m7-1-20170919-1-km-s-of-matzaco-mexico,us2000ar20,2017-09-19T18:14:38.090Z,Mexico,Americas,EarthScope PRIDE PPP-AR kin quality-passing stations,"1 km S of Matzaco, Mexico",7.100000,48.000000,ruhl_2019,3d,hypocentral,median,7,1,7,5.225264,190.608775,LOW,"late_pgd_peak,low_pgd_snr",6.749819,6.631898,6.925768,-0.350181,0.350181,6.654686,-0.445314,0.445314,-0.325561,0.408740,,,,,,,
us-us2000atjv-m6-1-20170923-7-km-nne-of-ixtepec-mexico,us2000atjv,2017-09-23T12:53:01.480Z,Mexico,Americas,EarthScope PRIDE PPP-AR kin quality-passing stations,"7 km NNE of Ixtepec, Mexico",6.100000,10.000000,melgar_2015,3d,hypocentral,median,3,0,3,,186.071908,UNUSABLE,"late_pgd_peak,low_pgd_snr",6.789394,6.766795,7.258500,0.689394,0.689394,,,,0.908270,0.967498,,,,,,,
us-us2000atjv-m6-1-20170923-7-km-nne-of-ixtepec-mexico,us2000atjv,2017-09-23T12:53:01.480Z,Mexico,Americas,EarthScope PRIDE PPP-AR kin quality-passing stations,"7 km NNE of Ixtepec, Mexico",6.100000,10.000000,crowell_2016_gfast,3d,hypocentral,median,3,0,3,,186.071908,UNUSABLE,"late_pgd_peak,low_pgd_snr",7.133030,7.090225,7.509169,1.033030,1.033030,,,,1.196429,1.228028,,,,,,,
us-us2000atjv-m6-1-20170923-7-km-nne-of-ixtepec-mexico,us2000atjv,2017-09-23T12:53:01.480Z,Mexico,Americas,EarthScope PRIDE PPP-AR kin quality-passing stations,"7 km NNE of Ixtepec, Mexico",6.100000,10.000000,ruhl_2019,3d,hypocentral,median,3,0,3,,186.071908,UNUSABLE,"late_pgd_peak,low_pgd_snr",6.570045,6.544643,7.078930,0.470045,0.470045,,,,0.707047,0.794287,,,,,,,
us-us2000bmhe-m6-5-20171113-18-km-w-of-parrita-costa-rica,us2000bmhe,2017-11-13T02:28:23.680Z,Costa Rica,Americas,EarthScope PRIDE PPP-AR kin quality-passing stations,"18 km W of Parrita, Costa Rica",6.500000,19.360000,melgar_2015,3d,hypocentral,median,3,3,3,3.076700,246.066784,MEDIUM,,7.560555,6.935566,7.740116,1.060555,1.060555,7.560555,1.060555,1.060555,0.842208,0.983089,,,,,,,
us-us2000bmhe-m6-5-20171113-18-km-w-of-parrita-costa-rica,us2000bmhe,2017-11-13T02:28:23.680Z,Costa Rica,Americas,EarthScope PRIDE PPP-AR kin quality-passing stations,"18 km W of Parrita, Costa Rica",6.500000,19.360000,crowell_2016_gfast,3d,hypocentral,median,3,3,3,3.076700,246.066784,MEDIUM,,7.807469,7.181537,7.908807,1.307469,1.307469,7.807469,1.307469,1.307469,1.050315,1.151898,,,,,,,
us-us2000bmhe-m6-5-20171113-18-km-w-of-parrita-costa-rica,us2000bmhe,2017-11-13T02:28:23.680Z,Costa Rica,Americas,EarthScope PRIDE PPP-AR kin quality-passing stations,"18 km W of Parrita, Costa Rica",6.500000,19.360000,ruhl_2019,3d,hypocentral,median,3,3,3,3.076700,246.066784,MEDIUM,,7.410982,6.727455,7.603234,0.910982,0.910982,7.410982,0.910982,0.910982,0.670161,0.868657,,,,,,,
us-us2000cl83-m6-3-20180119-79-km-nne-of-loreto-mexico,us2000cl83,2018-01-19T16:17:44.720Z,Mexico,Americas,EarthScope PRIDE PPP-AR kin quality-passing stations,"79 km NNE of Loreto, Mexico",6.300000,10.000000,melgar_2015,3d,hypocentral,median,2,1,2,4.358480,251.064011,LOW,late_pgd_peak,7.157354,7.119322,7.195386,0.857354,0.857354,7.213284,0.913284,0.913284,0.857354,0.859177,,,,,,,
us-us2000cl83-m6-3-20180119-79-km-nne-of-loreto-mexico,us2000cl83,2018-01-19T16:17:44.720Z,Mexico,Americas,EarthScope PRIDE PPP-AR kin quality-passing stations,"79 km NNE of Loreto, Mexico",6.300000,10.000000,crowell_2016_gfast,3d,hypocentral,median,2,1,2,4.358480,251.064011,LOW,late_pgd_peak,7.477347,7.461198,7.493496,1.177347,1.177347,7.501096,1.201096,1.201096,1.177347,1.177587,,,,,,,
us-us2000cl83-m6-3-20180119-79-km-nne-of-loreto-mexico,us2000cl83,2018-01-19T16:17:44.720Z,Mexico,Americas,EarthScope PRIDE PPP-AR kin quality-passing stations,"79 km NNE of Loreto, Mexico",6.300000,10.000000,ruhl_2019,3d,hypocentral,median,2,1,2,4.358480,251.064011,LOW,late_pgd_peak,6.971535,6.930997,7.012073,0.671535,0.671535,7.031149,0.731149,0.731149,0.671535,0.674176,,,,,,,
us-us2000d3km-m7-2-20180216-4-km-s-of-pinotepa-de-don-luis-mexico,us2000d3km,2018-02-16T23:39:39.280Z,Mexico,Americas,EarthScope PRIDE PPP-AR kin quality-passing stations,"4 km S of Pinotepa de Don Luis, Mexico",7.200000,22.000000,melgar_2015,3d,hypocentral,median,9,2,9,7.631628,140.889261,LOW,"late_pgd_peak,low_pgd_snr",6.953236,6.857303,7.175951,-0.246764,0.246764,7.003260,-0.196740,0.196740,-0.192906,0.308491,,,,,,,
us-us2000d3km-m7-2-20180216-4-km-s-of-pinotepa-de-don-luis-mexico,us2000d3km,2018-02-16T23:39:39.280Z,Mexico,Americas,EarthScope PRIDE PPP-AR kin quality-passing stations,"4 km S of Pinotepa de Don Luis, Mexico",7.200000,22.000000,crowell_2016_gfast,3d,hypocentral,median,9,2,9,7.631628,140.889261,LOW,"late_pgd_peak,low_pgd_snr",7.182772,7.025511,7.395632,-0.017228,0.017228,7.101199,-0.098801,0.098801,0.006820,0.266859,,,,,,,
us-us2000d3km-m7-2-20180216-4-km-s-of-pinotepa-de-don-luis-mexico,us2000d3km,2018-02-16T23:39:39.280Z,Mexico,Americas,EarthScope PRIDE PPP-AR kin quality-passing stations,"4 km S of Pinotepa de Don Luis, Mexico",7.200000,22.000000,ruhl_2019,3d,hypocentral,median,9,2,9,7.631628,140.889261,LOW,"late_pgd_peak,low_pgd_snr",6.743625,6.637722,6.986205,-0.456375,0.456375,6.791375,-0.408625,0.408625,-0.398328,0.477532,,,,,,,
us-us2000izcv-m6-0-20181231-87-km-se-of-king-cove-alaska,us2000izcv,2018-12-31T02:35:37.670000Z,United States,US,EarthScope PRIDE PPP-AR kin quality-passing stations,"87 km SE of King Cove, Alaska",6.000000,31.000000,melgar_2015,3d,hypocentral,median,1,0,1,,135.317756,UNUSABLE,"late_pgd_peak,low_pgd_snr",6.931062,6.931062,6.931062,0.931062,0.931062,,,,0.931062,0.931062,,,,,,,
us-us2000izcv-m6-0-20181231-87-km-se-of-king-cove-alaska,us2000izcv,2018-12-31T02:35:37.670000Z,United States,US,EarthScope PRIDE PPP-AR kin quality-passing stations,"87 km SE of King Cove, Alaska",6.000000,31.000000,crowell_2016_gfast,3d,hypocentral,median,1,0,1,,135.317756,UNUSABLE,"late_pgd_peak,low_pgd_snr",7.157085,7.157085,7.157085,1.157085,1.157085,,,,1.157085,1.157085,,,,,,,
us-us2000izcv-m6-0-20181231-87-km-se-of-king-cove-alaska,us2000izcv,2018-12-31T02:35:37.670000Z,United States,US,EarthScope PRIDE PPP-AR kin quality-passing stations,"87 km SE of King Cove, Alaska",6.000000,31.000000,ruhl_2019,3d,hypocentral,median,1,0,1,,135.317756,UNUSABLE,"late_pgd_peak,low_pgd_snr",6.719317,6.719317,6.719317,0.719317,0.719317,,,,0.719317,0.719317,,,,,,,
us-us60003r2r-m6-20190523-127-km-wsw-of-adak-alaska,us60003r2r,2019-05-23T08:45:17.746000Z,United States,US,EarthScope PRIDE PPP-AR kin quality-passing stations,"127 km WSW of Adak, Alaska",6.000000,30.000000,melgar_2015,3d,hypocentral,median,1,1,1,3.470618,296.662772,LOW,,7.290727,7.290727,7.290727,1.290727,1.290727,7.290727,1.290727,1.290727,1.290727,1.290727,,,,,,,
us-us60003r2r-m6-20190523-127-km-wsw-of-adak-alaska,us60003r2r,2019-05-23T08:45:17.746000Z,United States,US,EarthScope PRIDE PPP-AR kin quality-passing stations,"127 km WSW of Adak, Alaska",6.000000,30.000000,crowell_2016_gfast,3d,hypocentral,median,1,1,1,3.470618,296.662772,LOW,,7.620481,7.620481,7.620481,1.620481,1.620481,7.620481,1.620481,1.620481,1.620481,1.620481,,,,,,,
us-us60003r2r-m6-20190523-127-km-wsw-of-adak-alaska,us60003r2r,2019-05-23T08:45:17.746000Z,United States,US,EarthScope PRIDE PPP-AR kin quality-passing stations,"127 km WSW of Adak, Alaska",6.000000,30.000000,ruhl_2019,3d,hypocentral,median,1,1,1,3.470618,296.662772,LOW,,7.118895,7.118895,7.118895,1.118895,1.118895,7.118895,1.118895,1.118895,1.118895,1.118895,,,,,,,
us-us60007djn-m6-2-20200123-84-km-w-of-adak-alaska,us60007djn,2020-01-23T05:53:02.618000Z,United States,US,EarthScope PRIDE PPP-AR kin quality-passing stations,"84 km W of Adak, Alaska",6.200000,10.000000,melgar_2015,3d,hypocentral,median,3,1,3,3.545540,207.523077,LOW,"late_pgd_peak,low_pgd_snr",6.988941,6.605957,7.150977,0.788941,0.788941,6.425729,0.225729,0.225729,0.680633,0.759074,,,,,,,
us-us60007djn-m6-2-20200123-84-km-w-of-adak-alaska,us60007djn,2020-01-23T05:53:02.618000Z,United States,US,EarthScope PRIDE PPP-AR kin quality-passing stations,"84 km W of Adak, Alaska",6.200000,10.000000,crowell_2016_gfast,3d,hypocentral,median,3,1,3,3.545540,207.523077,LOW,"late_pgd_peak,low_pgd_snr",7.305370,6.882366,7.456896,1.105370,1.105370,6.683306,0.483306,0.483306,0.972293,1.035946,,,,,,,
us-us60007djn-m6-2-20200123-84-km-w-of-adak-alaska,us60007djn,2020-01-23T05:53:02.618000Z,United States,US,EarthScope PRIDE PPP-AR kin quality-passing stations,"84 km W of Adak, Alaska",6.200000,10.000000,ruhl_2019,3d,hypocentral,median,3,1,3,3.545540,207.523077,LOW,"late_pgd_peak,low_pgd_snr",6.786774,6.369589,6.963899,0.586774,0.586774,6.173266,-0.026734,0.026734,0.469097,0.595218,,,,,,,
us-us60007idc-m7-7-20200128-123-km-nnw-of-lucea-jamaica,us60007idc,2020-01-28T19:10:24.918Z,Jamaica,Americas,EarthScope PRIDE PPP-AR kin quality-passing stations,"123 km NNW of Lucea, Jamaica",7.700000,14.860000,melgar_2015,3d,hypocentral,median,1,0,1,,263.894718,UNUSABLE,low_pgd_snr,7.387494,7.387494,7.387494,-0.312506,0.312506,,,,-0.312506,0.312506,,,,,,,
us-us60007idc-m7-7-20200128-123-km-nnw-of-lucea-jamaica,us60007idc,2020-01-28T19:10:24.918Z,Jamaica,Americas,EarthScope PRIDE PPP-AR kin quality-passing stations,"123 km NNW of Lucea, Jamaica",7.700000,14.860000,crowell_2016_gfast,3d,hypocentral,median,1,0,1,,263.894718,UNUSABLE,low_pgd_snr,7.658397,7.658397,7.658397,-0.041603,0.041603,,,,-0.041603,0.041603,,,,,,,
us-us60007idc-m7-7-20200128-123-km-nnw-of-lucea-jamaica,us60007idc,2020-01-28T19:10:24.918Z,Jamaica,Americas,EarthScope PRIDE PPP-AR kin quality-passing stations,"123 km NNW of Lucea, Jamaica",7.700000,14.860000,ruhl_2019,3d,hypocentral,median,1,0,1,,263.894718,UNUSABLE,low_pgd_snr,7.221727,7.221727,7.221727,-0.478273,0.478273,,,,-0.478273,0.478273,,,,,,,
us-us6000ah9t-m7-4-20200623-9-km-se-of-santa-mar-a-xadani-mexico,us6000ah9t,2020-06-23T15:29:04.350Z,Mexico,Americas,EarthScope PRIDE PPP-AR kin quality-passing stations,"9 km SE of Santa María Xadani, Mexico",7.400000,20.000000,melgar_2015,3d,hypocentral,median,6,4,6,6.178239,120.758990,MEDIUM,"late_pgd_peak,low_pgd_snr",6.970871,6.944693,7.322433,-0.429129,0.429129,7.136818,-0.263182,0.263182,-0.310481,0.371248,,,,,,,
us-us6000ah9t-m7-4-20200623-9-km-se-of-santa-mar-a-xadani-mexico,us6000ah9t,2020-06-23T15:29:04.350Z,Mexico,Americas,EarthScope PRIDE PPP-AR kin quality-passing stations,"9 km SE of Santa María Xadani, Mexico",7.400000,20.000000,crowell_2016_gfast,3d,hypocentral,median,6,4,6,6.178239,120.758990,MEDIUM,"late_pgd_peak,low_pgd_snr",7.252859,7.085447,7.407984,-0.147141,0.147141,7.224848,-0.175152,0.175152,-0.143228,0.227458,,,,,,,
us-us6000ah9t-m7-4-20200623-9-km-se-of-santa-mar-a-xadani-mexico,us6000ah9t,2020-06-23T15:29:04.350Z,Mexico,Americas,EarthScope PRIDE PPP-AR kin quality-passing stations,"9 km SE of Santa María Xadani, Mexico",7.400000,20.000000,ruhl_2019,3d,hypocentral,median,6,4,6,6.178239,120.758990,MEDIUM,"late_pgd_peak,low_pgd_snr",6.762769,6.732980,7.143573,-0.637231,0.637231,6.940138,-0.459862,0.459862,-0.511306,0.555332,,,,,,,
us-us6000b56k-m6-1-20200728-75-km-sw-of-sand-point-alaska,us6000b56k,2020-07-28T08:03:43.215000Z,United States,US,EarthScope PRIDE PPP-AR kin quality-passing stations,"75 km SW of Sand Point, Alaska",6.100000,35.150000,melgar_2015,3d,hypocentral,median,4,0,4,,137.137239,UNUSABLE,"late_pgd_peak,low_pgd_snr",6.661658,6.470795,6.932637,0.561658,0.561658,,,,0.600175,0.647781,,,,,,,
us-us6000b56k-m6-1-20200728-75-km-sw-of-sand-point-alaska,us6000b56k,2020-07-28T08:03:43.215000Z,United States,US,EarthScope PRIDE PPP-AR kin quality-passing stations,"75 km SW of Sand Point, Alaska",6.100000,35.150000,crowell_2016_gfast,3d,hypocentral,median,4,0,4,,137.137239,UNUSABLE,"late_pgd_peak,low_pgd_snr",6.976497,6.746759,7.220244,0.876497,0.876497,,,,0.883232,0.915942,,,,,,,
us-us6000b56k-m6-1-20200728-75-km-sw-of-sand-point-alaska,us6000b56k,2020-07-28T08:03:43.215000Z,United States,US,EarthScope PRIDE PPP-AR kin quality-passing stations,"75 km SW of Sand Point, Alaska",6.100000,35.150000,ruhl_2019,3d,hypocentral,median,4,0,4,,137.137239,UNUSABLE,"late_pgd_peak,low_pgd_snr",6.430446,6.222337,6.723805,0.330446,0.330446,,,,0.371432,0.455889,,,,,,,
us-us6000exs5-m6-7-20210721-71-km-s-of-burica-panama,us6000exs5,2021-07-21T21:15:12.269Z,Panama,Americas,EarthScope PRIDE PPP-AR kin quality-passing stations,"71 km S of Burica, Panama",6.700000,10.000000,melgar_2015,3d,hypocentral,median,1,0,1,,264.427156,UNUSABLE,"late_pgd_peak,low_pgd_snr",6.958423,6.958423,6.958423,0.258423,0.258423,,,,0.258423,0.258423,,,,,,,
us-us6000exs5-m6-7-20210721-71-km-s-of-burica-panama,us6000exs5,2021-07-21T21:15:12.269Z,Panama,Americas,EarthScope PRIDE PPP-AR kin quality-passing stations,"71 km S of Burica, Panama",6.700000,10.000000,crowell_2016_gfast,3d,hypocentral,median,1,0,1,,264.427156,UNUSABLE,"late_pgd_peak,low_pgd_snr",7.347418,7.347418,7.347418,0.647418,0.647418,,,,0.647418,0.647418,,,,,,,
us-us6000exs5-m6-7-20210721-71-km-s-of-burica-panama,us6000exs5,2021-07-21T21:15:12.269Z,Panama,Americas,EarthScope PRIDE PPP-AR kin quality-passing stations,"71 km S of Burica, Panama",6.700000,10.000000,ruhl_2019,3d,hypocentral,median,1,0,1,,264.427156,UNUSABLE,"late_pgd_peak,low_pgd_snr",6.756844,6.756844,6.756844,0.056844,0.056844,,,,0.056844,0.056844,,,,,,,
us-us6000f652-m6-9-20210814-125-km-se-of-perryville-alaska,us6000f652,2021-08-14T11:57:43.447000Z,United States,US,EarthScope PRIDE PPP-AR kin quality-passing stations,"125 km SE of Perryville, Alaska",6.900000,20.740000,melgar_2015,3d,hypocentral,median,1,0,1,,131.528481,UNUSABLE,low_pgd_snr,6.884545,6.884545,6.884545,-0.015455,0.015455,,,,-0.015455,0.015455,,,,,,,
us-us6000f652-m6-9-20210814-125-km-se-of-perryville-alaska,us6000f652,2021-08-14T11:57:43.447000Z,United States,US,EarthScope PRIDE PPP-AR kin quality-passing stations,"125 km SE of Perryville, Alaska",6.900000,20.740000,crowell_2016_gfast,3d,hypocentral,median,1,0,1,,131.528481,UNUSABLE,low_pgd_snr,7.116766,7.116766,7.116766,0.216766,0.216766,,,,0.216766,0.216766,,,,,,,
us-us6000f652-m6-9-20210814-125-km-se-of-perryville-alaska,us6000f652,2021-08-14T11:57:43.447000Z,United States,US,EarthScope PRIDE PPP-AR kin quality-passing stations,"125 km SE of Perryville, Alaska",6.900000,20.740000,ruhl_2019,3d,hypocentral,median,1,0,1,,131.528481,UNUSABLE,low_pgd_snr,6.668985,6.668985,6.668985,-0.231015,0.231015,,,,-0.231015,0.231015,,,,,,,
us-us6000f65h-m7-2-20210814-nippes-haiti,us6000f65h,2021-08-14T12:29:08.454Z,Haiti,Americas,EarthScope PRIDE PPP-AR kin quality-passing stations,"Nippes, Haiti",7.200000,10.000000,melgar_2015,3d,hypocentral,median,5,0,5,,253.405389,UNUSABLE,"late_pgd_peak,low_pgd_snr",7.007448,6.959826,7.248321,-0.192552,0.192552,,,,-0.085660,0.254066,,,,,,,
us-us6000f65h-m7-2-20210814-nippes-haiti,us6000f65h,2021-08-14T12:29:08.454Z,Haiti,Americas,EarthScope PRIDE PPP-AR kin quality-passing stations,"Nippes, Haiti",7.200000,10.000000,crowell_2016_gfast,3d,hypocentral,median,5,0,5,,253.405389,UNUSABLE,"late_pgd_peak,low_pgd_snr",7.371871,7.332175,7.556716,0.171871,0.171871,,,,0.252333,0.313896,,,,,,,
us-us6000f65h-m7-2-20210814-nippes-haiti,us6000f65h,2021-08-14T12:29:08.454Z,Haiti,Americas,EarthScope PRIDE PPP-AR kin quality-passing stations,"Nippes, Haiti",7.200000,10.000000,ruhl_2019,3d,hypocentral,median,5,0,5,,253.405389,UNUSABLE,"late_pgd_peak,low_pgd_snr",6.809411,6.757590,7.071046,-0.390589,0.390589,,,,-0.274526,0.378097,,,,,,,
us-us6000hf75-m6-6-20220421-55-km-wsw-of-masachapa-nicaragua,us6000hf75,2022-04-21T07:42:46.508Z,Nicaragua,Americas,EarthScope PRIDE PPP-AR kin quality-passing stations,"55 km WSW of Masachapa, Nicaragua",6.600000,27.000000,melgar_2015,3d,hypocentral,median,15,0,15,,245.635416,UNUSABLE,"late_pgd_peak,low_pgd_snr",7.142787,6.950225,7.284497,0.542787,0.542787,,,,0.533526,0.577665,,,,,,,
us-us6000hf75-m6-6-20220421-55-km-wsw-of-masachapa-nicaragua,us6000hf75,2022-04-21T07:42:46.508Z,Nicaragua,Americas,EarthScope PRIDE PPP-AR kin quality-passing stations,"55 km WSW of Masachapa, Nicaragua",6.600000,27.000000,crowell_2016_gfast,3d,hypocentral,median,15,0,15,,245.635416,UNUSABLE,"late_pgd_peak,low_pgd_snr",7.442086,7.328495,7.555404,0.842086,0.842086,,,,0.852921,0.868781,,,,,,,
us-us6000hf75-m6-6-20220421-55-km-wsw-of-masachapa-nicaragua,us6000hf75,2022-04-21T07:42:46.508Z,Nicaragua,Americas,EarthScope PRIDE PPP-AR kin quality-passing stations,"55 km WSW of Masachapa, Nicaragua",6.600000,27.000000,ruhl_2019,3d,hypocentral,median,15,0,15,,245.635416,UNUSABLE,"late_pgd_peak,low_pgd_snr",6.955989,6.747343,7.109480,0.355989,0.355989,,,,0.345397,0.420490,,,,,,,
us-us6000iv6c-m6-7-20221020-60-km-ssw-of-boca-chica-panama,us6000iv6c,2022-10-20T11:57:12.575Z,Panama,Americas,EarthScope PRIDE PPP-AR kin quality-passing stations,"60 km SSW of Boca Chica, Panama",6.700000,20.000000,melgar_2015,3d,hypocentral,median,2,0,2,,197.004540,UNUSABLE,"late_pgd_peak,low_pgd_snr",6.973483,6.830149,7.116817,0.273483,0.273483,,,,0.273483,0.345288,,,,,,,
us-us6000iv6c-m6-7-20221020-60-km-ssw-of-boca-chica-panama,us6000iv6c,2022-10-20T11:57:12.575Z,Panama,Americas,EarthScope PRIDE PPP-AR kin quality-passing stations,"60 km SSW of Boca Chica, Panama",6.700000,20.000000,crowell_2016_gfast,3d,hypocentral,median,2,0,2,,197.004540,UNUSABLE,"late_pgd_peak,low_pgd_snr",7.280362,7.186324,7.374401,0.580362,0.580362,,,,0.580362,0.596612,,,,,,,
us-us6000iv6c-m6-7-20221020-60-km-ssw-of-boca-chica-panama,us6000iv6c,2022-10-20T11:57:12.575Z,Panama,Americas,EarthScope PRIDE PPP-AR kin quality-passing stations,"60 km SSW of Boca Chica, Panama",6.700000,20.000000,ruhl_2019,3d,hypocentral,median,2,0,2,,197.004540,UNUSABLE,"late_pgd_peak,low_pgd_snr",6.769270,6.614948,6.923592,0.069270,0.069270,,,,0.069270,0.237280,,,,,,,
us-us6000k20g-m6-3-20230404-73-km-s-of-boca-chica-panama,us6000k20g,2023-04-04T22:18:12.640Z,Panama,Americas,EarthScope PRIDE PPP-AR kin quality-passing stations,"73 km S of Boca Chica, Panama",6.300000,16.000000,melgar_2015,3d,hypocentral,median,4,0,4,,225.779731,UNUSABLE,"late_pgd_peak,low_pgd_snr",7.206352,7.069737,7.529204,0.906352,0.906352,,,,0.995889,1.043566,,,,,,,
us-us6000k20g-m6-3-20230404-73-km-s-of-boca-chica-panama,us6000k20g,2023-04-04T22:18:12.640Z,Panama,Americas,EarthScope PRIDE PPP-AR kin quality-passing stations,"73 km S of Boca Chica, Panama",6.300000,16.000000,crowell_2016_gfast,3d,hypocentral,median,4,0,4,,225.779731,UNUSABLE,"late_pgd_peak,low_pgd_snr",7.484591,7.361198,7.756722,1.184591,1.184591,,,,1.256100,1.282588,,,,,,,
us-us6000k20g-m6-3-20230404-73-km-s-of-boca-chica-panama,us6000k20g,2023-04-04T22:18:12.640Z,Panama,Americas,EarthScope PRIDE PPP-AR kin quality-passing stations,"73 km S of Boca Chica, Panama",6.300000,16.000000,ruhl_2019,3d,hypocentral,median,4,0,4,,225.779731,UNUSABLE,"late_pgd_peak,low_pgd_snr",7.022991,6.873979,7.375206,0.722991,0.722991,,,,0.820685,0.888226,,,,,,,
us-us6000kcnb-m6-4-20230517-8-km-se-of-canill-guatemala,us6000kcnb,2023-05-17T23:01:59.919Z,Guatemala,Americas,EarthScope PRIDE PPP-AR kin quality-passing stations,"8 km SE of Canillá, Guatemala",6.400000,252.000000,melgar_2015,3d,hypocentral,median,2,0,0,,331.695871,UNUSABLE,"late_pgd_peak,low_pgd_snr",7.502982,7.413435,7.592530,1.102982,1.102982,,,,1.102982,1.110816,,,,,,,
us-us6000kcnb-m6-4-20230517-8-km-se-of-canill-guatemala,us6000kcnb,2023-05-17T23:01:59.919Z,Guatemala,Americas,EarthScope PRIDE PPP-AR kin quality-passing stations,"8 km SE of Canillá, Guatemala",6.400000,252.000000,crowell_2016_gfast,3d,hypocentral,median,2,0,0,,331.695871,UNUSABLE,"late_pgd_peak,low_pgd_snr",7.806161,7.750620,7.861701,1.406161,1.406161,,,,1.406161,1.408531,,,,,,,
us-us6000kcnb-m6-4-20230517-8-km-se-of-canill-guatemala,us6000kcnb,2023-05-17T23:01:59.919Z,Guatemala,Americas,EarthScope PRIDE PPP-AR kin quality-passing stations,"8 km SE of Canillá, Guatemala",6.400000,252.000000,ruhl_2019,3d,hypocentral,median,2,0,0,,331.695871,UNUSABLE,"late_pgd_peak,low_pgd_snr",7.351367,7.254769,7.447966,0.951367,0.951367,,,,0.951367,0.961915,,,,,,,
us-us6000mzme-m6-20240519-169-km-sw-of-nikolski-alaska,us6000mzme,2024-05-19T09:35:24.660000Z,United States,US,EarthScope PRIDE PPP-AR kin quality-passing stations,"169 km SW of Nikolski, Alaska",6.000000,28.000000,melgar_2015,3d,hypocentral,median,1,1,1,3.585516,173.871350,LOW,,6.978843,6.978843,6.978843,0.978843,0.978843,6.978843,0.978843,0.978843,0.978843,0.978843,,,,,,,
us-us6000mzme-m6-20240519-169-km-sw-of-nikolski-alaska,us6000mzme,2024-05-19T09:35:24.660000Z,United States,US,EarthScope PRIDE PPP-AR kin quality-passing stations,"169 km SW of Nikolski, Alaska",6.000000,28.000000,crowell_2016_gfast,3d,hypocentral,median,1,1,1,3.585516,173.871350,LOW,,7.252982,7.252982,7.252982,1.252982,1.252982,7.252982,1.252982,1.252982,1.252982,1.252982,,,,,,,
us-us6000mzme-m6-20240519-169-km-sw-of-nikolski-alaska,us6000mzme,2024-05-19T09:35:24.660000Z,United States,US,EarthScope PRIDE PPP-AR kin quality-passing stations,"169 km SW of Nikolski, Alaska",6.000000,28.000000,ruhl_2019,3d,hypocentral,median,1,1,1,3.585516,173.871350,LOW,,6.773682,6.773682,6.773682,0.773682,0.773682,6.773682,0.773682,0.773682,0.773682,0.773682,,,,,,,
us-us6000nncs-m6-1-20240828-56-km-ssw-of-la-libertad-el-salvador,us6000nncs,2024-08-28T21:57:54.957Z,El Salvador,Americas,EarthScope PRIDE PPP-AR kin quality-passing stations,"56 km SSW of La Libertad, El Salvador",6.100000,26.358000,melgar_2015,3d,hypocentral,median,2,0,2,,187.581472,UNUSABLE,"late_pgd_peak,low_pgd_snr",6.889515,6.591004,7.188025,0.789515,0.789515,,,,0.789515,0.903350,,,,,,,
us-us6000nncs-m6-1-20240828-56-km-ssw-of-la-libertad-el-salvador,us6000nncs,2024-08-28T21:57:54.957Z,El Salvador,Americas,EarthScope PRIDE PPP-AR kin quality-passing stations,"56 km SSW of La Libertad, El Salvador",6.100000,26.358000,crowell_2016_gfast,3d,hypocentral,median,2,0,2,,187.581472,UNUSABLE,"late_pgd_peak,low_pgd_snr",7.178727,6.868483,7.488971,1.078727,1.078727,,,,1.078727,1.171242,,,,,,,
us-us6000nncs-m6-1-20240828-56-km-ssw-of-la-libertad-el-salvador,us6000nncs,2024-08-28T21:57:54.957Z,El Salvador,Americas,EarthScope PRIDE PPP-AR kin quality-passing stations,"56 km SSW of La Libertad, El Salvador",6.100000,26.358000,ruhl_2019,3d,hypocentral,median,2,0,2,,187.581472,UNUSABLE,"late_pgd_peak,low_pgd_snr",6.679689,6.353724,7.005653,0.579689,0.579689,,,,0.579689,0.752213,,,,,,,
us-us6000nyau-m6-2-20241012-40-km-wnw-of-tamarindo-costa-rica,us6000nyau,2024-10-12T17:43:44.516Z,Costa Rica,Americas,EarthScope PRIDE PPP-AR kin quality-passing stations,"40 km WNW of Tamarindo, Costa Rica",6.200000,16.000000,melgar_2015,3d,hypocentral,median,2,0,2,,130.403520,UNUSABLE,"late_pgd_peak,low_pgd_snr",6.709452,6.693060,6.725844,0.509452,0.509452,,,,0.509452,0.510022,,,,,,,
us-us6000nyau-m6-2-20241012-40-km-wnw-of-tamarindo-costa-rica,us6000nyau,2024-10-12T17:43:44.516Z,Costa Rica,Americas,EarthScope PRIDE PPP-AR kin quality-passing stations,"40 km WNW of Tamarindo, Costa Rica",6.200000,16.000000,crowell_2016_gfast,3d,hypocentral,median,2,0,2,,130.403520,UNUSABLE,"late_pgd_peak,low_pgd_snr",6.987009,6.979124,6.994893,0.787009,0.787009,,,,0.787009,0.787094,,,,,,,
us-us6000nyau-m6-2-20241012-40-km-wnw-of-tamarindo-costa-rica,us6000nyau,2024-10-12T17:43:44.516Z,Costa Rica,Americas,EarthScope PRIDE PPP-AR kin quality-passing stations,"40 km WNW of Tamarindo, Costa Rica",6.200000,16.000000,ruhl_2019,3d,hypocentral,median,2,0,2,,130.403520,UNUSABLE,"late_pgd_peak,low_pgd_snr",6.480550,6.463638,6.497462,0.280550,0.280550,,,,0.280550,0.281650,,,,,,,
us-us6000pi09-m6-2-20250105-56-km-sse-of-la-libertad-el-salvador,us6000pi09,2025-01-05T17:18:45.784Z,El Salvador,Americas,EarthScope PRIDE PPP-AR kin quality-passing stations,"56 km SSE of La Libertad, El Salvador",6.200000,46.000000,melgar_2015,3d,hypocentral,median,1,0,1,,249.455911,UNUSABLE,"late_pgd_peak,low_pgd_snr",7.145925,7.145925,7.145925,0.945925,0.945925,,,,0.945925,0.945925,,,,,,,
us-us6000pi09-m6-2-20250105-56-km-sse-of-la-libertad-el-salvador,us6000pi09,2025-01-05T17:18:45.784Z,El Salvador,Americas,EarthScope PRIDE PPP-AR kin quality-passing stations,"56 km SSE of La Libertad, El Salvador",6.200000,46.000000,crowell_2016_gfast,3d,hypocentral,median,1,0,1,,249.455911,UNUSABLE,"late_pgd_peak,low_pgd_snr",7.467775,7.467775,7.467775,1.267775,1.267775,,,,1.267775,1.267775,,,,,,,
us-us6000pi09-m6-2-20250105-56-km-sse-of-la-libertad-el-salvador,us6000pi09,2025-01-05T17:18:45.784Z,El Salvador,Americas,EarthScope PRIDE PPP-AR kin quality-passing stations,"56 km SSE of La Libertad, El Salvador",6.200000,46.000000,ruhl_2019,3d,hypocentral,median,1,0,1,,249.455911,UNUSABLE,"late_pgd_peak,low_pgd_snr",6.959129,6.959129,6.959129,0.759129,0.759129,,,,0.759129,0.759129,,,,,,,
us-us6000pjig-m6-2-20250112-18-km-se-of-aquila-mexico,us6000pjig,2025-01-12T08:32:49.944Z,Mexico,Americas,EarthScope PRIDE PPP-AR kin quality-passing stations,"18 km SE of Aquila, Mexico",6.200000,39.000000,melgar_2015,3d,hypocentral,median,10,1,10,3.165269,166.797589,LOW,"late_pgd_peak,low_pgd_snr",6.962408,6.777297,7.241264,0.762408,0.762408,6.805593,0.605593,0.605593,0.746175,0.807046,,,,,,,
us-us6000pjig-m6-2-20250112-18-km-se-of-aquila-mexico,us6000pjig,2025-01-12T08:32:49.944Z,Mexico,Americas,EarthScope PRIDE PPP-AR kin quality-passing stations,"18 km SE of Aquila, Mexico",6.200000,39.000000,crowell_2016_gfast,3d,hypocentral,median,10,1,10,3.165269,166.797589,LOW,"late_pgd_peak,low_pgd_snr",7.261449,7.013905,7.426327,1.061449,1.061449,7.129965,0.929965,0.929965,1.001044,1.047684,,,,,,,
us-us6000pjig-m6-2-20250112-18-km-se-of-aquila-mexico,us6000pjig,2025-01-12T08:32:49.944Z,Mexico,Americas,EarthScope PRIDE PPP-AR kin quality-passing stations,"18 km SE of Aquila, Mexico",6.200000,39.000000,ruhl_2019,3d,hypocentral,median,10,1,10,3.165269,166.797589,LOW,"late_pgd_peak,low_pgd_snr",6.754986,6.552759,7.055742,0.554986,0.554986,6.586929,0.386929,0.386929,0.538255,0.633146,,,,,,,
us-us6000r3at-m6-20250823-88-km-sw-of-acajutla-el-salvador,us6000r3at,2025-08-23T09:14:22.210Z,El Salvador,Americas,EarthScope PRIDE PPP-AR kin quality-passing stations,"88 km SW of Acajutla, El Salvador",6.000000,17.000000,melgar_2015,3d,hypocentral,median,1,0,1,,160.078243,UNUSABLE,"late_pgd_peak,low_pgd_snr",7.222688,7.222688,7.222688,1.222688,1.222688,,,,1.222688,1.222688,,,,,,,
us-us6000r3at-m6-20250823-88-km-sw-of-acajutla-el-salvador,us6000r3at,2025-08-23T09:14:22.210Z,El Salvador,Americas,EarthScope PRIDE PPP-AR kin quality-passing stations,"88 km SW of Acajutla, El Salvador",6.000000,17.000000,crowell_2016_gfast,3d,hypocentral,median,1,0,1,,160.078243,UNUSABLE,"late_pgd_peak,low_pgd_snr",7.408566,7.408566,7.408566,1.408566,1.408566,,,,1.408566,1.408566,,,,,,,
us-us6000r3at-m6-20250823-88-km-sw-of-acajutla-el-salvador,us6000r3at,2025-08-23T09:14:22.210Z,El Salvador,Americas,EarthScope PRIDE PPP-AR kin quality-passing stations,"88 km SW of Acajutla, El Salvador",6.000000,17.000000,ruhl_2019,3d,hypocentral,median,1,0,1,,160.078243,UNUSABLE,"late_pgd_peak,low_pgd_snr",7.035431,7.035431,7.035431,1.035431,1.035431,,,,1.035431,1.035431,,,,,,,
us-us6000rjq8-m6-5-20251027-164-km-e-of-beaus-jour-guadeloupe,us6000rjq8,2025-10-27T12:38:40.364Z,Guadeloupe,Americas,EarthScope PRIDE PPP-AR kin quality-passing stations,"164 km E of Beauséjour, Guadeloupe",6.500000,9.000000,melgar_2015,3d,hypocentral,median,7,1,7,3.012044,277.307086,LOW,"late_pgd_peak,low_pgd_snr",7.240656,7.147943,7.709989,0.740656,0.740656,7.839617,1.339617,1.339617,0.879106,0.933729,,,,,,,
us-us6000rjq8-m6-5-20251027-164-km-e-of-beaus-jour-guadeloupe,us6000rjq8,2025-10-27T12:38:40.364Z,Guadeloupe,Americas,EarthScope PRIDE PPP-AR kin quality-passing stations,"164 km E of Beauséjour, Guadeloupe",6.500000,9.000000,crowell_2016_gfast,3d,hypocentral,median,7,1,7,3.012044,277.307086,LOW,"late_pgd_peak,low_pgd_snr",7.565377,7.460599,7.912610,1.065377,1.065377,8.007196,1.507196,1.507196,1.152968,1.179185,,,,,,,
us-us6000rjq8-m6-5-20251027-164-km-e-of-beaus-jour-guadeloupe,us6000rjq8,2025-10-27T12:38:40.364Z,Guadeloupe,Americas,EarthScope PRIDE PPP-AR kin quality-passing stations,"164 km E of Beauséjour, Guadeloupe",6.500000,9.000000,ruhl_2019,3d,hypocentral,median,7,1,7,3.012044,277.307086,LOW,"late_pgd_peak,low_pgd_snr",7.063442,6.960834,7.572779,0.563442,0.563442,7.713388,1.213388,1.213388,0.712941,0.790802,,,,,,,
us-us6000rsy1-m7-20251206-2025-hubbard-glacier-earthquake,us6000rsy1,2025-12-06T20:41:49.288000Z,United States,US,EarthScope PRIDE PPP-AR kin quality-passing stations,2025 Hubbard Glacier Earthquake,7.000000,10.317000,melgar_2015,3d,hypocentral,median,1,0,1,,255.862088,UNUSABLE,"late_pgd_peak,low_pgd_snr",7.550609,7.550609,7.550609,0.550609,0.550609,,,,0.550609,0.550609,,,,,,,
us-us6000rsy1-m7-20251206-2025-hubbard-glacier-earthquake,us6000rsy1,2025-12-06T20:41:49.288000Z,United States,US,EarthScope PRIDE PPP-AR kin quality-passing stations,2025 Hubbard Glacier Earthquake,7.000000,10.317000,crowell_2016_gfast,3d,hypocentral,median,1,0,1,,255.862088,UNUSABLE,"late_pgd_peak,low_pgd_snr",7.768343,7.768343,7.768343,0.768343,0.768343,,,,0.768343,0.768343,,,,,,,
us-us6000rsy1-m7-20251206-2025-hubbard-glacier-earthquake,us6000rsy1,2025-12-06T20:41:49.288000Z,United States,US,EarthScope PRIDE PPP-AR kin quality-passing stations,2025 Hubbard Glacier Earthquake,7.000000,10.317000,ruhl_2019,3d,hypocentral,median,1,0,1,,255.862088,UNUSABLE,"late_pgd_peak,low_pgd_snr",7.397840,7.397840,7.397840,0.397840,0.397840,,,,0.397840,0.397840,,,,,,,
us-us6000sayv-m6-20260223-96-km-sw-of-nikolski-alaska,us6000sayv,2026-02-23T05:11:48.410000Z,United States,US,EarthScope PRIDE PPP-AR kin quality-passing stations,"96 km SW of Nikolski, Alaska",6.000000,14.000000,melgar_2015,3d,hypocentral,median,2,0,2,,190.719927,UNUSABLE,"late_pgd_peak,low_pgd_snr",6.534123,6.298540,6.769706,0.534123,0.534123,,,,0.534123,0.636641,,,,,,,
us-us6000sayv-m6-20260223-96-km-sw-of-nikolski-alaska,us6000sayv,2026-02-23T05:11:48.410000Z,United States,US,EarthScope PRIDE PPP-AR kin quality-passing stations,"96 km SW of Nikolski, Alaska",6.000000,14.000000,crowell_2016_gfast,3d,hypocentral,median,2,0,2,,190.719927,UNUSABLE,"late_pgd_peak,low_pgd_snr",6.929928,6.672981,7.186875,0.929928,0.929928,,,,0.929928,1.003766,,,,,,,
us-us6000sayv-m6-20260223-96-km-sw-of-nikolski-alaska,us6000sayv,2026-02-23T05:11:48.410000Z,United States,US,EarthScope PRIDE PPP-AR kin quality-passing stations,"96 km SW of Nikolski, Alaska",6.000000,14.000000,ruhl_2019,3d,hypocentral,median,2,0,2,,190.719927,UNUSABLE,"late_pgd_peak,low_pgd_snr",6.296071,6.039605,6.552537,0.296071,0.296071,,,,0.296071,0.479484,,,,,,,
us-us6000sy84-m6-20260516-61-km-ese-of-codrington-antigua-and-barbuda,us6000sy84,2026-05-16T14:50:05.533Z,Antigua and Barbuda,Americas,EarthScope PRIDE PPP-AR kin quality-passing stations,"61 km ESE of Codrington, Antigua and Barbuda",6.000000,47.000000,melgar_2015,3d,hypocentral,median,12,0,12,,131.704420,UNUSABLE,"late_pgd_peak,low_pgd_snr",7.010728,6.896789,7.136236,1.010728,1.010728,,,,1.011182,1.021817,,,,,,,
us-us6000sy84-m6-20260516-61-km-ese-of-codrington-antigua-and-barbuda,us6000sy84,2026-05-16T14:50:05.533Z,Antigua and Barbuda,Americas,EarthScope PRIDE PPP-AR kin quality-passing stations,"61 km ESE of Codrington, Antigua and Barbuda",6.000000,47.000000,crowell_2016_gfast,3d,hypocentral,median,12,0,12,,131.704420,UNUSABLE,"late_pgd_peak,low_pgd_snr",7.180308,7.095750,7.421201,1.180308,1.180308,,,,1.225942,1.237801,,,,,,,
us-us6000sy84-m6-20260516-61-km-ese-of-codrington-antigua-and-barbuda,us6000sy84,2026-05-16T14:50:05.533Z,Antigua and Barbuda,Americas,EarthScope PRIDE PPP-AR kin quality-passing stations,"61 km ESE of Codrington, Antigua and Barbuda",6.000000,47.000000,ruhl_2019,3d,hypocentral,median,12,0,12,,131.704420,UNUSABLE,"late_pgd_peak,low_pgd_snr",6.801926,6.682200,6.946445,0.801926,0.801926,,,,0.806392,0.822368,,,,,,,
us-us6000t7zc-m7-2-20260624-23-km-se-of-yumare-venezuela,us6000t7zc,2026-06-24T22:04:33.389000Z,Venezuela,Americas,EarthScope PRIDE PPP-AR kin quality-passing stations,"23 km SE of Yumare, Venezuela",7.200000,20.294000,melgar_2015,3d,hypocentral,median,29,1,1,4.142083,906.196268,LOW,"far_station,late_pgd_peak,low_pgd_snr",8.285144,8.016440,8.498320,1.085144,1.085144,7.254906,0.054906,0.054906,1.051971,1.089951,,,,,,,
us-us6000t7zc-m7-2-20260624-23-km-se-of-yumare-venezuela,us6000t7zc,2026-06-24T22:04:33.389000Z,Venezuela,Americas,EarthScope PRIDE PPP-AR kin quality-passing stations,"23 km SE of Yumare, Venezuela",7.200000,20.294000,crowell_2016_gfast,3d,hypocentral,median,29,1,1,4.142083,906.196268,LOW,"far_station,late_pgd_peak,low_pgd_snr",8.705089,8.487453,8.870968,1.505089,1.505089,7.489100,0.289100,0.289100,1.466524,1.492292,,,,,,,
us-us6000t7zc-m7-2-20260624-23-km-se-of-yumare-venezuela,us6000t7zc,2026-06-24T22:04:33.389000Z,Venezuela,Americas,EarthScope PRIDE PPP-AR kin quality-passing stations,"23 km SE of Yumare, Venezuela",7.200000,20.294000,ruhl_2019,3d,hypocentral,median,29,1,1,4.142083,906.196268,LOW,"far_station,late_pgd_peak,low_pgd_snr",8.236026,7.937891,8.472129,1.036026,1.036026,7.073625,-0.126375,0.126375,0.998748,1.048128,,,,,,,
us-us6000t7zp-m7-5-20260624-28-km-se-of-yumare-venezuela,us6000t7zp,2026-06-24T22:05:11.566000Z,Venezuela,Americas,EarthScope PRIDE PPP-AR kin quality-passing stations,"28 km SE of Yumare, Venezuela",7.500000,10.000000,melgar_2015,3d,hypocentral,median,29,1,1,4.522253,905.580215,LOW,"far_station,late_pgd_peak,low_pgd_snr",8.276020,8.014372,8.499087,0.776020,0.776020,7.259378,-0.240622,0.240622,0.746749,0.799037,,,,,,,
us-us6000t7zp-m7-5-20260624-28-km-se-of-yumare-venezuela,us6000t7zp,2026-06-24T22:05:11.566000Z,Venezuela,Americas,EarthScope PRIDE PPP-AR kin quality-passing stations,"28 km SE of Yumare, Venezuela",7.500000,10.000000,crowell_2016_gfast,3d,hypocentral,median,29,1,1,4.522253,905.580215,LOW,"far_station,late_pgd_peak,low_pgd_snr",8.696148,8.483433,8.867631,1.196148,1.196148,7.493424,-0.006576,0.006576,1.161765,1.193880,,,,,,,
us-us6000t7zp-m7-5-20260624-28-km-se-of-yumare-venezuela,us6000t7zp,2026-06-24T22:05:11.566000Z,Venezuela,Americas,EarthScope PRIDE PPP-AR kin quality-passing stations,"28 km SE of Yumare, Venezuela",7.500000,10.000000,ruhl_2019,3d,hypocentral,median,29,1,1,4.522253,905.580215,LOW,"far_station,late_pgd_peak,low_pgd_snr",8.225745,7.935089,8.472168,0.725745,0.725745,7.078522,-0.421478,0.421478,0.692899,0.761924,,,,,,,
us-us70003k3p-m6-20190512-1-km-w-of-bre-n-panama,us70003k3p,2019-05-12T19:24:50.373Z,Panama,Americas,EarthScope PRIDE PPP-AR kin quality-passing stations,"1 km W of Breñón, Panama",6.000000,19.000000,melgar_2015,3d,hypocentral,median,1,0,1,,104.200874,UNUSABLE,"late_pgd_peak,low_pgd_snr",6.921180,6.921180,6.921180,0.921180,0.921180,,,,0.921180,0.921180,,,,,,,
us-us70003k3p-m6-20190512-1-km-w-of-bre-n-panama,us70003k3p,2019-05-12T19:24:50.373Z,Panama,Americas,EarthScope PRIDE PPP-AR kin quality-passing stations,"1 km W of Breñón, Panama",6.000000,19.000000,crowell_2016_gfast,3d,hypocentral,median,1,0,1,,104.200874,UNUSABLE,"late_pgd_peak,low_pgd_snr",7.088872,7.088872,7.088872,1.088872,1.088872,,,,1.088872,1.088872,,,,,,,
us-us70003k3p-m6-20190512-1-km-w-of-bre-n-panama,us70003k3p,2019-05-12T19:24:50.373Z,Panama,Americas,EarthScope PRIDE PPP-AR kin quality-passing stations,"1 km W of Breñón, Panama",6.000000,19.000000,ruhl_2019,3d,hypocentral,median,1,0,1,,104.200874,UNUSABLE,"late_pgd_peak,low_pgd_snr",6.705893,6.705893,6.705893,0.705893,0.705893,,,,0.705893,0.705893,,,,,,,
us-us7000455l-m6-2-20190626-4-km-se-of-aserr-o-de-garich-panama,us7000455l,2019-06-26T05:23:51.514Z,Panama,Americas,EarthScope PRIDE PPP-AR kin quality-passing stations,"4 km SE of Aserrío de Gariché, Panama",6.200000,32.580000,melgar_2015,3d,hypocentral,median,2,0,2,,117.626505,UNUSABLE,low_pgd_snr,7.193993,7.118573,7.269413,0.993993,0.993993,,,,0.993993,1.000162,,,,,,,
us-us7000455l-m6-2-20190626-4-km-se-of-aserr-o-de-garich-panama,us7000455l,2019-06-26T05:23:51.514Z,Panama,Americas,EarthScope PRIDE PPP-AR kin quality-passing stations,"4 km SE of Aserrío de Gariché, Panama",6.200000,32.580000,crowell_2016_gfast,3d,hypocentral,median,2,0,2,,117.626505,UNUSABLE,low_pgd_snr,7.313356,7.259145,7.367566,1.113356,1.113356,,,,1.113356,1.116206,,,,,,,
us-us7000455l-m6-2-20190626-4-km-se-of-aserr-o-de-garich-panama,us7000455l,2019-06-26T05:23:51.514Z,Panama,Americas,EarthScope PRIDE PPP-AR kin quality-passing stations,"4 km SE of Aserrío de Gariché, Panama",6.200000,32.580000,ruhl_2019,3d,hypocentral,median,2,0,2,,117.626505,UNUSABLE,low_pgd_snr,7.000191,6.919192,7.081191,0.800191,0.800191,,,,0.800191,0.809008,,,,,,,
us-us700059qh-m6-3-20190829-285-km-w-of-bandon-oregon,us700059qh,2019-08-29T15:07:58.646000Z,United States,US,EarthScope PRIDE PPP-AR kin quality-passing stations,"285 km W of Bandon, Oregon",6.300000,10.000000,melgar_2015,3d,hypocentral,median,2,0,2,,289.470313,UNUSABLE,"late_pgd_peak,low_pgd_snr",6.890642,6.866467,6.914818,0.590642,0.590642,,,,0.590642,0.591711,,,,,,,
us-us700059qh-m6-3-20190829-285-km-w-of-bandon-oregon,us700059qh,2019-08-29T15:07:58.646000Z,United States,US,EarthScope PRIDE PPP-AR kin quality-passing stations,"285 km W of Bandon, Oregon",6.300000,10.000000,crowell_2016_gfast,3d,hypocentral,median,2,0,2,,289.470313,UNUSABLE,"late_pgd_peak,low_pgd_snr",7.322856,7.302750,7.342962,1.022856,1.022856,,,,1.022856,1.023283,,,,,,,
us-us700059qh-m6-3-20190829-285-km-w-of-bandon-oregon,us700059qh,2019-08-29T15:07:58.646000Z,United States,US,EarthScope PRIDE PPP-AR kin quality-passing stations,"285 km W of Bandon, Oregon",6.300000,10.000000,ruhl_2019,3d,hypocentral,median,2,0,2,,289.470313,UNUSABLE,"late_pgd_peak,low_pgd_snr",6.684501,6.658166,6.710837,0.384501,0.384501,,,,0.384501,0.386447,,,,,,,
us-us70008jr5-m6-5-20200331-stanley-idaho,us70008jr5,2020-03-31T23:52:30.781000Z,United States,US,EarthScope PRIDE PPP-AR kin quality-passing stations,"Stanley, Idaho",6.500000,12.060000,melgar_2015,3d,hypocentral,median,11,1,11,4.068630,130.962470,LOW,"late_pgd_peak,low_pgd_snr",6.706861,6.435572,7.010182,0.206861,0.206861,6.880079,0.380079,0.380079,0.221294,0.374291,,,,,,,
us-us70008jr5-m6-5-20200331-stanley-idaho,us70008jr5,2020-03-31T23:52:30.781000Z,United States,US,EarthScope PRIDE PPP-AR kin quality-passing stations,"Stanley, Idaho",6.500000,12.060000,crowell_2016_gfast,3d,hypocentral,median,11,1,11,4.068630,130.962470,LOW,"late_pgd_peak,low_pgd_snr",6.979206,6.752831,7.276369,0.479206,0.479206,7.049118,0.549118,0.549118,0.497210,0.569694,,,,,,,
us-us70008jr5-m6-5-20200331-stanley-idaho,us70008jr5,2020-03-31T23:52:30.781000Z,United States,US,EarthScope PRIDE PPP-AR kin quality-passing stations,"Stanley, Idaho",6.500000,12.060000,ruhl_2019,3d,hypocentral,median,11,1,11,4.068630,130.962470,LOW,"late_pgd_peak,low_pgd_snr",6.476143,6.185024,6.804753,-0.023857,0.023857,6.661356,0.161356,0.161356,-0.005858,0.326721,,,,,,,
us-us7000asx4-m6-1-20200722-101-km-ese-of-sand-point-alaska,us7000asx4,2020-07-22T06:16:18.627000Z,United States,US,EarthScope PRIDE PPP-AR kin quality-passing stations,"101 km ESE of Sand Point, Alaska",6.100000,16.530000,melgar_2015,3d,hypocentral,median,5,0,5,,101.866124,UNUSABLE,"late_pgd_peak,low_pgd_snr",7.300080,7.183654,7.428544,1.200080,1.200080,,,,1.196413,1.207903,,,,,,,
us-us7000asx4-m6-1-20200722-101-km-ese-of-sand-point-alaska,us7000asx4,2020-07-22T06:16:18.627000Z,United States,US,EarthScope PRIDE PPP-AR kin quality-passing stations,"101 km ESE of Sand Point, Alaska",6.100000,16.530000,crowell_2016_gfast,3d,hypocentral,median,5,0,5,,101.866124,UNUSABLE,"late_pgd_peak,low_pgd_snr",7.253232,7.235081,7.418330,1.153232,1.153232,,,,1.218875,1.223563,,,,,,,
us-us7000asx4-m6-1-20200722-101-km-ese-of-sand-point-alaska,us7000asx4,2020-07-22T06:16:18.627000Z,United States,US,EarthScope PRIDE PPP-AR kin quality-passing stations,"101 km ESE of Sand Point, Alaska",6.100000,16.530000,ruhl_2019,3d,hypocentral,median,5,0,5,,101.866124,UNUSABLE,"late_pgd_peak,low_pgd_snr",7.112787,6.985265,7.241705,1.012787,1.012787,,,,1.005544,1.020733,,,,,,,
us-us7000bcbv-m6-20200824-4-km-ssw-of-jac-costa-rica,us7000bcbv,2020-08-24T21:51:09.259Z,Costa Rica,Americas,EarthScope PRIDE PPP-AR kin quality-passing stations,"4 km SSW of Jacó, Costa Rica",6.000000,20.000000,melgar_2015,3d,hypocentral,median,2,0,2,,123.673617,UNUSABLE,"late_pgd_peak,low_pgd_snr",7.090314,7.028412,7.152216,1.090314,1.090314,,,,1.090314,1.094108,,,,,,,
us-us7000bcbv-m6-20200824-4-km-ssw-of-jac-costa-rica,us7000bcbv,2020-08-24T21:51:09.259Z,Costa Rica,Americas,EarthScope PRIDE PPP-AR kin quality-passing stations,"4 km SSW of Jacó, Costa Rica",6.000000,20.000000,crowell_2016_gfast,3d,hypocentral,median,2,0,2,,123.673617,UNUSABLE,"late_pgd_peak,low_pgd_snr",7.247328,7.231222,7.263434,1.247328,1.247328,,,,1.247328,1.247552,,,,,,,
us-us7000bcbv-m6-20200824-4-km-ssw-of-jac-costa-rica,us7000bcbv,2020-08-24T21:51:09.259Z,Costa Rica,Americas,EarthScope PRIDE PPP-AR kin quality-passing stations,"4 km SSW of Jacó, Costa Rica",6.000000,20.000000,ruhl_2019,3d,hypocentral,median,2,0,2,,123.673617,UNUSABLE,"late_pgd_peak,low_pgd_snr",6.889125,6.824134,6.954116,0.889125,0.889125,,,,0.889125,0.894247,,,,,,,
us-us7000clnv-m6-4-20201201-46-km-ese-of-nikolski-alaska,us7000clnv,2020-12-01T16:22:39.923000Z,United States,US,EarthScope PRIDE PPP-AR kin quality-passing stations,"46 km ESE of Nikolski, Alaska",6.400000,23.000000,melgar_2015,3d,hypocentral,median,2,0,2,,111.301898,UNUSABLE,"late_pgd_peak,low_pgd_snr",6.595576,6.471530,6.719621,0.195576,0.195576,,,,0.195576,0.267445,,,,,,,
us-us7000clnv-m6-4-20201201-46-km-ese-of-nikolski-alaska,us7000clnv,2020-12-01T16:22:39.923000Z,United States,US,EarthScope PRIDE PPP-AR kin quality-passing stations,"46 km ESE of Nikolski, Alaska",6.400000,23.000000,crowell_2016_gfast,3d,hypocentral,median,2,0,2,,111.301898,UNUSABLE,"late_pgd_peak,low_pgd_snr",6.840561,6.663023,7.018098,0.440561,0.440561,,,,0.440561,0.512112,,,,,,,
us-us7000clnv-m6-4-20201201-46-km-ese-of-nikolski-alaska,us7000clnv,2020-12-01T16:22:39.923000Z,United States,US,EarthScope PRIDE PPP-AR kin quality-passing stations,"46 km ESE of Nikolski, Alaska",6.400000,23.000000,ruhl_2019,3d,hypocentral,median,2,0,2,,111.301898,UNUSABLE,"late_pgd_peak,low_pgd_snr",6.357261,6.221551,6.492971,-0.042739,0.042739,,,,-0.042739,0.204099,,,,,,,
us-us7000e2c6-m6-20210512-55-km-sw-of-acajutla-el-salvador,us7000e2c6,2021-05-12T08:45:44.539Z,El Salvador,Americas,EarthScope PRIDE PPP-AR kin quality-passing stations,"55 km SW of Acajutla, El Salvador",6.000000,22.000000,melgar_2015,3d,hypocentral,median,1,0,1,,130.769862,UNUSABLE,low_pgd_snr,6.484557,6.484557,6.484557,0.484557,0.484557,,,,0.484557,0.484557,,,,,,,
us-us7000e2c6-m6-20210512-55-km-sw-of-acajutla-el-salvador,us7000e2c6,2021-05-12T08:45:44.539Z,El Salvador,Americas,EarthScope PRIDE PPP-AR kin quality-passing stations,"55 km SW of Acajutla, El Salvador",6.000000,22.000000,crowell_2016_gfast,3d,hypocentral,median,1,0,1,,130.769862,UNUSABLE,low_pgd_snr,6.827005,6.827005,6.827005,0.827005,0.827005,,,,0.827005,0.827005,,,,,,,
us-us7000e2c6-m6-20210512-55-km-sw-of-acajutla-el-salvador,us7000e2c6,2021-05-12T08:45:44.539Z,El Salvador,Americas,EarthScope PRIDE PPP-AR kin quality-passing stations,"55 km SW of Acajutla, El Salvador",6.000000,22.000000,ruhl_2019,3d,hypocentral,median,1,0,1,,130.769862,UNUSABLE,low_pgd_snr,6.238847,6.238847,6.238847,0.238847,0.238847,,,,0.238847,0.238847,,,,,,,
us-us7000e2rq-m6-1-20210513-154-km-sse-of-punta-de-burica-panama,us7000e2rq,2021-05-13T09:42:12.044Z,Panama,Americas,EarthScope PRIDE PPP-AR kin quality-passing stations,"154 km SSE of Punta de Burica, Panama",6.100000,10.000000,melgar_2015,3d,hypocentral,median,1,0,1,,267.901701,UNUSABLE,low_pgd_snr,7.038566,7.038566,7.038566,0.938566,0.938566,,,,0.938566,0.938566,,,,,,,
us-us7000e2rq-m6-1-20210513-154-km-sse-of-punta-de-burica-panama,us7000e2rq,2021-05-13T09:42:12.044Z,Panama,Americas,EarthScope PRIDE PPP-AR kin quality-passing stations,"154 km SSE of Punta de Burica, Panama",6.100000,10.000000,crowell_2016_gfast,3d,hypocentral,median,1,0,1,,267.901701,UNUSABLE,low_pgd_snr,7.409154,7.409154,7.409154,1.309154,1.309154,,,,1.309154,1.309154,,,,,,,
us-us7000e2rq-m6-1-20210513-154-km-sse-of-punta-de-burica-panama,us7000e2rq,2021-05-13T09:42:12.044Z,Panama,Americas,EarthScope PRIDE PPP-AR kin quality-passing stations,"154 km SSE of Punta de Burica, Panama",6.100000,10.000000,ruhl_2019,3d,hypocentral,median,1,0,1,,267.901701,UNUSABLE,low_pgd_snr,6.843864,6.843864,6.843864,0.743864,0.743864,,,,0.743864,0.743864,,,,,,,
us-us7000emzy-m6-1-20210717-135-km-s-of-burica-panama,us7000emzy,2021-07-17T20:56:10.107Z,Panama,Americas,EarthScope PRIDE PPP-AR kin quality-passing stations,"135 km S of Burica, Panama",6.100000,4.070000,melgar_2015,3d,hypocentral,median,1,0,1,,283.564210,UNUSABLE,"late_pgd_peak,low_pgd_snr",7.588555,7.588555,7.588555,1.488555,1.488555,,,,1.488555,1.488555,,,,,,,
us-us7000emzy-m6-1-20210717-135-km-s-of-burica-panama,us7000emzy,2021-07-17T20:56:10.107Z,Panama,Americas,EarthScope PRIDE PPP-AR kin quality-passing stations,"135 km S of Burica, Panama",6.100000,4.070000,crowell_2016_gfast,3d,hypocentral,median,1,0,1,,283.564210,UNUSABLE,"late_pgd_peak,low_pgd_snr",7.824321,7.824321,7.824321,1.724321,1.724321,,,,1.724321,1.724321,,,,,,,
us-us7000emzy-m6-1-20210717-135-km-s-of-burica-panama,us7000emzy,2021-07-17T20:56:10.107Z,Panama,Americas,EarthScope PRIDE PPP-AR kin quality-passing stations,"135 km S of Burica, Panama",6.100000,4.070000,ruhl_2019,3d,hypocentral,median,1,0,1,,283.564210,UNUSABLE,"late_pgd_peak,low_pgd_snr",7.441087,7.441087,7.441087,1.341087,1.341087,,,,1.341087,1.341087,,,,,,,
us-us7000f93v-m7-20210908-acapulco-mexico,us7000f93v,2021-09-08T01:47:47.437Z,Mexico,Americas,EarthScope PRIDE PPP-AR kin quality-passing stations,"Acapulco, Mexico",7.000000,20.000000,melgar_2015,3d,hypocentral,median,6,2,6,3.838811,272.839539,LOW,"late_pgd_peak,low_pgd_snr",7.104816,6.832734,7.282569,0.104816,0.104816,7.116987,0.116987,0.116987,0.044627,0.269594,,,,,,,
us-us7000f93v-m7-20210908-acapulco-mexico,us7000f93v,2021-09-08T01:47:47.437Z,Mexico,Americas,EarthScope PRIDE PPP-AR kin quality-passing stations,"Acapulco, Mexico",7.000000,20.000000,crowell_2016_gfast,3d,hypocentral,median,6,2,6,3.838811,272.839539,LOW,"late_pgd_peak,low_pgd_snr",7.464161,7.226955,7.606887,0.464161,0.464161,7.469704,0.469704,0.469704,0.389780,0.467768,,,,,,,
us-us7000f93v-m7-20210908-acapulco-mexico,us7000f93v,2021-09-08T01:47:47.437Z,Mexico,Americas,EarthScope PRIDE PPP-AR kin quality-passing stations,"Acapulco, Mexico",7.000000,20.000000,ruhl_2019,3d,hypocentral,median,6,2,6,3.838811,272.839539,LOW,"late_pgd_peak,low_pgd_snr",6.916050,6.619935,7.109558,-0.083950,0.083950,6.929020,-0.070980,0.070980,-0.150033,0.326586,,,,,,,
us-us7000fdds-m6-5-20210922-80-km-sw-of-jiquilillo-nicaragua,us7000fdds,2021-09-22T09:57:07.023Z,Nicaragua,Americas,EarthScope PRIDE PPP-AR kin quality-passing stations,"80 km SW of Jiquilillo, Nicaragua",6.500000,21.000000,melgar_2015,3d,hypocentral,median,1,0,1,,221.003982,UNUSABLE,"late_pgd_peak,low_pgd_snr",6.952386,6.952386,6.952386,0.452386,0.452386,,,,0.452386,0.452386,,,,,,,
us-us7000fdds-m6-5-20210922-80-km-sw-of-jiquilillo-nicaragua,us7000fdds,2021-09-22T09:57:07.023Z,Nicaragua,Americas,EarthScope PRIDE PPP-AR kin quality-passing stations,"80 km SW of Jiquilillo, Nicaragua",6.500000,21.000000,crowell_2016_gfast,3d,hypocentral,median,1,0,1,,221.003982,UNUSABLE,"late_pgd_peak,low_pgd_snr",7.295276,7.295276,7.295276,0.795276,0.795276,,,,0.795276,0.795276,,,,,,,
us-us7000fdds-m6-5-20210922-80-km-sw-of-jiquilillo-nicaragua,us7000fdds,2021-09-22T09:57:07.023Z,Nicaragua,Americas,EarthScope PRIDE PPP-AR kin quality-passing stations,"80 km SW of Jiquilillo, Nicaragua",6.500000,21.000000,ruhl_2019,3d,hypocentral,median,1,0,1,,221.003982,UNUSABLE,"late_pgd_peak,low_pgd_snr",6.748048,6.748048,6.748048,0.248048,0.248048,,,,0.248048,0.248048,,,,,,,
us-us7000fskw-m6-3-20211109-62-km-s-of-masachapa-nicaragua,us7000fskw,2021-11-09T06:25:14.907Z,Nicaragua,Americas,EarthScope PRIDE PPP-AR kin quality-passing stations,"62 km S of Masachapa, Nicaragua",6.300000,20.000000,melgar_2015,3d,hypocentral,median,3,1,3,3.012829,186.392113,LOW,"late_pgd_peak,low_pgd_snr",6.763215,6.716234,7.163421,0.463215,0.463215,7.351753,1.051753,1.051753,0.636365,0.701448,,,,,,,
us-us7000fskw-m6-3-20211109-62-km-s-of-masachapa-nicaragua,us7000fskw,2021-11-09T06:25:14.907Z,Nicaragua,Americas,EarthScope PRIDE PPP-AR kin quality-passing stations,"62 km S of Masachapa, Nicaragua",6.300000,20.000000,crowell_2016_gfast,3d,hypocentral,median,3,1,3,3.012829,186.392113,LOW,"late_pgd_peak,low_pgd_snr",7.114525,6.993616,7.406240,0.814525,0.814525,7.543517,1.243517,1.243517,0.898254,0.933666,,,,,,,
us-us7000fskw-m6-3-20211109-62-km-s-of-masachapa-nicaragua,us7000fskw,2021-11-09T06:25:14.907Z,Nicaragua,Americas,EarthScope PRIDE PPP-AR kin quality-passing stations,"62 km S of Masachapa, Nicaragua",6.300000,20.000000,ruhl_2019,3d,hypocentral,median,3,1,3,3.012829,186.392113,LOW,"late_pgd_peak,low_pgd_snr",6.541808,6.488025,6.973883,0.241808,0.241808,7.177213,0.877213,0.877213,0.427246,0.533682,,,,,,,
us-us7000g9nb-m6-1-20220106-near-the-coast-of-nicaragua,us7000g9nb,2022-01-06T16:25:05.973Z,Nicaragua,Americas,EarthScope PRIDE PPP-AR kin quality-passing stations,near the coast of Nicaragua,6.100000,17.000000,melgar_2015,3d,hypocentral,median,6,0,6,,92.895888,UNUSABLE,low_pgd_snr,7.095169,6.779580,7.515024,0.995169,0.995169,,,,1.039668,1.106266,,,,,,,
us-us7000g9nb-m6-1-20220106-near-the-coast-of-nicaragua,us7000g9nb,2022-01-06T16:25:05.973Z,Nicaragua,Americas,EarthScope PRIDE PPP-AR kin quality-passing stations,near the coast of Nicaragua,6.100000,17.000000,crowell_2016_gfast,3d,hypocentral,median,6,0,6,,92.895888,UNUSABLE,low_pgd_snr,7.153416,6.948916,7.775799,1.053416,1.053416,,,,1.202115,1.264661,,,,,,,
us-us7000g9nb-m6-1-20220106-near-the-coast-of-nicaragua,us7000g9nb,2022-01-06T16:25:05.973Z,Nicaragua,Americas,EarthScope PRIDE PPP-AR kin quality-passing stations,near the coast of Nicaragua,6.100000,17.000000,ruhl_2019,3d,hypocentral,median,6,0,6,,92.895888,UNUSABLE,low_pgd_snr,6.889287,6.552454,7.361675,0.789287,0.789287,,,,0.845247,0.941018,,,,,,,
us-us7000gavu-m6-8-20220111-100-km-se-of-nikolski-alaska,us7000gavu,2022-01-11T11:35:43.674000Z,United States,US,EarthScope PRIDE PPP-AR kin quality-passing stations,"100 km SE of Nikolski, Alaska",6.800000,20.000000,melgar_2015,3d,hypocentral,median,1,0,1,,103.879488,UNUSABLE,late_pgd_peak,6.746175,6.746175,6.746175,-0.053825,0.053825,,,,-0.053825,0.053825,,,,,,,
us-us7000gavu-m6-8-20220111-100-km-se-of-nikolski-alaska,us7000gavu,2022-01-11T11:35:43.674000Z,United States,US,EarthScope PRIDE PPP-AR kin quality-passing stations,"100 km SE of Nikolski, Alaska",6.800000,20.000000,crowell_2016_gfast,3d,hypocentral,median,1,0,1,,103.879488,UNUSABLE,late_pgd_peak,6.962258,6.962258,6.962258,0.162258,0.162258,,,,0.162258,0.162258,,,,,,,
us-us7000gavu-m6-8-20220111-100-km-se-of-nikolski-alaska,us7000gavu,2022-01-11T11:35:43.674000Z,United States,US,EarthScope PRIDE PPP-AR kin quality-passing stations,"100 km SE of Nikolski, Alaska",6.800000,20.000000,ruhl_2019,3d,hypocentral,median,1,0,1,,103.879488,UNUSABLE,late_pgd_peak,6.518130,6.518130,6.518130,-0.281870,0.281870,,,,-0.281870,0.281870,,,,,,,
us-us7000gawk-m6-6-20220111-53-km-se-of-nikolski-alaska,us7000gawk,2022-01-11T12:39:32.454000Z,United States,US,EarthScope PRIDE PPP-AR kin quality-passing stations,"53 km SE of Nikolski, Alaska",6.600000,19.000000,melgar_2015,3d,hypocentral,median,1,0,1,,59.276557,UNUSABLE,late_pgd_peak,6.358463,6.358463,6.358463,-0.241537,0.241537,,,,-0.241537,0.241537,,,,,,,
us-us7000gawk-m6-6-20220111-53-km-se-of-nikolski-alaska,us7000gawk,2022-01-11T12:39:32.454000Z,United States,US,EarthScope PRIDE PPP-AR kin quality-passing stations,"53 km SE of Nikolski, Alaska",6.600000,19.000000,crowell_2016_gfast,3d,hypocentral,median,1,0,1,,59.276557,UNUSABLE,late_pgd_peak,6.563129,6.563129,6.563129,-0.036871,0.036871,,,,-0.036871,0.036871,,,,,,,
us-us7000gawk-m6-6-20220111-53-km-se-of-nikolski-alaska,us7000gawk,2022-01-11T12:39:32.454000Z,United States,US,EarthScope PRIDE PPP-AR kin quality-passing stations,"53 km SE of Nikolski, Alaska",6.600000,19.000000,ruhl_2019,3d,hypocentral,median,1,0,1,,59.276557,UNUSABLE,late_pgd_peak,6.099837,6.099837,6.099837,-0.500163,0.500163,,,,-0.500163,0.500163,,,,,,,
us-us7000ge5q-m6-2-20220122-71-km-s-of-unalaska-alaska,us7000ge5q,2022-01-22T05:17:04.896000Z,United States,US,EarthScope PRIDE PPP-AR kin quality-passing stations,"71 km S of Unalaska, Alaska",6.200000,29.000000,melgar_2015,3d,hypocentral,median,1,0,1,,150.911609,UNUSABLE,"late_pgd_peak,low_pgd_snr",6.929728,6.929728,6.929728,0.729728,0.729728,,,,0.729728,0.729728,,,,,,,
us-us7000ge5q-m6-2-20220122-71-km-s-of-unalaska-alaska,us7000ge5q,2022-01-22T05:17:04.896000Z,United States,US,EarthScope PRIDE PPP-AR kin quality-passing stations,"71 km S of Unalaska, Alaska",6.200000,29.000000,crowell_2016_gfast,3d,hypocentral,median,1,0,1,,150.911609,UNUSABLE,"late_pgd_peak,low_pgd_snr",7.182475,7.182475,7.182475,0.982475,0.982475,,,,0.982475,0.982475,,,,,,,
us-us7000ge5q-m6-2-20220122-71-km-s-of-unalaska-alaska,us7000ge5q,2022-01-22T05:17:04.896000Z,United States,US,EarthScope PRIDE PPP-AR kin quality-passing stations,"71 km S of Unalaska, Alaska",6.200000,29.000000,ruhl_2019,3d,hypocentral,median,1,0,1,,150.911609,UNUSABLE,"late_pgd_peak,low_pgd_snr",6.719098,6.719098,6.719098,0.519098,0.519098,,,,0.519098,0.519098,,,,,,,
us-us7000i9bw-m7-6-20220919-35-km-ssw-of-aguililla-mexico,us7000i9bw,2022-09-19T18:05:08.217Z,Mexico,Americas,EarthScope PRIDE PPP-AR kin quality-passing stations,"35 km SSW of Aguililla, Mexico",7.600000,26.943000,melgar_2015,3d,hypocentral,median,11,9,11,8.949593,206.010464,HIGH,"late_pgd_peak,low_pgd_snr",7.618761,7.215545,7.702065,0.018761,0.018761,7.642648,0.042648,0.042648,-0.061679,0.294032,,,,,,,
us-us7000i9bw-m7-6-20220919-35-km-ssw-of-aguililla-mexico,us7000i9bw,2022-09-19T18:05:08.217Z,Mexico,Americas,EarthScope PRIDE PPP-AR kin quality-passing stations,"35 km SSW of Aguililla, Mexico",7.600000,26.943000,crowell_2016_gfast,3d,hypocentral,median,11,9,11,8.949593,206.010464,HIGH,"late_pgd_peak,low_pgd_snr",7.737085,7.363182,7.820880,0.137085,0.137085,7.797449,0.197449,0.197449,0.071433,0.266612,,,,,,,
us-us7000i9bw-m7-6-20220919-35-km-ssw-of-aguililla-mexico,us7000i9bw,2022-09-19T18:05:08.217Z,Mexico,Americas,EarthScope PRIDE PPP-AR kin quality-passing stations,"35 km SSW of Aguililla, Mexico",7.600000,26.943000,ruhl_2019,3d,hypocentral,median,11,9,11,8.949593,206.010464,HIGH,"late_pgd_peak,low_pgd_snr",7.465457,7.019421,7.552491,-0.134543,0.134543,7.497021,-0.102979,0.102979,-0.221596,0.383149,,,,,,,
us-us7000ia36-m6-8-20220922-55-km-ssw-of-aguililla-mexico,us7000ia36,2022-09-22T06:16:09.459Z,Mexico,Americas,EarthScope PRIDE PPP-AR kin quality-passing stations,"55 km SSW of Aguililla, Mexico",6.800000,20.000000,melgar_2015,3d,hypocentral,median,8,0,8,,210.665754,UNUSABLE,"late_pgd_peak,low_pgd_snr",7.050390,6.705811,7.173182,0.250390,0.250390,,,,0.152868,0.296936,,,,,,,
us-us7000ia36-m6-8-20220922-55-km-ssw-of-aguililla-mexico,us7000ia36,2022-09-22T06:16:09.459Z,Mexico,Americas,EarthScope PRIDE PPP-AR kin quality-passing stations,"55 km SSW of Aguililla, Mexico",6.800000,20.000000,crowell_2016_gfast,3d,hypocentral,median,8,0,8,,210.665754,UNUSABLE,"late_pgd_peak,low_pgd_snr",7.331480,6.971249,7.435873,0.531480,0.531480,,,,0.431119,0.511274,,,,,,,
us-us7000ia36-m6-8-20220922-55-km-ssw-of-aguililla-mexico,us7000ia36,2022-09-22T06:16:09.459Z,Mexico,Americas,EarthScope PRIDE PPP-AR kin quality-passing stations,"55 km SSW of Aguililla, Mexico",6.800000,20.000000,ruhl_2019,3d,hypocentral,median,8,0,8,,210.665754,UNUSABLE,"late_pgd_peak,low_pgd_snr",6.851798,6.476426,6.985660,0.051798,0.051798,,,,-0.053552,0.282220,,,,,,,
us-us7000imgl-m6-1-20221104-82-km-ssw-of-bah-a-de-kino-mexico,us7000imgl,2022-11-04T10:02:46.346Z,Mexico,Americas,EarthScope PRIDE PPP-AR kin quality-passing stations,"82 km SSW of Bahía de Kino, Mexico",6.100000,10.000000,melgar_2015,3d,hypocentral,median,1,0,1,,166.646307,UNUSABLE,low_pgd_snr,6.859002,6.859002,6.859002,0.759002,0.759002,,,,0.759002,0.759002,,,,,,,
us-us7000imgl-m6-1-20221104-82-km-ssw-of-bah-a-de-kino-mexico,us7000imgl,2022-11-04T10:02:46.346Z,Mexico,Americas,EarthScope PRIDE PPP-AR kin quality-passing stations,"82 km SSW of Bahía de Kino, Mexico",6.100000,10.000000,crowell_2016_gfast,3d,hypocentral,median,1,0,1,,166.646307,UNUSABLE,low_pgd_snr,7.155779,7.155779,7.155779,1.055779,1.055779,,,,1.055779,1.055779,,,,,,,
us-us7000imgl-m6-1-20221104-82-km-ssw-of-bah-a-de-kino-mexico,us7000imgl,2022-11-04T10:02:46.346Z,Mexico,Americas,EarthScope PRIDE PPP-AR kin quality-passing stations,"82 km SSW of Bahía de Kino, Mexico",6.100000,10.000000,ruhl_2019,3d,hypocentral,median,1,0,1,,166.646307,UNUSABLE,low_pgd_snr,6.643984,6.643984,6.643984,0.543984,0.543984,,,,0.543984,0.543984,,,,,,,
us-us7000irjd-m6-2-20221122-28-km-sw-of-las-brisas-mexico,us7000irjd,2022-11-22T16:39:05.789Z,Mexico,Americas,EarthScope PRIDE PPP-AR kin quality-passing stations,"28 km SW of Las Brisas, Mexico",6.200000,10.000000,melgar_2015,3d,hypocentral,median,49,15,48,3.600235,260.666886,MEDIUM,"late_pgd_peak,low_pgd_snr",7.176937,7.076086,7.293134,0.976937,0.976937,7.174581,0.974581,0.974581,0.972645,0.981867,,,,,,,
us-us7000irjd-m6-2-20221122-28-km-sw-of-las-brisas-mexico,us7000irjd,2022-11-22T16:39:05.789Z,Mexico,Americas,EarthScope PRIDE PPP-AR kin quality-passing stations,"28 km SW of Las Brisas, Mexico",6.200000,10.000000,crowell_2016_gfast,3d,hypocentral,median,49,15,48,3.600235,260.666886,MEDIUM,"late_pgd_peak,low_pgd_snr",7.509168,7.393272,7.579340,1.309168,1.309168,7.514750,1.314750,1.314750,1.291857,1.298306,,,,,,,
us-us7000irjd-m6-2-20221122-28-km-sw-of-las-brisas-mexico,us7000irjd,2022-11-22T16:39:05.789Z,Mexico,Americas,EarthScope PRIDE PPP-AR kin quality-passing stations,"28 km SW of Las Brisas, Mexico",6.200000,10.000000,ruhl_2019,3d,hypocentral,median,49,15,48,3.600235,260.666886,MEDIUM,"late_pgd_peak,low_pgd_snr",6.994566,6.884100,7.118238,0.794566,0.794566,6.991656,0.791656,0.791656,0.788488,0.801962,,,,,,,
us-us7000j5sc-m6-1-20230120-40-km-wsw-of-pointe-noire-guadeloupe,us7000j5sc,2023-01-20T11:23:40.603Z,Guadeloupe,Americas,EarthScope PRIDE PPP-AR kin quality-passing stations,"40 km WSW of Pointe-Noire, Guadeloupe",6.100000,162.000000,melgar_2015,3d,hypocentral,median,9,0,9,,178.889125,UNUSABLE,"late_pgd_peak,low_pgd_snr",6.943175,6.813449,7.094585,0.843175,0.843175,,,,0.879338,0.897897,,,,,,,
us-us7000j5sc-m6-1-20230120-40-km-wsw-of-pointe-noire-guadeloupe,us7000j5sc,2023-01-20T11:23:40.603Z,Guadeloupe,Americas,EarthScope PRIDE PPP-AR kin quality-passing stations,"40 km WSW of Pointe-Noire, Guadeloupe",6.100000,162.000000,crowell_2016_gfast,3d,hypocentral,median,9,0,9,,178.889125,UNUSABLE,"late_pgd_peak,low_pgd_snr",7.229342,7.153357,7.397272,1.129342,1.129342,,,,1.172177,1.180556,,,,,,,
us-us7000j5sc-m6-1-20230120-40-km-wsw-of-pointe-noire-guadeloupe,us7000j5sc,2023-01-20T11:23:40.603Z,Guadeloupe,Americas,EarthScope PRIDE PPP-AR kin quality-passing stations,"40 km WSW of Pointe-Noire, Guadeloupe",6.100000,162.000000,ruhl_2019,3d,hypocentral,median,9,0,9,,178.889125,UNUSABLE,"late_pgd_peak,low_pgd_snr",6.735316,6.596118,6.901819,0.635316,0.635316,,,,0.675185,0.703161,,,,,,,
us-us7000k3n3-m6-5-20230525-45-km-ne-of-puerto-obald-a-panama,us7000k3n3,2023-05-25T03:05:32.956Z,Panama,Americas,EarthScope PRIDE PPP-AR kin quality-passing stations,"45 km NE of Puerto Obaldía, Panama",6.500000,13.000000,melgar_2015,3d,hypocentral,median,2,0,2,,252.717629,UNUSABLE,"late_pgd_peak,low_pgd_snr",7.195087,7.074417,7.315758,0.695087,0.695087,,,,0.695087,0.717382,,,,,,,
us-us7000k3n3-m6-5-20230525-45-km-ne-of-puerto-obald-a-panama,us7000k3n3,2023-05-25T03:05:32.956Z,Panama,Americas,EarthScope PRIDE PPP-AR kin quality-passing stations,"45 km NE of Puerto Obaldía, Panama",6.500000,13.000000,crowell_2016_gfast,3d,hypocentral,median,2,0,2,,252.717629,UNUSABLE,"late_pgd_peak,low_pgd_snr",7.504877,7.390832,7.618922,1.004877,1.004877,,,,1.004877,1.018776,,,,,,,
us-us7000k3n3-m6-5-20230525-45-km-ne-of-puerto-obald-a-panama,us7000k3n3,2023-05-25T03:05:32.956Z,Panama,Americas,EarthScope PRIDE PPP-AR kin quality-passing stations,"45 km NE of Puerto Obaldía, Panama",6.500000,13.000000,ruhl_2019,3d,hypocentral,median,2,0,2,,252.717629,UNUSABLE,"late_pgd_peak,low_pgd_snr",7.012755,6.880544,7.144965,0.512755,0.512755,,,,0.512755,0.548379,,,,,,,
us-us7000keq3-m6-6-20230710-278-km-nne-of-codrington-antigua-and-barbuda,us7000keq3,2023-07-10T20:28:26.195Z,Antigua and Barbuda,Americas,EarthScope PRIDE PPP-AR kin quality-passing stations,"278 km NNE of Codrington, Antigua and Barbuda",6.600000,14.000000,melgar_2015,3d,hypocentral,median,2,0,2,,283.751329,UNUSABLE,"late_pgd_peak,low_pgd_snr",7.360440,7.247675,7.473205,0.760440,0.760440,,,,0.760440,0.778311,,,,,,,
us-us7000keq3-m6-6-20230710-278-km-nne-of-codrington-antigua-and-barbuda,us7000keq3,2023-07-10T20:28:26.195Z,Antigua and Barbuda,Americas,EarthScope PRIDE PPP-AR kin quality-passing stations,"278 km NNE of Codrington, Antigua and Barbuda",6.600000,14.000000,crowell_2016_gfast,3d,hypocentral,median,2,0,2,,283.751329,UNUSABLE,"late_pgd_peak,low_pgd_snr",7.658640,7.581732,7.735549,1.058640,1.058640,,,,1.058640,1.064665,,,,,,,
us-us7000keq3-m6-6-20230710-278-km-nne-of-codrington-antigua-and-barbuda,us7000keq3,2023-07-10T20:28:26.195Z,Antigua and Barbuda,Americas,EarthScope PRIDE PPP-AR kin quality-passing stations,"278 km NNE of Codrington, Antigua and Barbuda",6.600000,14.000000,ruhl_2019,3d,hypocentral,median,2,0,2,,283.751329,UNUSABLE,"late_pgd_peak,low_pgd_snr",7.193661,7.071703,7.315619,0.593661,0.593661,,,,0.593661,0.620161,,,,,,,
us-us7000kfnc-m6-3-20230714-offshore-chiapas-mexico,us7000kfnc,2023-07-14T09:29:00.404Z,Mexico,Americas,EarthScope PRIDE PPP-AR kin quality-passing stations,"Offshore Chiapas, Mexico",6.300000,34.000000,melgar_2015,3d,hypocentral,median,1,0,1,,242.607266,UNUSABLE,low_pgd_snr,7.179798,7.179798,7.179798,0.879798,0.879798,,,,0.879798,0.879798,,,,,,,
us-us7000kfnc-m6-3-20230714-offshore-chiapas-mexico,us7000kfnc,2023-07-14T09:29:00.404Z,Mexico,Americas,EarthScope PRIDE PPP-AR kin quality-passing stations,"Offshore Chiapas, Mexico",6.300000,34.000000,crowell_2016_gfast,3d,hypocentral,median,1,0,1,,242.607266,UNUSABLE,low_pgd_snr,7.484871,7.484871,7.484871,1.184871,1.184871,,,,1.184871,1.184871,,,,,,,
us-us7000kfnc-m6-3-20230714-offshore-chiapas-mexico,us7000kfnc,2023-07-14T09:29:00.404Z,Mexico,Americas,EarthScope PRIDE PPP-AR kin quality-passing stations,"Offshore Chiapas, Mexico",6.300000,34.000000,ruhl_2019,3d,hypocentral,median,1,0,1,,242.607266,UNUSABLE,low_pgd_snr,6.995377,6.995377,6.995377,0.695377,0.695377,,,,0.695377,0.695377,,,,,,,
us-us7000kg30-m7-2-20230716-2023-sand-point-alaska-earthquake,us7000kg30,2023-07-16T06:48:21.158000Z,United States,US,EarthScope PRIDE PPP-AR kin quality-passing stations,"2023 Sand Point, Alaska Earthquake",7.200000,25.000000,melgar_2015,3d,hypocentral,median,7,2,7,4.553589,128.631800,LOW,"late_pgd_peak,low_pgd_snr",6.861516,6.551945,6.954426,-0.338484,0.338484,6.890910,-0.309090,0.309090,-0.442493,0.500073,,,,,,,
us-us7000kg30-m7-2-20230716-2023-sand-point-alaska-earthquake,us7000kg30,2023-07-16T06:48:21.158000Z,United States,US,EarthScope PRIDE PPP-AR kin quality-passing stations,"2023 Sand Point, Alaska Earthquake",7.200000,25.000000,crowell_2016_gfast,3d,hypocentral,median,7,2,7,4.553589,128.631800,LOW,"late_pgd_peak,low_pgd_snr",7.103538,6.796383,7.209886,-0.096462,0.096462,7.140844,-0.059156,0.059156,-0.177285,0.283516,,,,,,,
us-us7000kg30-m7-2-20230716-2023-sand-point-alaska-earthquake,us7000kg30,2023-07-16T06:48:21.158000Z,United States,US,EarthScope PRIDE PPP-AR kin quality-passing stations,"2023 Sand Point, Alaska Earthquake",7.200000,25.000000,ruhl_2019,3d,hypocentral,median,7,2,7,4.553589,128.631800,LOW,"late_pgd_peak,low_pgd_snr",6.644367,6.309019,6.744039,-0.555633,0.555633,6.676919,-0.523081,0.523081,-0.667192,0.713161,,,,,,,
us-us7000kgpb-m6-5-20230719-43-km-s-of-intipuc-el-salvador,us7000kgpb,2023-07-19T00:22:07.656Z,El Salvador,Americas,EarthScope PRIDE PPP-AR kin quality-passing stations,"43 km S of Intipucá, El Salvador",6.500000,70.808000,melgar_2015,3d,hypocentral,median,2,0,2,,175.915406,UNUSABLE,"late_pgd_peak,low_pgd_snr",6.699202,6.635343,6.763062,0.199202,0.199202,,,,0.199202,0.220229,,,,,,,
us-us7000kgpb-m6-5-20230719-43-km-s-of-intipuc-el-salvador,us7000kgpb,2023-07-19T00:22:07.656Z,El Salvador,Americas,EarthScope PRIDE PPP-AR kin quality-passing stations,"43 km S of Intipucá, El Salvador",6.500000,70.808000,crowell_2016_gfast,3d,hypocentral,median,2,0,2,,175.915406,UNUSABLE,"late_pgd_peak,low_pgd_snr",7.053436,6.997722,7.109150,0.553436,0.553436,,,,0.553436,0.559468,,,,,,,
us-us7000kgpb-m6-5-20230719-43-km-s-of-intipuc-el-salvador,us7000kgpb,2023-07-19T00:22:07.656Z,El Salvador,Americas,EarthScope PRIDE PPP-AR kin quality-passing stations,"43 km S of Intipucá, El Salvador",6.500000,70.808000,ruhl_2019,3d,hypocentral,median,2,0,2,,175.915406,UNUSABLE,"late_pgd_peak,low_pgd_snr",6.472254,6.403036,6.541472,-0.027746,0.027746,,,,-0.027746,0.105505,,,,,,,
us-us7000luai-m6-1-20240127-15-km-w-of-taxisco-guatemala,us7000luai,2024-01-27T05:52:48.419Z,Guatemala,Americas,EarthScope PRIDE PPP-AR kin quality-passing stations,"15 km W of Taxisco, Guatemala",6.100000,90.000000,melgar_2015,3d,hypocentral,median,1,0,1,,189.617885,UNUSABLE,low_pgd_snr,7.195474,7.195474,7.195474,1.095474,1.095474,,,,1.095474,1.095474,,,,,,,
us-us7000luai-m6-1-20240127-15-km-w-of-taxisco-guatemala,us7000luai,2024-01-27T05:52:48.419Z,Guatemala,Americas,EarthScope PRIDE PPP-AR kin quality-passing stations,"15 km W of Taxisco, Guatemala",6.100000,90.000000,crowell_2016_gfast,3d,hypocentral,median,1,0,1,,189.617885,UNUSABLE,low_pgd_snr,7.431636,7.431636,7.431636,1.331636,1.331636,,,,1.331636,1.331636,,,,,,,
us-us7000luai-m6-1-20240127-15-km-w-of-taxisco-guatemala,us7000luai,2024-01-27T05:52:48.419Z,Guatemala,Americas,EarthScope PRIDE PPP-AR kin quality-passing stations,"15 km W of Taxisco, Guatemala",6.100000,90.000000,ruhl_2019,3d,hypocentral,median,1,0,1,,189.617885,UNUSABLE,low_pgd_snr,7.008590,7.008590,7.008590,0.908590,0.908590,,,,0.908590,0.908590,,,,,,,
us-us7000mu1p-m6-20240623-20-km-ne-of-yaguaraparo-venezuela,us7000mu1p,2024-06-23T03:57:58.918Z,Venezuela,Americas,EarthScope PRIDE PPP-AR kin quality-passing stations,"20 km NE of Yaguaraparo, Venezuela",6.000000,77.000000,melgar_2015,3d,hypocentral,median,1,0,1,,206.569575,UNUSABLE,"late_pgd_peak,low_pgd_snr",7.377803,7.377803,7.377803,1.377803,1.377803,,,,1.377803,1.377803,,,,,,,
us-us7000mu1p-m6-20240623-20-km-ne-of-yaguaraparo-venezuela,us7000mu1p,2024-06-23T03:57:58.918Z,Venezuela,Americas,EarthScope PRIDE PPP-AR kin quality-passing stations,"20 km NE of Yaguaraparo, Venezuela",6.000000,77.000000,crowell_2016_gfast,3d,hypocentral,median,1,0,1,,206.569575,UNUSABLE,"late_pgd_peak,low_pgd_snr",7.585794,7.585794,7.585794,1.585794,1.585794,,,,1.585794,1.585794,,,,,,,
us-us7000mu1p-m6-20240623-20-km-ne-of-yaguaraparo-venezuela,us7000mu1p,2024-06-23T03:57:58.918Z,Venezuela,Americas,EarthScope PRIDE PPP-AR kin quality-passing stations,"20 km NE of Yaguaraparo, Venezuela",6.000000,77.000000,ruhl_2019,3d,hypocentral,median,1,0,1,,206.569575,UNUSABLE,"late_pgd_peak,low_pgd_snr",7.206884,7.206884,7.206884,1.206884,1.206884,,,,1.206884,1.206884,,,,,,,
us-us7000n068-m6-20240719-168-km-sw-of-nikolski-alaska,us7000n068,2024-07-19T03:13:47.417000Z,United States,US,EarthScope PRIDE PPP-AR kin quality-passing stations,"168 km SW of Nikolski, Alaska",6.000000,40.972000,melgar_2015,3d,hypocentral,median,1,0,1,,175.253652,UNUSABLE,late_pgd_peak,6.994481,6.994481,6.994481,0.994481,0.994481,,,,0.994481,0.994481,,,,,,,
us-us7000n068-m6-20240719-168-km-sw-of-nikolski-alaska,us7000n068,2024-07-19T03:13:47.417000Z,United States,US,EarthScope PRIDE PPP-AR kin quality-passing stations,"168 km SW of Nikolski, Alaska",6.000000,40.972000,crowell_2016_gfast,3d,hypocentral,median,1,0,1,,175.253652,UNUSABLE,late_pgd_peak,7.266274,7.266274,7.266274,1.266274,1.266274,,,,1.266274,1.266274,,,,,,,
us-us7000n068-m6-20240719-168-km-sw-of-nikolski-alaska,us7000n068,2024-07-19T03:13:47.417000Z,United States,US,EarthScope PRIDE PPP-AR kin quality-passing stations,"168 km SW of Nikolski, Alaska",6.000000,40.972000,ruhl_2019,3d,hypocentral,median,1,0,1,,175.253652,UNUSABLE,late_pgd_peak,6.790644,6.790644,6.790644,0.790644,0.790644,,,,0.790644,0.790644,,,,,,,
us-us7000n0ka-m6-2-20240721-6-km-e-of-jalapa-guatemala,us7000n0ka,2024-07-21T02:53:48.910Z,Guatemala,Americas,EarthScope PRIDE PPP-AR kin quality-passing stations,"6 km E of Jalapa, Guatemala",6.200000,272.000000,melgar_2015,3d,hypocentral,median,1,1,0,3.085879,304.634335,LOW,,7.147339,7.147339,7.147339,0.947339,0.947339,7.147339,0.947339,0.947339,0.947339,0.947339,,,,,,,
us-us7000n0ka-m6-2-20240721-6-km-e-of-jalapa-guatemala,us7000n0ka,2024-07-21T02:53:48.910Z,Guatemala,Americas,EarthScope PRIDE PPP-AR kin quality-passing stations,"6 km E of Jalapa, Guatemala",6.200000,272.000000,crowell_2016_gfast,3d,hypocentral,median,1,1,0,3.085879,304.634335,LOW,,7.523642,7.523642,7.523642,1.323642,1.323642,7.523642,1.323642,1.323642,1.323642,1.323642,,,,,,,
us-us7000n0ka-m6-2-20240721-6-km-e-of-jalapa-guatemala,us7000n0ka,2024-07-21T02:53:48.910Z,Guatemala,Americas,EarthScope PRIDE PPP-AR kin quality-passing stations,"6 km E of Jalapa, Guatemala",6.200000,272.000000,ruhl_2019,3d,hypocentral,median,1,1,0,3.085879,304.634335,LOW,,6.963732,6.963732,6.963732,0.763732,0.763732,6.963732,0.763732,0.763732,0.763732,0.763732,,,,,,,
us-us7000np33-m6-20241030-267-km-w-of-bandon-oregon,us7000np33,2024-10-30T20:15:20.095000Z,United States,US,EarthScope PRIDE PPP-AR kin quality-passing stations,"267 km W of Bandon, Oregon",6.000000,10.000000,melgar_2015,3d,hypocentral,median,6,0,6,,283.028384,UNUSABLE,"late_pgd_peak,low_pgd_snr",7.562374,7.241421,7.875385,1.562374,1.562374,,,,1.518665,1.564777,,,,,,,
us-us7000np33-m6-20241030-267-km-w-of-bandon-oregon,us7000np33,2024-10-30T20:15:20.095000Z,United States,US,EarthScope PRIDE PPP-AR kin quality-passing stations,"267 km W of Bandon, Oregon",6.000000,10.000000,crowell_2016_gfast,3d,hypocentral,median,6,0,6,,283.028384,UNUSABLE,"late_pgd_peak,low_pgd_snr",7.801027,7.583834,8.021101,1.801027,1.801027,,,,1.770888,1.790241,,,,,,,
us-us7000np33-m6-20241030-267-km-w-of-bandon-oregon,us7000np33,2024-10-30T20:15:20.095000Z,United States,US,EarthScope PRIDE PPP-AR kin quality-passing stations,"267 km W of Bandon, Oregon",6.000000,10.000000,ruhl_2019,3d,hypocentral,median,6,0,6,,283.028384,UNUSABLE,"late_pgd_peak,low_pgd_snr",7.412290,7.065352,7.751106,1.412290,1.412290,,,,1.364913,1.424609,,,,,,,
us-us7000nr0v-m6-8-20241110-42-km-ssw-of-bartolom-mas-cuba,us7000nr0v,2024-11-10T16:49:50.426Z,Cuba,Americas,EarthScope PRIDE PPP-AR kin quality-passing stations,"42 km SSW of Bartolomé Masó, Cuba",6.800000,14.000000,melgar_2015,3d,hypocentral,median,1,0,1,,202.353881,UNUSABLE,low_pgd_snr,6.906095,6.906095,6.906095,0.106095,0.106095,,,,0.106095,0.106095,,,,,,,
us-us7000nr0v-m6-8-20241110-42-km-ssw-of-bartolom-mas-cuba,us7000nr0v,2024-11-10T16:49:50.426Z,Cuba,Americas,EarthScope PRIDE PPP-AR kin quality-passing stations,"42 km SSW of Bartolomé Masó, Cuba",6.800000,14.000000,crowell_2016_gfast,3d,hypocentral,median,1,0,1,,202.353881,UNUSABLE,low_pgd_snr,7.238866,7.238866,7.238866,0.438866,0.438866,,,,0.438866,0.438866,,,,,,,
us-us7000nr0v-m6-8-20241110-42-km-ssw-of-bartolom-mas-cuba,us7000nr0v,2024-11-10T16:49:50.426Z,Cuba,Americas,EarthScope PRIDE PPP-AR kin quality-passing stations,"42 km SSW of Bartolomé Masó, Cuba",6.800000,14.000000,ruhl_2019,3d,hypocentral,median,1,0,1,,202.353881,UNUSABLE,low_pgd_snr,6.696960,6.696960,6.696960,-0.103040,0.103040,,,,-0.103040,0.103040,,,,,,,
us-us7000nx3z-m6-3-20241208-108-km-ssw-of-adak-alaska,us7000nx3z,2024-12-08T19:57:08.602000Z,United States,US,EarthScope PRIDE PPP-AR kin quality-passing stations,"108 km SSW of Adak, Alaska",6.300000,18.000000,melgar_2015,3d,hypocentral,median,2,0,2,,173.594380,UNUSABLE,"late_pgd_peak,low_pgd_snr",6.602618,6.457740,6.747496,0.302618,0.302618,,,,0.302618,0.370095,,,,,,,
us-us7000nx3z-m6-3-20241208-108-km-ssw-of-adak-alaska,us7000nx3z,2024-12-08T19:57:08.602000Z,United States,US,EarthScope PRIDE PPP-AR kin quality-passing stations,"108 km SSW of Adak, Alaska",6.300000,18.000000,crowell_2016_gfast,3d,hypocentral,median,2,0,2,,173.594380,UNUSABLE,"late_pgd_peak,low_pgd_snr",6.965678,6.794735,7.136621,0.665678,0.665678,,,,0.665678,0.711563,,,,,,,
us-us7000nx3z-m6-3-20241208-108-km-ssw-of-adak-alaska,us7000nx3z,2024-12-08T19:57:08.602000Z,United States,US,EarthScope PRIDE PPP-AR kin quality-passing stations,"108 km SSW of Adak, Alaska",6.300000,18.000000,ruhl_2019,3d,hypocentral,median,2,0,2,,173.594380,UNUSABLE,"late_pgd_peak,low_pgd_snr",6.368419,6.210214,6.526623,0.068419,0.068419,,,,0.068419,0.242505,,,,,,,
us-us7000pllt-m6-2-20250321-124-km-sse-of-burica-panama,us7000pllt,2025-03-21T14:50:51.364Z,Panama,Americas,EarthScope PRIDE PPP-AR kin quality-passing stations,"124 km SSE of Burica, Panama",6.200000,10.000000,melgar_2015,3d,hypocentral,median,4,1,4,5.304207,256.061348,LOW,"late_pgd_peak,low_pgd_snr",7.279181,7.174327,7.408399,1.079181,1.079181,7.450451,1.250451,1.250451,1.090894,1.097550,,,,,,,
us-us7000pllt-m6-2-20250321-124-km-sse-of-burica-panama,us7000pllt,2025-03-21T14:50:51.364Z,Panama,Americas,EarthScope PRIDE PPP-AR kin quality-passing stations,"124 km SSE of Burica, Panama",6.200000,10.000000,crowell_2016_gfast,3d,hypocentral,median,4,1,4,5.304207,256.061348,LOW,"late_pgd_peak,low_pgd_snr",7.529008,7.495373,7.595082,1.329008,1.329008,7.545509,1.345509,1.345509,1.344604,1.345954,,,,,,,
us-us7000pllt-m6-2-20250321-124-km-sse-of-burica-panama,us7000pllt,2025-03-21T14:50:51.364Z,Panama,Americas,EarthScope PRIDE PPP-AR kin quality-passing stations,"124 km SSE of Burica, Panama",6.200000,10.000000,ruhl_2019,3d,hypocentral,median,4,1,4,5.304207,256.061348,LOW,"late_pgd_peak,low_pgd_snr",7.104188,6.990284,7.238664,0.904188,0.904188,7.278934,1.078934,1.078934,0.914078,0.922914,,,,,,,
us-us7000pllu-m6-2-20250321-88-km-sse-of-adak-alaska,us7000pllu,2025-03-21T14:53:41.774000Z,United States,US,EarthScope PRIDE PPP-AR kin quality-passing stations,"88 km SSE of Adak, Alaska",6.200000,17.000000,melgar_2015,3d,hypocentral,median,1,0,1,,174.798630,UNUSABLE,low_pgd_snr,7.230868,7.230868,7.230868,1.030868,1.030868,,,,1.030868,1.030868,,,,,,,
us-us7000pllu-m6-2-20250321-88-km-sse-of-adak-alaska,us7000pllu,2025-03-21T14:53:41.774000Z,United States,US,EarthScope PRIDE PPP-AR kin quality-passing stations,"88 km SSE of Adak, Alaska",6.200000,17.000000,crowell_2016_gfast,3d,hypocentral,median,1,0,1,,174.798630,UNUSABLE,low_pgd_snr,7.436529,7.436529,7.436529,1.236529,1.236529,,,,1.236529,1.236529,,,,,,,
us-us7000pllu-m6-2-20250321-88-km-sse-of-adak-alaska,us7000pllu,2025-03-21T14:53:41.774000Z,United States,US,EarthScope PRIDE PPP-AR kin quality-passing stations,"88 km SSE of Adak, Alaska",6.200000,17.000000,ruhl_2019,3d,hypocentral,median,1,0,1,,174.798630,UNUSABLE,low_pgd_snr,7.045561,7.045561,7.045561,0.845561,0.845561,,,,0.845561,0.845561,,,,,,,
us-us7000qclp-m6-2-20250714-206-km-s-of-burica-panama,us7000qclp,2025-07-14T17:16:49.051Z,Panama,Americas,EarthScope PRIDE PPP-AR kin quality-passing stations,"206 km S of Burica, Panama",6.200000,10.000000,melgar_2015,3d,hypocentral,median,1,0,1,,226.898470,UNUSABLE,"late_pgd_peak,low_pgd_snr",7.207606,7.207606,7.207606,1.007606,1.007606,,,,1.007606,1.007606,,,,,,,
us-us7000qclp-m6-2-20250714-206-km-s-of-burica-panama,us7000qclp,2025-07-14T17:16:49.051Z,Panama,Americas,EarthScope PRIDE PPP-AR kin quality-passing stations,"206 km S of Burica, Panama",6.200000,10.000000,crowell_2016_gfast,3d,hypocentral,median,1,0,1,,226.898470,UNUSABLE,"late_pgd_peak,low_pgd_snr",7.487193,7.487193,7.487193,1.287193,1.287193,,,,1.287193,1.287193,,,,,,,
us-us7000qclp-m6-2-20250714-206-km-s-of-burica-panama,us7000qclp,2025-07-14T17:16:49.051Z,Panama,Americas,EarthScope PRIDE PPP-AR kin quality-passing stations,"206 km S of Burica, Panama",6.200000,10.000000,ruhl_2019,3d,hypocentral,median,1,0,1,,226.898470,UNUSABLE,"late_pgd_peak,low_pgd_snr",7.024431,7.024431,7.024431,0.824431,0.824431,,,,0.824431,0.824431,,,,,,,
us-us7000qe51-m6-2-20250720-91-km-sse-of-sand-point-alaska,us7000qe51,2025-07-20T22:28:00.041000Z,United States,US,EarthScope PRIDE PPP-AR kin quality-passing stations,"91 km SSE of Sand Point, Alaska",6.200000,40.000000,melgar_2015,3d,hypocentral,median,6,1,6,3.335370,129.388853,LOW,low_pgd_snr,6.665590,6.288425,7.012771,0.465590,0.465590,6.609260,0.409260,0.409260,0.455200,0.544392,,,,,,,
us-us7000qe51-m6-2-20250720-91-km-sse-of-sand-point-alaska,us7000qe51,2025-07-20T22:28:00.041000Z,United States,US,EarthScope PRIDE PPP-AR kin quality-passing stations,"91 km SSE of Sand Point, Alaska",6.200000,40.000000,crowell_2016_gfast,3d,hypocentral,median,6,1,6,3.335370,129.388853,LOW,low_pgd_snr,6.960533,6.524782,7.265420,0.760533,0.760533,6.856380,0.656380,0.656380,0.716262,0.785933,,,,,,,
us-us7000qe51-m6-2-20250720-91-km-sse-of-sand-point-alaska,us7000qe51,2025-07-20T22:28:00.041000Z,United States,US,EarthScope PRIDE PPP-AR kin quality-passing stations,"91 km SSE of Sand Point, Alaska",6.200000,40.000000,ruhl_2019,3d,hypocentral,median,6,1,6,3.335370,129.388853,LOW,low_pgd_snr,6.433766,6.024730,6.810992,0.233766,0.233766,6.371025,0.171025,0.171025,0.222648,0.392987,,,,,,,
us-us7000rm3k-m6-5-20260102-0-km-w-of-san-marcos-mexico,us7000rm3k,2026-01-02T13:58:15.741Z,Mexico,Americas,EarthScope PRIDE PPP-AR kin quality-passing stations,"0 km W of San Marcos, Mexico",6.500000,18.000000,melgar_2015,3d,hypocentral,median,1,0,1,,207.017029,UNUSABLE,low_pgd_snr,6.645489,6.645489,6.645489,0.145489,0.145489,,,,0.145489,0.145489,,,,,,,
us-us7000rm3k-m6-5-20260102-0-km-w-of-san-marcos-mexico,us7000rm3k,2026-01-02T13:58:15.741Z,Mexico,Americas,EarthScope PRIDE PPP-AR kin quality-passing stations,"0 km W of San Marcos, Mexico",6.500000,18.000000,crowell_2016_gfast,3d,hypocentral,median,1,0,1,,207.017029,UNUSABLE,low_pgd_snr,7.056002,7.056002,7.056002,0.556002,0.556002,,,,0.556002,0.556002,,,,,,,
us-us7000rm3k-m6-5-20260102-0-km-w-of-san-marcos-mexico,us7000rm3k,2026-01-02T13:58:15.741Z,Mexico,Americas,EarthScope PRIDE PPP-AR kin quality-passing stations,"0 km W of San Marcos, Mexico",6.500000,18.000000,ruhl_2019,3d,hypocentral,median,1,0,1,,207.017029,UNUSABLE,low_pgd_snr,6.415633,6.415633,6.415633,-0.084367,0.084367,,,,-0.084367,0.084367,,,,,,,
us-us7000rq0d-m6-20260116-off-the-coast-of-oregon,us7000rq0d,2026-01-16T03:25:53.034000Z,United States,US,EarthScope PRIDE PPP-AR kin quality-passing stations,off the coast of Oregon,6.000000,10.000000,melgar_2015,3d,hypocentral,median,1,0,1,,298.434588,UNUSABLE,low_pgd_snr,6.836687,6.836687,6.836687,0.836687,0.836687,,,,0.836687,0.836687,,,,,,,
us-us7000rq0d-m6-20260116-off-the-coast-of-oregon,us7000rq0d,2026-01-16T03:25:53.034000Z,United States,US,EarthScope PRIDE PPP-AR kin quality-passing stations,off the coast of Oregon,6.000000,10.000000,crowell_2016_gfast,3d,hypocentral,median,1,0,1,,298.434588,UNUSABLE,low_pgd_snr,7.292057,7.292057,7.292057,1.292057,1.292057,,,,1.292057,1.292057,,,,,,,
us-us7000rq0d-m6-20260116-off-the-coast-of-oregon,us7000rq0d,2026-01-16T03:25:53.034000Z,United States,US,EarthScope PRIDE PPP-AR kin quality-passing stations,off the coast of Oregon,6.000000,10.000000,ruhl_2019,3d,hypocentral,median,1,0,1,,298.434588,UNUSABLE,low_pgd_snr,6.626323,6.626323,6.626323,0.626323,0.626323,,,,0.626323,0.626323,,,,,,,
us-usb000jdt7-m7-20130830-101-km-sw-of-atka-alaska,usb000jdt7,2013-08-30T16:25:02.300000Z,United States,US,EarthScope PRIDE PPP-AR kin quality-passing stations,"101 km SW of Atka, Alaska",7.000000,29.000000,melgar_2015,3d,hypocentral,median,1,0,1,,106.691872,UNUSABLE,low_pgd_snr,6.915072,6.915072,6.915072,-0.084928,0.084928,,,,-0.084928,0.084928,,,,,,,
us-usb000jdt7-m7-20130830-101-km-sw-of-atka-alaska,usb000jdt7,2013-08-30T16:25:02.300000Z,United States,US,EarthScope PRIDE PPP-AR kin quality-passing stations,"101 km SW of Atka, Alaska",7.000000,29.000000,crowell_2016_gfast,3d,hypocentral,median,1,0,1,,106.691872,UNUSABLE,low_pgd_snr,7.089885,7.089885,7.089885,0.089885,0.089885,,,,0.089885,0.089885,,,,,,,
us-usb000jdt7-m7-20130830-101-km-sw-of-atka-alaska,usb000jdt7,2013-08-30T16:25:02.300000Z,United States,US,EarthScope PRIDE PPP-AR kin quality-passing stations,"101 km SW of Atka, Alaska",7.000000,29.000000,ruhl_2019,3d,hypocentral,median,1,0,1,,106.691872,UNUSABLE,low_pgd_snr,6.699587,6.699587,6.699587,-0.300413,0.300413,,,,-0.300413,0.300413,,,,,,,
us-usb000je9f-m6-20130831-118-km-ssw-of-atka-alaska,usb000je9f,2013-08-31T06:38:36.350000Z,United States,US,EarthScope PRIDE PPP-AR kin quality-passing stations,"118 km SSW of Atka, Alaska",6.000000,18.000000,melgar_2015,3d,hypocentral,median,1,0,1,,120.665112,UNUSABLE,low_pgd_snr,6.951714,6.951714,6.951714,0.951714,0.951714,,,,0.951714,0.951714,,,,,,,
us-usb000je9f-m6-20130831-118-km-ssw-of-atka-alaska,usb000je9f,2013-08-31T06:38:36.350000Z,United States,US,EarthScope PRIDE PPP-AR kin quality-passing stations,"118 km SSW of Atka, Alaska",6.000000,18.000000,crowell_2016_gfast,3d,hypocentral,median,1,0,1,,120.665112,UNUSABLE,low_pgd_snr,7.144818,7.144818,7.144818,1.144818,1.144818,,,,1.144818,1.144818,,,,,,,
us-usb000je9f-m6-20130831-118-km-ssw-of-atka-alaska,usb000je9f,2013-08-31T06:38:36.350000Z,United States,US,EarthScope PRIDE PPP-AR kin quality-passing stations,"118 km SSW of Atka, Alaska",6.000000,18.000000,ruhl_2019,3d,hypocentral,median,1,0,1,,120.665112,UNUSABLE,low_pgd_snr,6.740250,6.740250,6.740250,0.740250,0.740250,,,,0.740250,0.740250,,,,,,,
us-usb000jgju-m6-5-20130904-81-km-ssw-of-atka-alaska,usb000jgju,2013-09-04T02:32:30.600000Z,United States,US,EarthScope PRIDE PPP-AR kin quality-passing stations,"81 km SSW of Atka, Alaska",6.500000,20.000000,melgar_2015,3d,hypocentral,median,1,0,1,,84.550499,UNUSABLE,low_pgd_snr,6.518052,6.518052,6.518052,0.018052,0.018052,,,,0.018052,0.018052,,,,,,,
us-usb000jgju-m6-5-20130904-81-km-ssw-of-atka-alaska,usb000jgju,2013-09-04T02:32:30.600000Z,United States,US,EarthScope PRIDE PPP-AR kin quality-passing stations,"81 km SSW of Atka, Alaska",6.500000,20.000000,crowell_2016_gfast,3d,hypocentral,median,1,0,1,,84.550499,UNUSABLE,low_pgd_snr,6.752479,6.752479,6.752479,0.252479,0.252479,,,,0.252479,0.252479,,,,,,,
us-usb000jgju-m6-5-20130904-81-km-ssw-of-atka-alaska,usb000jgju,2013-09-04T02:32:30.600000Z,United States,US,EarthScope PRIDE PPP-AR kin quality-passing stations,"81 km SSW of Atka, Alaska",6.500000,20.000000,ruhl_2019,3d,hypocentral,median,1,0,1,,84.550499,UNUSABLE,low_pgd_snr,6.272172,6.272172,6.272172,-0.227828,0.227828,,,,-0.227828,0.227828,,,,,,,
us-usb000jguz-m6-20130904-82-km-ssw-of-atka-alaska,usb000jguz,2013-09-04T06:27:03.560000Z,United States,US,EarthScope PRIDE PPP-AR kin quality-passing stations,"82 km SSW of Atka, Alaska",6.000000,17.000000,melgar_2015,3d,hypocentral,median,1,0,1,,85.328600,UNUSABLE,low_pgd_snr,6.340737,6.340737,6.340737,0.340737,0.340737,,,,0.340737,0.340737,,,,,,,
us-usb000jguz-m6-20130904-82-km-ssw-of-atka-alaska,usb000jguz,2013-09-04T06:27:03.560000Z,United States,US,EarthScope PRIDE PPP-AR kin quality-passing stations,"82 km SSW of Atka, Alaska",6.000000,17.000000,crowell_2016_gfast,3d,hypocentral,median,1,0,1,,85.328600,UNUSABLE,low_pgd_snr,6.627127,6.627127,6.627127,0.627127,0.627127,,,,0.627127,0.627127,,,,,,,
us-usb000jguz-m6-20130904-82-km-ssw-of-atka-alaska,usb000jguz,2013-09-04T06:27:03.560000Z,United States,US,EarthScope PRIDE PPP-AR kin quality-passing stations,"82 km SSW of Atka, Alaska",6.000000,17.000000,ruhl_2019,3d,hypocentral,median,1,0,1,,85.328600,UNUSABLE,low_pgd_snr,6.082380,6.082380,6.082380,0.082380,0.082380,,,,0.082380,0.082380,,,,,,,
us-usb000rtp6-m6-0-20140717-90-km-nnw-of-yakutat-alaska,usb000rtp6,2014-07-17T11:49:33.930000Z,United States,US,EarthScope PRIDE PPP-AR kin quality-passing stations,"90 km NNW of Yakutat, Alaska",6.000000,10.000000,melgar_2015,3d,hypocentral,median,2,0,2,,125.223872,UNUSABLE,low_pgd_snr,6.657942,6.586138,6.729747,0.657942,0.657942,,,,0.657942,0.666362,,,,,,,
us-usb000rtp6-m6-0-20140717-90-km-nnw-of-yakutat-alaska,usb000rtp6,2014-07-17T11:49:33.930000Z,United States,US,EarthScope PRIDE PPP-AR kin quality-passing stations,"90 km NNW of Yakutat, Alaska",6.000000,10.000000,crowell_2016_gfast,3d,hypocentral,median,2,0,2,,125.223872,UNUSABLE,low_pgd_snr,6.941411,6.878605,7.004217,0.941411,0.941411,,,,0.941411,0.945931,,,,,,,
us-usb000rtp6-m6-0-20140717-90-km-nnw-of-yakutat-alaska,usb000rtp6,2014-07-17T11:49:33.930000Z,United States,US,EarthScope PRIDE PPP-AR kin quality-passing stations,"90 km NNW of Yakutat, Alaska",6.000000,10.000000,ruhl_2019,3d,hypocentral,median,2,0,2,,125.223872,UNUSABLE,low_pgd_snr,6.424996,6.347453,6.502540,0.424996,0.424996,,,,0.424996,0.440029,,,,,,,
us-usb000slwn-m7-3-20141014-74-km-s-of-intipuc-el-salvador,usb000slwn,2014-10-14T03:51:34.460Z,El Salvador,Americas,EarthScope PRIDE PPP-AR kin quality-passing stations,"74 km S of Intipucá, El Salvador",7.300000,40.000000,melgar_2015,3d,hypocentral,median,3,0,3,,147.072005,UNUSABLE,"late_pgd_peak,low_pgd_snr",7.210841,7.036796,7.271570,-0.089159,0.089159,,,,-0.144706,0.205790,,,,,,,
us-usb000slwn-m7-3-20141014-74-km-s-of-intipuc-el-salvador,usb000slwn,2014-10-14T03:51:34.460Z,El Salvador,Americas,EarthScope PRIDE PPP-AR kin quality-passing stations,"74 km S of Intipucá, El Salvador",7.300000,40.000000,crowell_2016_gfast,3d,hypocentral,median,3,0,3,,147.072005,UNUSABLE,"late_pgd_peak,low_pgd_snr",7.379105,7.315631,7.401989,0.079105,0.079105,,,,0.059208,0.079947,,,,,,,
us-usb000slwn-m7-3-20141014-74-km-s-of-intipuc-el-salvador,usb000slwn,2014-10-14T03:51:34.460Z,El Salvador,Americas,EarthScope PRIDE PPP-AR kin quality-passing stations,"74 km S of Intipucá, El Salvador",7.300000,40.000000,ruhl_2019,3d,hypocentral,median,3,0,3,,147.072005,UNUSABLE,"late_pgd_peak,low_pgd_snr",7.021437,6.837011,7.085501,-0.278563,0.278563,,,,-0.337564,0.371411,,,,,,,
us-usc000juwv-m6-1-20130915-77-km-ssw-of-atka-alaska,usc000juwv,2013-09-15T16:21:37.150000Z,United States,US,EarthScope PRIDE PPP-AR kin quality-passing stations,"77 km SSW of Atka, Alaska",6.100000,24.020000,melgar_2015,3d,hypocentral,median,1,1,1,4.356421,82.363350,LOW,,6.879867,6.879867,6.879867,0.779867,0.779867,6.879867,0.779867,0.779867,0.779867,0.779867,,,,,,,
us-usc000juwv-m6-1-20130915-77-km-ssw-of-atka-alaska,usc000juwv,2013-09-15T16:21:37.150000Z,United States,US,EarthScope PRIDE PPP-AR kin quality-passing stations,"77 km SSW of Atka, Alaska",6.100000,24.020000,crowell_2016_gfast,3d,hypocentral,median,1,1,1,4.356421,82.363350,LOW,,7.006560,7.006560,7.006560,0.906560,0.906560,7.006560,0.906560,0.906560,0.906560,0.906560,,,,,,,
us-usc000juwv-m6-1-20130915-77-km-ssw-of-atka-alaska,usc000juwv,2013-09-15T16:21:37.150000Z,United States,US,EarthScope PRIDE PPP-AR kin quality-passing stations,"77 km SSW of Atka, Alaska",6.100000,24.020000,ruhl_2019,3d,hypocentral,median,1,1,1,4.356421,82.363350,LOW,,6.659269,6.659269,6.659269,0.559269,0.559269,6.659269,0.559269,0.559269,0.559269,0.559269,,,,,,,
us-usc000m1w9-m6-4-20140113-61-km-n-of-hatillo-puerto-rico,usc000m1w9,2014-01-13T04:01:03.240000Z,United States,US,EarthScope PRIDE PPP-AR kin quality-passing stations,"61 km N of Hatillo, Puerto Rico",6.400000,20.000000,melgar_2015,3d,hypocentral,median,2,1,2,3.530379,100.547211,LOW,late_pgd_peak,7.026626,6.999113,7.054138,0.626626,0.626626,7.067085,0.667085,0.667085,0.626626,0.627931,,,,,,,
us-usc000m1w9-m6-4-20140113-61-km-n-of-hatillo-puerto-rico,usc000m1w9,2014-01-13T04:01:03.240000Z,United States,US,EarthScope PRIDE PPP-AR kin quality-passing stations,"61 km N of Hatillo, Puerto Rico",6.400000,20.000000,crowell_2016_gfast,3d,hypocentral,median,2,1,2,3.530379,100.547211,LOW,late_pgd_peak,7.156584,7.137282,7.175887,0.756584,0.756584,7.184970,0.784970,0.784970,0.756584,0.757117,,,,,,,
us-usc000m1w9-m6-4-20140113-61-km-n-of-hatillo-puerto-rico,usc000m1w9,2014-01-13T04:01:03.240000Z,United States,US,EarthScope PRIDE PPP-AR kin quality-passing stations,"61 km N of Hatillo, Puerto Rico",6.400000,20.000000,ruhl_2019,3d,hypocentral,median,2,1,2,3.530379,100.547211,LOW,late_pgd_peak,6.818599,6.789120,6.848078,0.418599,0.418599,6.861951,0.461951,0.461951,0.418599,0.420838,,,,,,,
us-usc000myqq-m6-1-20140226-210-km-wnw-of-nikolski-alaska,usc000myqq,2014-02-26T21:13:40.110000Z,United States,US,EarthScope PRIDE PPP-AR kin quality-passing stations,"210 km WNW of Nikolski, Alaska",6.100000,265.000000,melgar_2015,3d,hypocentral,median,2,0,0,,341.957951,UNUSABLE,"late_pgd_peak,low_pgd_snr",7.355315,7.238838,7.471793,1.255315,1.255315,,,,1.255315,1.266948,,,,,,,
us-usc000myqq-m6-1-20140226-210-km-wnw-of-nikolski-alaska,usc000myqq,2014-02-26T21:13:40.110000Z,United States,US,EarthScope PRIDE PPP-AR kin quality-passing stations,"210 km WNW of Nikolski, Alaska",6.100000,265.000000,crowell_2016_gfast,3d,hypocentral,median,2,0,0,,341.957951,UNUSABLE,"late_pgd_peak,low_pgd_snr",7.707756,7.620535,7.794976,1.607756,1.607756,,,,1.607756,1.612864,,,,,,,
us-usc000myqq-m6-1-20140226-210-km-wnw-of-nikolski-alaska,usc000myqq,2014-02-26T21:13:40.110000Z,United States,US,EarthScope PRIDE PPP-AR kin quality-passing stations,"210 km WNW of Nikolski, Alaska",6.100000,265.000000,ruhl_2019,3d,hypocentral,median,2,0,0,,341.957951,UNUSABLE,"late_pgd_peak,low_pgd_snr",7.191634,7.064880,7.318389,1.091634,1.091634,,,,1.091634,1.107435,,,,,,,
us-usc000p11f-m6-20140402-33-km-ssw-of-boca-chica-panama,usc000p11f,2014-04-02T16:13:26.720Z,Panama,Americas,EarthScope PRIDE PPP-AR kin quality-passing stations,"33 km SSW of Boca Chica, Panama",6.000000,25.000000,melgar_2015,3d,hypocentral,median,1,0,1,,231.130031,UNUSABLE,low_pgd_snr,7.337563,7.337563,7.337563,1.337563,1.337563,,,,1.337563,1.337563,,,,,,,
us-usc000p11f-m6-20140402-33-km-ssw-of-boca-chica-panama,usc000p11f,2014-04-02T16:13:26.720Z,Panama,Americas,EarthScope PRIDE PPP-AR kin quality-passing stations,"33 km SSW of Boca Chica, Panama",6.000000,25.000000,crowell_2016_gfast,3d,hypocentral,median,1,0,1,,231.130031,UNUSABLE,low_pgd_snr,7.586322,7.586322,7.586322,1.586322,1.586322,,,,1.586322,1.586322,,,,,,,
us-usc000p11f-m6-20140402-33-km-ssw-of-boca-chica-panama,usc000p11f,2014-04-02T16:13:26.720Z,Panama,Americas,EarthScope PRIDE PPP-AR kin quality-passing stations,"33 km SSW of Boca Chica, Panama",6.000000,25.000000,ruhl_2019,3d,hypocentral,median,1,0,1,,231.130031,UNUSABLE,low_pgd_snr,7.165316,7.165316,7.165316,1.165316,1.165316,,,,1.165316,1.165316,,,,,,,
us-usc000t4gc-m6-1-20141207-61-km-ssw-of-nueva-concepci-n-guatemala,usc000t4gc,2014-12-07T21:16:35.740Z,Guatemala,Americas,EarthScope PRIDE PPP-AR kin quality-passing stations,"61 km SSW of Nueva Concepción, Guatemala",6.100000,32.000000,melgar_2015,3d,hypocentral,median,1,0,1,,256.611055,UNUSABLE,late_pgd_peak,7.304265,7.304265,7.304265,1.204265,1.204265,,,,1.204265,1.204265,,,,,,,
us-usc000t4gc-m6-1-20141207-61-km-ssw-of-nueva-concepci-n-guatemala,usc000t4gc,2014-12-07T21:16:35.740Z,Guatemala,Americas,EarthScope PRIDE PPP-AR kin quality-passing stations,"61 km SSW of Nueva Concepción, Guatemala",6.100000,32.000000,crowell_2016_gfast,3d,hypocentral,median,1,0,1,,256.611055,UNUSABLE,late_pgd_peak,7.590339,7.590339,7.590339,1.490339,1.490339,,,,1.490339,1.490339,,,,,,,
us-usc000t4gc-m6-1-20141207-61-km-ssw-of-nueva-concepci-n-guatemala,usc000t4gc,2014-12-07T21:16:35.740Z,Guatemala,Americas,EarthScope PRIDE PPP-AR kin quality-passing stations,"61 km SSW of Nueva Concepción, Guatemala",6.100000,32.000000,ruhl_2019,3d,hypocentral,median,1,0,1,,256.611055,UNUSABLE,late_pgd_peak,7.131066,7.131066,7.131066,1.031066,1.031066,,,,1.031066,1.031066,,,,,,,
us-usp000jhpg-m6-20120411-266-km-w-of-bandon-oregon,usp000jhpg,2012-04-11T22:41:46.040000Z,United States,US,EarthScope PRIDE PPP-AR kin quality-passing stations,"266 km W of Bandon, Oregon",6.000000,8.000000,melgar_2015,3d,hypocentral,median,5,1,5,3.824915,273.933841,LOW,"late_pgd_peak,low_pgd_snr",7.014980,6.931141,7.331320,1.014980,1.014980,7.182710,1.182710,1.182710,1.124841,1.153878,,,,,,,
us-usp000jhpg-m6-20120411-266-km-w-of-bandon-oregon,usp000jhpg,2012-04-11T22:41:46.040000Z,United States,US,EarthScope PRIDE PPP-AR kin quality-passing stations,"266 km W of Bandon, Oregon",6.000000,8.000000,crowell_2016_gfast,3d,hypocentral,median,5,1,5,3.824915,273.933841,LOW,"late_pgd_peak,low_pgd_snr",7.398094,7.344005,7.630678,1.398094,1.398094,7.512834,1.512834,1.512834,1.481700,1.494419,,,,,,,
us-usp000jhpg-m6-20120411-266-km-w-of-bandon-oregon,usp000jhpg,2012-04-11T22:41:46.040000Z,United States,US,EarthScope PRIDE PPP-AR kin quality-passing stations,"266 km W of Bandon, Oregon",6.000000,8.000000,ruhl_2019,3d,hypocentral,median,5,1,5,3.824915,273.933841,LOW,"late_pgd_peak,low_pgd_snr",6.818607,6.728074,7.161815,0.818607,0.818607,7.000018,1.000018,1.000018,0.937990,0.978716,,,,,,,
us-usp000jqvm-m7-3-20120827-126-km-s-of-puerto-el-triunfo-el-salvador,usp000jqvm,2012-08-27T04:37:19.430Z,El Salvador,Americas,EarthScope PRIDE PPP-AR kin quality-passing stations,"126 km S of Puerto El Triunfo, El Salvador",7.300000,28.000000,melgar_2015,3d,hypocentral,median,1,0,1,,184.547481,UNUSABLE,"late_pgd_peak,low_pgd_snr",7.429846,7.429846,7.429846,0.129846,0.129846,,,,0.129846,0.129846,,,,,,,
us-usp000jqvm-m7-3-20120827-126-km-s-of-puerto-el-triunfo-el-salvador,usp000jqvm,2012-08-27T04:37:19.430Z,El Salvador,Americas,EarthScope PRIDE PPP-AR kin quality-passing stations,"126 km S of Puerto El Triunfo, El Salvador",7.300000,28.000000,crowell_2016_gfast,3d,hypocentral,median,1,0,1,,184.547481,UNUSABLE,"late_pgd_peak,low_pgd_snr",7.594251,7.594251,7.594251,0.294251,0.294251,,,,0.294251,0.294251,,,,,,,
us-usp000jqvm-m7-3-20120827-126-km-s-of-puerto-el-triunfo-el-salvador,usp000jqvm,2012-08-27T04:37:19.430Z,El Salvador,Americas,EarthScope PRIDE PPP-AR kin quality-passing stations,"126 km S of Puerto El Triunfo, El Salvador",7.300000,28.000000,ruhl_2019,3d,hypocentral,median,1,0,1,,184.547481,UNUSABLE,"late_pgd_peak,low_pgd_snr",7.261114,7.261114,7.261114,-0.038886,0.038886,,,,-0.038886,0.038886,,,,,,,
us-usp000jt0h-m6-4-20120926-118-km-wsw-of-adak-alaska,usp000jt0h,2012-09-26T23:39:55.110000Z,United States,US,EarthScope PRIDE PPP-AR kin quality-passing stations,"118 km WSW of Adak, Alaska",6.400000,16.000000,melgar_2015,3d,hypocentral,median,2,1,2,3.387881,203.414509,LOW,low_pgd_snr,7.060683,6.886787,7.234579,0.660683,0.660683,6.804954,0.404954,0.404954,0.660683,0.708449,,,,,,,
us-usp000jt0h-m6-4-20120926-118-km-wsw-of-adak-alaska,usp000jt0h,2012-09-26T23:39:55.110000Z,United States,US,EarthScope PRIDE PPP-AR kin quality-passing stations,"118 km WSW of Adak, Alaska",6.400000,16.000000,crowell_2016_gfast,3d,hypocentral,median,2,1,2,3.387881,203.414509,LOW,low_pgd_snr,7.332542,7.128810,7.536274,0.932542,0.932542,7.032936,0.632936,0.632936,0.932542,0.979489,,,,,,,
us-usp000jt0h-m6-4-20120926-118-km-wsw-of-adak-alaska,usp000jt0h,2012-09-26T23:39:55.110000Z,United States,US,EarthScope PRIDE PPP-AR kin quality-passing stations,"118 km WSW of Adak, Alaska",6.400000,16.000000,ruhl_2019,3d,hypocentral,median,2,1,2,3.387881,203.414509,LOW,low_pgd_snr,6.864325,6.672569,7.056081,0.464325,0.464325,6.582331,0.182331,0.182331,0.464325,0.543248,,,,,,,
us-usp000jwyb-m6-3-20121214-279-km-ssw-of-avalon-california,usp000jwyb,2012-12-14T10:36:01.590000Z,United States,US,EarthScope PRIDE PPP-AR kin quality-passing stations,"279 km SSW of Avalon, California",6.300000,13.000000,melgar_2015,3d,hypocentral,median,2,0,2,,282.097317,UNUSABLE,"late_pgd_peak,low_pgd_snr",7.312294,7.204885,7.419702,1.012294,1.012294,,,,1.012294,1.024543,,,,,,,
us-usp000jwyb-m6-3-20121214-279-km-ssw-of-avalon-california,usp000jwyb,2012-12-14T10:36:01.590000Z,United States,US,EarthScope PRIDE PPP-AR kin quality-passing stations,"279 km SSW of Avalon, California",6.300000,13.000000,crowell_2016_gfast,3d,hypocentral,median,2,0,2,,282.097317,UNUSABLE,"late_pgd_peak,low_pgd_snr",7.622132,7.540396,7.703869,1.322132,1.322132,,,,1.322132,1.327585,,,,,,,
us-usp000jwyb-m6-3-20121214-279-km-ssw-of-avalon-california,usp000jwyb,2012-12-14T10:36:01.590000Z,United States,US,EarthScope PRIDE PPP-AR kin quality-passing stations,"279 km SSW of Avalon, California",6.300000,13.000000,ruhl_2019,3d,hypocentral,median,2,0,2,,282.097317,UNUSABLE,"late_pgd_peak,low_pgd_snr",7.141445,7.024740,7.258150,0.841445,0.841445,,,,0.841445,0.858769,,,,,,,
